# https://github.com/mikedh/trimesh

o textured.obj
v 0.00043467 -0.01665305 -0.02288764
v 0.00043467 -0.01665305 -0.02288764
v 0.00043467 -0.01665305 -0.02288764
v 0.00043467 -0.01665305 -0.02288764
v 0.00043467 -0.01665305 -0.02288764
v 0.00043467 -0.01665305 -0.02288764
v 0.00043467 -0.00865614 -0.02845678
v 0.00043467 -0.00865614 -0.02845678
v 0.00043467 -0.00865614 -0.02845678
v 0.00043467 -0.00865614 -0.02845678
v 0.00043467 -0.00865614 -0.02845678
v 0.00043467 -0.00865614 -0.02845678
v 0.00043467 -0.00865614 -0.02845678
v 0.00043467 -0.00865614 -0.02845678
v 0.00043467 -0.01142973 -0.02740827
v 0.00043467 -0.01142973 -0.02740827
v 0.00043467 -0.01142973 -0.02740827
v 0.00043467 -0.01142973 -0.02740827
v 0.00043467 -0.01142973 -0.02740827
v 0.00043467 -0.01142973 -0.02740827
v 0.00043467 -0.01317675 -0.02646624
v 0.00043467 -0.01317675 -0.02646624
v 0.00043467 -0.01317675 -0.02646624
v 0.00043467 -0.01317675 -0.02646624
v 0.00043467 -0.01317675 -0.02646624
v 0.00043467 -0.01317675 -0.02646624
v -0.01108340 0.00038513 -0.02740827
v -0.01108340 0.00038513 -0.02740827
v -0.01108340 0.00038513 -0.02740827
v -0.01108340 0.00038513 -0.02740827
v -0.01108340 0.00038513 -0.02740827
v -0.01108340 0.00038513 -0.02740827
v -0.00860660 0.00038513 -0.02842752
v -0.00860660 0.00038513 -0.02842752
v -0.00860660 0.00038513 -0.02842752
v -0.00860660 0.00038513 -0.02842752
v -0.00860660 0.00038513 -0.02842752
v -0.00860660 0.00038513 -0.02842752
v -0.00860660 0.00038513 -0.02842752
v -0.00860660 0.00038513 -0.02842752
v -0.01589020 0.00038513 -0.02288764
v -0.01589020 0.00038513 -0.02288764
v -0.01589020 0.00038513 -0.02288764
v -0.01589020 0.00038513 -0.02288764
v -0.01589020 0.00038513 -0.02288764
v -0.01589020 0.00038513 -0.02288764
v -0.01312720 0.00038513 -0.02607606
v -0.01312720 0.00038513 -0.02607606
v -0.01312720 0.00038513 -0.02607606
v -0.01312720 0.00038513 -0.02607606
v -0.01312720 0.00038513 -0.02607606
v -0.01312720 0.00038513 -0.02607606
v 0.00043467 -0.00413550 -0.02945114
v 0.00043467 -0.00413550 -0.02945114
v 0.00043467 -0.00413550 -0.02945114
v 0.00043467 -0.00413550 -0.02945114
v 0.00043467 -0.00413550 -0.02945114
v 0.00043467 -0.00413550 -0.02945114
v -0.00408596 0.00038513 -0.02947676
v -0.00408596 0.00038513 -0.02947676
v -0.00408596 0.00038513 -0.02947676
v -0.00408596 0.00038513 -0.02947676
v -0.00408596 0.00038513 -0.02947676
v -0.00408596 0.00038513 -0.02947676
v 0.00043467 0.00038513 -0.02978899
v 0.00043467 0.00038513 -0.02978899
v 0.00043467 0.00038513 -0.02978899
v 0.00043467 0.00038513 -0.02978899
v 0.00043467 -0.01694705 -0.01384641
v 0.00043467 -0.01694705 -0.01384641
v 0.00043467 -0.01694705 -0.01384641
v 0.00043467 -0.01694705 -0.01384641
v 0.00043467 -0.01694705 -0.01384641
v 0.00043467 -0.01694705 -0.01384641
v 0.00043467 -0.01766125 -0.01836702
v 0.00043467 -0.01766125 -0.01836702
v 0.00043467 -0.01766125 -0.01836702
v 0.00043467 -0.01766125 -0.01836702
v 0.00043467 -0.01744955 -0.02062732
v 0.00043467 -0.01744955 -0.02062732
v 0.00043467 -0.01744955 -0.02062732
v 0.00043467 -0.01744955 -0.02062732
v 0.00043467 -0.01744955 -0.02062732
v 0.00043467 -0.01744955 -0.02062732
v 0.00043467 -0.01746245 -0.01610672
v 0.00043467 -0.01746245 -0.01610672
v 0.00043467 -0.01746245 -0.01610672
v 0.00043467 -0.01746245 -0.01610672
v 0.00043467 -0.01746245 -0.01610672
v 0.00043467 -0.01746245 -0.01610672
v -0.01712930 0.00038513 -0.01836702
v -0.01712930 0.00038513 -0.01836702
v -0.01712930 0.00038513 -0.01836702
v -0.01712930 0.00038513 -0.01836702
v -0.01675450 0.00038513 -0.02062732
v -0.01675450 0.00038513 -0.02062732
v -0.01675450 0.00038513 -0.02062732
v -0.01675450 0.00038513 -0.02062732
v -0.01675450 0.00038513 -0.02062732
v -0.01675450 0.00038513 -0.02062732
v -0.01660730 0.00038513 -0.01384641
v -0.01660730 0.00038513 -0.01384641
v -0.01660730 0.00038513 -0.01384641
v -0.01660730 0.00038513 -0.01384641
v -0.01660730 0.00038513 -0.01384641
v -0.01660730 0.00038513 -0.01384641
v -0.01705880 0.00038513 -0.01610672
v -0.01705880 0.00038513 -0.01610672
v -0.01705880 0.00038513 -0.01610672
v -0.01705880 0.00038513 -0.01610672
v -0.01705880 0.00038513 -0.01610672
v -0.01705880 0.00038513 -0.01610672
v 0.00043467 -0.01274934 -0.00480511
v 0.00043467 -0.01274934 -0.00480511
v 0.00043467 -0.01274934 -0.00480511
v 0.00043467 -0.01274934 -0.00480511
v 0.00043467 -0.01533895 -0.00932571
v 0.00043467 -0.01533895 -0.00932571
v 0.00043467 -0.01533895 -0.00932571
v 0.00043467 -0.01533895 -0.00932571
v 0.00043467 -0.01624385 -0.01158601
v 0.00043467 -0.01624385 -0.01158601
v 0.00043467 -0.01624385 -0.01158601
v 0.00043467 -0.01624385 -0.01158601
v 0.00043467 -0.01624385 -0.01158601
v 0.00043467 -0.01624385 -0.01158601
v 0.00043467 -0.01624385 -0.01158601
v 0.00043467 -0.01624385 -0.01158601
v 0.00043467 -0.01543705 -0.00953632
v 0.00043467 -0.01543705 -0.00953632
v 0.00043467 -0.01543705 -0.00953632
v 0.00043467 -0.01543705 -0.00953632
v 0.00043467 -0.01543705 -0.00953632
v 0.00043467 -0.01543705 -0.00953632
v 0.00043467 -0.01317675 -0.00557171
v 0.00043467 -0.01317675 -0.00557171
v 0.00043467 -0.01317675 -0.00557171
v 0.00043467 -0.01317675 -0.00557171
v 0.00043467 -0.01317675 -0.00557171
v 0.00043467 -0.01317675 -0.00557171
v 0.00043467 -0.01406745 -0.00706541
v 0.00043467 -0.01406745 -0.00706541
v 0.00043467 -0.01406745 -0.00706541
v 0.00043467 -0.01406745 -0.00706541
v 0.00043467 -0.01406745 -0.00706541
v 0.00043467 -0.01406745 -0.00706541
v 0.00043467 -0.01406745 -0.00706541
v 0.00043467 -0.01406745 -0.00706541
v -0.01470550 0.00038513 -0.00932571
v -0.01470550 0.00038513 -0.00932571
v -0.01470550 0.00038513 -0.00932571
v -0.01470550 0.00038513 -0.00932571
v -0.01470550 0.00038513 -0.00932571
v -0.01584100 0.00038513 -0.01158601
v -0.01584100 0.00038513 -0.01158601
v -0.01584100 0.00038513 -0.01158601
v -0.01584100 0.00038513 -0.01158601
v -0.01584100 0.00038513 -0.01158601
v -0.01584100 0.00038513 -0.01158601
v -0.01584100 0.00038513 -0.01158601
v -0.01584100 0.00038513 -0.01158601
v -0.01538760 0.00038513 -0.01055681
v -0.01538760 0.00038513 -0.01055681
v -0.01538760 0.00038513 -0.01055681
v -0.01538760 0.00038513 -0.01055681
v -0.01538760 0.00038513 -0.01055681
v -0.01538760 0.00038513 -0.01055681
v -0.01312720 0.00038513 -0.00724071
v -0.01312720 0.00038513 -0.00724071
v -0.01312720 0.00038513 -0.00724071
v -0.01312720 0.00038513 -0.00724071
v -0.01312720 0.00038513 -0.00724071
v -0.01312720 0.00038513 -0.00724071
v -0.01297860 0.00038513 -0.00706541
v -0.01297860 0.00038513 -0.00706541
v -0.01297860 0.00038513 -0.00706541
v -0.01297860 0.00038513 -0.00706541
v -0.01297860 0.00038513 -0.00706541
v -0.01142120 0.00038513 -0.00480511
v -0.01142120 0.00038513 -0.00480511
v -0.01142120 0.00038513 -0.00480511
v -0.01142120 0.00038513 -0.00480511
v -0.01142120 0.00038513 -0.00480511
v -0.01142120 0.00038513 -0.00480511
v -0.01142120 0.00038513 -0.00480511
v -0.01142120 0.00038513 -0.00480511
v -0.00668093 -0.00865614 0.00423618
v -0.00668093 -0.00865614 0.00423618
v -0.00668093 -0.00865614 0.00423618
v -0.00668093 -0.00865614 0.00423618
v -0.00668093 -0.00865614 0.00423618
v -0.00668093 -0.00865614 0.00423618
v -0.00668093 -0.00865614 0.00423618
v 0.00043467 -0.01179691 0.00423618
v 0.00043467 -0.01179691 0.00423618
v 0.00043467 -0.01179691 0.00423618
v 0.00043467 -0.01179691 0.00423618
v 0.00043467 -0.01179691 0.00423618
v 0.00043467 -0.01179691 0.00423618
v 0.00043467 -0.01143613 -0.00028451
v 0.00043467 -0.01143613 -0.00028451
v 0.00043467 -0.01143613 -0.00028451
v 0.00043467 -0.01143613 -0.00028451
v 0.00043467 -0.01143613 -0.00028451
v 0.00043467 -0.01143613 -0.00028451
v 0.00043467 -0.01143613 -0.00028451
v 0.00043467 -0.01143613 -0.00028451
v 0.00043467 -0.01176709 -0.00254481
v 0.00043467 -0.01176709 -0.00254481
v 0.00043467 -0.01176709 -0.00254481
v 0.00043467 -0.01176709 -0.00254481
v 0.00043467 -0.01176709 -0.00254481
v 0.00043467 -0.01176709 -0.00254481
v -0.00408596 -0.01051222 0.00423618
v -0.00408596 -0.01051222 0.00423618
v -0.00408596 -0.01051222 0.00423618
v -0.00408596 -0.01051222 0.00423618
v -0.00408596 -0.01051222 0.00423618
v -0.00408596 -0.01051222 0.00423618
v -0.00634628 -0.00895613 0.00423618
v -0.00634628 -0.00895613 0.00423618
v -0.00634628 -0.00895613 0.00423618
v -0.00634628 -0.00895613 0.00423618
v -0.00634628 -0.00895613 0.00423618
v -0.00634628 -0.00895613 0.00423618
v 0.00043467 -0.01156350 0.00197589
v 0.00043467 -0.01156350 0.00197589
v 0.00043467 -0.01156350 0.00197589
v 0.00043467 -0.01156350 0.00197589
v 0.00043467 -0.01156350 0.00197589
v 0.00043467 -0.01156350 0.00197589
v -0.00322979 -0.01091646 0.00423618
v -0.00322979 -0.01091646 0.00423618
v -0.00322979 -0.01091646 0.00423618
v -0.00322979 -0.01091646 0.00423618
v -0.00322979 -0.01091646 0.00423618
v -0.00322979 -0.01091646 0.00423618
v -0.00182564 -0.01140532 0.00423618
v -0.00182564 -0.01140532 0.00423618
v -0.00182564 -0.01140532 0.00423618
v -0.00182564 -0.01140532 0.00423618
v -0.00182564 -0.01140532 0.00423618
v -0.00182564 -0.01140532 0.00423618
v -0.01053990 0.00038513 -0.00028451
v -0.01053990 0.00038513 -0.00028451
v -0.01053990 0.00038513 -0.00028451
v -0.01053990 0.00038513 -0.00028451
v -0.01053990 0.00038513 -0.00028451
v -0.01053990 0.00038513 -0.00028451
v -0.01053990 0.00038513 -0.00028451
v -0.01053990 0.00038513 -0.00028451
v -0.01086690 0.00038513 -0.00325672
v -0.01086690 0.00038513 -0.00325672
v -0.01086690 0.00038513 -0.00325672
v -0.01086690 0.00038513 -0.00325672
v -0.01086690 0.00038513 -0.00325672
v -0.01086690 0.00038513 -0.00325672
v -0.01073220 0.00038513 -0.00254481
v -0.01073220 0.00038513 -0.00254481
v -0.01073220 0.00038513 -0.00254481
v -0.01073220 0.00038513 -0.00254481
v -0.00865188 -0.00639582 0.00423618
v -0.00865188 -0.00639582 0.00423618
v -0.00865188 -0.00639582 0.00423618
v -0.00865188 -0.00639582 0.00423618
v -0.00860660 -0.00645919 0.00423618
v -0.00860660 -0.00645919 0.00423618
v -0.00860660 -0.00645919 0.00423618
v -0.00860660 -0.00645919 0.00423618
v -0.00860660 -0.00645919 0.00423618
v -0.00992140 -0.00413550 0.00423618
v -0.00992140 -0.00413550 0.00423618
v -0.00992140 -0.00413550 0.00423618
v -0.00992140 -0.00413550 0.00423618
v -0.00992140 -0.00413550 0.00423618
v -0.00992140 -0.00413550 0.00423618
v -0.00992140 -0.00413550 0.00423618
v -0.01059200 0.00038513 0.00197589
v -0.01059200 0.00038513 0.00197589
v -0.01059200 0.00038513 0.00197589
v -0.01059200 0.00038513 0.00197589
v -0.01059200 0.00038513 0.00197589
v -0.01059200 0.00038513 0.00197589
v -0.01057940 -0.00187519 0.00423618
v -0.01057940 -0.00187519 0.00423618
v -0.01057940 -0.00187519 0.00423618
v -0.01057940 -0.00187519 0.00423618
v -0.01057940 -0.00187519 0.00423618
v -0.01057940 -0.00187519 0.00423618
v -0.01073500 0.00038513 0.00423618
v -0.01073500 0.00038513 0.00423618
v -0.01073500 0.00038513 0.00423618
v -0.01073500 0.00038513 0.00423618
v -0.01073500 0.00038513 0.00423618
v 0.00947594 0.00038513 -0.02832393
v 0.00947594 0.00038513 -0.02832393
v 0.00947594 0.00038513 -0.02832393
v 0.00947594 0.00038513 -0.02832393
v 0.00947594 0.00038513 -0.02832393
v 0.00947594 0.00038513 -0.02832393
v 0.00947594 0.00038513 -0.02832393
v 0.00947594 0.00038513 -0.02832393
v 0.00495531 0.00038513 -0.02941538
v 0.00495531 0.00038513 -0.02941538
v 0.00495531 0.00038513 -0.02941538
v 0.00495531 0.00038513 -0.02941538
v 0.00495531 0.00038513 -0.02941538
v 0.00495531 0.00038513 -0.02941538
v 0.01637540 0.00038513 -0.02288764
v 0.01637540 0.00038513 -0.02288764
v 0.01637540 0.00038513 -0.02288764
v 0.01637540 0.00038513 -0.02288764
v 0.01637540 0.00038513 -0.02288764
v 0.01170680 0.00038513 -0.02740827
v 0.01170680 0.00038513 -0.02740827
v 0.01170680 0.00038513 -0.02740827
v 0.01170680 0.00038513 -0.02740827
v 0.01170680 0.00038513 -0.02740827
v 0.01170680 0.00038513 -0.02740827
v 0.01399660 0.00038513 -0.02592172
v 0.01399660 0.00038513 -0.02592172
v 0.01399660 0.00038513 -0.02592172
v 0.01399660 0.00038513 -0.02592172
v 0.01399660 0.00038513 -0.02592172
v 0.01399660 0.00038513 -0.02592172
v 0.01399660 0.00038513 -0.02592172
v 0.01654260 0.00038513 -0.01384641
v 0.01654260 0.00038513 -0.01384641
v 0.01654260 0.00038513 -0.01384641
v 0.01654260 0.00038513 -0.01384641
v 0.01654260 0.00038513 -0.01384641
v 0.01654260 0.00038513 -0.01384641
v 0.01654260 0.00038513 -0.01384641
v 0.01654260 0.00038513 -0.01384641
v 0.01712930 0.00038513 -0.01836702
v 0.01712930 0.00038513 -0.01836702
v 0.01712930 0.00038513 -0.01836702
v 0.01712930 0.00038513 -0.01836702
v 0.01698530 0.00038513 -0.02062732
v 0.01698530 0.00038513 -0.02062732
v 0.01698530 0.00038513 -0.02062732
v 0.01698530 0.00038513 -0.02062732
v 0.01698530 0.00038513 -0.02062732
v 0.01698530 0.00038513 -0.02062732
v 0.01698530 0.00038513 -0.02062732
v 0.01693950 0.00038513 -0.01610672
v 0.01693950 0.00038513 -0.01610672
v 0.01693950 0.00038513 -0.01610672
v 0.01693950 0.00038513 -0.01610672
v 0.01693950 0.00038513 -0.01610672
v 0.01693950 0.00038513 -0.01610672
v 0.01207520 0.00038513 -0.00480511
v 0.01207520 0.00038513 -0.00480511
v 0.01207520 0.00038513 -0.00480511
v 0.01207520 0.00038513 -0.00480511
v 0.01207520 0.00038513 -0.00480511
v 0.01207520 0.00038513 -0.00480511
v 0.01207520 0.00038513 -0.00480511
v 0.01207520 0.00038513 -0.00480511
v 0.01486530 0.00038513 -0.00932571
v 0.01486530 0.00038513 -0.00932571
v 0.01486530 0.00038513 -0.00932571
v 0.01486530 0.00038513 -0.00932571
v 0.01486530 0.00038513 -0.00932571
v 0.01486530 0.00038513 -0.00932571
v 0.01486530 0.00038513 -0.00932571
v 0.01486530 0.00038513 -0.00932571
v 0.01592420 0.00038513 -0.01158601
v 0.01592420 0.00038513 -0.01158601
v 0.01592420 0.00038513 -0.01158601
v 0.01592420 0.00038513 -0.01158601
v 0.01625690 0.00038513 -0.01264781
v 0.01625690 0.00038513 -0.01264781
v 0.01625690 0.00038513 -0.01264781
v 0.01625690 0.00038513 -0.01264781
v 0.01625690 0.00038513 -0.01264781
v 0.01625690 0.00038513 -0.01264781
v 0.01399660 0.00038513 -0.00786301
v 0.01399660 0.00038513 -0.00786301
v 0.01399660 0.00038513 -0.00786301
v 0.01399660 0.00038513 -0.00786301
v 0.01399660 0.00038513 -0.00786301
v 0.01399660 0.00038513 -0.00786301
v 0.01349160 0.00038513 -0.00706541
v 0.01349160 0.00038513 -0.00706541
v 0.01349160 0.00038513 -0.00706541
v 0.01349160 0.00038513 -0.00706541
v 0.00495531 -0.01101591 0.00423618
v 0.00495531 -0.01101591 0.00423618
v 0.00495531 -0.01101591 0.00423618
v 0.00495531 -0.01101591 0.00423618
v 0.00269499 -0.01168741 0.00423618
v 0.00269499 -0.01168741 0.00423618
v 0.00269499 -0.01168741 0.00423618
v 0.00269499 -0.01168741 0.00423618
v 0.00269499 -0.01168741 0.00423618
v 0.00269499 -0.01168741 0.00423618
v 0.00269499 -0.01168741 0.00423618
v 0.00516728 -0.01091646 0.00423618
v 0.00516728 -0.01091646 0.00423618
v 0.00516728 -0.01091646 0.00423618
v 0.00516728 -0.01091646 0.00423618
v 0.00516728 -0.01091646 0.00423618
v 0.00721562 -0.00944407 0.00423618
v 0.00721562 -0.00944407 0.00423618
v 0.00721562 -0.00944407 0.00423618
v 0.00721562 -0.00944407 0.00423618
v 0.00721562 -0.00944407 0.00423618
v 0.00721562 -0.00944407 0.00423618
v 0.00721562 -0.00944407 0.00423618
v 0.00792570 -0.00865614 0.00423618
v 0.00792570 -0.00865614 0.00423618
v 0.00792570 -0.00865614 0.00423618
v 0.00792570 -0.00865614 0.00423618
v 0.00792570 -0.00865614 0.00423618
v 0.00792570 -0.00865614 0.00423618
v 0.00792570 -0.00865614 0.00423618
v 0.00947594 -0.00625878 0.00423618
v 0.00947594 -0.00625878 0.00423618
v 0.00947594 -0.00625878 0.00423618
v 0.00947594 -0.00625878 0.00423618
v 0.00947594 -0.00625878 0.00423618
v 0.00940671 -0.00639582 0.00423618
v 0.00940671 -0.00639582 0.00423618
v 0.00940671 -0.00639582 0.00423618
v 0.00940671 -0.00639582 0.00423618
v 0.01091340 0.00038513 -0.00028451
v 0.01091340 0.00038513 -0.00028451
v 0.01091340 0.00038513 -0.00028451
v 0.01091340 0.00038513 -0.00028451
v 0.01091340 0.00038513 -0.00028451
v 0.01091340 0.00038513 -0.00028451
v 0.01091340 0.00038513 -0.00028451
v 0.01091340 0.00038513 -0.00028451
v 0.01117300 0.00038513 -0.00254481
v 0.01117300 0.00038513 -0.00254481
v 0.01117300 0.00038513 -0.00254481
v 0.01117300 0.00038513 -0.00254481
v 0.01173630 0.00038513 -0.00414161
v 0.01173630 0.00038513 -0.00414161
v 0.01173630 0.00038513 -0.00414161
v 0.01173630 0.00038513 -0.00414161
v 0.01173630 0.00038513 -0.00414161
v 0.01173630 0.00038513 -0.00414161
v 0.01035036 -0.00413550 0.00423618
v 0.01035036 -0.00413550 0.00423618
v 0.01035036 -0.00413550 0.00423618
v 0.01035036 -0.00413550 0.00423618
v 0.01035036 -0.00413550 0.00423618
v 0.01035036 -0.00413550 0.00423618
v 0.01035036 -0.00413550 0.00423618
v 0.01099330 0.00038513 0.00197589
v 0.01099330 0.00038513 0.00197589
v 0.01099330 0.00038513 0.00197589
v 0.01099330 0.00038513 0.00197589
v 0.01099330 0.00038513 0.00197589
v 0.01099330 0.00038513 0.00197589
v 0.01091710 -0.00187519 0.00423618
v 0.01091710 -0.00187519 0.00423618
v 0.01091710 -0.00187519 0.00423618
v 0.01091710 -0.00187519 0.00423618
v 0.01091710 -0.00187519 0.00423618
v 0.01091710 -0.00187519 0.00423618
v 0.01111490 0.00038513 0.00423618
v 0.01111490 0.00038513 0.00423618
v 0.01111490 0.00038513 0.00423618
v 0.01111490 0.00038513 0.00423618
v 0.01111490 0.00038513 0.00423618
v 0.01111490 0.00038513 0.00423618
v 0.00043467 0.00942645 -0.02843734
v 0.00043467 0.00942645 -0.02843734
v 0.00043467 0.00942645 -0.02843734
v 0.00043467 0.00942645 -0.02843734
v 0.00043467 0.00942645 -0.02843734
v 0.00043467 0.00942645 -0.02843734
v 0.00043467 0.00942645 -0.02843734
v 0.00043467 0.00942645 -0.02843734
v 0.00043467 0.00490577 -0.02947021
v 0.00043467 0.00490577 -0.02947021
v 0.00043467 0.00490577 -0.02947021
v 0.00043467 0.00490577 -0.02947021
v 0.00043467 0.00490577 -0.02947021
v 0.00043467 0.00490577 -0.02947021
v 0.00043467 0.01639175 -0.02288764
v 0.00043467 0.01639175 -0.02288764
v 0.00043467 0.01639175 -0.02288764
v 0.00043467 0.01639175 -0.02288764
v 0.00043467 0.01188825 -0.02740827
v 0.00043467 0.01188825 -0.02740827
v 0.00043467 0.01188825 -0.02740827
v 0.00043467 0.01188825 -0.02740827
v 0.00043467 0.01188825 -0.02740827
v 0.00043467 0.01188825 -0.02740827
v 0.00043467 0.01394705 -0.02594766
v 0.00043467 0.01394705 -0.02594766
v 0.00043467 0.01394705 -0.02594766
v 0.00043467 0.01394705 -0.02594766
v 0.00043467 0.01394705 -0.02594766
v 0.00043467 0.01394705 -0.02594766
v 0.00043467 0.01394705 -0.02594766
v 0.00043467 0.01722255 -0.01384641
v 0.00043467 0.01722255 -0.01384641
v 0.00043467 0.01722255 -0.01384641
v 0.00043467 0.01722255 -0.01384641
v 0.00043467 0.01722255 -0.01384641
v 0.00043467 0.01766125 -0.01836702
v 0.00043467 0.01766125 -0.01836702
v 0.00043467 0.01766125 -0.01836702
v 0.00043467 0.01766125 -0.01836702
v 0.00043467 0.01766125 -0.01836702
v 0.00043467 0.01722255 -0.02062732
v 0.00043467 0.01722255 -0.02062732
v 0.00043467 0.01722255 -0.02062732
v 0.00043467 0.01722255 -0.02062732
v 0.00043467 0.01722255 -0.02062732
v 0.00043467 0.01722255 -0.02062732
v 0.00043467 0.01722255 -0.02062732
v 0.00043467 0.01765965 -0.01610672
v 0.00043467 0.01765965 -0.01610672
v 0.00043467 0.01765965 -0.01610672
v 0.00043467 0.01765965 -0.01610672
v 0.00043467 0.01765965 -0.01610672
v 0.00043467 0.01765965 -0.01610672
v 0.00043467 0.01765965 -0.01610672
v 0.00043467 0.01279175 -0.00480511
v 0.00043467 0.01279175 -0.00480511
v 0.00043467 0.01279175 -0.00480511
v 0.00043467 0.01279175 -0.00480511
v 0.00043467 0.01279175 -0.00480511
v 0.00043467 0.01279175 -0.00480511
v 0.00043467 0.01279175 -0.00480511
v 0.00043467 0.01279175 -0.00480511
v 0.00043467 0.01279175 -0.00480511
v 0.00043467 0.01536555 -0.00932571
v 0.00043467 0.01536555 -0.00932571
v 0.00043467 0.01536555 -0.00932571
v 0.00043467 0.01536555 -0.00932571
v 0.00043467 0.01536555 -0.00932571
v 0.00043467 0.01536555 -0.00932571
v 0.00043467 0.01643635 -0.01158601
v 0.00043467 0.01643635 -0.01158601
v 0.00043467 0.01643635 -0.01158601
v 0.00043467 0.01643635 -0.01158601
v 0.00043467 0.01643635 -0.01158601
v 0.00043467 0.01643635 -0.01158601
v 0.00043467 0.01643635 -0.01158601
v 0.00043467 0.01620735 -0.01103901
v 0.00043467 0.01620735 -0.01103901
v 0.00043467 0.01620735 -0.01103901
v 0.00043467 0.01620735 -0.01103901
v 0.00043467 0.01620735 -0.01103901
v 0.00043467 0.01620735 -0.01103901
v 0.00043467 0.01394705 -0.00682341
v 0.00043467 0.01394705 -0.00682341
v 0.00043467 0.01394705 -0.00682341
v 0.00043467 0.01394705 -0.00682341
v 0.00043467 0.01408245 -0.00706541
v 0.00043467 0.01408245 -0.00706541
v 0.00043467 0.01408245 -0.00706541
v 0.00043467 0.01408245 -0.00706541
v -0.00953180 0.00490577 0.00423618
v -0.00953180 0.00490577 0.00423618
v -0.00953180 0.00490577 0.00423618
v -0.00953180 0.00490577 0.00423618
v -0.00953180 0.00490577 0.00423618
v -0.00953180 0.00490577 0.00423618
v -0.00953180 0.00490577 0.00423618
v -0.01043050 0.00264545 0.00423618
v -0.01043050 0.00264545 0.00423618
v -0.01043050 0.00264545 0.00423618
v -0.01043050 0.00264545 0.00423618
v -0.01043050 0.00264545 0.00423618
v -0.01043050 0.00264545 0.00423618
v -0.00860660 0.00631498 0.00423618
v -0.00860660 0.00631498 0.00423618
v -0.00860660 0.00631498 0.00423618
v -0.00860660 0.00631498 0.00423618
v -0.00860660 0.00631498 0.00423618
v -0.00860660 0.00631498 0.00423618
v -0.00860660 0.00631498 0.00423618
v -0.00501892 0.00942645 0.00423618
v -0.00501892 0.00942645 0.00423618
v -0.00501892 0.00942645 0.00423618
v -0.00501892 0.00942645 0.00423618
v -0.00501892 0.00942645 0.00423618
v -0.00501892 0.00942645 0.00423618
v -0.00786252 0.00716608 0.00423618
v -0.00786252 0.00716608 0.00423618
v -0.00786252 0.00716608 0.00423618
v -0.00786252 0.00716608 0.00423618
v -0.00634628 0.00852235 0.00423618
v -0.00634628 0.00852235 0.00423618
v -0.00634628 0.00852235 0.00423618
v -0.00634628 0.00852235 0.00423618
v -0.00634628 0.00852235 0.00423618
v -0.00634628 0.00852235 0.00423618
v -0.00634628 0.00852235 0.00423618
v 0.00043467 0.01136195 -0.00028451
v 0.00043467 0.01136195 -0.00028451
v 0.00043467 0.01136195 -0.00028451
v 0.00043467 0.01136195 -0.00028451
v 0.00043467 0.01136195 -0.00028451
v 0.00043467 0.01136195 -0.00028451
v 0.00043467 0.01179505 -0.00254481
v 0.00043467 0.01179505 -0.00254481
v 0.00043467 0.01179505 -0.00254481
v 0.00043467 0.01179505 -0.00254481
v 0.00043467 0.01168675 -0.00214951
v 0.00043467 0.01168675 -0.00214951
v 0.00043467 0.01168675 -0.00214951
v 0.00043467 0.01168675 -0.00214951
v -0.00408596 0.00991605 0.00423618
v -0.00408596 0.00991605 0.00423618
v -0.00408596 0.00991605 0.00423618
v -0.00408596 0.00991605 0.00423618
v -0.00408596 0.00991605 0.00423618
v -0.00408596 0.00991605 0.00423618
v 0.00043467 0.01116385 0.00197589
v 0.00043467 0.01116385 0.00197589
v 0.00043467 0.01116385 0.00197589
v 0.00043467 0.01116385 0.00197589
v 0.00043467 0.01116385 0.00197589
v 0.00043467 0.01116385 0.00197589
v -0.00182564 0.01072545 0.00423618
v -0.00182564 0.01072545 0.00423618
v -0.00182564 0.01072545 0.00423618
v -0.00182564 0.01072545 0.00423618
v -0.00182564 0.01072545 0.00423618
v -0.00182564 0.01072545 0.00423618
v 0.00043467 0.01098935 0.00423618
v 0.00043467 0.01098935 0.00423618
v 0.00043467 0.01098935 0.00423618
v 0.00043467 0.01098935 0.00423618
v 0.00043467 0.01098935 0.00423618
v 0.00043467 0.01098935 0.00423618
v 0.00574554 0.00942645 0.00423618
v 0.00574554 0.00942645 0.00423618
v 0.00574554 0.00942645 0.00423618
v 0.00574554 0.00942645 0.00423618
v 0.00574554 0.00942645 0.00423618
v 0.00574554 0.00942645 0.00423618
v 0.00947594 0.00611562 0.00423618
v 0.00947594 0.00611562 0.00423618
v 0.00947594 0.00611562 0.00423618
v 0.00947594 0.00611562 0.00423618
v 0.00947594 0.00611562 0.00423618
v 0.00947594 0.00611562 0.00423618
v 0.00947594 0.00611562 0.00423618
v 0.00861329 0.00716608 0.00423618
v 0.00861329 0.00716608 0.00423618
v 0.00861329 0.00716608 0.00423618
v 0.00861329 0.00716608 0.00423618
v 0.00861329 0.00716608 0.00423618
v 0.00861329 0.00716608 0.00423618
v 0.00721562 0.00843595 0.00423618
v 0.00721562 0.00843595 0.00423618
v 0.00721562 0.00843595 0.00423618
v 0.00721562 0.00843595 0.00423618
v 0.00721562 0.00843595 0.00423618
v 0.00721562 0.00843595 0.00423618
v 0.01018790 0.00490577 0.00423618
v 0.01018790 0.00490577 0.00423618
v 0.01018790 0.00490577 0.00423618
v 0.01018790 0.00490577 0.00423618
v 0.01018790 0.00490577 0.00423618
v 0.01092750 0.00264545 0.00423618
v 0.01092750 0.00264545 0.00423618
v 0.01092750 0.00264545 0.00423618
v 0.01092750 0.00264545 0.00423618
v 0.01092750 0.00264545 0.00423618
v 0.01092750 0.00264545 0.00423618
v 0.00495531 0.00983965 0.00423618
v 0.00495531 0.00983965 0.00423618
v 0.00495531 0.00983965 0.00423618
v 0.00495531 0.00983965 0.00423618
v 0.00495531 0.00983965 0.00423618
v 0.00495531 0.00983965 0.00423618
v 0.00269499 0.01068285 0.00423618
v 0.00269499 0.01068285 0.00423618
v 0.00269499 0.01068285 0.00423618
v 0.00269499 0.01068285 0.00423618
v 0.00269499 0.01068285 0.00423618
v 0.00269499 0.01068285 0.00423618
v 0.00043467 -0.01188739 0.00875678
v 0.00043467 -0.01188739 0.00875678
v 0.00043467 -0.01188739 0.00875678
v 0.00043467 -0.01188739 0.00875678
v 0.00043467 -0.01188739 0.00875678
v 0.00043467 -0.01188739 0.00875678
v 0.00043467 -0.01190607 0.00649648
v 0.00043467 -0.01190607 0.00649648
v 0.00043467 -0.01190607 0.00649648
v 0.00043467 -0.01190607 0.00649648
v 0.00043467 -0.01166791 0.01327749
v 0.00043467 -0.01166791 0.01327749
v 0.00043467 -0.01166791 0.01327749
v 0.00043467 -0.01166791 0.01327749
v 0.00043467 -0.01166791 0.01327749
v 0.00043467 -0.01166791 0.01327749
v 0.00043467 -0.01182283 0.01101708
v 0.00043467 -0.01182283 0.01101708
v 0.00043467 -0.01182283 0.01101708
v 0.00043467 -0.01182283 0.01101708
v 0.00043467 -0.01182283 0.01101708
v 0.00043467 -0.01182283 0.01101708
v -0.01008220 0.00038513 0.01327749
v -0.01008220 0.00038513 0.01327749
v -0.01008220 0.00038513 0.01327749
v -0.01008220 0.00038513 0.01327749
v -0.01008220 0.00038513 0.01327749
v -0.01008220 0.00038513 0.01327749
v -0.01008220 0.00038513 0.01327749
v -0.01063320 0.00038513 0.00875678
v -0.01063320 0.00038513 0.00875678
v -0.01063320 0.00038513 0.00875678
v -0.01063320 0.00038513 0.00875678
v -0.01063320 0.00038513 0.00875678
v -0.01063320 0.00038513 0.00875678
v -0.01075300 0.00038513 0.00649648
v -0.01075300 0.00038513 0.00649648
v -0.01075300 0.00038513 0.00649648
v -0.01075300 0.00038513 0.00649648
v -0.01075300 0.00038513 0.00649648
v -0.01042840 0.00038513 0.01101708
v -0.01042840 0.00038513 0.01101708
v -0.01042840 0.00038513 0.01101708
v -0.01042840 0.00038513 0.01101708
v -0.01042840 0.00038513 0.01101708
v -0.01042840 0.00038513 0.01101708
v 0.00043467 -0.00903116 0.02231869
v 0.00043467 -0.00903116 0.02231869
v 0.00043467 -0.00903116 0.02231869
v 0.00043467 -0.00903116 0.02231869
v 0.00043467 -0.00903116 0.02231869
v 0.00043467 -0.00903116 0.02231869
v 0.00043467 -0.01081599 0.01779809
v 0.00043467 -0.01081599 0.01779809
v 0.00043467 -0.01081599 0.01779809
v 0.00043467 -0.01081599 0.01779809
v 0.00043467 -0.01134429 0.01553779
v 0.00043467 -0.01134429 0.01553779
v 0.00043467 -0.01134429 0.01553779
v 0.00043467 -0.01134429 0.01553779
v 0.00043467 -0.01134429 0.01553779
v 0.00043467 -0.01134429 0.01553779
v 0.00043467 -0.01134429 0.01553779
v 0.00043467 -0.01134429 0.01553779
v 0.00043467 -0.01091646 0.01743748
v 0.00043467 -0.01091646 0.01743748
v 0.00043467 -0.01091646 0.01743748
v 0.00043467 -0.01091646 0.01743748
v 0.00043467 -0.01091646 0.01743748
v 0.00043467 -0.01091646 0.01743748
v 0.00043467 -0.01002562 0.02005839
v 0.00043467 -0.01002562 0.02005839
v 0.00043467 -0.01002562 0.02005839
v 0.00043467 -0.01002562 0.02005839
v 0.00043467 -0.01002562 0.02005839
v 0.00043467 -0.01002562 0.02005839
v 0.00043467 -0.01002562 0.02005839
v -0.00879637 0.00038513 0.01779809
v -0.00879637 0.00038513 0.01779809
v -0.00879637 0.00038513 0.01779809
v -0.00879637 0.00038513 0.01779809
v -0.00953490 0.00038513 0.01553779
v -0.00953490 0.00038513 0.01553779
v -0.00953490 0.00038513 0.01553779
v -0.00953490 0.00038513 0.01553779
v -0.00953490 0.00038513 0.01553779
v -0.00953490 0.00038513 0.01553779
v -0.00953490 0.00038513 0.01553779
v -0.00953490 0.00038513 0.01553779
v -0.00860660 0.00038513 0.01832088
v -0.00860660 0.00038513 0.01832088
v -0.00860660 0.00038513 0.01832088
v -0.00860660 0.00038513 0.01832088
v -0.00860660 0.00038513 0.01832088
v -0.00794124 0.00038513 0.02005839
v -0.00794124 0.00038513 0.02005839
v -0.00794124 0.00038513 0.02005839
v -0.00794124 0.00038513 0.02005839
v -0.00794124 0.00038513 0.02005839
v -0.00794124 0.00038513 0.02005839
v -0.00794124 0.00038513 0.02005839
v -0.00701567 0.00038513 0.02231869
v -0.00701567 0.00038513 0.02231869
v -0.00701567 0.00038513 0.02231869
v -0.00701567 0.00038513 0.02231869
v -0.00701567 0.00038513 0.02231869
v -0.00701567 0.00038513 0.02231869
v -0.00701567 0.00038513 0.02231869
v 0.00043467 -0.00865614 0.02310059
v 0.00043467 -0.00865614 0.02310059
v 0.00043467 -0.00865614 0.02310059
v 0.00043467 -0.00865614 0.02310059
v 0.00043467 -0.00865614 0.02310059
v 0.00043467 -0.00627287 0.02683939
v 0.00043467 -0.00627287 0.02683939
v 0.00043467 -0.00627287 0.02683939
v 0.00043467 -0.00627287 0.02683939
v 0.00043467 -0.00627287 0.02683939
v 0.00043467 -0.00627287 0.02683939
v 0.00043467 -0.00786242 0.02457899
v 0.00043467 -0.00786242 0.02457899
v 0.00043467 -0.00786242 0.02457899
v 0.00043467 -0.00786242 0.02457899
v 0.00043467 -0.00786242 0.02457899
v 0.00043467 -0.00786242 0.02457899
v 0.00043467 -0.00786242 0.02457899
v 0.00043467 -0.00639582 0.02669318
v 0.00043467 -0.00639582 0.02669318
v 0.00043467 -0.00639582 0.02669318
v 0.00043467 -0.00639582 0.02669318
v 0.00043467 -0.00639582 0.02669318
v -0.00634628 0.00038513 0.02387129
v -0.00634628 0.00038513 0.02387129
v -0.00634628 0.00038513 0.02387129
v -0.00634628 0.00038513 0.02387129
v -0.00634628 0.00038513 0.02387129
v -0.00602053 0.00038513 0.02457899
v -0.00602053 0.00038513 0.02457899
v -0.00602053 0.00038513 0.02457899
v -0.00602053 0.00038513 0.02457899
v -0.00602053 0.00038513 0.02457899
v -0.00466153 0.00038513 0.02683939
v -0.00466153 0.00038513 0.02683939
v -0.00466153 0.00038513 0.02683939
v -0.00466153 0.00038513 0.02683939
v -0.00466153 0.00038513 0.02683939
v -0.00466153 0.00038513 0.02683939
v -0.00466153 0.00038513 0.02683939
v 0.00043467 -0.00413550 0.02865879
v 0.00043467 -0.00413550 0.02865879
v 0.00043467 -0.00413550 0.02865879
v 0.00043467 -0.00413550 0.02865879
v 0.00043467 -0.00413550 0.02865879
v -0.00408596 0.00038513 0.02751699
v -0.00408596 0.00038513 0.02751699
v -0.00408596 0.00038513 0.02751699
v -0.00408596 0.00038513 0.02751699
v -0.00408596 0.00038513 0.02751699
v -0.00408596 0.00038513 0.02751699
v -0.00408596 0.00038513 0.02751699
v 0.00043467 -0.00330901 0.02909969
v 0.00043467 -0.00330901 0.02909969
v 0.00043467 -0.00330901 0.02909969
v 0.00043467 -0.00330901 0.02909969
v 0.00043467 -0.00330901 0.02909969
v 0.00043467 -0.00330901 0.02909969
v -0.00193373 0.00038513 0.02909969
v -0.00193373 0.00038513 0.02909969
v -0.00193373 0.00038513 0.02909969
v -0.00193373 0.00038513 0.02909969
v 0.00043467 -0.00187519 0.02959629
v 0.00043467 -0.00187519 0.02959629
v 0.00043467 -0.00187519 0.02959629
v 0.00043467 -0.00187519 0.02959629
v 0.00043467 -0.00187519 0.02959629
v 0.00043467 -0.00187519 0.02959629
v 0.00043467 -0.00187519 0.02959629
v -0.00182564 0.00038513 0.02915288
v -0.00182564 0.00038513 0.02915288
v -0.00182564 0.00038513 0.02915288
v -0.00182564 0.00038513 0.02915288
v 0.00043467 0.00038513 0.02978899
v 0.00043467 0.00038513 0.02978899
v 0.00043467 0.00038513 0.02978899
v 0.00043467 0.00038513 0.02978899
v 0.00043467 0.00038513 0.02978899
v 0.00043467 0.00038513 0.02978899
v 0.00043467 0.00038513 0.02978899
v 0.01088330 0.00038513 0.01327749
v 0.01088330 0.00038513 0.01327749
v 0.01088330 0.00038513 0.01327749
v 0.01088330 0.00038513 0.01327749
v 0.01088330 0.00038513 0.01327749
v 0.01088330 0.00038513 0.01327749
v 0.01117140 0.00038513 0.00875678
v 0.01117140 0.00038513 0.00875678
v 0.01117140 0.00038513 0.00875678
v 0.01117140 0.00038513 0.00875678
v 0.01117140 0.00038513 0.00875678
v 0.01117140 0.00038513 0.00875678
v 0.01117690 0.00038513 0.00649648
v 0.01117690 0.00038513 0.00649648
v 0.01117690 0.00038513 0.00649648
v 0.01117690 0.00038513 0.00649648
v 0.01108250 0.00038513 0.01101708
v 0.01108250 0.00038513 0.01101708
v 0.01108250 0.00038513 0.01101708
v 0.01108250 0.00038513 0.01101708
v 0.01108250 0.00038513 0.01101708
v 0.01108250 0.00038513 0.01101708
v 0.00885911 0.00038513 0.02231869
v 0.00885911 0.00038513 0.02231869
v 0.00885911 0.00038513 0.02231869
v 0.00885911 0.00038513 0.02231869
v 0.00885911 0.00038513 0.02231869
v 0.00947594 0.00038513 0.02027759
v 0.00947594 0.00038513 0.02027759
v 0.00947594 0.00038513 0.02027759
v 0.00947594 0.00038513 0.02027759
v 0.00947594 0.00038513 0.02027759
v 0.01009916 0.00038513 0.01779809
v 0.01009916 0.00038513 0.01779809
v 0.01009916 0.00038513 0.01779809
v 0.01009916 0.00038513 0.01779809
v 0.01009916 0.00038513 0.01779809
v 0.01009916 0.00038513 0.01779809
v 0.01009916 0.00038513 0.01779809
v 0.01009916 0.00038513 0.01779809
v 0.01055848 0.00038513 0.01553779
v 0.01055848 0.00038513 0.01553779
v 0.01055848 0.00038513 0.01553779
v 0.01055848 0.00038513 0.01553779
v 0.01055848 0.00038513 0.01553779
v 0.01055848 0.00038513 0.01553779
v 0.00953560 0.00038513 0.02005839
v 0.00953560 0.00038513 0.02005839
v 0.00953560 0.00038513 0.02005839
v 0.00953560 0.00038513 0.02005839
v 0.00953560 0.00038513 0.02005839
v 0.00953560 0.00038513 0.02005839
v 0.00672510 0.00038513 0.02683939
v 0.00672510 0.00038513 0.02683939
v 0.00672510 0.00038513 0.02683939
v 0.00672510 0.00038513 0.02683939
v 0.00672510 0.00038513 0.02683939
v 0.00672510 0.00038513 0.02683939
v 0.00797670 0.00038513 0.02457899
v 0.00797670 0.00038513 0.02457899
v 0.00797670 0.00038513 0.02457899
v 0.00797670 0.00038513 0.02457899
v 0.00797670 0.00038513 0.02457899
v 0.00797670 0.00038513 0.02457899
v 0.00797670 0.00038513 0.02457899
v 0.00797670 0.00038513 0.02457899
v 0.00721562 0.00038513 0.02607149
v 0.00721562 0.00038513 0.02607149
v 0.00721562 0.00038513 0.02607149
v 0.00721562 0.00038513 0.02607149
v 0.00721562 0.00038513 0.02607149
v 0.00721562 0.00038513 0.02607149
v 0.00495531 0.00038513 0.02861639
v 0.00495531 0.00038513 0.02861639
v 0.00495531 0.00038513 0.02861639
v 0.00495531 0.00038513 0.02861639
v 0.00414951 0.00038513 0.02909969
v 0.00414951 0.00038513 0.02909969
v 0.00414951 0.00038513 0.02909969
v 0.00414951 0.00038513 0.02909969
v 0.00414951 0.00038513 0.02909969
v 0.00414951 0.00038513 0.02909969
v 0.00269499 0.00038513 0.02963539
v 0.00269499 0.00038513 0.02963539
v 0.00269499 0.00038513 0.02963539
v 0.00269499 0.00038513 0.02963539
v 0.00269499 0.00038513 0.02963539
v 0.00269499 0.00038513 0.02963539
v 0.00269499 0.00038513 0.02963539
v 0.00269499 0.00038513 0.02963539
v 0.00043467 0.01027545 0.01327749
v 0.00043467 0.01027545 0.01327749
v 0.00043467 0.01027545 0.01327749
v 0.00043467 0.01027545 0.01327749
v 0.00043467 0.01027545 0.01327749
v 0.00043467 0.01027545 0.01327749
v 0.00043467 0.01027545 0.01327749
v 0.00043467 0.01067955 0.00875678
v 0.00043467 0.01067955 0.00875678
v 0.00043467 0.01067955 0.00875678
v 0.00043467 0.01067955 0.00875678
v 0.00043467 0.01067955 0.00875678
v 0.00043467 0.01067955 0.00875678
v 0.00043467 0.01082485 0.00649648
v 0.00043467 0.01082485 0.00649648
v 0.00043467 0.01082485 0.00649648
v 0.00043467 0.01082485 0.00649648
v 0.00043467 0.01082485 0.00649648
v 0.00043467 0.01082485 0.00649648
v 0.00043467 0.01052395 0.01101708
v 0.00043467 0.01052395 0.01101708
v 0.00043467 0.01052395 0.01101708
v 0.00043467 0.01052395 0.01101708
v 0.00043467 0.01052395 0.01101708
v 0.00043467 0.01052395 0.01101708
v 0.00043467 0.00932625 0.01779809
v 0.00043467 0.00932625 0.01779809
v 0.00043467 0.00932625 0.01779809
v 0.00043467 0.00932625 0.01779809
v 0.00043467 0.00942645 0.01737869
v 0.00043467 0.00942645 0.01737869
v 0.00043467 0.00942645 0.01737869
v 0.00043467 0.00942645 0.01737869
v 0.00043467 0.00942645 0.01737869
v 0.00043467 0.00942645 0.01737869
v 0.00043467 0.00805795 0.02231869
v 0.00043467 0.00805795 0.02231869
v 0.00043467 0.00805795 0.02231869
v 0.00043467 0.00805795 0.02231869
v 0.00043467 0.00805795 0.02231869
v 0.00043467 0.00805795 0.02231869
v 0.00043467 0.00805795 0.02231869
v 0.00043467 0.00805795 0.02231869
v 0.00043467 0.00805795 0.02231869
v 0.00043467 0.00874515 0.02005839
v 0.00043467 0.00874515 0.02005839
v 0.00043467 0.00874515 0.02005839
v 0.00043467 0.00874515 0.02005839
v 0.00043467 0.00874515 0.02005839
v 0.00043467 0.00874515 0.02005839
v 0.00043467 0.00985345 0.01553779
v 0.00043467 0.00985345 0.01553779
v 0.00043467 0.00985345 0.01553779
v 0.00043467 0.00985345 0.01553779
v 0.00043467 0.00985345 0.01553779
v 0.00043467 0.00985345 0.01553779
v 0.00043467 0.00985345 0.01553779
v 0.00043467 0.00593017 0.02683939
v 0.00043467 0.00593017 0.02683939
v 0.00043467 0.00593017 0.02683939
v 0.00043467 0.00593017 0.02683939
v 0.00043467 0.00593017 0.02683939
v 0.00043467 0.00593017 0.02683939
v 0.00043467 0.00593017 0.02683939
v 0.00043467 0.00721985 0.02457899
v 0.00043467 0.00721985 0.02457899
v 0.00043467 0.00721985 0.02457899
v 0.00043467 0.00721985 0.02457899
v 0.00043467 0.00716608 0.02470519
v 0.00043467 0.00716608 0.02470519
v 0.00043467 0.00716608 0.02470519
v 0.00043467 0.00716608 0.02470519
v 0.00043467 0.00716608 0.02470519
v 0.00043467 0.00303018 0.02909969
v 0.00043467 0.00303018 0.02909969
v 0.00043467 0.00303018 0.02909969
v 0.00043467 0.00303018 0.02909969
v 0.00043467 0.00303018 0.02909969
v 0.00043467 0.00490577 0.02790988
v 0.00043467 0.00490577 0.02790988
v 0.00043467 0.00490577 0.02790988
v 0.00043467 0.00490577 0.02790988
v 0.00043467 0.00490577 0.02790988
v 0.00043467 0.00490577 0.02790988
v 0.00043467 0.00490577 0.02790988
v 0.00043467 0.00264545 0.02926489
v 0.00043467 0.00264545 0.02926489
v 0.00043467 0.00264545 0.02926489
v 0.00043467 0.00264545 0.02926489
v 0.00043467 0.00264545 0.02926489
v 0.00043467 0.00264545 0.02926489
v -0.00943800 -0.01317675 -0.02288764
v -0.00943800 -0.01317675 -0.02288764
v -0.00943800 -0.01317675 -0.02288764
v -0.00943800 -0.01317675 -0.02288764
v -0.00943800 -0.01317675 -0.02288764
v -0.00860660 -0.01377095 -0.02288764
v -0.00860660 -0.01377095 -0.02288764
v -0.00860660 -0.01377095 -0.02288764
v -0.00860660 -0.01377095 -0.02288764
v -0.00860660 -0.01377095 -0.02288764
v -0.00860660 -0.01317675 -0.02375399
v -0.00860660 -0.01317675 -0.02375399
v -0.00860660 -0.01317675 -0.02375399
v -0.00860660 -0.01317675 -0.02375399
v -0.00860660 -0.01317675 -0.02375399
v -0.00860660 -0.01317675 -0.02375399
v -0.00860660 -0.01317675 -0.02375399
v -0.00860660 -0.01317675 -0.02375399
v -0.01338850 -0.00865614 -0.02288764
v -0.01338850 -0.00865614 -0.02288764
v -0.01338850 -0.00865614 -0.02288764
v -0.01338850 -0.00865614 -0.02288764
v -0.01312720 -0.00909930 -0.02288764
v -0.01312720 -0.00909930 -0.02288764
v -0.01312720 -0.00909930 -0.02288764
v -0.01312720 -0.00909930 -0.02288764
v -0.01312720 -0.00909930 -0.02288764
v -0.01312720 -0.00865614 -0.02330301
v -0.01312720 -0.00865614 -0.02330301
v -0.01312720 -0.00865614 -0.02330301
v -0.01312720 -0.00865614 -0.02330301
v -0.01312720 -0.00865614 -0.02330301
v -0.01312720 -0.00865614 -0.02330301
v -0.01312720 -0.00865614 -0.02330301
v -0.00860660 -0.00865614 -0.02702523
v -0.00860660 -0.00865614 -0.02702523
v -0.00860660 -0.00865614 -0.02702523
v -0.00860660 -0.00865614 -0.02702523
v -0.00860660 -0.00865614 -0.02702523
v -0.00860660 -0.00865614 -0.02702523
v -0.00753675 -0.00865614 -0.02740827
v -0.00753675 -0.00865614 -0.02740827
v -0.00753675 -0.00865614 -0.02740827
v -0.00753675 -0.00865614 -0.02740827
v -0.00753675 -0.00865614 -0.02740827
v -0.00753675 -0.00865614 -0.02740827
v -0.00408596 -0.01082162 -0.02740827
v -0.00408596 -0.01082162 -0.02740827
v -0.00408596 -0.01082162 -0.02740827
v -0.00408596 -0.01082162 -0.02740827
v -0.00408596 -0.01082162 -0.02740827
v -0.00408596 -0.01082162 -0.02740827
v -0.00408596 -0.00865614 -0.02821115
v -0.00408596 -0.00865614 -0.02821115
v -0.00408596 -0.00865614 -0.02821115
v -0.00408596 -0.00865614 -0.02821115
v -0.00408596 -0.01594915 -0.02288764
v -0.00408596 -0.01594915 -0.02288764
v -0.00408596 -0.01594915 -0.02288764
v -0.00408596 -0.01594915 -0.02288764
v -0.00408596 -0.01317675 -0.02602313
v -0.00408596 -0.01317675 -0.02602313
v -0.00408596 -0.01317675 -0.02602313
v -0.00408596 -0.01317675 -0.02602313
v -0.00408596 -0.01317675 -0.02602313
v -0.00408596 -0.01317675 -0.02602313
v -0.00408596 -0.01317675 -0.02602313
v -0.00408596 -0.01317675 -0.02602313
v -0.01049730 -0.00413550 -0.02740827
v -0.01049730 -0.00413550 -0.02740827
v -0.01049730 -0.00413550 -0.02740827
v -0.01049730 -0.00413550 -0.02740827
v -0.01049730 -0.00413550 -0.02740827
v -0.00860660 -0.00748476 -0.02740827
v -0.00860660 -0.00748476 -0.02740827
v -0.00860660 -0.00748476 -0.02740827
v -0.00860660 -0.00748476 -0.02740827
v -0.00860660 -0.00748476 -0.02740827
v -0.00860660 -0.00748476 -0.02740827
v -0.00860660 -0.00748476 -0.02740827
v -0.00860660 -0.00413550 -0.02816046
v -0.00860660 -0.00413550 -0.02816046
v -0.00860660 -0.00413550 -0.02816046
v -0.00860660 -0.00413550 -0.02816046
v -0.01529640 -0.00413550 -0.02288764
v -0.01529640 -0.00413550 -0.02288764
v -0.01529640 -0.00413550 -0.02288764
v -0.01529640 -0.00413550 -0.02288764
v -0.01312720 -0.00413550 -0.02559967
v -0.01312720 -0.00413550 -0.02559967
v -0.01312720 -0.00413550 -0.02559967
v -0.01312720 -0.00413550 -0.02559967
v -0.01312720 -0.00413550 -0.02559967
v -0.01312720 -0.00413550 -0.02559967
v -0.01312720 -0.00413550 -0.02559967
v -0.01312720 -0.00413550 -0.02559967
v -0.01312720 -0.00413550 -0.02559967
v -0.00408596 -0.00413550 -0.02919156
v -0.00408596 -0.00413550 -0.02919156
v -0.00408596 -0.00413550 -0.02919156
v -0.00408596 -0.00413550 -0.02919156
v -0.00408596 -0.00413550 -0.02919156
v -0.00408596 -0.00413550 -0.02919156
v -0.00408596 -0.00413550 -0.02919156
v -0.00408596 -0.00413550 -0.02919156
v -0.01062640 -0.01317675 -0.02062732
v -0.01062640 -0.01317675 -0.02062732
v -0.01062640 -0.01317675 -0.02062732
v -0.01062640 -0.01317675 -0.02062732
v -0.01062640 -0.01317675 -0.02062732
v -0.00860660 -0.01467955 -0.02062732
v -0.00860660 -0.01467955 -0.02062732
v -0.00860660 -0.01467955 -0.02062732
v -0.00860660 -0.01467955 -0.02062732
v -0.00860660 -0.01467955 -0.02062732
v -0.00860660 -0.01467955 -0.02062732
v -0.00860660 -0.01467955 -0.02062732
v -0.00860660 -0.01467955 -0.02062732
v -0.01097270 -0.01317675 -0.01836702
v -0.01097270 -0.01317675 -0.01836702
v -0.01097270 -0.01317675 -0.01836702
v -0.01097270 -0.01317675 -0.01836702
v -0.01097270 -0.01317675 -0.01836702
v -0.01097270 -0.01317675 -0.01836702
v -0.01086690 -0.01326945 -0.01836702
v -0.01086690 -0.01326945 -0.01836702
v -0.01086690 -0.01326945 -0.01836702
v -0.01086690 -0.01326945 -0.01836702
v -0.01086690 -0.01317675 -0.01955661
v -0.01086690 -0.01317675 -0.01955661
v -0.01086690 -0.01317675 -0.01955661
v -0.01086690 -0.01317675 -0.01955661
v -0.01086690 -0.01317675 -0.01955661
v -0.01086690 -0.01317675 -0.01955661
v -0.01086690 -0.01317675 -0.01955661
v -0.01086690 -0.01317675 -0.01955661
v -0.00860660 -0.01495125 -0.01836702
v -0.00860660 -0.01495125 -0.01836702
v -0.00860660 -0.01495125 -0.01836702
v -0.00860660 -0.01495125 -0.01836702
v -0.00860660 -0.01495125 -0.01836702
v -0.00860660 -0.01495125 -0.01836702
v -0.01433870 -0.00865614 -0.02062732
v -0.01433870 -0.00865614 -0.02062732
v -0.01433870 -0.00865614 -0.02062732
v -0.01433870 -0.00865614 -0.02062732
v -0.01433870 -0.00865614 -0.02062732
v -0.01433870 -0.00865614 -0.02062732
v -0.01433870 -0.00865614 -0.02062732
v -0.01433870 -0.00865614 -0.02062732
v -0.01433870 -0.00865614 -0.02062732
v -0.01312720 -0.01051297 -0.02062732
v -0.01312720 -0.01051297 -0.02062732
v -0.01312720 -0.01051297 -0.02062732
v -0.01312720 -0.01051297 -0.02062732
v -0.01312720 -0.01051297 -0.02062732
v -0.01314260 -0.01091646 -0.01836702
v -0.01314260 -0.01091646 -0.01836702
v -0.01314260 -0.01091646 -0.01836702
v -0.01314260 -0.01091646 -0.01836702
v -0.01312720 -0.01093577 -0.01836702
v -0.01312720 -0.01093577 -0.01836702
v -0.01312720 -0.01093577 -0.01836702
v -0.01312720 -0.01093577 -0.01836702
v -0.01312720 -0.01091646 -0.01869961
v -0.01312720 -0.01091646 -0.01869961
v -0.01312720 -0.01091646 -0.01869961
v -0.01312720 -0.01091646 -0.01869961
v -0.01312720 -0.01091646 -0.01869961
v -0.01312720 -0.01091646 -0.01869961
v -0.01312720 -0.01091646 -0.01869961
v -0.01312720 -0.01091646 -0.01869961
v -0.01465120 -0.00865614 -0.01836702
v -0.01465120 -0.00865614 -0.01836702
v -0.01465120 -0.00865614 -0.01836702
v -0.01465120 -0.00865614 -0.01836702
v -0.01465120 -0.00865614 -0.01836702
v -0.01465120 -0.00865614 -0.01836702
v -0.01183200 -0.01091646 -0.02288764
v -0.01183200 -0.01091646 -0.02288764
v -0.01183200 -0.01091646 -0.02288764
v -0.01183200 -0.01091646 -0.02288764
v -0.01183200 -0.01091646 -0.02288764
v -0.01183200 -0.01091646 -0.02288764
v -0.01281190 -0.01091646 -0.02062732
v -0.01281190 -0.01091646 -0.02062732
v -0.01281190 -0.01091646 -0.02062732
v -0.01281190 -0.01091646 -0.02062732
v -0.01281190 -0.01091646 -0.02062732
v -0.01281190 -0.01091646 -0.02062732
v -0.01086690 -0.01195815 -0.02288764
v -0.01086690 -0.01195815 -0.02288764
v -0.01086690 -0.01195815 -0.02288764
v -0.01086690 -0.01195815 -0.02288764
v -0.01086690 -0.01195815 -0.02288764
v -0.01086690 -0.01195815 -0.02288764
v -0.01086690 -0.01195815 -0.02288764
v -0.01086690 -0.01296295 -0.02062732
v -0.01086690 -0.01296295 -0.02062732
v -0.01086690 -0.01296295 -0.02062732
v -0.01086690 -0.01296295 -0.02062732
v -0.01086690 -0.01317675 -0.01661501
v -0.01086690 -0.01317675 -0.01661501
v -0.01086690 -0.01317675 -0.01661501
v -0.01086690 -0.01317675 -0.01661501
v -0.01086690 -0.01317675 -0.01661501
v -0.01086690 -0.01317675 -0.01661501
v -0.01086690 -0.01317675 -0.01661501
v -0.01086690 -0.01317675 -0.01661501
v -0.01078300 -0.01317675 -0.01610672
v -0.01078300 -0.01317675 -0.01610672
v -0.01078300 -0.01317675 -0.01610672
v -0.01078300 -0.01317675 -0.01610672
v -0.01078300 -0.01317675 -0.01610672
v -0.00860660 -0.01477635 -0.01610672
v -0.00860660 -0.01477635 -0.01610672
v -0.00860660 -0.01477635 -0.01610672
v -0.00860660 -0.01477635 -0.01610672
v -0.00860660 -0.01477635 -0.01610672
v -0.00860660 -0.01477635 -0.01610672
v -0.00860660 -0.01477635 -0.01610672
v -0.01014470 -0.01317675 -0.01384641
v -0.01014470 -0.01317675 -0.01384641
v -0.01014470 -0.01317675 -0.01384641
v -0.01014470 -0.01317675 -0.01384641
v -0.01014470 -0.01317675 -0.01384641
v -0.01014470 -0.01317675 -0.01384641
v -0.00860660 -0.01423365 -0.01384641
v -0.00860660 -0.01423365 -0.01384641
v -0.00860660 -0.01423365 -0.01384641
v -0.00860660 -0.01423365 -0.01384641
v -0.00860660 -0.01423365 -0.01384641
v -0.00860660 -0.01423365 -0.01384641
v -0.00860660 -0.01423365 -0.01384641
v -0.00860660 -0.01423365 -0.01384641
v -0.01312720 -0.01091646 -0.01738562
v -0.01312720 -0.01091646 -0.01738562
v -0.01312720 -0.01091646 -0.01738562
v -0.01312720 -0.01091646 -0.01738562
v -0.01312720 -0.01091646 -0.01738562
v -0.01312720 -0.01091646 -0.01738562
v -0.01312720 -0.01091646 -0.01738562
v -0.01312720 -0.01091646 -0.01738562
v -0.01452500 -0.00865614 -0.01610672
v -0.01452500 -0.00865614 -0.01610672
v -0.01452500 -0.00865614 -0.01610672
v -0.01452500 -0.00865614 -0.01610672
v -0.01452500 -0.00865614 -0.01610672
v -0.01452500 -0.00865614 -0.01610672
v -0.01452500 -0.00865614 -0.01610672
v -0.01452500 -0.00865614 -0.01610672
v -0.01312720 -0.01073511 -0.01610672
v -0.01312720 -0.01073511 -0.01610672
v -0.01312720 -0.01073511 -0.01610672
v -0.01312720 -0.01073511 -0.01610672
v -0.01312720 -0.01073511 -0.01610672
v -0.01406080 -0.00865614 -0.01384641
v -0.01406080 -0.00865614 -0.01384641
v -0.01406080 -0.00865614 -0.01384641
v -0.01406080 -0.00865614 -0.01384641
v -0.01406080 -0.00865614 -0.01384641
v -0.01406080 -0.00865614 -0.01384641
v -0.01406080 -0.00865614 -0.01384641
v -0.01312720 -0.01007877 -0.01384641
v -0.01312720 -0.01007877 -0.01384641
v -0.01312720 -0.01007877 -0.01384641
v -0.01312720 -0.01007877 -0.01384641
v -0.01312720 -0.01007877 -0.01384641
v -0.01312720 -0.01007877 -0.01384641
v -0.01298240 -0.01091646 -0.01610672
v -0.01298240 -0.01091646 -0.01610672
v -0.01298240 -0.01091646 -0.01610672
v -0.01298240 -0.01091646 -0.01610672
v -0.01298240 -0.01091646 -0.01610672
v -0.01086690 -0.01310335 -0.01610672
v -0.01086690 -0.01310335 -0.01610672
v -0.01086690 -0.01310335 -0.01610672
v -0.01086690 -0.01310335 -0.01610672
v -0.01086690 -0.01310335 -0.01610672
v -0.01246490 -0.01091646 -0.01384641
v -0.01246490 -0.01091646 -0.01384641
v -0.01246490 -0.01091646 -0.01384641
v -0.01246490 -0.01091646 -0.01384641
v -0.01246490 -0.01091646 -0.01384641
v -0.01246490 -0.01091646 -0.01384641
v -0.01246490 -0.01091646 -0.01384641
v -0.01086690 -0.01256680 -0.01384641
v -0.01086690 -0.01256680 -0.01384641
v -0.01086690 -0.01256680 -0.01384641
v -0.01086690 -0.01256680 -0.01384641
v -0.01086690 -0.01256680 -0.01384641
v -0.00724841 -0.01543705 -0.02062732
v -0.00724841 -0.01543705 -0.02062732
v -0.00724841 -0.01543705 -0.02062732
v -0.00724841 -0.01543705 -0.02062732
v -0.00724841 -0.01543705 -0.02062732
v -0.00634628 -0.01586195 -0.02062732
v -0.00634628 -0.01586195 -0.02062732
v -0.00634628 -0.01586195 -0.02062732
v -0.00634628 -0.01586195 -0.02062732
v -0.00634628 -0.01543705 -0.02208508
v -0.00634628 -0.01543705 -0.02208508
v -0.00634628 -0.01543705 -0.02208508
v -0.00634628 -0.01543705 -0.02208508
v -0.00634628 -0.01543705 -0.02208508
v -0.00634628 -0.01543705 -0.02208508
v -0.00634628 -0.01543705 -0.02208508
v -0.00552530 -0.01543705 -0.02288764
v -0.00552530 -0.01543705 -0.02288764
v -0.00552530 -0.01543705 -0.02288764
v -0.00552530 -0.01543705 -0.02288764
v -0.00552530 -0.01543705 -0.02288764
v -0.00408596 -0.01674125 -0.02062732
v -0.00408596 -0.01674125 -0.02062732
v -0.00408596 -0.01674125 -0.02062732
v -0.00408596 -0.01674125 -0.02062732
v -0.00408596 -0.01674125 -0.02062732
v -0.00408596 -0.01674125 -0.02062732
v -0.00408596 -0.01674125 -0.02062732
v -0.00408596 -0.01674125 -0.02062732
v -0.00634628 -0.01507835 -0.02288764
v -0.00634628 -0.01507835 -0.02288764
v -0.00634628 -0.01507835 -0.02288764
v -0.00634628 -0.01507835 -0.02288764
v -0.00634628 -0.01507835 -0.02288764
v -0.00775342 -0.01543705 -0.01836702
v -0.00775342 -0.01543705 -0.01836702
v -0.00775342 -0.01543705 -0.01836702
v -0.00775342 -0.01543705 -0.01836702
v -0.00775342 -0.01543705 -0.01836702
v -0.00775342 -0.01543705 -0.01836702
v -0.00634628 -0.01611925 -0.01836702
v -0.00634628 -0.01611925 -0.01836702
v -0.00634628 -0.01611925 -0.01836702
v -0.00634628 -0.01611925 -0.01836702
v -0.00634628 -0.01611925 -0.01836702
v -0.00634628 -0.01611925 -0.01836702
v -0.00634628 -0.01611925 -0.01836702
v -0.00634628 -0.01611925 -0.01836702
v -0.00408596 -0.01698365 -0.01836702
v -0.00408596 -0.01698365 -0.01836702
v -0.00408596 -0.01698365 -0.01836702
v -0.00408596 -0.01698365 -0.01836702
v -0.00408596 -0.01698365 -0.01836702
v -0.00408596 -0.01698365 -0.01836702
v -0.00182564 -0.01647505 -0.02288764
v -0.00182564 -0.01647505 -0.02288764
v -0.00182564 -0.01647505 -0.02288764
v -0.00182564 -0.01647505 -0.02288764
v -0.00182564 -0.01647505 -0.02288764
v -0.00182564 -0.01647505 -0.02288764
v -0.00182564 -0.01727545 -0.02062732
v -0.00182564 -0.01727545 -0.02062732
v -0.00182564 -0.01727545 -0.02062732
v -0.00182564 -0.01727545 -0.02062732
v -0.00182564 -0.01727545 -0.02062732
v -0.00182564 -0.01727545 -0.02062732
v -0.00182564 -0.01749465 -0.01836702
v -0.00182564 -0.01749465 -0.01836702
v -0.00182564 -0.01749465 -0.01836702
v -0.00182564 -0.01749465 -0.01836702
v -0.00182564 -0.01749465 -0.01836702
v -0.00182564 -0.01749465 -0.01836702
v -0.00739581 -0.01543705 -0.01610672
v -0.00739581 -0.01543705 -0.01610672
v -0.00739581 -0.01543705 -0.01610672
v -0.00739581 -0.01543705 -0.01610672
v -0.00739581 -0.01543705 -0.01610672
v -0.00739581 -0.01543705 -0.01610672
v -0.00634628 -0.01591635 -0.01610672
v -0.00634628 -0.01591635 -0.01610672
v -0.00634628 -0.01591635 -0.01610672
v -0.00634628 -0.01591635 -0.01610672
v -0.00634628 -0.01591635 -0.01610672
v -0.00408596 -0.01676005 -0.01610672
v -0.00408596 -0.01676005 -0.01610672
v -0.00408596 -0.01676005 -0.01610672
v -0.00408596 -0.01676005 -0.01610672
v -0.00408596 -0.01676005 -0.01610672
v -0.00408596 -0.01676005 -0.01610672
v -0.00634628 -0.01543705 -0.01403861
v -0.00634628 -0.01543705 -0.01403861
v -0.00634628 -0.01543705 -0.01403861
v -0.00634628 -0.01543705 -0.01403861
v -0.00634628 -0.01543705 -0.01403861
v -0.00634628 -0.01543705 -0.01403861
v -0.00620923 -0.01543705 -0.01384641
v -0.00620923 -0.01543705 -0.01384641
v -0.00620923 -0.01543705 -0.01384641
v -0.00620923 -0.01543705 -0.01384641
v -0.00620923 -0.01543705 -0.01384641
v -0.00408596 -0.01618845 -0.01384641
v -0.00408596 -0.01618845 -0.01384641
v -0.00408596 -0.01618845 -0.01384641
v -0.00408596 -0.01618845 -0.01384641
v -0.00408596 -0.01618845 -0.01384641
v -0.00408596 -0.01618845 -0.01384641
v -0.00408596 -0.01618845 -0.01384641
v -0.00408596 -0.01618845 -0.01384641
v -0.00634628 -0.01538165 -0.01384641
v -0.00634628 -0.01538165 -0.01384641
v -0.00634628 -0.01538165 -0.01384641
v -0.00634628 -0.01538165 -0.01384641
v -0.00182564 -0.01727535 -0.01610672
v -0.00182564 -0.01727535 -0.01610672
v -0.00182564 -0.01727535 -0.01610672
v -0.00182564 -0.01727535 -0.01610672
v -0.00182564 -0.01727535 -0.01610672
v -0.00182564 -0.01727535 -0.01610672
v -0.00182564 -0.01672745 -0.01384641
v -0.00182564 -0.01672745 -0.01384641
v -0.00182564 -0.01672745 -0.01384641
v -0.00182564 -0.01672745 -0.01384641
v -0.00182564 -0.01672745 -0.01384641
v -0.00182564 -0.01672745 -0.01384641
v -0.01451450 -0.00639582 -0.02288764
v -0.01451450 -0.00639582 -0.02288764
v -0.01451450 -0.00639582 -0.02288764
v -0.01451450 -0.00639582 -0.02288764
v -0.01451450 -0.00639582 -0.02288764
v -0.01451450 -0.00639582 -0.02288764
v -0.01451450 -0.00639582 -0.02288764
v -0.01451450 -0.00639582 -0.02288764
v -0.01536800 -0.00639582 -0.02062732
v -0.01536800 -0.00639582 -0.02062732
v -0.01536800 -0.00639582 -0.02062732
v -0.01536800 -0.00639582 -0.02062732
v -0.01609880 -0.00413550 -0.02062732
v -0.01609880 -0.00413550 -0.02062732
v -0.01609880 -0.00413550 -0.02062732
v -0.01609880 -0.00413550 -0.02062732
v -0.01609880 -0.00413550 -0.02062732
v -0.01609880 -0.00413550 -0.02062732
v -0.01609880 -0.00413550 -0.02062732
v -0.01538760 -0.00634248 -0.02062732
v -0.01538760 -0.00634248 -0.02062732
v -0.01538760 -0.00634248 -0.02062732
v -0.01538760 -0.00634248 -0.02062732
v -0.01538760 -0.00634248 -0.02062732
v -0.01538760 -0.00413550 -0.02270364
v -0.01538760 -0.00413550 -0.02270364
v -0.01538760 -0.00413550 -0.02270364
v -0.01538760 -0.00413550 -0.02270364
v -0.01538760 -0.00413550 -0.02270364
v -0.01565600 -0.00639582 -0.01836702
v -0.01565600 -0.00639582 -0.01836702
v -0.01565600 -0.00639582 -0.01836702
v -0.01565600 -0.00639582 -0.01836702
v -0.01565600 -0.00639582 -0.01836702
v -0.01565600 -0.00639582 -0.01836702
v -0.01565600 -0.00639582 -0.01836702
v -0.01538760 -0.00708648 -0.01836702
v -0.01538760 -0.00708648 -0.01836702
v -0.01538760 -0.00708648 -0.01836702
v -0.01538760 -0.00708648 -0.01836702
v -0.01538760 -0.00708648 -0.01836702
v -0.01538760 -0.00708648 -0.01836702
v -0.01538760 -0.00639582 -0.02054521
v -0.01538760 -0.00639582 -0.02054521
v -0.01538760 -0.00639582 -0.02054521
v -0.01538760 -0.00639582 -0.02054521
v -0.01538760 -0.00639582 -0.02054521
v -0.01538760 -0.00639582 -0.02054521
v -0.01641280 -0.00413550 -0.01836702
v -0.01641280 -0.00413550 -0.01836702
v -0.01641280 -0.00413550 -0.01836702
v -0.01641280 -0.00413550 -0.01836702
v -0.01641280 -0.00413550 -0.01836702
v -0.01641280 -0.00413550 -0.01836702
v -0.01576540 -0.00187519 -0.02288764
v -0.01576540 -0.00187519 -0.02288764
v -0.01576540 -0.00187519 -0.02288764
v -0.01576540 -0.00187519 -0.02288764
v -0.01576540 -0.00187519 -0.02288764
v -0.01658910 -0.00187519 -0.02062732
v -0.01658910 -0.00187519 -0.02062732
v -0.01658910 -0.00187519 -0.02062732
v -0.01658910 -0.00187519 -0.02062732
v -0.01658910 -0.00187519 -0.02062732
v -0.01658910 -0.00187519 -0.02062732
v -0.01658910 -0.00187519 -0.02062732
v -0.01538760 -0.00379552 -0.02288764
v -0.01538760 -0.00379552 -0.02288764
v -0.01538760 -0.00379552 -0.02288764
v -0.01538760 -0.00379552 -0.02288764
v -0.01538760 -0.00379552 -0.02288764
v -0.01538760 -0.00379552 -0.02288764
v -0.01693040 -0.00187519 -0.01836702
v -0.01693040 -0.00187519 -0.01836702
v -0.01693040 -0.00187519 -0.01836702
v -0.01693040 -0.00187519 -0.01836702
v -0.01693040 -0.00187519 -0.01836702
v -0.01693040 -0.00187519 -0.01836702
v -0.01556650 -0.00639582 -0.01610672
v -0.01556650 -0.00639582 -0.01610672
v -0.01556650 -0.00639582 -0.01610672
v -0.01556650 -0.00639582 -0.01610672
v -0.01538760 -0.00685406 -0.01610672
v -0.01538760 -0.00685406 -0.01610672
v -0.01538760 -0.00685406 -0.01610672
v -0.01538760 -0.00685406 -0.01610672
v -0.01538760 -0.00685406 -0.01610672
v -0.01631690 -0.00413550 -0.01610672
v -0.01631690 -0.00413550 -0.01610672
v -0.01631690 -0.00413550 -0.01610672
v -0.01631690 -0.00413550 -0.01610672
v -0.01631690 -0.00413550 -0.01610672
v -0.01631690 -0.00413550 -0.01610672
v -0.01631690 -0.00413550 -0.01610672
v -0.01538760 -0.00639582 -0.01480911
v -0.01538760 -0.00639582 -0.01480911
v -0.01538760 -0.00639582 -0.01480911
v -0.01538760 -0.00639582 -0.01480911
v -0.01538760 -0.00639582 -0.01480911
v -0.01538760 -0.00639582 -0.01480911
v -0.01538760 -0.00639582 -0.01480911
v -0.01538760 -0.00639582 -0.01480911
v -0.01518850 -0.00639582 -0.01384641
v -0.01518850 -0.00639582 -0.01384641
v -0.01518850 -0.00639582 -0.01384641
v -0.01518850 -0.00639582 -0.01384641
v -0.01588010 -0.00413550 -0.01384641
v -0.01588010 -0.00413550 -0.01384641
v -0.01588010 -0.00413550 -0.01384641
v -0.01588010 -0.00413550 -0.01384641
v -0.01588010 -0.00413550 -0.01384641
v -0.01588010 -0.00413550 -0.01384641
v -0.01538760 -0.00585813 -0.01384641
v -0.01538760 -0.00585813 -0.01384641
v -0.01538760 -0.00585813 -0.01384641
v -0.01538760 -0.00585813 -0.01384641
v -0.01538760 -0.00585813 -0.01384641
v -0.01682640 -0.00187519 -0.01610672
v -0.01682640 -0.00187519 -0.01610672
v -0.01682640 -0.00187519 -0.01610672
v -0.01682640 -0.00187519 -0.01610672
v -0.01682640 -0.00187519 -0.01610672
v -0.01682640 -0.00187519 -0.01610672
v -0.01632750 -0.00187519 -0.01384641
v -0.01632750 -0.00187519 -0.01384641
v -0.01632750 -0.00187519 -0.01384641
v -0.01632750 -0.00187519 -0.01384641
v -0.01632750 -0.00187519 -0.01384641
v -0.01632750 -0.00187519 -0.01384641
v -0.01632750 -0.00187519 -0.01384641
v -0.00887692 -0.01317675 -0.01158601
v -0.00887692 -0.01317675 -0.01158601
v -0.00887692 -0.01317675 -0.01158601
v -0.00887692 -0.01317675 -0.01158601
v -0.00887692 -0.01317675 -0.01158601
v -0.00860660 -0.01334765 -0.01158601
v -0.00860660 -0.01334765 -0.01158601
v -0.00860660 -0.01334765 -0.01158601
v -0.00860660 -0.01334765 -0.01158601
v -0.00860660 -0.01317675 -0.01124921
v -0.00860660 -0.01317675 -0.01124921
v -0.00860660 -0.01317675 -0.01124921
v -0.00860660 -0.01317675 -0.01124921
v -0.00860660 -0.01317675 -0.01124921
v -0.00860660 -0.01317675 -0.01124921
v -0.01334150 -0.00865614 -0.01158601
v -0.01334150 -0.00865614 -0.01158601
v -0.01334150 -0.00865614 -0.01158601
v -0.01334150 -0.00865614 -0.01158601
v -0.01312720 -0.00899845 -0.01158601
v -0.01312720 -0.00899845 -0.01158601
v -0.01312720 -0.00899845 -0.01158601
v -0.01312720 -0.00899845 -0.01158601
v -0.01312720 -0.00899845 -0.01158601
v -0.01312720 -0.00865614 -0.01103631
v -0.01312720 -0.00865614 -0.01103631
v -0.01312720 -0.00865614 -0.01103631
v -0.01312720 -0.00865614 -0.01103631
v -0.01312720 -0.00865614 -0.01103631
v -0.01312720 -0.00865614 -0.01103631
v -0.01159940 -0.01091646 -0.01158601
v -0.01159940 -0.01091646 -0.01158601
v -0.01159940 -0.01091646 -0.01158601
v -0.01159940 -0.01091646 -0.01158601
v -0.01159940 -0.01091646 -0.01158601
v -0.01159940 -0.01091646 -0.01158601
v -0.01159940 -0.01091646 -0.01158601
v -0.01086690 -0.01163380 -0.01158601
v -0.01086690 -0.01163380 -0.01158601
v -0.01086690 -0.01163380 -0.01158601
v -0.01086690 -0.01163380 -0.01158601
v -0.01086690 -0.01163380 -0.01158601
v -0.01086690 -0.01163380 -0.01158601
v -0.01086690 -0.01163380 -0.01158601
v -0.01086690 -0.01163380 -0.01158601
v -0.01086690 -0.01091646 -0.01034641
v -0.01086690 -0.01091646 -0.01034641
v -0.01086690 -0.01091646 -0.01034641
v -0.01086690 -0.01091646 -0.01034641
v -0.01086690 -0.01091646 -0.01034641
v -0.01086690 -0.01091646 -0.01034641
v -0.01000320 -0.01091646 -0.00932571
v -0.01000320 -0.01091646 -0.00932571
v -0.01000320 -0.01091646 -0.00932571
v -0.01000320 -0.01091646 -0.00932571
v -0.01000320 -0.01091646 -0.00932571
v -0.00860660 -0.01192008 -0.00932571
v -0.00860660 -0.01192008 -0.00932571
v -0.00860660 -0.01192008 -0.00932571
v -0.00860660 -0.01192008 -0.00932571
v -0.00860660 -0.01192008 -0.00932571
v -0.00860660 -0.01192008 -0.00932571
v -0.00860660 -0.01192008 -0.00932571
v -0.00860660 -0.01192008 -0.00932571
v -0.01224060 -0.00865614 -0.00932571
v -0.01224060 -0.00865614 -0.00932571
v -0.01224060 -0.00865614 -0.00932571
v -0.01224060 -0.00865614 -0.00932571
v -0.01224060 -0.00865614 -0.00932571
v -0.01224060 -0.00865614 -0.00932571
v -0.01224060 -0.00865614 -0.00932571
v -0.01224060 -0.00865614 -0.00932571
v -0.01086690 -0.01018503 -0.00932571
v -0.01086690 -0.01018503 -0.00932571
v -0.01086690 -0.01018503 -0.00932571
v -0.01086690 -0.01018503 -0.00932571
v -0.01086690 -0.01018503 -0.00932571
v -0.00860660 -0.01091646 -0.00806901
v -0.00860660 -0.01091646 -0.00806901
v -0.00860660 -0.01091646 -0.00806901
v -0.00860660 -0.01091646 -0.00806901
v -0.01086690 -0.00865614 -0.00763062
v -0.01086690 -0.00865614 -0.00763062
v -0.01086690 -0.00865614 -0.00763062
v -0.01086690 -0.00865614 -0.00763062
v -0.01086690 -0.00865614 -0.00763062
v -0.01029270 -0.00865614 -0.00706541
v -0.01029270 -0.00865614 -0.00706541
v -0.01029270 -0.00865614 -0.00706541
v -0.01029270 -0.00865614 -0.00706541
v -0.00860660 -0.01008310 -0.00706541
v -0.00860660 -0.01008310 -0.00706541
v -0.00860660 -0.01008310 -0.00706541
v -0.00860660 -0.01008310 -0.00706541
v -0.00860660 -0.01008310 -0.00706541
v -0.00860660 -0.01008310 -0.00706541
v -0.00860660 -0.01008310 -0.00706541
v -0.00860660 -0.01008310 -0.00706541
v -0.00860660 -0.00865614 -0.00540551
v -0.00860660 -0.00865614 -0.00540551
v -0.00860660 -0.00865614 -0.00540551
v -0.00860660 -0.00865614 -0.00540551
v -0.00860660 -0.00865614 -0.00540551
v -0.00860660 -0.00865614 -0.00540551
v -0.00860660 -0.00865614 -0.00540551
v -0.00408596 -0.01543705 -0.01172941
v -0.00408596 -0.01543705 -0.01172941
v -0.00408596 -0.01543705 -0.01172941
v -0.00408596 -0.01543705 -0.01172941
v -0.00408596 -0.01543705 -0.01172941
v -0.00634628 -0.01453665 -0.01158601
v -0.00634628 -0.01453665 -0.01158601
v -0.00634628 -0.01453665 -0.01158601
v -0.00634628 -0.01453665 -0.01158601
v -0.00634628 -0.01453665 -0.01158601
v -0.00634628 -0.01453665 -0.01158601
v -0.00634628 -0.01453665 -0.01158601
v -0.00634628 -0.01453665 -0.01158601
v -0.00634628 -0.01453665 -0.01158601
v -0.00634628 -0.01453665 -0.01158601
v -0.00408596 -0.01537745 -0.01158601
v -0.00408596 -0.01537745 -0.01158601
v -0.00408596 -0.01537745 -0.01158601
v -0.00408596 -0.01537745 -0.01158601
v -0.00644860 -0.01317675 -0.00932571
v -0.00644860 -0.01317675 -0.00932571
v -0.00644860 -0.01317675 -0.00932571
v -0.00644860 -0.01317675 -0.00932571
v -0.00644860 -0.01317675 -0.00932571
v -0.00644860 -0.01317675 -0.00932571
v -0.00634628 -0.01322655 -0.00932571
v -0.00634628 -0.01322655 -0.00932571
v -0.00634628 -0.01322655 -0.00932571
v -0.00634628 -0.01322655 -0.00932571
v -0.00408596 -0.01420615 -0.00932571
v -0.00408596 -0.01420615 -0.00932571
v -0.00408596 -0.01420615 -0.00932571
v -0.00408596 -0.01420615 -0.00932571
v -0.00408596 -0.01420615 -0.00932571
v -0.00408596 -0.01420615 -0.00932571
v -0.00408596 -0.01420615 -0.00932571
v -0.00408596 -0.01420615 -0.00932571
v -0.00408596 -0.01420615 -0.00932571
v -0.00389083 -0.01543705 -0.01158601
v -0.00389083 -0.01543705 -0.01158601
v -0.00389083 -0.01543705 -0.01158601
v -0.00389083 -0.01543705 -0.01158601
v -0.00389083 -0.01543705 -0.01158601
v -0.00389083 -0.01543705 -0.01158601
v -0.00182564 -0.01596815 -0.01158601
v -0.00182564 -0.01596815 -0.01158601
v -0.00182564 -0.01596815 -0.01158601
v -0.00182564 -0.01596815 -0.01158601
v -0.00182564 -0.01596815 -0.01158601
v -0.00182564 -0.01543705 -0.01029402
v -0.00182564 -0.01543705 -0.01029402
v -0.00182564 -0.01543705 -0.01029402
v -0.00182564 -0.01543705 -0.01029402
v -0.00182564 -0.01543705 -0.01029402
v -0.00182564 -0.01543705 -0.01029402
v -0.00182564 -0.01496245 -0.00932571
v -0.00182564 -0.01496245 -0.00932571
v -0.00182564 -0.01496245 -0.00932571
v -0.00182564 -0.01496245 -0.00932571
v -0.00182564 -0.01496245 -0.00932571
v -0.00182564 -0.01496245 -0.00932571
v -0.00182564 -0.01496245 -0.00932571
v -0.00634628 -0.01317675 -0.00925331
v -0.00634628 -0.01317675 -0.00925331
v -0.00634628 -0.01317675 -0.00925331
v -0.00634628 -0.01317675 -0.00925331
v -0.00634628 -0.01317675 -0.00925331
v -0.00408596 -0.01317675 -0.00769261
v -0.00408596 -0.01317675 -0.00769261
v -0.00408596 -0.01317675 -0.00769261
v -0.00408596 -0.01317675 -0.00769261
v -0.00408596 -0.01317675 -0.00769261
v -0.00307091 -0.01317675 -0.00706541
v -0.00307091 -0.01317675 -0.00706541
v -0.00307091 -0.01317675 -0.00706541
v -0.00307091 -0.01317675 -0.00706541
v -0.00307091 -0.01317675 -0.00706541
v -0.00307091 -0.01317675 -0.00706541
v -0.00307091 -0.01317675 -0.00706541
v -0.00307091 -0.01317675 -0.00706541
v -0.00182564 -0.01360335 -0.00706541
v -0.00182564 -0.01360335 -0.00706541
v -0.00182564 -0.01360335 -0.00706541
v -0.00182564 -0.01360335 -0.00706541
v -0.00182564 -0.01317675 -0.00639461
v -0.00182564 -0.01317675 -0.00639461
v -0.00182564 -0.01317675 -0.00639461
v -0.00182564 -0.01317675 -0.00639461
v -0.00182564 -0.01317675 -0.00639461
v -0.00738077 -0.01091646 -0.00706541
v -0.00738077 -0.01091646 -0.00706541
v -0.00738077 -0.01091646 -0.00706541
v -0.00738077 -0.01091646 -0.00706541
v -0.00738077 -0.01091646 -0.00706541
v -0.00738077 -0.01091646 -0.00706541
v -0.00634628 -0.01156542 -0.00706541
v -0.00634628 -0.01156542 -0.00706541
v -0.00634628 -0.01156542 -0.00706541
v -0.00634628 -0.01156542 -0.00706541
v -0.00634628 -0.01156542 -0.00706541
v -0.00634628 -0.01156542 -0.00706541
v -0.00634628 -0.01156542 -0.00706541
v -0.00408596 -0.01275796 -0.00706541
v -0.00408596 -0.01275796 -0.00706541
v -0.00408596 -0.01275796 -0.00706541
v -0.00408596 -0.01275796 -0.00706541
v -0.00408596 -0.01275796 -0.00706541
v -0.00408596 -0.01275796 -0.00706541
v -0.00634628 -0.01091646 -0.00615721
v -0.00634628 -0.01091646 -0.00615721
v -0.00634628 -0.01091646 -0.00615721
v -0.00634628 -0.01091646 -0.00615721
v -0.00634628 -0.01091646 -0.00615721
v -0.00500041 -0.01091646 -0.00480511
v -0.00500041 -0.01091646 -0.00480511
v -0.00500041 -0.01091646 -0.00480511
v -0.00500041 -0.01091646 -0.00480511
v -0.00500041 -0.01091646 -0.00480511
v -0.00408596 -0.01135847 -0.00480511
v -0.00408596 -0.01135847 -0.00480511
v -0.00408596 -0.01135847 -0.00480511
v -0.00408596 -0.01135847 -0.00480511
v -0.00408596 -0.01135847 -0.00480511
v -0.00811172 -0.00865614 -0.00480511
v -0.00811172 -0.00865614 -0.00480511
v -0.00811172 -0.00865614 -0.00480511
v -0.00811172 -0.00865614 -0.00480511
v -0.00634628 -0.01010327 -0.00480511
v -0.00634628 -0.01010327 -0.00480511
v -0.00634628 -0.01010327 -0.00480511
v -0.00634628 -0.01010327 -0.00480511
v -0.00634628 -0.01010327 -0.00480511
v -0.00634628 -0.01010327 -0.00480511
v -0.00634628 -0.01010327 -0.00480511
v -0.00634628 -0.01010327 -0.00480511
v -0.00634628 -0.01010327 -0.00480511
v -0.00182564 -0.01224788 -0.00480511
v -0.00182564 -0.01224788 -0.00480511
v -0.00182564 -0.01224788 -0.00480511
v -0.00182564 -0.01224788 -0.00480511
v -0.00182564 -0.01224788 -0.00480511
v -0.00182564 -0.01224788 -0.00480511
v -0.00182564 -0.01224788 -0.00480511
v -0.00182564 -0.01224788 -0.00480511
v -0.00182564 -0.01224788 -0.00480511
v -0.01451870 -0.00639582 -0.01158601
v -0.01451870 -0.00639582 -0.01158601
v -0.01451870 -0.00639582 -0.01158601
v -0.01451870 -0.00639582 -0.01158601
v -0.01451870 -0.00639582 -0.01158601
v -0.01451870 -0.00639582 -0.01158601
v -0.01451870 -0.00639582 -0.01158601
v -0.01451870 -0.00639582 -0.01158601
v -0.01451870 -0.00639582 -0.01158601
v -0.01451870 -0.00639582 -0.01158601
v -0.01538760 -0.00413550 -0.01212461
v -0.01538760 -0.00413550 -0.01212461
v -0.01538760 -0.00413550 -0.01212461
v -0.01538760 -0.00413550 -0.01212461
v -0.01538760 -0.00413550 -0.01212461
v -0.01521470 -0.00413550 -0.01158601
v -0.01521470 -0.00413550 -0.01158601
v -0.01521470 -0.00413550 -0.01158601
v -0.01521470 -0.00413550 -0.01158601
v -0.01355020 -0.00639582 -0.00932571
v -0.01355020 -0.00639582 -0.00932571
v -0.01355020 -0.00639582 -0.00932571
v -0.01355020 -0.00639582 -0.00932571
v -0.01312720 -0.00725614 -0.00932571
v -0.01312720 -0.00725614 -0.00932571
v -0.01312720 -0.00725614 -0.00932571
v -0.01312720 -0.00725614 -0.00932571
v -0.01312720 -0.00725614 -0.00932571
v -0.01312720 -0.00725614 -0.00932571
v -0.01430120 -0.00413550 -0.00932571
v -0.01430120 -0.00413550 -0.00932571
v -0.01430120 -0.00413550 -0.00932571
v -0.01430120 -0.00413550 -0.00932571
v -0.01430120 -0.00413550 -0.00932571
v -0.01430120 -0.00413550 -0.00932571
v -0.01430120 -0.00413550 -0.00932571
v -0.01558850 -0.00187519 -0.01158601
v -0.01558850 -0.00187519 -0.01158601
v -0.01558850 -0.00187519 -0.01158601
v -0.01558850 -0.00187519 -0.01158601
v -0.01538760 -0.00318315 -0.01158601
v -0.01538760 -0.00318315 -0.01158601
v -0.01538760 -0.00318315 -0.01158601
v -0.01538760 -0.00318315 -0.01158601
v -0.01538760 -0.00318315 -0.01158601
v -0.01538760 -0.00318315 -0.01158601
v -0.01538760 -0.00318315 -0.01158601
v -0.01538760 -0.00318315 -0.01158601
v -0.01538760 -0.00187519 -0.01103012
v -0.01538760 -0.00187519 -0.01103012
v -0.01538760 -0.00187519 -0.01103012
v -0.01538760 -0.00187519 -0.01103012
v -0.01538760 -0.00187519 -0.01103012
v -0.01463660 -0.00187519 -0.00932571
v -0.01463660 -0.00187519 -0.00932571
v -0.01463660 -0.00187519 -0.00932571
v -0.01463660 -0.00187519 -0.00932571
v -0.01463660 -0.00187519 -0.00932571
v -0.01463660 -0.00187519 -0.00932571
v -0.01463660 -0.00187519 -0.00932571
v -0.01463660 -0.00187519 -0.00932571
v -0.01312720 -0.00639582 -0.00858841
v -0.01312720 -0.00639582 -0.00858841
v -0.01312720 -0.00639582 -0.00858841
v -0.01312720 -0.00639582 -0.00858841
v -0.01312720 -0.00639582 -0.00858841
v -0.01312720 -0.00413550 -0.00748421
v -0.01312720 -0.00413550 -0.00748421
v -0.01312720 -0.00413550 -0.00748421
v -0.01312720 -0.00413550 -0.00748421
v -0.01312720 -0.00413550 -0.00748421
v -0.01312720 -0.00413550 -0.00748421
v -0.01193320 -0.00639582 -0.00706541
v -0.01193320 -0.00639582 -0.00706541
v -0.01193320 -0.00639582 -0.00706541
v -0.01193320 -0.00639582 -0.00706541
v -0.01193320 -0.00639582 -0.00706541
v -0.01193320 -0.00639582 -0.00706541
v -0.01193320 -0.00639582 -0.00706541
v -0.01086690 -0.00802113 -0.00706541
v -0.01086690 -0.00802113 -0.00706541
v -0.01086690 -0.00802113 -0.00706541
v -0.01086690 -0.00802113 -0.00706541
v -0.01086690 -0.00802113 -0.00706541
v -0.01086690 -0.00802113 -0.00706541
v -0.01086690 -0.00802113 -0.00706541
v -0.01277480 -0.00413550 -0.00706541
v -0.01277480 -0.00413550 -0.00706541
v -0.01277480 -0.00413550 -0.00706541
v -0.01277480 -0.00413550 -0.00706541
v -0.01277480 -0.00413550 -0.00706541
v -0.01277480 -0.00413550 -0.00706541
v -0.01277480 -0.00413550 -0.00706541
v -0.01277480 -0.00413550 -0.00706541
v -0.01086690 -0.00639582 -0.00596581
v -0.01086690 -0.00639582 -0.00596581
v -0.01086690 -0.00639582 -0.00596581
v -0.01086690 -0.00639582 -0.00596581
v -0.01086690 -0.00639582 -0.00596581
v -0.00985590 -0.00639582 -0.00480511
v -0.00985590 -0.00639582 -0.00480511
v -0.00985590 -0.00639582 -0.00480511
v -0.00985590 -0.00639582 -0.00480511
v -0.00985590 -0.00639582 -0.00480511
v -0.00985590 -0.00639582 -0.00480511
v -0.00985590 -0.00639582 -0.00480511
v -0.00985590 -0.00639582 -0.00480511
v -0.00985590 -0.00639582 -0.00480511
v -0.00860660 -0.00815565 -0.00480511
v -0.00860660 -0.00815565 -0.00480511
v -0.00860660 -0.00815565 -0.00480511
v -0.00860660 -0.00815565 -0.00480511
v -0.00860660 -0.00815565 -0.00480511
v -0.01086690 -0.00413550 -0.00488641
v -0.01086690 -0.00413550 -0.00488641
v -0.01086690 -0.00413550 -0.00488641
v -0.01086690 -0.00413550 -0.00488641
v -0.01086690 -0.00413550 -0.00488641
v -0.01080710 -0.00413550 -0.00480511
v -0.01080710 -0.00413550 -0.00480511
v -0.01080710 -0.00413550 -0.00480511
v -0.01080710 -0.00413550 -0.00480511
v -0.01312720 -0.00187519 -0.00714271
v -0.01312720 -0.00187519 -0.00714271
v -0.01312720 -0.00187519 -0.00714271
v -0.01312720 -0.00187519 -0.00714271
v -0.01312720 -0.00187519 -0.00714271
v -0.01312720 -0.00187519 -0.00714271
v -0.01306100 -0.00187519 -0.00706541
v -0.01306100 -0.00187519 -0.00706541
v -0.01306100 -0.00187519 -0.00706541
v -0.01306100 -0.00187519 -0.00706541
v -0.01306100 -0.00187519 -0.00706541
v -0.01131800 -0.00187519 -0.00480511
v -0.01131800 -0.00187519 -0.00480511
v -0.01131800 -0.00187519 -0.00480511
v -0.01131800 -0.00187519 -0.00480511
v -0.01131800 -0.00187519 -0.00480511
v -0.01086690 -0.00394382 -0.00480511
v -0.01086690 -0.00394382 -0.00480511
v -0.01086690 -0.00394382 -0.00480511
v -0.01086690 -0.00394382 -0.00480511
v -0.01086690 -0.00394382 -0.00480511
v -0.01086690 -0.00394382 -0.00480511
v -0.00408596 -0.01091646 -0.00376241
v -0.00408596 -0.01091646 -0.00376241
v -0.00408596 -0.01091646 -0.00376241
v -0.00408596 -0.01091646 -0.00376241
v -0.00408596 -0.01091646 -0.00376241
v -0.00408596 -0.01091646 -0.00376241
v -0.00408596 -0.01091646 -0.00376241
v -0.00698875 -0.00865614 -0.00254481
v -0.00698875 -0.00865614 -0.00254481
v -0.00698875 -0.00865614 -0.00254481
v -0.00698875 -0.00865614 -0.00254481
v -0.00698875 -0.00865614 -0.00254481
v -0.00698875 -0.00865614 -0.00254481
v -0.00698875 -0.00865614 -0.00254481
v -0.00634628 -0.00921269 -0.00254481
v -0.00634628 -0.00921269 -0.00254481
v -0.00634628 -0.00921269 -0.00254481
v -0.00634628 -0.00921269 -0.00254481
v -0.00634628 -0.00921269 -0.00254481
v -0.00634628 -0.00921269 -0.00254481
v -0.00634628 -0.00921269 -0.00254481
v -0.00408596 -0.01058268 -0.00254481
v -0.00408596 -0.01058268 -0.00254481
v -0.00408596 -0.01058268 -0.00254481
v -0.00408596 -0.01058268 -0.00254481
v -0.00656838 -0.00865614 -0.00028451
v -0.00656838 -0.00865614 -0.00028451
v -0.00656838 -0.00865614 -0.00028451
v -0.00656838 -0.00865614 -0.00028451
v -0.00656838 -0.00865614 -0.00028451
v -0.00656838 -0.00865614 -0.00028451
v -0.00656838 -0.00865614 -0.00028451
v -0.00634628 -0.00884546 -0.00028451
v -0.00634628 -0.00884546 -0.00028451
v -0.00634628 -0.00884546 -0.00028451
v -0.00634628 -0.00884546 -0.00028451
v -0.00634628 -0.00884546 -0.00028451
v -0.00634628 -0.00884546 -0.00028451
v -0.00408596 -0.01029061 -0.00028451
v -0.00408596 -0.01029061 -0.00028451
v -0.00408596 -0.01029061 -0.00028451
v -0.00408596 -0.01029061 -0.00028451
v -0.00408596 -0.01029061 -0.00028451
v -0.00408596 -0.01029061 -0.00028451
v -0.00408596 -0.01029061 -0.00028451
v -0.00326356 -0.01091646 -0.00254481
v -0.00326356 -0.01091646 -0.00254481
v -0.00326356 -0.01091646 -0.00254481
v -0.00326356 -0.01091646 -0.00254481
v -0.00326356 -0.01091646 -0.00254481
v -0.00326356 -0.01091646 -0.00254481
v -0.00182564 -0.01138004 -0.00254481
v -0.00182564 -0.01138004 -0.00254481
v -0.00182564 -0.01138004 -0.00254481
v -0.00182564 -0.01138004 -0.00254481
v -0.00182564 -0.01138004 -0.00254481
v -0.00182564 -0.01138004 -0.00254481
v -0.00245985 -0.01091646 -0.00028451
v -0.00245985 -0.01091646 -0.00028451
v -0.00245985 -0.01091646 -0.00028451
v -0.00245985 -0.01091646 -0.00028451
v -0.00245985 -0.01091646 -0.00028451
v -0.00245985 -0.01091646 -0.00028451
v -0.00182564 -0.01109489 -0.00028451
v -0.00182564 -0.01109489 -0.00028451
v -0.00182564 -0.01109489 -0.00028451
v -0.00182564 -0.01109489 -0.00028451
v -0.00651829 -0.00865614 0.00197589
v -0.00651829 -0.00865614 0.00197589
v -0.00651829 -0.00865614 0.00197589
v -0.00651829 -0.00865614 0.00197589
v -0.00651829 -0.00865614 0.00197589
v -0.00651829 -0.00865614 0.00197589
v -0.00651829 -0.00865614 0.00197589
v -0.00634628 -0.00880466 0.00197589
v -0.00634628 -0.00880466 0.00197589
v -0.00634628 -0.00880466 0.00197589
v -0.00634628 -0.00880466 0.00197589
v -0.00408596 -0.01031836 0.00197589
v -0.00408596 -0.01031836 0.00197589
v -0.00408596 -0.01031836 0.00197589
v -0.00408596 -0.01031836 0.00197589
v -0.00408596 -0.01031836 0.00197589
v -0.00408596 -0.01031836 0.00197589
v -0.00408596 -0.01031836 0.00197589
v -0.00268575 -0.01091646 0.00197589
v -0.00268575 -0.01091646 0.00197589
v -0.00268575 -0.01091646 0.00197589
v -0.00268575 -0.01091646 0.00197589
v -0.00268575 -0.01091646 0.00197589
v -0.00268575 -0.01091646 0.00197589
v -0.00182564 -0.01118491 0.00197589
v -0.00182564 -0.01118491 0.00197589
v -0.00182564 -0.01118491 0.00197589
v -0.00182564 -0.01118491 0.00197589
v -0.00182564 -0.01118491 0.00197589
v -0.00182564 -0.01118491 0.00197589
v -0.00876875 -0.00639582 -0.00254481
v -0.00876875 -0.00639582 -0.00254481
v -0.00876875 -0.00639582 -0.00254481
v -0.00876875 -0.00639582 -0.00254481
v -0.00860660 -0.00667765 -0.00254481
v -0.00860660 -0.00667765 -0.00254481
v -0.00860660 -0.00667765 -0.00254481
v -0.00860660 -0.00667765 -0.00254481
v -0.00860660 -0.00667765 -0.00254481
v -0.00981920 -0.00413550 -0.00254481
v -0.00981920 -0.00413550 -0.00254481
v -0.00981920 -0.00413550 -0.00254481
v -0.00981920 -0.00413550 -0.00254481
v -0.00981920 -0.00413550 -0.00254481
v -0.00981920 -0.00413550 -0.00254481
v -0.00981920 -0.00413550 -0.00254481
v -0.00981920 -0.00413550 -0.00254481
v -0.00981920 -0.00413550 -0.00254481
v -0.00860660 -0.00639582 -0.00169271
v -0.00860660 -0.00639582 -0.00169271
v -0.00860660 -0.00639582 -0.00169271
v -0.00860660 -0.00639582 -0.00169271
v -0.00860660 -0.00639582 -0.00169271
v -0.00860660 -0.00639582 -0.00169271
v -0.00860660 -0.00639582 -0.00169271
v -0.00860660 -0.00639582 -0.00169271
v -0.00961020 -0.00413550 -0.00028451
v -0.00961020 -0.00413550 -0.00028451
v -0.00961020 -0.00413550 -0.00028451
v -0.00961020 -0.00413550 -0.00028451
v -0.00961020 -0.00413550 -0.00028451
v -0.00860660 -0.00617832 -0.00028451
v -0.00860660 -0.00617832 -0.00028451
v -0.00860660 -0.00617832 -0.00028451
v -0.00860660 -0.00617832 -0.00028451
v -0.00860660 -0.00617832 -0.00028451
v -0.01086690 -0.00187519 -0.00389762
v -0.01086690 -0.00187519 -0.00389762
v -0.01086690 -0.00187519 -0.00389762
v -0.01086690 -0.00187519 -0.00389762
v -0.01086690 -0.00187519 -0.00389762
v -0.01086690 -0.00187519 -0.00389762
v -0.01049580 -0.00187519 -0.00254481
v -0.01049580 -0.00187519 -0.00254481
v -0.01049580 -0.00187519 -0.00254481
v -0.01049580 -0.00187519 -0.00254481
v -0.01049580 -0.00187519 -0.00254481
v -0.01049580 -0.00187519 -0.00254481
v -0.01030270 -0.00187519 -0.00028451
v -0.01030270 -0.00187519 -0.00028451
v -0.01030270 -0.00187519 -0.00028451
v -0.01030270 -0.00187519 -0.00028451
v -0.01030270 -0.00187519 -0.00028451
v -0.01030270 -0.00187519 -0.00028451
v -0.00972300 -0.00413550 0.00197589
v -0.00972300 -0.00413550 0.00197589
v -0.00972300 -0.00413550 0.00197589
v -0.00972300 -0.00413550 0.00197589
v -0.00972300 -0.00413550 0.00197589
v -0.00972300 -0.00413550 0.00197589
v -0.00972300 -0.00413550 0.00197589
v -0.00860660 -0.00624279 0.00197589
v -0.00860660 -0.00624279 0.00197589
v -0.00860660 -0.00624279 0.00197589
v -0.00860660 -0.00624279 0.00197589
v -0.00860660 -0.00624279 0.00197589
v -0.00860660 -0.00639582 0.00355849
v -0.00860660 -0.00639582 0.00355849
v -0.00860660 -0.00639582 0.00355849
v -0.00860660 -0.00639582 0.00355849
v -0.00860660 -0.00639582 0.00355849
v -0.00860660 -0.00639582 0.00355849
v -0.00860660 -0.00639582 0.00355849
v -0.00860660 -0.00639582 0.00355849
v -0.01039240 -0.00187519 0.00197589
v -0.01039240 -0.00187519 0.00197589
v -0.01039240 -0.00187519 0.00197589
v -0.01039240 -0.00187519 0.00197589
v -0.01039240 -0.00187519 0.00197589
v -0.01039240 -0.00187519 0.00197589
v -0.00847616 -0.00639582 -0.00028451
v -0.00847616 -0.00639582 -0.00028451
v -0.00847616 -0.00639582 -0.00028451
v -0.00847616 -0.00639582 -0.00028451
v -0.00847616 -0.00639582 -0.00028451
v -0.00850423 -0.00639582 0.00197589
v -0.00850423 -0.00639582 0.00197589
v -0.00850423 -0.00639582 0.00197589
v -0.00850423 -0.00639582 0.00197589
v -0.00850423 -0.00639582 0.00197589
v -0.00679578 -0.00865614 0.00649648
v -0.00679578 -0.00865614 0.00649648
v -0.00679578 -0.00865614 0.00649648
v -0.00679578 -0.00865614 0.00649648
v -0.00679578 -0.00865614 0.00649648
v -0.00634628 -0.00906902 0.00649648
v -0.00634628 -0.00906902 0.00649648
v -0.00634628 -0.00906902 0.00649648
v -0.00634628 -0.00906902 0.00649648
v -0.00634628 -0.00906902 0.00649648
v -0.00634628 -0.00906902 0.00649648
v -0.00634628 -0.00906902 0.00649648
v -0.00634628 -0.00906902 0.00649648
v -0.00408596 -0.01064114 0.00649648
v -0.00408596 -0.01064114 0.00649648
v -0.00408596 -0.01064114 0.00649648
v -0.00408596 -0.01064114 0.00649648
v -0.00408596 -0.01064114 0.00649648
v -0.00675365 -0.00865614 0.00875678
v -0.00675365 -0.00865614 0.00875678
v -0.00675365 -0.00865614 0.00875678
v -0.00675365 -0.00865614 0.00875678
v -0.00675365 -0.00865614 0.00875678
v -0.00675365 -0.00865614 0.00875678
v -0.00634628 -0.00903936 0.00875678
v -0.00634628 -0.00903936 0.00875678
v -0.00634628 -0.00903936 0.00875678
v -0.00634628 -0.00903936 0.00875678
v -0.00634628 -0.00903936 0.00875678
v -0.00634628 -0.00903936 0.00875678
v -0.00408596 -0.01064642 0.00875678
v -0.00408596 -0.01064642 0.00875678
v -0.00408596 -0.01064642 0.00875678
v -0.00408596 -0.01064642 0.00875678
v -0.00408596 -0.01064642 0.00875678
v -0.00352134 -0.01091646 0.00649648
v -0.00352134 -0.01091646 0.00649648
v -0.00352134 -0.01091646 0.00649648
v -0.00352134 -0.01091646 0.00649648
v -0.00352134 -0.01091646 0.00649648
v -0.00182564 -0.01152596 0.00649648
v -0.00182564 -0.01152596 0.00649648
v -0.00182564 -0.01152596 0.00649648
v -0.00182564 -0.01152596 0.00649648
v -0.00182564 -0.01152596 0.00649648
v -0.00182564 -0.01152596 0.00649648
v -0.00182564 -0.01152596 0.00649648
v -0.00182564 -0.01152596 0.00649648
v -0.00353398 -0.01091646 0.00875678
v -0.00353398 -0.01091646 0.00875678
v -0.00353398 -0.01091646 0.00875678
v -0.00353398 -0.01091646 0.00875678
v -0.00353398 -0.01091646 0.00875678
v -0.00353398 -0.01091646 0.00875678
v -0.00353398 -0.01091646 0.00875678
v -0.00182564 -0.01152094 0.00875678
v -0.00182564 -0.01152094 0.00875678
v -0.00182564 -0.01152094 0.00875678
v -0.00182564 -0.01152094 0.00875678
v -0.00182564 -0.01152094 0.00875678
v -0.00182564 -0.01152094 0.00875678
v -0.00658382 -0.00865614 0.01101708
v -0.00658382 -0.00865614 0.01101708
v -0.00658382 -0.00865614 0.01101708
v -0.00658382 -0.00865614 0.01101708
v -0.00658382 -0.00865614 0.01101708
v -0.00658382 -0.00865614 0.01101708
v -0.00658382 -0.00865614 0.01101708
v -0.00634628 -0.00888573 0.01101708
v -0.00634628 -0.00888573 0.01101708
v -0.00634628 -0.00888573 0.01101708
v -0.00634628 -0.00888573 0.01101708
v -0.00634628 -0.00888573 0.01101708
v -0.00408596 -0.01055484 0.01101708
v -0.00408596 -0.01055484 0.01101708
v -0.00408596 -0.01055484 0.01101708
v -0.00408596 -0.01055484 0.01101708
v -0.00408596 -0.01055484 0.01101708
v -0.00408596 -0.01055484 0.01101708
v -0.00634628 -0.00865614 0.01313958
v -0.00634628 -0.00865614 0.01313958
v -0.00634628 -0.00865614 0.01313958
v -0.00634628 -0.00865614 0.01313958
v -0.00634628 -0.00865614 0.01313958
v -0.00634628 -0.00865614 0.01313958
v -0.00632898 -0.00865614 0.01327749
v -0.00632898 -0.00865614 0.01327749
v -0.00632898 -0.00865614 0.01327749
v -0.00632898 -0.00865614 0.01327749
v -0.00632898 -0.00865614 0.01327749
v -0.00408596 -0.01035013 0.01327749
v -0.00408596 -0.01035013 0.01327749
v -0.00408596 -0.01035013 0.01327749
v -0.00408596 -0.01035013 0.01327749
v -0.00408596 -0.01035013 0.01327749
v -0.00408596 -0.01035013 0.01327749
v -0.00408596 -0.01035013 0.01327749
v -0.00408596 -0.01035013 0.01327749
v -0.00335246 -0.01091646 0.01101708
v -0.00335246 -0.01091646 0.01101708
v -0.00335246 -0.01091646 0.01101708
v -0.00335246 -0.01091646 0.01101708
v -0.00335246 -0.01091646 0.01101708
v -0.00335246 -0.01091646 0.01101708
v -0.00182564 -0.01145186 0.01101708
v -0.00182564 -0.01145186 0.01101708
v -0.00182564 -0.01145186 0.01101708
v -0.00182564 -0.01145186 0.01101708
v -0.00182564 -0.01145186 0.01101708
v -0.00182564 -0.01145186 0.01101708
v -0.00291715 -0.01091646 0.01327749
v -0.00291715 -0.01091646 0.01327749
v -0.00291715 -0.01091646 0.01327749
v -0.00291715 -0.01091646 0.01327749
v -0.00291715 -0.01091646 0.01327749
v -0.00291715 -0.01091646 0.01327749
v -0.00182564 -0.01128802 0.01327749
v -0.00182564 -0.01128802 0.01327749
v -0.00182564 -0.01128802 0.01327749
v -0.00182564 -0.01128802 0.01327749
v -0.00182564 -0.01128802 0.01327749
v -0.00182564 -0.01128802 0.01327749
v -0.00874914 -0.00639582 0.00649648
v -0.00874914 -0.00639582 0.00649648
v -0.00874914 -0.00639582 0.00649648
v -0.00874914 -0.00639582 0.00649648
v -0.00874914 -0.00639582 0.00649648
v -0.00874914 -0.00639582 0.00649648
v -0.00874914 -0.00639582 0.00649648
v -0.00860660 -0.00659187 0.00649648
v -0.00860660 -0.00659187 0.00649648
v -0.00860660 -0.00659187 0.00649648
v -0.00860660 -0.00659187 0.00649648
v -0.00860660 -0.00659187 0.00649648
v -0.00860660 -0.00659187 0.00649648
v -0.01001800 -0.00413550 0.00649648
v -0.01001800 -0.00413550 0.00649648
v -0.01001800 -0.00413550 0.00649648
v -0.01001800 -0.00413550 0.00649648
v -0.01001800 -0.00413550 0.00649648
v -0.01001800 -0.00413550 0.00649648
v -0.00871843 -0.00639582 0.00875678
v -0.00871843 -0.00639582 0.00875678
v -0.00871843 -0.00639582 0.00875678
v -0.00871843 -0.00639582 0.00875678
v -0.00871843 -0.00639582 0.00875678
v -0.00860660 -0.00654760 0.00875678
v -0.00860660 -0.00654760 0.00875678
v -0.00860660 -0.00654760 0.00875678
v -0.00860660 -0.00654760 0.00875678
v -0.00860660 -0.00654760 0.00875678
v -0.00997200 -0.00413550 0.00875678
v -0.00997200 -0.00413550 0.00875678
v -0.00997200 -0.00413550 0.00875678
v -0.00997200 -0.00413550 0.00875678
v -0.00997200 -0.00413550 0.00875678
v -0.00997200 -0.00413550 0.00875678
v -0.00997200 -0.00413550 0.00875678
v -0.01064820 -0.00187519 0.00649648
v -0.01064820 -0.00187519 0.00649648
v -0.01064820 -0.00187519 0.00649648
v -0.01064820 -0.00187519 0.00649648
v -0.01064820 -0.00187519 0.00649648
v -0.01064820 -0.00187519 0.00649648
v -0.01056620 -0.00187519 0.00875678
v -0.01056620 -0.00187519 0.00875678
v -0.01056620 -0.00187519 0.00875678
v -0.01056620 -0.00187519 0.00875678
v -0.01056620 -0.00187519 0.00875678
v -0.01056620 -0.00187519 0.00875678
v -0.00860660 -0.00639582 0.01044199
v -0.00860660 -0.00639582 0.01044199
v -0.00860660 -0.00639582 0.01044199
v -0.00860660 -0.00639582 0.01044199
v -0.00860660 -0.00639582 0.01044199
v -0.00860660 -0.00639582 0.01044199
v -0.00860660 -0.00639582 0.01044199
v -0.00860660 -0.00639582 0.01044199
v -0.00979980 -0.00413550 0.01101708
v -0.00979980 -0.00413550 0.01101708
v -0.00979980 -0.00413550 0.01101708
v -0.00979980 -0.00413550 0.01101708
v -0.00979980 -0.00413550 0.01101708
v -0.00979980 -0.00413550 0.01101708
v -0.00979980 -0.00413550 0.01101708
v -0.00860660 -0.00632172 0.01101708
v -0.00860660 -0.00632172 0.01101708
v -0.00860660 -0.00632172 0.01101708
v -0.00860660 -0.00632172 0.01101708
v -0.00860660 -0.00632172 0.01101708
v -0.00953790 -0.00413550 0.01327749
v -0.00953790 -0.00413550 0.01327749
v -0.00953790 -0.00413550 0.01327749
v -0.00953790 -0.00413550 0.01327749
v -0.00953790 -0.00413550 0.01327749
v -0.00953790 -0.00413550 0.01327749
v -0.00860660 -0.00596990 0.01327749
v -0.00860660 -0.00596990 0.01327749
v -0.00860660 -0.00596990 0.01327749
v -0.00860660 -0.00596990 0.01327749
v -0.00860660 -0.00596990 0.01327749
v -0.00860660 -0.00596990 0.01327749
v -0.01037600 -0.00187519 0.01101708
v -0.01037600 -0.00187519 0.01101708
v -0.01037600 -0.00187519 0.01101708
v -0.01037600 -0.00187519 0.01101708
v -0.01037600 -0.00187519 0.01101708
v -0.01037600 -0.00187519 0.01101708
v -0.01007880 -0.00187519 0.01327749
v -0.01007880 -0.00187519 0.01327749
v -0.01007880 -0.00187519 0.01327749
v -0.01007880 -0.00187519 0.01327749
v -0.01007880 -0.00187519 0.01327749
v -0.00855247 -0.00639582 0.01101708
v -0.00855247 -0.00639582 0.01101708
v -0.00855247 -0.00639582 0.01101708
v -0.00855247 -0.00639582 0.01101708
v -0.00831112 -0.00639582 0.01327749
v -0.00831112 -0.00639582 0.01327749
v -0.00831112 -0.00639582 0.01327749
v -0.00831112 -0.00639582 0.01327749
v -0.00831112 -0.00639582 0.01327749
v -0.00831112 -0.00639582 0.01327749
v -0.00831112 -0.00639582 0.01327749
v -0.00831112 -0.00639582 0.01327749
v -0.00634628 -0.00863941 0.01327749
v -0.00634628 -0.00863941 0.01327749
v -0.00634628 -0.00863941 0.01327749
v -0.00634628 -0.00863941 0.01327749
v -0.00591791 -0.00865614 0.01553779
v -0.00591791 -0.00865614 0.01553779
v -0.00591791 -0.00865614 0.01553779
v -0.00591791 -0.00865614 0.01553779
v -0.00591791 -0.00865614 0.01553779
v -0.00591791 -0.00865614 0.01553779
v -0.00408596 -0.00998941 0.01553779
v -0.00408596 -0.00998941 0.01553779
v -0.00408596 -0.00998941 0.01553779
v -0.00408596 -0.00998941 0.01553779
v -0.00408596 -0.00998941 0.01553779
v -0.00408596 -0.00998941 0.01553779
v -0.00408596 -0.00998941 0.01553779
v -0.00408596 -0.00998941 0.01553779
v -0.00514106 -0.00865614 0.01779809
v -0.00514106 -0.00865614 0.01779809
v -0.00514106 -0.00865614 0.01779809
v -0.00514106 -0.00865614 0.01779809
v -0.00514106 -0.00865614 0.01779809
v -0.00408596 -0.00938806 0.01779809
v -0.00408596 -0.00938806 0.01779809
v -0.00408596 -0.00938806 0.01779809
v -0.00408596 -0.00938806 0.01779809
v -0.00408596 -0.00938806 0.01779809
v -0.00199063 -0.01091646 0.01553779
v -0.00199063 -0.01091646 0.01553779
v -0.00199063 -0.01091646 0.01553779
v -0.00199063 -0.01091646 0.01553779
v -0.00199063 -0.01091646 0.01553779
v -0.00182564 -0.01096665 0.01553779
v -0.00182564 -0.01096665 0.01553779
v -0.00182564 -0.01096665 0.01553779
v -0.00182564 -0.01096665 0.01553779
v -0.00182564 -0.01091646 0.01579998
v -0.00182564 -0.01091646 0.01579998
v -0.00182564 -0.01091646 0.01579998
v -0.00182564 -0.01091646 0.01579998
v -0.00182564 -0.01091646 0.01579998
v -0.00182564 -0.01091646 0.01579998
v -0.00182564 -0.01041736 0.01779809
v -0.00182564 -0.01041736 0.01779809
v -0.00182564 -0.01041736 0.01779809
v -0.00182564 -0.01041736 0.01779809
v -0.00182564 -0.01041736 0.01779809
v -0.00182564 -0.01041736 0.01779809
v -0.00182564 -0.01041736 0.01779809
v -0.00408596 -0.00865614 0.01966029
v -0.00408596 -0.00865614 0.01966029
v -0.00408596 -0.00865614 0.01966029
v -0.00408596 -0.00865614 0.01966029
v -0.00408596 -0.00865614 0.01966029
v -0.00408596 -0.00865614 0.01966029
v -0.00408596 -0.00865614 0.01966029
v -0.00379343 -0.00865614 0.02005839
v -0.00379343 -0.00865614 0.02005839
v -0.00379343 -0.00865614 0.02005839
v -0.00379343 -0.00865614 0.02005839
v -0.00379343 -0.00865614 0.02005839
v -0.00182564 -0.00957277 0.02005839
v -0.00182564 -0.00957277 0.02005839
v -0.00182564 -0.00957277 0.02005839
v -0.00182564 -0.00957277 0.02005839
v -0.00182564 -0.00957277 0.02005839
v -0.00182564 -0.00957277 0.02005839
v -0.00182564 -0.00957277 0.02005839
v -0.00182564 -0.00865614 0.02201868
v -0.00182564 -0.00865614 0.02201868
v -0.00182564 -0.00865614 0.02201868
v -0.00182564 -0.00865614 0.02201868
v -0.00182564 -0.00865614 0.02201868
v -0.00140045 -0.00865614 0.02231869
v -0.00140045 -0.00865614 0.02231869
v -0.00140045 -0.00865614 0.02231869
v -0.00140045 -0.00865614 0.02231869
v -0.00140045 -0.00865614 0.02231869
v -0.00140045 -0.00865614 0.02231869
v -0.00140045 -0.00865614 0.02231869
v -0.00915533 -0.00413550 0.01553779
v -0.00915533 -0.00413550 0.01553779
v -0.00915533 -0.00413550 0.01553779
v -0.00915533 -0.00413550 0.01553779
v -0.00915533 -0.00413550 0.01553779
v -0.00860660 -0.00536577 0.01553779
v -0.00860660 -0.00536577 0.01553779
v -0.00860660 -0.00536577 0.01553779
v -0.00860660 -0.00536577 0.01553779
v -0.00860660 -0.00536577 0.01553779
v -0.00860660 -0.00536577 0.01553779
v -0.00860660 -0.00413550 0.01759589
v -0.00860660 -0.00413550 0.01759589
v -0.00860660 -0.00413550 0.01759589
v -0.00860660 -0.00413550 0.01759589
v -0.00860660 -0.00413550 0.01759589
v -0.00860660 -0.00413550 0.01759589
v -0.00963130 -0.00187519 0.01553779
v -0.00963130 -0.00187519 0.01553779
v -0.00963130 -0.00187519 0.01553779
v -0.00963130 -0.00187519 0.01553779
v -0.00963130 -0.00187519 0.01553779
v -0.00963130 -0.00187519 0.01553779
v -0.00896285 -0.00187519 0.01779809
v -0.00896285 -0.00187519 0.01779809
v -0.00896285 -0.00187519 0.01779809
v -0.00896285 -0.00187519 0.01779809
v -0.00896285 -0.00187519 0.01779809
v -0.00896285 -0.00187519 0.01779809
v -0.00896285 -0.00187519 0.01779809
v -0.00896285 -0.00187519 0.01779809
v -0.00860660 -0.00393572 0.01779809
v -0.00860660 -0.00393572 0.01779809
v -0.00860660 -0.00393572 0.01779809
v -0.00860660 -0.00393572 0.01779809
v -0.00860660 -0.00393572 0.01779809
v -0.00860660 -0.00187519 0.01876898
v -0.00860660 -0.00187519 0.01876898
v -0.00860660 -0.00187519 0.01876898
v -0.00860660 -0.00187519 0.01876898
v -0.00860660 -0.00187519 0.01876898
v -0.00860660 -0.00187519 0.01876898
v -0.00795570 -0.00639582 0.01553779
v -0.00795570 -0.00639582 0.01553779
v -0.00795570 -0.00639582 0.01553779
v -0.00795570 -0.00639582 0.01553779
v -0.00795570 -0.00639582 0.01553779
v -0.00795570 -0.00639582 0.01553779
v -0.00634628 -0.00825520 0.01553779
v -0.00634628 -0.00825520 0.01553779
v -0.00634628 -0.00825520 0.01553779
v -0.00634628 -0.00825520 0.01553779
v -0.00634628 -0.00825520 0.01553779
v -0.00634628 -0.00825520 0.01553779
v -0.00732363 -0.00639582 0.01779809
v -0.00732363 -0.00639582 0.01779809
v -0.00732363 -0.00639582 0.01779809
v -0.00732363 -0.00639582 0.01779809
v -0.00732363 -0.00639582 0.01779809
v -0.00732363 -0.00639582 0.01779809
v -0.00732363 -0.00639582 0.01779809
v -0.00732363 -0.00639582 0.01779809
v -0.00634628 -0.00755782 0.01779809
v -0.00634628 -0.00755782 0.01779809
v -0.00634628 -0.00755782 0.01779809
v -0.00634628 -0.00755782 0.01779809
v -0.00634628 -0.00755782 0.01779809
v -0.00634628 -0.00755782 0.01779809
v -0.00634628 -0.00755782 0.01779809
v -0.00853826 -0.00413550 0.01779809
v -0.00853826 -0.00413550 0.01779809
v -0.00853826 -0.00413550 0.01779809
v -0.00853826 -0.00413550 0.01779809
v -0.00634909 -0.00639582 0.02005839
v -0.00634909 -0.00639582 0.02005839
v -0.00634909 -0.00639582 0.02005839
v -0.00634909 -0.00639582 0.02005839
v -0.00634628 -0.00639931 0.02005839
v -0.00634628 -0.00639931 0.02005839
v -0.00634628 -0.00639931 0.02005839
v -0.00634628 -0.00639931 0.02005839
v -0.00634628 -0.00639931 0.02005839
v -0.00634628 -0.00639931 0.02005839
v -0.00408596 -0.00846663 0.02005839
v -0.00408596 -0.00846663 0.02005839
v -0.00408596 -0.00846663 0.02005839
v -0.00408596 -0.00846663 0.02005839
v -0.00408596 -0.00846663 0.02005839
v -0.00408596 -0.00846663 0.02005839
v -0.00762108 -0.00413550 0.02005839
v -0.00762108 -0.00413550 0.02005839
v -0.00762108 -0.00413550 0.02005839
v -0.00762108 -0.00413550 0.02005839
v -0.00762108 -0.00413550 0.02005839
v -0.00762108 -0.00413550 0.02005839
v -0.00762108 -0.00413550 0.02005839
v -0.00762108 -0.00413550 0.02005839
v -0.00762108 -0.00413550 0.02005839
v -0.00762108 -0.00413550 0.02005839
v -0.00634628 -0.00639582 0.02006389
v -0.00634628 -0.00639582 0.02006389
v -0.00634628 -0.00639582 0.02006389
v -0.00634628 -0.00639582 0.02006389
v -0.00634628 -0.00639582 0.02006389
v -0.00634628 -0.00639582 0.02006389
v -0.00502363 -0.00639582 0.02231869
v -0.00502363 -0.00639582 0.02231869
v -0.00502363 -0.00639582 0.02231869
v -0.00502363 -0.00639582 0.02231869
v -0.00502363 -0.00639582 0.02231869
v -0.00502363 -0.00639582 0.02231869
v -0.00408596 -0.00723159 0.02231869
v -0.00408596 -0.00723159 0.02231869
v -0.00408596 -0.00723159 0.02231869
v -0.00408596 -0.00723159 0.02231869
v -0.00408596 -0.00723159 0.02231869
v -0.00408596 -0.00723159 0.02231869
v -0.00408596 -0.00723159 0.02231869
v -0.00650808 -0.00413550 0.02231869
v -0.00650808 -0.00413550 0.02231869
v -0.00650808 -0.00413550 0.02231869
v -0.00650808 -0.00413550 0.02231869
v -0.00634628 -0.00449611 0.02231869
v -0.00634628 -0.00449611 0.02231869
v -0.00634628 -0.00449611 0.02231869
v -0.00634628 -0.00449611 0.02231869
v -0.00634628 -0.00449611 0.02231869
v -0.00634628 -0.00449611 0.02231869
v -0.00182564 -0.00850525 0.02231869
v -0.00182564 -0.00850525 0.02231869
v -0.00182564 -0.00850525 0.02231869
v -0.00182564 -0.00850525 0.02231869
v -0.00807877 -0.00187519 0.02005839
v -0.00807877 -0.00187519 0.02005839
v -0.00807877 -0.00187519 0.02005839
v -0.00807877 -0.00187519 0.02005839
v -0.00706802 -0.00187519 0.02231869
v -0.00706802 -0.00187519 0.02231869
v -0.00706802 -0.00187519 0.02231869
v -0.00706802 -0.00187519 0.02231869
v -0.00706802 -0.00187519 0.02231869
v -0.00706802 -0.00187519 0.02231869
v -0.00706802 -0.00187519 0.02231869
v -0.00408596 -0.00639582 0.02364469
v -0.00408596 -0.00639582 0.02364469
v -0.00408596 -0.00639582 0.02364469
v -0.00408596 -0.00639582 0.02364469
v -0.00408596 -0.00639582 0.02364469
v -0.00408596 -0.00639582 0.02364469
v -0.00634628 -0.00413550 0.02262868
v -0.00634628 -0.00413550 0.02262868
v -0.00634628 -0.00413550 0.02262868
v -0.00634628 -0.00413550 0.02262868
v -0.00634628 -0.00413550 0.02262868
v -0.00523291 -0.00413550 0.02457899
v -0.00523291 -0.00413550 0.02457899
v -0.00523291 -0.00413550 0.02457899
v -0.00523291 -0.00413550 0.02457899
v -0.00523291 -0.00413550 0.02457899
v -0.00523291 -0.00413550 0.02457899
v -0.00523291 -0.00413550 0.02457899
v -0.00523291 -0.00413550 0.02457899
v -0.00523291 -0.00413550 0.02457899
v -0.00408596 -0.00571372 0.02457899
v -0.00408596 -0.00571372 0.02457899
v -0.00408596 -0.00571372 0.02457899
v -0.00408596 -0.00571372 0.02457899
v -0.00408596 -0.00413550 0.02618179
v -0.00408596 -0.00413550 0.02618179
v -0.00408596 -0.00413550 0.02618179
v -0.00408596 -0.00413550 0.02618179
v -0.00408596 -0.00413550 0.02618179
v -0.00408596 -0.00413550 0.02618179
v -0.00408596 -0.00413550 0.02618179
v -0.00329785 -0.00639582 0.02457899
v -0.00329785 -0.00639582 0.02457899
v -0.00329785 -0.00639582 0.02457899
v -0.00329785 -0.00639582 0.02457899
v -0.00329785 -0.00639582 0.02457899
v -0.00182564 -0.00724235 0.02457899
v -0.00182564 -0.00724235 0.02457899
v -0.00182564 -0.00724235 0.02457899
v -0.00182564 -0.00724235 0.02457899
v -0.00182564 -0.00724235 0.02457899
v -0.00182564 -0.00724235 0.02457899
v -0.00182564 -0.00724235 0.02457899
v -0.00182564 -0.00724235 0.02457899
v -0.00182564 -0.00639582 0.02582949
v -0.00182564 -0.00639582 0.02582949
v -0.00182564 -0.00639582 0.02582949
v -0.00182564 -0.00639582 0.02582949
v -0.00182564 -0.00639582 0.02582949
v -0.00182564 -0.00639582 0.02582949
v -0.00182564 -0.00639582 0.02582949
v -0.00347808 -0.00413550 0.02683939
v -0.00347808 -0.00413550 0.02683939
v -0.00347808 -0.00413550 0.02683939
v -0.00347808 -0.00413550 0.02683939
v -0.00182564 -0.00554584 0.02683939
v -0.00182564 -0.00554584 0.02683939
v -0.00182564 -0.00554584 0.02683939
v -0.00182564 -0.00554584 0.02683939
v -0.00182564 -0.00554584 0.02683939
v -0.00182564 -0.00554584 0.02683939
v -0.00634628 -0.00187519 0.02386219
v -0.00634628 -0.00187519 0.02386219
v -0.00634628 -0.00187519 0.02386219
v -0.00634628 -0.00187519 0.02386219
v -0.00634628 -0.00187519 0.02386219
v -0.00634628 -0.00187519 0.02386219
v -0.00634628 -0.00187519 0.02386219
v -0.00599096 -0.00187519 0.02457899
v -0.00599096 -0.00187519 0.02457899
v -0.00599096 -0.00187519 0.02457899
v -0.00599096 -0.00187519 0.02457899
v -0.00599096 -0.00187519 0.02457899
v -0.00599096 -0.00187519 0.02457899
v -0.00456029 -0.00187519 0.02683939
v -0.00456029 -0.00187519 0.02683939
v -0.00456029 -0.00187519 0.02683939
v -0.00456029 -0.00187519 0.02683939
v -0.00408596 -0.00318901 0.02683939
v -0.00408596 -0.00318901 0.02683939
v -0.00408596 -0.00318901 0.02683939
v -0.00408596 -0.00318901 0.02683939
v -0.00408596 -0.00318901 0.02683939
v -0.00408596 -0.00318901 0.02683939
v -0.00408596 -0.00318901 0.02683939
v -0.00182564 -0.00413550 0.02802188
v -0.00182564 -0.00413550 0.02802188
v -0.00182564 -0.00413550 0.02802188
v -0.00182564 -0.00413550 0.02802188
v -0.00182564 -0.00413550 0.02802188
v -0.00182564 -0.00413550 0.02802188
v -0.00182564 -0.00413550 0.02802188
v -0.00182564 -0.00413550 0.02802188
v -0.00408596 -0.00187519 0.02738918
v -0.00408596 -0.00187519 0.02738918
v -0.00408596 -0.00187519 0.02738918
v -0.00408596 -0.00187519 0.02738918
v -0.00408596 -0.00187519 0.02738918
v -0.00408596 -0.00187519 0.02738918
v -0.00408596 -0.00187519 0.02738918
v -0.00182564 -0.00187519 0.02900978
v -0.00182564 -0.00187519 0.02900978
v -0.00182564 -0.00187519 0.02900978
v -0.00182564 -0.00187519 0.02900978
v -0.00162102 -0.00187519 0.02909969
v -0.00162102 -0.00187519 0.02909969
v -0.00162102 -0.00187519 0.02909969
v -0.00162102 -0.00187519 0.02909969
v -0.00162102 -0.00187519 0.02909969
v -0.00182564 -0.00143438 0.02909969
v -0.00182564 -0.00143438 0.02909969
v -0.00182564 -0.00143438 0.02909969
v -0.00182564 -0.00143438 0.02909969
v -0.00182564 -0.00143438 0.02909969
v -0.00182564 -0.00143438 0.02909969
v -0.00182564 -0.00143438 0.02909969
v -0.00182564 -0.00143438 0.02909969
v -0.00995240 0.00490577 -0.02740827
v -0.00995240 0.00490577 -0.02740827
v -0.00995240 0.00490577 -0.02740827
v -0.00995240 0.00490577 -0.02740827
v -0.00995240 0.00490577 -0.02740827
v -0.00860660 0.00490577 -0.02795006
v -0.00860660 0.00490577 -0.02795006
v -0.00860660 0.00490577 -0.02795006
v -0.00860660 0.00490577 -0.02795006
v -0.00860660 0.00703390 -0.02740827
v -0.00860660 0.00703390 -0.02740827
v -0.00860660 0.00703390 -0.02740827
v -0.00860660 0.00703390 -0.02740827
v -0.00860660 0.00703390 -0.02740827
v -0.00860660 0.00703390 -0.02740827
v -0.00860660 0.00703390 -0.02740827
v -0.01501250 0.00490577 -0.02288764
v -0.01501250 0.00490577 -0.02288764
v -0.01501250 0.00490577 -0.02288764
v -0.01501250 0.00490577 -0.02288764
v -0.01312720 0.00490577 -0.02521084
v -0.01312720 0.00490577 -0.02521084
v -0.01312720 0.00490577 -0.02521084
v -0.01312720 0.00490577 -0.02521084
v -0.01312720 0.00490577 -0.02521084
v -0.01312720 0.00490577 -0.02521084
v -0.01312720 0.00490577 -0.02521084
v -0.01312720 0.00490577 -0.02521084
v -0.01312720 0.00490577 -0.02521084
v -0.01312720 0.00859445 -0.02288764
v -0.01312720 0.00859445 -0.02288764
v -0.01312720 0.00859445 -0.02288764
v -0.01312720 0.00859445 -0.02288764
v -0.01312720 0.00859445 -0.02288764
v -0.01312720 0.00859445 -0.02288764
v -0.01252880 0.00942645 -0.02288764
v -0.01252880 0.00942645 -0.02288764
v -0.01252880 0.00942645 -0.02288764
v -0.01252880 0.00942645 -0.02288764
v -0.01252880 0.00942645 -0.02288764
v -0.00860660 0.00942645 -0.02639748
v -0.00860660 0.00942645 -0.02639748
v -0.00860660 0.00942645 -0.02639748
v -0.00860660 0.00942645 -0.02639748
v -0.00860660 0.00942645 -0.02639748
v -0.00860660 0.00942645 -0.02639748
v -0.00860660 0.00942645 -0.02639748
v -0.00860660 0.00942645 -0.02639748
v -0.00408596 0.00490577 -0.02909864
v -0.00408596 0.00490577 -0.02909864
v -0.00408596 0.00490577 -0.02909864
v -0.00408596 0.00490577 -0.02909864
v -0.00408596 0.00490577 -0.02909864
v -0.00408596 0.00490577 -0.02909864
v -0.00408596 0.00490577 -0.02909864
v -0.00408596 0.00490577 -0.02909864
v -0.00621248 0.00942645 -0.02740827
v -0.00621248 0.00942645 -0.02740827
v -0.00621248 0.00942645 -0.02740827
v -0.00621248 0.00942645 -0.02740827
v -0.00621248 0.00942645 -0.02740827
v -0.00621248 0.00942645 -0.02740827
v -0.00621248 0.00942645 -0.02740827
v -0.00408596 0.00942645 -0.02796683
v -0.00408596 0.00942645 -0.02796683
v -0.00408596 0.00942645 -0.02796683
v -0.00408596 0.00942645 -0.02796683
v -0.00860660 0.01319595 -0.02288764
v -0.00860660 0.01319595 -0.02288764
v -0.00860660 0.01319595 -0.02288764
v -0.00860660 0.01319595 -0.02288764
v -0.00860660 0.01319595 -0.02288764
v -0.00860660 0.01319595 -0.02288764
v -0.00408596 0.01079375 -0.02740827
v -0.00408596 0.01079375 -0.02740827
v -0.00408596 0.01079375 -0.02740827
v -0.00408596 0.01079375 -0.02740827
v -0.00408596 0.01079375 -0.02740827
v -0.00746299 0.01394705 -0.02288764
v -0.00746299 0.01394705 -0.02288764
v -0.00746299 0.01394705 -0.02288764
v -0.00746299 0.01394705 -0.02288764
v -0.00746299 0.01394705 -0.02288764
v -0.00746299 0.01394705 -0.02288764
v -0.00746299 0.01394705 -0.02288764
v -0.00408596 0.01394705 -0.02498816
v -0.00408596 0.01394705 -0.02498816
v -0.00408596 0.01394705 -0.02498816
v -0.00408596 0.01394705 -0.02498816
v -0.00408596 0.01394705 -0.02498816
v -0.00408596 0.01394705 -0.02498816
v -0.00408596 0.01394705 -0.02498816
v -0.00408596 0.01394705 -0.02498816
v -0.00408596 0.01550325 -0.02288764
v -0.00408596 0.01550325 -0.02288764
v -0.00408596 0.01550325 -0.02288764
v -0.00408596 0.01550325 -0.02288764
v -0.00408596 0.01550325 -0.02288764
v -0.00408596 0.01550325 -0.02288764
v -0.00408596 0.01550325 -0.02288764
v -0.01564110 0.00264545 -0.02288764
v -0.01564110 0.00264545 -0.02288764
v -0.01564110 0.00264545 -0.02288764
v -0.01564110 0.00264545 -0.02288764
v -0.01564110 0.00264545 -0.02288764
v -0.01654430 0.00264545 -0.02062732
v -0.01654430 0.00264545 -0.02062732
v -0.01654430 0.00264545 -0.02062732
v -0.01654430 0.00264545 -0.02062732
v -0.01654430 0.00264545 -0.02062732
v -0.01654430 0.00264545 -0.02062732
v -0.01654430 0.00264545 -0.02062732
v -0.01654430 0.00264545 -0.02062732
v -0.01594100 0.00490577 -0.02062732
v -0.01594100 0.00490577 -0.02062732
v -0.01594100 0.00490577 -0.02062732
v -0.01594100 0.00490577 -0.02062732
v -0.01538760 0.00372974 -0.02288764
v -0.01538760 0.00372974 -0.02288764
v -0.01538760 0.00372974 -0.02288764
v -0.01538760 0.00372974 -0.02288764
v -0.01538760 0.00372974 -0.02288764
v -0.01538760 0.00490577 -0.02215457
v -0.01538760 0.00490577 -0.02215457
v -0.01538760 0.00490577 -0.02215457
v -0.01538760 0.00490577 -0.02215457
v -0.01538760 0.00490577 -0.02215457
v -0.01538760 0.00490577 -0.02215457
v -0.01696460 0.00264545 -0.01836702
v -0.01696460 0.00264545 -0.01836702
v -0.01696460 0.00264545 -0.01836702
v -0.01696460 0.00264545 -0.01836702
v -0.01696460 0.00264545 -0.01836702
v -0.01696460 0.00264545 -0.01836702
v -0.01696460 0.00264545 -0.01836702
v -0.01638710 0.00490577 -0.01836702
v -0.01638710 0.00490577 -0.01836702
v -0.01638710 0.00490577 -0.01836702
v -0.01638710 0.00490577 -0.01836702
v -0.01638710 0.00490577 -0.01836702
v -0.01638710 0.00490577 -0.01836702
v -0.01638710 0.00490577 -0.01836702
v -0.01638710 0.00490577 -0.01836702
v -0.01538760 0.00633661 -0.02062732
v -0.01538760 0.00633661 -0.02062732
v -0.01538760 0.00633661 -0.02062732
v -0.01538760 0.00633661 -0.02062732
v -0.01538760 0.00633661 -0.02062732
v -0.01538760 0.00633661 -0.02062732
v -0.01398940 0.00716608 -0.02288764
v -0.01398940 0.00716608 -0.02288764
v -0.01398940 0.00716608 -0.02288764
v -0.01398940 0.00716608 -0.02288764
v -0.01398940 0.00716608 -0.02288764
v -0.01398940 0.00716608 -0.02288764
v -0.01398940 0.00716608 -0.02288764
v -0.01500730 0.00716608 -0.02062732
v -0.01500730 0.00716608 -0.02062732
v -0.01500730 0.00716608 -0.02062732
v -0.01500730 0.00716608 -0.02062732
v -0.01500730 0.00716608 -0.02062732
v -0.01500730 0.00716608 -0.02062732
v -0.01363360 0.00942645 -0.02062732
v -0.01363360 0.00942645 -0.02062732
v -0.01363360 0.00942645 -0.02062732
v -0.01363360 0.00942645 -0.02062732
v -0.01312720 0.00942645 -0.02186992
v -0.01312720 0.00942645 -0.02186992
v -0.01312720 0.00942645 -0.02186992
v -0.01312720 0.00942645 -0.02186992
v -0.01312720 0.00942645 -0.02186992
v -0.01312720 0.00942645 -0.02186992
v -0.01312720 0.00942645 -0.02186992
v -0.01312720 0.00942645 -0.02186992
v -0.01544070 0.00716608 -0.01836702
v -0.01544070 0.00716608 -0.01836702
v -0.01544070 0.00716608 -0.01836702
v -0.01544070 0.00716608 -0.01836702
v -0.01538760 0.00716608 -0.01882401
v -0.01538760 0.00716608 -0.01882401
v -0.01538760 0.00716608 -0.01882401
v -0.01538760 0.00716608 -0.01882401
v -0.01538760 0.00716608 -0.01882401
v -0.01538760 0.00716608 -0.01882401
v -0.01538760 0.00727515 -0.01836702
v -0.01538760 0.00727515 -0.01836702
v -0.01538760 0.00727515 -0.01836702
v -0.01538760 0.00727515 -0.01836702
v -0.01538760 0.00727515 -0.01836702
v -0.01410060 0.00942645 -0.01836702
v -0.01410060 0.00942645 -0.01836702
v -0.01410060 0.00942645 -0.01836702
v -0.01410060 0.00942645 -0.01836702
v -0.01410060 0.00942645 -0.01836702
v -0.01410060 0.00942645 -0.01836702
v -0.01410060 0.00942645 -0.01836702
v -0.01410060 0.00942645 -0.01836702
v -0.01695250 0.00264545 -0.01610672
v -0.01695250 0.00264545 -0.01610672
v -0.01695250 0.00264545 -0.01610672
v -0.01695250 0.00264545 -0.01610672
v -0.01695250 0.00264545 -0.01610672
v -0.01641580 0.00490577 -0.01610672
v -0.01641580 0.00490577 -0.01610672
v -0.01641580 0.00490577 -0.01610672
v -0.01641580 0.00490577 -0.01610672
v -0.01641580 0.00490577 -0.01610672
v -0.01641580 0.00490577 -0.01610672
v -0.01641580 0.00490577 -0.01610672
v -0.01655960 0.00264545 -0.01384641
v -0.01655960 0.00264545 -0.01384641
v -0.01655960 0.00264545 -0.01384641
v -0.01655960 0.00264545 -0.01384641
v -0.01655960 0.00264545 -0.01384641
v -0.01655960 0.00264545 -0.01384641
v -0.01655960 0.00264545 -0.01384641
v -0.01604890 0.00490577 -0.01384641
v -0.01604890 0.00490577 -0.01384641
v -0.01604890 0.00490577 -0.01384641
v -0.01604890 0.00490577 -0.01384641
v -0.01604890 0.00490577 -0.01384641
v -0.01604890 0.00490577 -0.01384641
v -0.01547990 0.00716608 -0.01610672
v -0.01547990 0.00716608 -0.01610672
v -0.01547990 0.00716608 -0.01610672
v -0.01547990 0.00716608 -0.01610672
v -0.01547990 0.00716608 -0.01610672
v -0.01547990 0.00716608 -0.01610672
v -0.01538760 0.00735305 -0.01610672
v -0.01538760 0.00735305 -0.01610672
v -0.01538760 0.00735305 -0.01610672
v -0.01538760 0.00735305 -0.01610672
v -0.01538760 0.00735305 -0.01610672
v -0.01412490 0.00942645 -0.01610672
v -0.01412490 0.00942645 -0.01610672
v -0.01412490 0.00942645 -0.01610672
v -0.01412490 0.00942645 -0.01610672
v -0.01412490 0.00942645 -0.01610672
v -0.01412490 0.00942645 -0.01610672
v -0.01412490 0.00942645 -0.01610672
v -0.01538760 0.00665914 -0.01384641
v -0.01538760 0.00665914 -0.01384641
v -0.01538760 0.00665914 -0.01384641
v -0.01538760 0.00665914 -0.01384641
v -0.01538760 0.00665914 -0.01384641
v -0.01538760 0.00716608 -0.01513261
v -0.01538760 0.00716608 -0.01513261
v -0.01538760 0.00716608 -0.01513261
v -0.01538760 0.00716608 -0.01513261
v -0.01538760 0.00716608 -0.01513261
v -0.01538760 0.00716608 -0.01513261
v -0.01538760 0.00716608 -0.01513261
v -0.01538760 0.00716608 -0.01513261
v -0.01515150 0.00716608 -0.01384641
v -0.01515150 0.00716608 -0.01384641
v -0.01515150 0.00716608 -0.01384641
v -0.01515150 0.00716608 -0.01384641
v -0.01375230 0.00942645 -0.01384641
v -0.01375230 0.00942645 -0.01384641
v -0.01375230 0.00942645 -0.01384641
v -0.01375230 0.00942645 -0.01384641
v -0.01375230 0.00942645 -0.01384641
v -0.01375230 0.00942645 -0.01384641
v -0.01312720 0.01009115 -0.02062732
v -0.01312720 0.01009115 -0.02062732
v -0.01312720 0.01009115 -0.02062732
v -0.01312720 0.01009115 -0.02062732
v -0.01312720 0.01009115 -0.02062732
v -0.01312720 0.01068935 -0.01836702
v -0.01312720 0.01068935 -0.01836702
v -0.01312720 0.01068935 -0.01836702
v -0.01312720 0.01068935 -0.01836702
v -0.01312720 0.01068935 -0.01836702
v -0.01312720 0.01068935 -0.01836702
v -0.01166840 0.01168675 -0.02062732
v -0.01166840 0.01168675 -0.02062732
v -0.01166840 0.01168675 -0.02062732
v -0.01166840 0.01168675 -0.02062732
v -0.01166840 0.01168675 -0.02062732
v -0.01166840 0.01168675 -0.02062732
v -0.01166840 0.01168675 -0.02062732
v -0.01086690 0.01128815 -0.02288764
v -0.01086690 0.01128815 -0.02288764
v -0.01086690 0.01128815 -0.02288764
v -0.01086690 0.01128815 -0.02288764
v -0.01086690 0.01168675 -0.02225751
v -0.01086690 0.01168675 -0.02225751
v -0.01086690 0.01168675 -0.02225751
v -0.01086690 0.01168675 -0.02225751
v -0.01086690 0.01168675 -0.02225751
v -0.01086690 0.01168675 -0.02225751
v -0.01086690 0.01168675 -0.02225751
v -0.01044610 0.01168675 -0.02288764
v -0.01044610 0.01168675 -0.02288764
v -0.01044610 0.01168675 -0.02288764
v -0.01044610 0.01168675 -0.02288764
v -0.01086690 0.01244935 -0.02062732
v -0.01086690 0.01244935 -0.02062732
v -0.01086690 0.01244935 -0.02062732
v -0.01086690 0.01244935 -0.02062732
v -0.01086690 0.01244935 -0.02062732
v -0.01086690 0.01244935 -0.02062732
v -0.01086690 0.01244935 -0.02062732
v -0.00908005 0.01394705 -0.02062732
v -0.00908005 0.01394705 -0.02062732
v -0.00908005 0.01394705 -0.02062732
v -0.00908005 0.01394705 -0.02062732
v -0.00908005 0.01394705 -0.02062732
v -0.00860660 0.01394705 -0.02148919
v -0.00860660 0.01394705 -0.02148919
v -0.00860660 0.01394705 -0.02148919
v -0.00860660 0.01394705 -0.02148919
v -0.00860660 0.01394705 -0.02148919
v -0.00860660 0.01394705 -0.02148919
v -0.01222090 0.01168675 -0.01836702
v -0.01222090 0.01168675 -0.01836702
v -0.01222090 0.01168675 -0.01836702
v -0.01222090 0.01168675 -0.01836702
v -0.01222090 0.01168675 -0.01836702
v -0.01222090 0.01168675 -0.01836702
v -0.01086690 0.01298355 -0.01836702
v -0.01086690 0.01298355 -0.01836702
v -0.01086690 0.01298355 -0.01836702
v -0.01086690 0.01298355 -0.01836702
v -0.01086690 0.01298355 -0.01836702
v -0.00971180 0.01394705 -0.01836702
v -0.00971180 0.01394705 -0.01836702
v -0.00971180 0.01394705 -0.01836702
v -0.00971180 0.01394705 -0.01836702
v -0.00971180 0.01394705 -0.01836702
v -0.00971180 0.01394705 -0.01836702
v -0.00860660 0.01428375 -0.02062732
v -0.00860660 0.01428375 -0.02062732
v -0.00860660 0.01428375 -0.02062732
v -0.00860660 0.01428375 -0.02062732
v -0.00860660 0.01473045 -0.01836702
v -0.00860660 0.01473045 -0.01836702
v -0.00860660 0.01473045 -0.01836702
v -0.00860660 0.01473045 -0.01836702
v -0.00860660 0.01473045 -0.01836702
v -0.00860660 0.01473045 -0.01836702
v -0.00860660 0.01473045 -0.01836702
v -0.00860660 0.01473045 -0.01836702
v -0.01312720 0.01071095 -0.01610672
v -0.01312720 0.01071095 -0.01610672
v -0.01312720 0.01071095 -0.01610672
v -0.01312720 0.01071095 -0.01610672
v -0.01312720 0.01071095 -0.01610672
v -0.01312720 0.01071095 -0.01610672
v -0.01312720 0.01023915 -0.01384641
v -0.01312720 0.01023915 -0.01384641
v -0.01312720 0.01023915 -0.01384641
v -0.01312720 0.01023915 -0.01384641
v -0.01312720 0.01023915 -0.01384641
v -0.01222810 0.01168675 -0.01610672
v -0.01222810 0.01168675 -0.01610672
v -0.01222810 0.01168675 -0.01610672
v -0.01222810 0.01168675 -0.01610672
v -0.01086690 0.01295205 -0.01610672
v -0.01086690 0.01295205 -0.01610672
v -0.01086690 0.01295205 -0.01610672
v -0.01086690 0.01295205 -0.01610672
v -0.01086690 0.01295205 -0.01610672
v -0.01086690 0.01295205 -0.01610672
v -0.01086690 0.01295205 -0.01610672
v -0.00962060 0.01394705 -0.01610672
v -0.00962060 0.01394705 -0.01610672
v -0.00962060 0.01394705 -0.01610672
v -0.00962060 0.01394705 -0.01610672
v -0.00962060 0.01394705 -0.01610672
v -0.00962060 0.01394705 -0.01610672
v -0.01178560 0.01168675 -0.01384641
v -0.01178560 0.01168675 -0.01384641
v -0.01178560 0.01168675 -0.01384641
v -0.01178560 0.01168675 -0.01384641
v -0.01178560 0.01168675 -0.01384641
v -0.01178560 0.01168675 -0.01384641
v -0.01178560 0.01168675 -0.01384641
v -0.01086690 0.01250915 -0.01384641
v -0.01086690 0.01250915 -0.01384641
v -0.01086690 0.01250915 -0.01384641
v -0.01086690 0.01250915 -0.01384641
v -0.01086690 0.01250915 -0.01384641
v -0.01086690 0.01250915 -0.01384641
v -0.01086690 0.01250915 -0.01384641
v -0.00892648 0.01394705 -0.01384641
v -0.00892648 0.01394705 -0.01384641
v -0.00892648 0.01394705 -0.01384641
v -0.00892648 0.01394705 -0.01384641
v -0.00892648 0.01394705 -0.01384641
v -0.00860660 0.01463905 -0.01610672
v -0.00860660 0.01463905 -0.01610672
v -0.00860660 0.01463905 -0.01610672
v -0.00860660 0.01463905 -0.01610672
v -0.00860660 0.01463905 -0.01610672
v -0.00860660 0.01463905 -0.01610672
v -0.00860660 0.01414725 -0.01384641
v -0.00860660 0.01414725 -0.01384641
v -0.00860660 0.01414725 -0.01384641
v -0.00860660 0.01414725 -0.01384641
v -0.00634628 0.01455845 -0.02288764
v -0.00634628 0.01455845 -0.02288764
v -0.00634628 0.01455845 -0.02288764
v -0.00634628 0.01455845 -0.02288764
v -0.00634628 0.01558095 -0.02062732
v -0.00634628 0.01558095 -0.02062732
v -0.00634628 0.01558095 -0.02062732
v -0.00634628 0.01558095 -0.02062732
v -0.00634628 0.01558095 -0.02062732
v -0.00634628 0.01558095 -0.02062732
v -0.00634628 0.01558095 -0.02062732
v -0.00634628 0.01558095 -0.02062732
v -0.00634628 0.01558095 -0.02062732
v -0.00474364 0.01620735 -0.02062732
v -0.00474364 0.01620735 -0.02062732
v -0.00474364 0.01620735 -0.02062732
v -0.00474364 0.01620735 -0.02062732
v -0.00474364 0.01620735 -0.02062732
v -0.00474364 0.01620735 -0.02062732
v -0.00408596 0.01620735 -0.02127891
v -0.00408596 0.01620735 -0.02127891
v -0.00408596 0.01620735 -0.02127891
v -0.00408596 0.01620735 -0.02127891
v -0.00408596 0.01620735 -0.02127891
v -0.00408596 0.01641165 -0.02062732
v -0.00408596 0.01641165 -0.02062732
v -0.00408596 0.01641165 -0.02062732
v -0.00408596 0.01641165 -0.02062732
v -0.00634628 0.01597785 -0.01836702
v -0.00634628 0.01597785 -0.01836702
v -0.00634628 0.01597785 -0.01836702
v -0.00634628 0.01597785 -0.01836702
v -0.00580161 0.01620735 -0.01836702
v -0.00580161 0.01620735 -0.01836702
v -0.00580161 0.01620735 -0.01836702
v -0.00580161 0.01620735 -0.01836702
v -0.00580161 0.01620735 -0.01836702
v -0.00580161 0.01620735 -0.01836702
v -0.00408596 0.01681825 -0.01836702
v -0.00408596 0.01681825 -0.01836702
v -0.00408596 0.01681825 -0.01836702
v -0.00408596 0.01681825 -0.01836702
v -0.00408596 0.01681825 -0.01836702
v -0.00408596 0.01681825 -0.01836702
v -0.00408596 0.01681825 -0.01836702
v -0.00408596 0.01681825 -0.01836702
v -0.00182564 0.01608785 -0.02288764
v -0.00182564 0.01608785 -0.02288764
v -0.00182564 0.01608785 -0.02288764
v -0.00182564 0.01608785 -0.02288764
v -0.00182564 0.01608785 -0.02288764
v -0.00182564 0.01620735 -0.02264061
v -0.00182564 0.01620735 -0.02264061
v -0.00182564 0.01620735 -0.02264061
v -0.00182564 0.01620735 -0.02264061
v -0.00182564 0.01620735 -0.02264061
v -0.00112424 0.01620735 -0.02288764
v -0.00112424 0.01620735 -0.02288764
v -0.00112424 0.01620735 -0.02288764
v -0.00112424 0.01620735 -0.02288764
v -0.00112424 0.01620735 -0.02288764
v -0.00112424 0.01620735 -0.02288764
v -0.00182564 0.01693965 -0.02062732
v -0.00182564 0.01693965 -0.02062732
v -0.00182564 0.01693965 -0.02062732
v -0.00182564 0.01693965 -0.02062732
v -0.00182564 0.01693965 -0.02062732
v -0.00182564 0.01693965 -0.02062732
v -0.00182564 0.01693965 -0.02062732
v -0.00182564 0.01738115 -0.01836702
v -0.00182564 0.01738115 -0.01836702
v -0.00182564 0.01738115 -0.01836702
v -0.00182564 0.01738115 -0.01836702
v -0.00182564 0.01738115 -0.01836702
v -0.00182564 0.01738115 -0.01836702
v -0.00634628 0.01588875 -0.01610672
v -0.00634628 0.01588875 -0.01610672
v -0.00634628 0.01588875 -0.01610672
v -0.00634628 0.01588875 -0.01610672
v -0.00634628 0.01588875 -0.01610672
v -0.00634628 0.01588875 -0.01610672
v -0.00559181 0.01620735 -0.01610672
v -0.00559181 0.01620735 -0.01610672
v -0.00559181 0.01620735 -0.01610672
v -0.00559181 0.01620735 -0.01610672
v -0.00559181 0.01620735 -0.01610672
v -0.00559181 0.01620735 -0.01610672
v -0.00408596 0.01674685 -0.01610672
v -0.00408596 0.01674685 -0.01610672
v -0.00408596 0.01674685 -0.01610672
v -0.00408596 0.01674685 -0.01610672
v -0.00408596 0.01674685 -0.01610672
v -0.00408596 0.01674685 -0.01610672
v -0.00634628 0.01540855 -0.01384641
v -0.00634628 0.01540855 -0.01384641
v -0.00634628 0.01540855 -0.01384641
v -0.00634628 0.01540855 -0.01384641
v -0.00634628 0.01540855 -0.01384641
v -0.00634628 0.01540855 -0.01384641
v -0.00634628 0.01540855 -0.01384641
v -0.00634628 0.01540855 -0.01384641
v -0.00634628 0.01540855 -0.01384641
v -0.00634628 0.01540855 -0.01384641
v -0.00440302 0.01620735 -0.01384641
v -0.00440302 0.01620735 -0.01384641
v -0.00440302 0.01620735 -0.01384641
v -0.00440302 0.01620735 -0.01384641
v -0.00440302 0.01620735 -0.01384641
v -0.00408596 0.01631205 -0.01384641
v -0.00408596 0.01631205 -0.01384641
v -0.00408596 0.01631205 -0.01384641
v -0.00408596 0.01631205 -0.01384641
v -0.00182564 0.01735205 -0.01610672
v -0.00182564 0.01735205 -0.01610672
v -0.00182564 0.01735205 -0.01610672
v -0.00182564 0.01735205 -0.01610672
v -0.00182564 0.01735205 -0.01610672
v -0.00182564 0.01691535 -0.01384641
v -0.00182564 0.01691535 -0.01384641
v -0.00182564 0.01691535 -0.01384641
v -0.00182564 0.01691535 -0.01384641
v -0.00182564 0.01691535 -0.01384641
v -0.00182564 0.01691535 -0.01384641
v -0.00182564 0.01691535 -0.01384641
v -0.00182564 0.01691535 -0.01384641
v -0.00182564 0.01691535 -0.01384641
v -0.01574600 0.00264545 -0.01158601
v -0.01574600 0.00264545 -0.01158601
v -0.01574600 0.00264545 -0.01158601
v -0.01574600 0.00264545 -0.01158601
v -0.01538760 0.00429177 -0.01158601
v -0.01538760 0.00429177 -0.01158601
v -0.01538760 0.00429177 -0.01158601
v -0.01538760 0.00429177 -0.01158601
v -0.01538760 0.00429177 -0.01158601
v -0.01538760 0.00429177 -0.01158601
v -0.01538760 0.00429177 -0.01158601
v -0.01538760 0.00429177 -0.01158601
v -0.01538760 0.00490577 -0.01195261
v -0.01538760 0.00490577 -0.01195261
v -0.01538760 0.00490577 -0.01195261
v -0.01538760 0.00490577 -0.01195261
v -0.01538760 0.00490577 -0.01195261
v -0.01520850 0.00490577 -0.01158601
v -0.01520850 0.00490577 -0.01158601
v -0.01520850 0.00490577 -0.01158601
v -0.01520850 0.00490577 -0.01158601
v -0.01538760 0.00264545 -0.01087791
v -0.01538760 0.00264545 -0.01087791
v -0.01538760 0.00264545 -0.01087791
v -0.01538760 0.00264545 -0.01087791
v -0.01538760 0.00264545 -0.01087791
v -0.01438780 0.00264545 -0.00932571
v -0.01438780 0.00264545 -0.00932571
v -0.01438780 0.00264545 -0.00932571
v -0.01438780 0.00264545 -0.00932571
v -0.01438780 0.00264545 -0.00932571
v -0.01438780 0.00264545 -0.00932571
v -0.01438780 0.00264545 -0.00932571
v -0.01370700 0.00490577 -0.00932571
v -0.01370700 0.00490577 -0.00932571
v -0.01370700 0.00490577 -0.00932571
v -0.01370700 0.00490577 -0.00932571
v -0.01370700 0.00490577 -0.00932571
v -0.01370700 0.00490577 -0.00932571
v -0.01427260 0.00716608 -0.01158601
v -0.01427260 0.00716608 -0.01158601
v -0.01427260 0.00716608 -0.01158601
v -0.01427260 0.00716608 -0.01158601
v -0.01427260 0.00716608 -0.01158601
v -0.01427260 0.00716608 -0.01158601
v -0.01427260 0.00716608 -0.01158601
v -0.01427260 0.00716608 -0.01158601
v -0.01427260 0.00716608 -0.01158601
v -0.01427260 0.00716608 -0.01158601
v -0.01312720 0.00897685 -0.01158601
v -0.01312720 0.00897685 -0.01158601
v -0.01312720 0.00897685 -0.01158601
v -0.01312720 0.00897685 -0.01158601
v -0.01312720 0.00897685 -0.01158601
v -0.01312720 0.00897685 -0.01158601
v -0.01312720 0.00942645 -0.01218061
v -0.01312720 0.00942645 -0.01218061
v -0.01312720 0.00942645 -0.01218061
v -0.01312720 0.00942645 -0.01218061
v -0.01312720 0.00942645 -0.01218061
v -0.01312720 0.00942645 -0.01218061
v -0.01312720 0.00942645 -0.01218061
v -0.01312720 0.00628047 -0.00932571
v -0.01312720 0.00628047 -0.00932571
v -0.01312720 0.00628047 -0.00932571
v -0.01312720 0.00628047 -0.00932571
v -0.01312720 0.00628047 -0.00932571
v -0.01312720 0.00628047 -0.00932571
v -0.01312720 0.00628047 -0.00932571
v -0.01312720 0.00628047 -0.00932571
v -0.01312720 0.00716608 -0.00990751
v -0.01312720 0.00716608 -0.00990751
v -0.01312720 0.00716608 -0.00990751
v -0.01312720 0.00716608 -0.00990751
v -0.01278370 0.00942645 -0.01158601
v -0.01278370 0.00942645 -0.01158601
v -0.01278370 0.00942645 -0.01158601
v -0.01278370 0.00942645 -0.01158601
v -0.01278370 0.00942645 -0.01158601
v -0.01278370 0.00942645 -0.01158601
v -0.01262000 0.00716608 -0.00932571
v -0.01262000 0.00716608 -0.00932571
v -0.01262000 0.00716608 -0.00932571
v -0.01262000 0.00716608 -0.00932571
v -0.01262000 0.00716608 -0.00932571
v -0.01086690 0.00932765 -0.00932571
v -0.01086690 0.00932765 -0.00932571
v -0.01086690 0.00932765 -0.00932571
v -0.01086690 0.00932765 -0.00932571
v -0.01086690 0.00932765 -0.00932571
v -0.01086690 0.00932765 -0.00932571
v -0.01086690 0.00942645 -0.00940751
v -0.01086690 0.00942645 -0.00940751
v -0.01086690 0.00942645 -0.00940751
v -0.01086690 0.00942645 -0.00940751
v -0.01077460 0.00942645 -0.00932571
v -0.01077460 0.00942645 -0.00932571
v -0.01077460 0.00942645 -0.00932571
v -0.01077460 0.00942645 -0.00932571
v -0.01077460 0.00942645 -0.00932571
v -0.01077460 0.00942645 -0.00932571
v -0.01077460 0.00942645 -0.00932571
v -0.01312720 0.00264545 -0.00774681
v -0.01312720 0.00264545 -0.00774681
v -0.01312720 0.00264545 -0.00774681
v -0.01312720 0.00264545 -0.00774681
v -0.01312720 0.00264545 -0.00774681
v -0.01312720 0.00264545 -0.00774681
v -0.01312720 0.00490577 -0.00862041
v -0.01312720 0.00490577 -0.00862041
v -0.01312720 0.00490577 -0.00862041
v -0.01312720 0.00490577 -0.00862041
v -0.01312720 0.00490577 -0.00862041
v -0.01255840 0.00264545 -0.00706541
v -0.01255840 0.00264545 -0.00706541
v -0.01255840 0.00264545 -0.00706541
v -0.01255840 0.00264545 -0.00706541
v -0.01255840 0.00264545 -0.00706541
v -0.01255840 0.00264545 -0.00706541
v -0.01255840 0.00264545 -0.00706541
v -0.01255840 0.00264545 -0.00706541
v -0.01175470 0.00490577 -0.00706541
v -0.01175470 0.00490577 -0.00706541
v -0.01175470 0.00490577 -0.00706541
v -0.01175470 0.00490577 -0.00706541
v -0.01175470 0.00490577 -0.00706541
v -0.01175470 0.00490577 -0.00706541
v -0.01109450 0.00264545 -0.00480511
v -0.01109450 0.00264545 -0.00480511
v -0.01109450 0.00264545 -0.00480511
v -0.01109450 0.00264545 -0.00480511
v -0.01086690 0.00342825 -0.00480511
v -0.01086690 0.00342825 -0.00480511
v -0.01086690 0.00342825 -0.00480511
v -0.01086690 0.00342825 -0.00480511
v -0.01086690 0.00342825 -0.00480511
v -0.01086690 0.00342825 -0.00480511
v -0.01086690 0.00342825 -0.00480511
v -0.01086690 0.00490577 -0.00593981
v -0.01086690 0.00490577 -0.00593981
v -0.01086690 0.00490577 -0.00593981
v -0.01086690 0.00490577 -0.00593981
v -0.01086690 0.00490577 -0.00593981
v -0.01023990 0.00490577 -0.00480511
v -0.01023990 0.00490577 -0.00480511
v -0.01023990 0.00490577 -0.00480511
v -0.01023990 0.00490577 -0.00480511
v -0.01023990 0.00490577 -0.00480511
v -0.01023990 0.00490577 -0.00480511
v -0.01023990 0.00490577 -0.00480511
v -0.01023990 0.00490577 -0.00480511
v -0.01086690 0.00645967 -0.00706541
v -0.01086690 0.00645967 -0.00706541
v -0.01086690 0.00645967 -0.00706541
v -0.01086690 0.00645967 -0.00706541
v -0.01086690 0.00645967 -0.00706541
v -0.01086690 0.00645967 -0.00706541
v -0.01086690 0.00716608 -0.00759841
v -0.01086690 0.00716608 -0.00759841
v -0.01086690 0.00716608 -0.00759841
v -0.01086690 0.00716608 -0.00759841
v -0.01086690 0.00716608 -0.00759841
v -0.01086690 0.00716608 -0.00759841
v -0.01086690 0.00716608 -0.00759841
v -0.01033770 0.00716608 -0.00706541
v -0.01033770 0.00716608 -0.00706541
v -0.01033770 0.00716608 -0.00706541
v -0.01033770 0.00716608 -0.00706541
v -0.01033770 0.00716608 -0.00706541
v -0.01033770 0.00716608 -0.00706541
v -0.01033770 0.00716608 -0.00706541
v -0.00860660 0.00915695 -0.00706541
v -0.00860660 0.00915695 -0.00706541
v -0.00860660 0.00915695 -0.00706541
v -0.00860660 0.00915695 -0.00706541
v -0.00860660 0.00915695 -0.00706541
v -0.00860660 0.00942645 -0.00732811
v -0.00860660 0.00942645 -0.00732811
v -0.00860660 0.00942645 -0.00732811
v -0.00860660 0.00942645 -0.00732811
v -0.00860660 0.00942645 -0.00732811
v -0.00860660 0.00942645 -0.00732811
v -0.00860660 0.00942645 -0.00732811
v -0.00860660 0.00942645 -0.00732811
v -0.00872294 0.00716608 -0.00480511
v -0.00872294 0.00716608 -0.00480511
v -0.00872294 0.00716608 -0.00480511
v -0.00872294 0.00716608 -0.00480511
v -0.00860660 0.00730915 -0.00480511
v -0.00860660 0.00730915 -0.00480511
v -0.00860660 0.00730915 -0.00480511
v -0.00860660 0.00730915 -0.00480511
v -0.00860660 0.00730915 -0.00480511
v -0.00834989 0.00942645 -0.00706541
v -0.00834989 0.00942645 -0.00706541
v -0.00834989 0.00942645 -0.00706541
v -0.00834989 0.00942645 -0.00706541
v -0.00834989 0.00942645 -0.00706541
v -0.00662000 0.00942645 -0.00480511
v -0.00662000 0.00942645 -0.00480511
v -0.00662000 0.00942645 -0.00480511
v -0.00662000 0.00942645 -0.00480511
v -0.00662000 0.00942645 -0.00480511
v -0.00662000 0.00942645 -0.00480511
v -0.00662000 0.00942645 -0.00480511
v -0.01086690 0.01148695 -0.01158601
v -0.01086690 0.01148695 -0.01158601
v -0.01086690 0.01148695 -0.01158601
v -0.01086690 0.01148695 -0.01158601
v -0.01086690 0.01148695 -0.01158601
v -0.01086690 0.01168675 -0.01189731
v -0.01086690 0.01168675 -0.01189731
v -0.01086690 0.01168675 -0.01189731
v -0.01086690 0.01168675 -0.01189731
v -0.01086690 0.01168675 -0.01189731
v -0.01086690 0.01168675 -0.01189731
v -0.01086690 0.01168675 -0.01189731
v -0.01064430 0.01168675 -0.01158601
v -0.01064430 0.01168675 -0.01158601
v -0.01064430 0.01168675 -0.01158601
v -0.01064430 0.01168675 -0.01158601
v -0.01064430 0.01168675 -0.01158601
v -0.01064430 0.01168675 -0.01158601
v -0.00860660 0.01321545 -0.01158601
v -0.00860660 0.01321545 -0.01158601
v -0.00860660 0.01321545 -0.01158601
v -0.00860660 0.01321545 -0.01158601
v -0.00860660 0.01321545 -0.01158601
v -0.00860660 0.01321545 -0.01158601
v -0.00860660 0.01321545 -0.01158601
v -0.00860660 0.01321545 -0.01158601
v -0.00860660 0.01394705 -0.01321871
v -0.00860660 0.01394705 -0.01321871
v -0.00860660 0.01394705 -0.01321871
v -0.00860660 0.01394705 -0.01321871
v -0.00860660 0.01394705 -0.01321871
v -0.00860660 0.01394705 -0.01321871
v -0.00860660 0.01149635 -0.00932571
v -0.00860660 0.01149635 -0.00932571
v -0.00860660 0.01149635 -0.00932571
v -0.00860660 0.01149635 -0.00932571
v -0.00860660 0.01149635 -0.00932571
v -0.00860660 0.01168675 -0.00952381
v -0.00860660 0.01168675 -0.00952381
v -0.00860660 0.01168675 -0.00952381
v -0.00860660 0.01168675 -0.00952381
v -0.00736397 0.01394705 -0.01158601
v -0.00736397 0.01394705 -0.01158601
v -0.00736397 0.01394705 -0.01158601
v -0.00736397 0.01394705 -0.01158601
v -0.00736397 0.01394705 -0.01158601
v -0.00736397 0.01394705 -0.01158601
v -0.00836817 0.01168675 -0.00932571
v -0.00836817 0.01168675 -0.00932571
v -0.00836817 0.01168675 -0.00932571
v -0.00836817 0.01168675 -0.00932571
v -0.00836817 0.01168675 -0.00932571
v -0.00836817 0.01168675 -0.00932571
v -0.00634628 0.01310125 -0.00932571
v -0.00634628 0.01310125 -0.00932571
v -0.00634628 0.01310125 -0.00932571
v -0.00634628 0.01310125 -0.00932571
v -0.00634628 0.01310125 -0.00932571
v -0.00634628 0.01310125 -0.00932571
v -0.00634628 0.01310125 -0.00932571
v -0.00634628 0.01310125 -0.00932571
v -0.00634628 0.01394705 -0.01059821
v -0.00634628 0.01394705 -0.01059821
v -0.00634628 0.01394705 -0.01059821
v -0.00634628 0.01394705 -0.01059821
v -0.00634628 0.01394705 -0.01059821
v -0.00476581 0.01394705 -0.00932571
v -0.00476581 0.01394705 -0.00932571
v -0.00476581 0.01394705 -0.00932571
v -0.00476581 0.01394705 -0.00932571
v -0.00476581 0.01394705 -0.00932571
v -0.00476581 0.01394705 -0.00932571
v -0.00634628 0.01448605 -0.01158601
v -0.00634628 0.01448605 -0.01158601
v -0.00634628 0.01448605 -0.01158601
v -0.00634628 0.01448605 -0.01158601
v -0.00408596 0.01550955 -0.01158601
v -0.00408596 0.01550955 -0.01158601
v -0.00408596 0.01550955 -0.01158601
v -0.00408596 0.01550955 -0.01158601
v -0.00408596 0.01550955 -0.01158601
v -0.00408596 0.01550955 -0.01158601
v -0.00408596 0.01550955 -0.01158601
v -0.00408596 0.01550955 -0.01158601
v -0.00408596 0.01550955 -0.01158601
v -0.00408596 0.01620735 -0.01345751
v -0.00408596 0.01620735 -0.01345751
v -0.00408596 0.01620735 -0.01345751
v -0.00408596 0.01620735 -0.01345751
v -0.00408596 0.01620735 -0.01345751
v -0.00408596 0.01620735 -0.01345751
v -0.00408596 0.01424845 -0.00932571
v -0.00408596 0.01424845 -0.00932571
v -0.00408596 0.01424845 -0.00932571
v -0.00408596 0.01424845 -0.00932571
v -0.00182564 0.01617555 -0.01158601
v -0.00182564 0.01617555 -0.01158601
v -0.00182564 0.01617555 -0.01158601
v -0.00182564 0.01617555 -0.01158601
v -0.00182564 0.01620735 -0.01166682
v -0.00182564 0.01620735 -0.01166682
v -0.00182564 0.01620735 -0.01166682
v -0.00182564 0.01620735 -0.01166682
v -0.00182564 0.01620735 -0.01166682
v -0.00167132 0.01620735 -0.01158601
v -0.00167132 0.01620735 -0.01158601
v -0.00167132 0.01620735 -0.01158601
v -0.00167132 0.01620735 -0.01158601
v -0.00167132 0.01620735 -0.01158601
v -0.00167132 0.01620735 -0.01158601
v -0.00182564 0.01506335 -0.00932571
v -0.00182564 0.01506335 -0.00932571
v -0.00182564 0.01506335 -0.00932571
v -0.00182564 0.01506335 -0.00932571
v -0.00182564 0.01506335 -0.00932571
v -0.00182564 0.01506335 -0.00932571
v -0.00182564 0.01506335 -0.00932571
v -0.00182564 0.01506335 -0.00932571
v -0.00182564 0.01506335 -0.00932571
v -0.00634628 0.01124765 -0.00706541
v -0.00634628 0.01124765 -0.00706541
v -0.00634628 0.01124765 -0.00706541
v -0.00634628 0.01124765 -0.00706541
v -0.00634628 0.01124765 -0.00706541
v -0.00634628 0.01168675 -0.00758622
v -0.00634628 0.01168675 -0.00758622
v -0.00634628 0.01168675 -0.00758622
v -0.00634628 0.01168675 -0.00758622
v -0.00634628 0.01168675 -0.00758622
v -0.00634628 0.01168675 -0.00758622
v -0.00576336 0.01168675 -0.00706541
v -0.00576336 0.01168675 -0.00706541
v -0.00576336 0.01168675 -0.00706541
v -0.00576336 0.01168675 -0.00706541
v -0.00576336 0.01168675 -0.00706541
v -0.00576336 0.01168675 -0.00706541
v -0.00408596 0.01274975 -0.00706541
v -0.00408596 0.01274975 -0.00706541
v -0.00408596 0.01274975 -0.00706541
v -0.00408596 0.01274975 -0.00706541
v -0.00408596 0.01274975 -0.00706541
v -0.00408596 0.01274975 -0.00706541
v -0.00408596 0.01274975 -0.00706541
v -0.00408596 0.01274975 -0.00706541
v -0.00408596 0.01394705 -0.00884861
v -0.00408596 0.01394705 -0.00884861
v -0.00408596 0.01394705 -0.00884861
v -0.00408596 0.01394705 -0.00884861
v -0.00408596 0.01394705 -0.00884861
v -0.00634628 0.00968025 -0.00480511
v -0.00634628 0.00968025 -0.00480511
v -0.00634628 0.00968025 -0.00480511
v -0.00634628 0.00968025 -0.00480511
v -0.00634628 0.00968025 -0.00480511
v -0.00634628 0.00968025 -0.00480511
v -0.00408596 0.01137195 -0.00480511
v -0.00408596 0.01137195 -0.00480511
v -0.00408596 0.01137195 -0.00480511
v -0.00408596 0.01137195 -0.00480511
v -0.00408596 0.01137195 -0.00480511
v -0.00408596 0.01168675 -0.00541551
v -0.00408596 0.01168675 -0.00541551
v -0.00408596 0.01168675 -0.00541551
v -0.00408596 0.01168675 -0.00541551
v -0.00408596 0.01168675 -0.00541551
v -0.00408596 0.01168675 -0.00541551
v -0.00182564 0.01373715 -0.00706541
v -0.00182564 0.01373715 -0.00706541
v -0.00182564 0.01373715 -0.00706541
v -0.00182564 0.01373715 -0.00706541
v -0.00182564 0.01394705 -0.00742442
v -0.00182564 0.01394705 -0.00742442
v -0.00182564 0.01394705 -0.00742442
v -0.00182564 0.01394705 -0.00742442
v -0.00182564 0.01394705 -0.00742442
v -0.00102506 0.01394705 -0.00706541
v -0.00102506 0.01394705 -0.00706541
v -0.00102506 0.01394705 -0.00706541
v -0.00102506 0.01394705 -0.00706541
v -0.00102506 0.01394705 -0.00706541
v -0.00102506 0.01394705 -0.00706541
v -0.00102506 0.01394705 -0.00706541
v -0.00102506 0.01394705 -0.00706541
v -0.00351867 0.01168675 -0.00480511
v -0.00351867 0.01168675 -0.00480511
v -0.00351867 0.01168675 -0.00480511
v -0.00351867 0.01168675 -0.00480511
v -0.00351867 0.01168675 -0.00480511
v -0.00182564 0.01240215 -0.00480511
v -0.00182564 0.01240215 -0.00480511
v -0.00182564 0.01240215 -0.00480511
v -0.00182564 0.01240215 -0.00480511
v -0.00182564 0.01240215 -0.00480511
v -0.00182564 0.01240215 -0.00480511
v -0.00182564 0.01240215 -0.00480511
v -0.01086690 0.00264545 -0.00421561
v -0.01086690 0.00264545 -0.00421561
v -0.01086690 0.00264545 -0.00421561
v -0.01086690 0.00264545 -0.00421561
v -0.01086690 0.00264545 -0.00421561
v -0.01046810 0.00264545 -0.00254481
v -0.01046810 0.00264545 -0.00254481
v -0.01046810 0.00264545 -0.00254481
v -0.01046810 0.00264545 -0.00254481
v -0.01046810 0.00264545 -0.00254481
v -0.01046810 0.00264545 -0.00254481
v -0.01046810 0.00264545 -0.00254481
v -0.00958600 0.00490577 -0.00254481
v -0.00958600 0.00490577 -0.00254481
v -0.00958600 0.00490577 -0.00254481
v -0.00958600 0.00490577 -0.00254481
v -0.00958600 0.00490577 -0.00254481
v -0.00958600 0.00490577 -0.00254481
v -0.00958600 0.00490577 -0.00254481
v -0.01028910 0.00264545 -0.00028451
v -0.01028910 0.00264545 -0.00028451
v -0.01028910 0.00264545 -0.00028451
v -0.01028910 0.00264545 -0.00028451
v -0.01028910 0.00264545 -0.00028451
v -0.01028910 0.00264545 -0.00028451
v -0.00944110 0.00490577 -0.00028451
v -0.00944110 0.00490577 -0.00028451
v -0.00944110 0.00490577 -0.00028451
v -0.00944110 0.00490577 -0.00028451
v -0.00860660 0.00644480 -0.00254481
v -0.00860660 0.00644480 -0.00254481
v -0.00860660 0.00644480 -0.00254481
v -0.00860660 0.00644480 -0.00254481
v -0.00860660 0.00644480 -0.00254481
v -0.00860660 0.00644480 -0.00254481
v -0.00860660 0.00716608 -0.00455211
v -0.00860660 0.00716608 -0.00455211
v -0.00860660 0.00716608 -0.00455211
v -0.00860660 0.00716608 -0.00455211
v -0.00860660 0.00716608 -0.00455211
v -0.00860660 0.00716608 -0.00455211
v -0.00860660 0.00716608 -0.00455211
v -0.00860660 0.00627987 -0.00028451
v -0.00860660 0.00627987 -0.00028451
v -0.00860660 0.00627987 -0.00028451
v -0.00860660 0.00627987 -0.00028451
v -0.00860660 0.00627987 -0.00028451
v -0.00860660 0.00627987 -0.00028451
v -0.01034460 0.00264545 0.00197589
v -0.01034460 0.00264545 0.00197589
v -0.01034460 0.00264545 0.00197589
v -0.01034460 0.00264545 0.00197589
v -0.01034460 0.00264545 0.00197589
v -0.01034460 0.00264545 0.00197589
v -0.00951880 0.00490577 0.00197589
v -0.00951880 0.00490577 0.00197589
v -0.00951880 0.00490577 0.00197589
v -0.00951880 0.00490577 0.00197589
v -0.00951880 0.00490577 0.00197589
v -0.00951880 0.00490577 0.00197589
v -0.00951880 0.00490577 0.00197589
v -0.00860660 0.00637604 0.00197589
v -0.00860660 0.00637604 0.00197589
v -0.00860660 0.00637604 0.00197589
v -0.00860660 0.00637604 0.00197589
v -0.00860660 0.00637604 0.00197589
v -0.00804327 0.00716608 -0.00254481
v -0.00804327 0.00716608 -0.00254481
v -0.00804327 0.00716608 -0.00254481
v -0.00804327 0.00716608 -0.00254481
v -0.00804327 0.00716608 -0.00254481
v -0.00804327 0.00716608 -0.00254481
v -0.00634628 0.00894865 -0.00254481
v -0.00634628 0.00894865 -0.00254481
v -0.00634628 0.00894865 -0.00254481
v -0.00634628 0.00894865 -0.00254481
v -0.00634628 0.00942645 -0.00424991
v -0.00634628 0.00942645 -0.00424991
v -0.00634628 0.00942645 -0.00424991
v -0.00634628 0.00942645 -0.00424991
v -0.00634628 0.00942645 -0.00424991
v -0.00634628 0.00942645 -0.00424991
v -0.00634628 0.00942645 -0.00424991
v -0.00634628 0.00942645 -0.00424991
v -0.00580477 0.00942645 -0.00254481
v -0.00580477 0.00942645 -0.00254481
v -0.00580477 0.00942645 -0.00254481
v -0.00580477 0.00942645 -0.00254481
v -0.00580477 0.00942645 -0.00254481
v -0.00791709 0.00716608 -0.00028451
v -0.00791709 0.00716608 -0.00028451
v -0.00791709 0.00716608 -0.00028451
v -0.00791709 0.00716608 -0.00028451
v -0.00791709 0.00716608 -0.00028451
v -0.00791709 0.00716608 -0.00028451
v -0.00791709 0.00716608 -0.00028451
v -0.00634628 0.00873935 -0.00028451
v -0.00634628 0.00873935 -0.00028451
v -0.00634628 0.00873935 -0.00028451
v -0.00634628 0.00873935 -0.00028451
v -0.00634628 0.00873935 -0.00028451
v -0.00634628 0.00873935 -0.00028451
v -0.00547479 0.00942645 -0.00028451
v -0.00547479 0.00942645 -0.00028451
v -0.00547479 0.00942645 -0.00028451
v -0.00547479 0.00942645 -0.00028451
v -0.00547479 0.00942645 -0.00028451
v -0.00547479 0.00942645 -0.00028451
v -0.00795460 0.00716608 0.00197589
v -0.00795460 0.00716608 0.00197589
v -0.00795460 0.00716608 0.00197589
v -0.00795460 0.00716608 0.00197589
v -0.00795460 0.00716608 0.00197589
v -0.00795460 0.00716608 0.00197589
v -0.00634628 0.00866725 0.00197589
v -0.00634628 0.00866725 0.00197589
v -0.00634628 0.00866725 0.00197589
v -0.00634628 0.00866725 0.00197589
v -0.00634628 0.00866725 0.00197589
v -0.00634628 0.00866725 0.00197589
v -0.00527364 0.00942645 0.00197589
v -0.00527364 0.00942645 0.00197589
v -0.00527364 0.00942645 0.00197589
v -0.00527364 0.00942645 0.00197589
v -0.00527364 0.00942645 0.00197589
v -0.00527364 0.00942645 0.00197589
v -0.00408596 0.01060125 -0.00254481
v -0.00408596 0.01060125 -0.00254481
v -0.00408596 0.01060125 -0.00254481
v -0.00408596 0.01060125 -0.00254481
v -0.00408596 0.01060125 -0.00254481
v -0.00408596 0.01060125 -0.00254481
v -0.00408596 0.01060125 -0.00254481
v -0.00408596 0.01060125 -0.00254481
v -0.00408596 0.01060125 -0.00254481
v -0.00408596 0.01025945 -0.00028451
v -0.00408596 0.01025945 -0.00028451
v -0.00408596 0.01025945 -0.00028451
v -0.00408596 0.01025945 -0.00028451
v -0.00408596 0.01025945 -0.00028451
v -0.00408596 0.01025945 -0.00028451
v -0.00182564 0.01148025 -0.00254481
v -0.00182564 0.01148025 -0.00254481
v -0.00182564 0.01148025 -0.00254481
v -0.00182564 0.01148025 -0.00254481
v -0.00182564 0.01168675 -0.00322591
v -0.00182564 0.01168675 -0.00322591
v -0.00182564 0.01168675 -0.00322591
v -0.00182564 0.01168675 -0.00322591
v -0.00182564 0.01168675 -0.00322591
v -0.00182564 0.01168675 -0.00322591
v -0.00076385 0.01168675 -0.00254481
v -0.00076385 0.01168675 -0.00254481
v -0.00076385 0.01168675 -0.00254481
v -0.00076385 0.01168675 -0.00254481
v -0.00076385 0.01168675 -0.00254481
v -0.00076385 0.01168675 -0.00254481
v -0.00076385 0.01168675 -0.00254481
v -0.00182564 0.01107925 -0.00028451
v -0.00182564 0.01107925 -0.00028451
v -0.00182564 0.01107925 -0.00028451
v -0.00182564 0.01107925 -0.00028451
v -0.00182564 0.01107925 -0.00028451
v -0.00182564 0.01107925 -0.00028451
v -0.00182564 0.01107925 -0.00028451
v -0.00408596 0.01007115 0.00197589
v -0.00408596 0.01007115 0.00197589
v -0.00408596 0.01007115 0.00197589
v -0.00408596 0.01007115 0.00197589
v -0.00408596 0.01007115 0.00197589
v -0.00408596 0.01007115 0.00197589
v -0.00182564 0.01088615 0.00197589
v -0.00182564 0.01088615 0.00197589
v -0.00182564 0.01088615 0.00197589
v -0.00182564 0.01088615 0.00197589
v -0.00182564 0.01088615 0.00197589
v -0.00182564 0.01088615 0.00197589
v -0.01036630 0.00264545 0.00649648
v -0.01036630 0.00264545 0.00649648
v -0.01036630 0.00264545 0.00649648
v -0.01036630 0.00264545 0.00649648
v -0.01036630 0.00264545 0.00649648
v -0.01036630 0.00264545 0.00649648
v -0.00937447 0.00490577 0.00649648
v -0.00937447 0.00490577 0.00649648
v -0.00937447 0.00490577 0.00649648
v -0.00937447 0.00490577 0.00649648
v -0.00937447 0.00490577 0.00649648
v -0.00937447 0.00490577 0.00649648
v -0.01020230 0.00264545 0.00875678
v -0.01020230 0.00264545 0.00875678
v -0.01020230 0.00264545 0.00875678
v -0.01020230 0.00264545 0.00875678
v -0.01020230 0.00264545 0.00875678
v -0.01020230 0.00264545 0.00875678
v -0.00918758 0.00490577 0.00875678
v -0.00918758 0.00490577 0.00875678
v -0.00918758 0.00490577 0.00875678
v -0.00918758 0.00490577 0.00875678
v -0.00918758 0.00490577 0.00875678
v -0.00918758 0.00490577 0.00875678
v -0.00860660 0.00605005 0.00649648
v -0.00860660 0.00605005 0.00649648
v -0.00860660 0.00605005 0.00649648
v -0.00860660 0.00605005 0.00649648
v -0.00860660 0.00605005 0.00649648
v -0.00860660 0.00605005 0.00649648
v -0.00860660 0.00579420 0.00875678
v -0.00860660 0.00579420 0.00875678
v -0.00860660 0.00579420 0.00875678
v -0.00860660 0.00579420 0.00875678
v -0.00860660 0.00579420 0.00875678
v -0.00860660 0.00579420 0.00875678
v -0.00998720 0.00264545 0.01101708
v -0.00998720 0.00264545 0.01101708
v -0.00998720 0.00264545 0.01101708
v -0.00998720 0.00264545 0.01101708
v -0.00998720 0.00264545 0.01101708
v -0.00998720 0.00264545 0.01101708
v -0.00897235 0.00490577 0.01101708
v -0.00897235 0.00490577 0.01101708
v -0.00897235 0.00490577 0.01101708
v -0.00897235 0.00490577 0.01101708
v -0.00897235 0.00490577 0.01101708
v -0.00959270 0.00264545 0.01327749
v -0.00959270 0.00264545 0.01327749
v -0.00959270 0.00264545 0.01327749
v -0.00959270 0.00264545 0.01327749
v -0.00959270 0.00264545 0.01327749
v -0.00959270 0.00264545 0.01327749
v -0.00959270 0.00264545 0.01327749
v -0.00959270 0.00264545 0.01327749
v -0.00860660 0.00479344 0.01327749
v -0.00860660 0.00479344 0.01327749
v -0.00860660 0.00479344 0.01327749
v -0.00860660 0.00479344 0.01327749
v -0.00860660 0.00479344 0.01327749
v -0.00860660 0.00490577 0.01300398
v -0.00860660 0.00490577 0.01300398
v -0.00860660 0.00490577 0.01300398
v -0.00860660 0.00490577 0.01300398
v -0.00860660 0.00490577 0.01300398
v -0.00860660 0.00490577 0.01300398
v -0.00860660 0.00490577 0.01300398
v -0.00860660 0.00547899 0.01101708
v -0.00860660 0.00547899 0.01101708
v -0.00860660 0.00547899 0.01101708
v -0.00860660 0.00547899 0.01101708
v -0.00860660 0.00547899 0.01101708
v -0.00761593 0.00716608 0.00649648
v -0.00761593 0.00716608 0.00649648
v -0.00761593 0.00716608 0.00649648
v -0.00761593 0.00716608 0.00649648
v -0.00761593 0.00716608 0.00649648
v -0.00761593 0.00716608 0.00649648
v -0.00634628 0.00828215 0.00649648
v -0.00634628 0.00828215 0.00649648
v -0.00634628 0.00828215 0.00649648
v -0.00634628 0.00828215 0.00649648
v -0.00634628 0.00828215 0.00649648
v -0.00634628 0.00828215 0.00649648
v -0.00464003 0.00942645 0.00649648
v -0.00464003 0.00942645 0.00649648
v -0.00464003 0.00942645 0.00649648
v -0.00464003 0.00942645 0.00649648
v -0.00464003 0.00942645 0.00649648
v -0.00464003 0.00942645 0.00649648
v -0.00740162 0.00716608 0.00875678
v -0.00740162 0.00716608 0.00875678
v -0.00740162 0.00716608 0.00875678
v -0.00740162 0.00716608 0.00875678
v -0.00740162 0.00716608 0.00875678
v -0.00740162 0.00716608 0.00875678
v -0.00634628 0.00807795 0.00875678
v -0.00634628 0.00807795 0.00875678
v -0.00634628 0.00807795 0.00875678
v -0.00634628 0.00807795 0.00875678
v -0.00634628 0.00807795 0.00875678
v -0.00634628 0.00807795 0.00875678
v -0.00634628 0.00807795 0.00875678
v -0.00425385 0.00942645 0.00875678
v -0.00425385 0.00942645 0.00875678
v -0.00425385 0.00942645 0.00875678
v -0.00425385 0.00942645 0.00875678
v -0.00425385 0.00942645 0.00875678
v -0.00853652 0.00490577 0.01327749
v -0.00853652 0.00490577 0.01327749
v -0.00853652 0.00490577 0.01327749
v -0.00853652 0.00490577 0.01327749
v -0.00853652 0.00490577 0.01327749
v -0.00713877 0.00716608 0.01101708
v -0.00713877 0.00716608 0.01101708
v -0.00713877 0.00716608 0.01101708
v -0.00713877 0.00716608 0.01101708
v -0.00713877 0.00716608 0.01101708
v -0.00713877 0.00716608 0.01101708
v -0.00713877 0.00716608 0.01101708
v -0.00634628 0.00784365 0.01101708
v -0.00634628 0.00784365 0.01101708
v -0.00634628 0.00784365 0.01101708
v -0.00634628 0.00784365 0.01101708
v -0.00634628 0.00784365 0.01101708
v -0.00634628 0.00784365 0.01101708
v -0.00634628 0.00784365 0.01101708
v -0.00408596 0.00928845 0.01101708
v -0.00408596 0.00928845 0.01101708
v -0.00408596 0.00928845 0.01101708
v -0.00408596 0.00928845 0.01101708
v -0.00408596 0.00942645 0.00971639
v -0.00408596 0.00942645 0.00971639
v -0.00408596 0.00942645 0.00971639
v -0.00408596 0.00942645 0.00971639
v -0.00408596 0.00942645 0.00971639
v -0.00408596 0.00942645 0.00971639
v -0.00408596 0.00942645 0.00971639
v -0.00408596 0.00942645 0.00971639
v -0.00658829 0.00716608 0.01327749
v -0.00658829 0.00716608 0.01327749
v -0.00658829 0.00716608 0.01327749
v -0.00658829 0.00716608 0.01327749
v -0.00658829 0.00716608 0.01327749
v -0.00658829 0.00716608 0.01327749
v -0.00634628 0.00737515 0.01327749
v -0.00634628 0.00737515 0.01327749
v -0.00634628 0.00737515 0.01327749
v -0.00634628 0.00737515 0.01327749
v -0.00408596 0.00891185 0.01327749
v -0.00408596 0.00891185 0.01327749
v -0.00408596 0.00891185 0.01327749
v -0.00408596 0.00891185 0.01327749
v -0.00408596 0.00891185 0.01327749
v -0.00408596 0.00891185 0.01327749
v -0.00408596 0.00891185 0.01327749
v -0.00379740 0.00942645 0.01101708
v -0.00379740 0.00942645 0.01101708
v -0.00379740 0.00942645 0.01101708
v -0.00379740 0.00942645 0.01101708
v -0.00379740 0.00942645 0.01101708
v -0.00298643 0.00942645 0.01327749
v -0.00298643 0.00942645 0.01327749
v -0.00298643 0.00942645 0.01327749
v -0.00298643 0.00942645 0.01327749
v -0.00298643 0.00942645 0.01327749
v -0.00298643 0.00942645 0.01327749
v -0.00408596 0.00971675 0.00649648
v -0.00408596 0.00971675 0.00649648
v -0.00408596 0.00971675 0.00649648
v -0.00408596 0.00971675 0.00649648
v -0.00408596 0.00971675 0.00649648
v -0.00408596 0.00971675 0.00649648
v -0.00408596 0.00951105 0.00875678
v -0.00408596 0.00951105 0.00875678
v -0.00408596 0.00951105 0.00875678
v -0.00408596 0.00951105 0.00875678
v -0.00182564 0.01054915 0.00649648
v -0.00182564 0.01054915 0.00649648
v -0.00182564 0.01054915 0.00649648
v -0.00182564 0.01054915 0.00649648
v -0.00182564 0.01054915 0.00649648
v -0.00182564 0.01054915 0.00649648
v -0.00182564 0.01035835 0.00875678
v -0.00182564 0.01035835 0.00875678
v -0.00182564 0.01035835 0.00875678
v -0.00182564 0.01035835 0.00875678
v -0.00182564 0.01035835 0.00875678
v -0.00182564 0.01035835 0.00875678
v -0.00182564 0.01035835 0.00875678
v -0.00182564 0.01014535 0.01101708
v -0.00182564 0.01014535 0.01101708
v -0.00182564 0.01014535 0.01101708
v -0.00182564 0.01014535 0.01101708
v -0.00182564 0.01014535 0.01101708
v -0.00182564 0.01014535 0.01101708
v -0.00182564 0.01014535 0.01101708
v -0.00182564 0.00983375 0.01327749
v -0.00182564 0.00983375 0.01327749
v -0.00182564 0.00983375 0.01327749
v -0.00182564 0.00983375 0.01327749
v -0.00895108 0.00264545 0.01553779
v -0.00895108 0.00264545 0.01553779
v -0.00895108 0.00264545 0.01553779
v -0.00895108 0.00264545 0.01553779
v -0.00860660 0.00348546 0.01553779
v -0.00860660 0.00348546 0.01553779
v -0.00860660 0.00348546 0.01553779
v -0.00860660 0.00348546 0.01553779
v -0.00860660 0.00348546 0.01553779
v -0.00860660 0.00124090 0.01779809
v -0.00860660 0.00124090 0.01779809
v -0.00860660 0.00124090 0.01779809
v -0.00860660 0.00124090 0.01779809
v -0.00860660 0.00124090 0.01779809
v -0.00860660 0.00124090 0.01779809
v -0.00860660 0.00124090 0.01779809
v -0.00860660 0.00264545 0.01654248
v -0.00860660 0.00264545 0.01654248
v -0.00860660 0.00264545 0.01654248
v -0.00860660 0.00264545 0.01654248
v -0.00860660 0.00264545 0.01654248
v -0.00860660 0.00264545 0.01654248
v -0.00860660 0.00264545 0.01654248
v -0.00780327 0.00490577 0.01553779
v -0.00780327 0.00490577 0.01553779
v -0.00780327 0.00490577 0.01553779
v -0.00780327 0.00490577 0.01553779
v -0.00780327 0.00490577 0.01553779
v -0.00780327 0.00490577 0.01553779
v -0.00780327 0.00490577 0.01553779
v -0.00780327 0.00490577 0.01553779
v -0.00815364 0.00264545 0.01779809
v -0.00815364 0.00264545 0.01779809
v -0.00815364 0.00264545 0.01779809
v -0.00815364 0.00264545 0.01779809
v -0.00693304 0.00490577 0.01779809
v -0.00693304 0.00490577 0.01779809
v -0.00693304 0.00490577 0.01779809
v -0.00693304 0.00490577 0.01779809
v -0.00693304 0.00490577 0.01779809
v -0.00693304 0.00490577 0.01779809
v -0.00634628 0.00663453 0.01553779
v -0.00634628 0.00663453 0.01553779
v -0.00634628 0.00663453 0.01553779
v -0.00634628 0.00663453 0.01553779
v -0.00634628 0.00716608 0.01399709
v -0.00634628 0.00716608 0.01399709
v -0.00634628 0.00716608 0.01399709
v -0.00634628 0.00716608 0.01399709
v -0.00634628 0.00716608 0.01399709
v -0.00634628 0.00716608 0.01399709
v -0.00634628 0.00716608 0.01399709
v -0.00634628 0.00716608 0.01399709
v -0.00575236 0.00716608 0.01553779
v -0.00575236 0.00716608 0.01553779
v -0.00575236 0.00716608 0.01553779
v -0.00575236 0.00716608 0.01553779
v -0.00575236 0.00716608 0.01553779
v -0.00408596 0.00832875 0.01553779
v -0.00408596 0.00832875 0.01553779
v -0.00408596 0.00832875 0.01553779
v -0.00408596 0.00832875 0.01553779
v -0.00408596 0.00832875 0.01553779
v -0.00408596 0.00832875 0.01553779
v -0.00408596 0.00832875 0.01553779
v -0.00408596 0.00832875 0.01553779
v -0.00408596 0.00832875 0.01553779
v -0.00634628 0.00566694 0.01779809
v -0.00634628 0.00566694 0.01779809
v -0.00634628 0.00566694 0.01779809
v -0.00634628 0.00566694 0.01779809
v -0.00634628 0.00566694 0.01779809
v -0.00634628 0.00566694 0.01779809
v -0.00634628 0.00566694 0.01779809
v -0.00476792 0.00716608 0.01779809
v -0.00476792 0.00716608 0.01779809
v -0.00476792 0.00716608 0.01779809
v -0.00476792 0.00716608 0.01779809
v -0.00476792 0.00716608 0.01779809
v -0.00408596 0.00764865 0.01779809
v -0.00408596 0.00764865 0.01779809
v -0.00408596 0.00764865 0.01779809
v -0.00408596 0.00764865 0.01779809
v -0.00182564 0.00936645 0.01553779
v -0.00182564 0.00936645 0.01553779
v -0.00182564 0.00936645 0.01553779
v -0.00182564 0.00936645 0.01553779
v -0.00182564 0.00942645 0.01528299
v -0.00182564 0.00942645 0.01528299
v -0.00182564 0.00942645 0.01528299
v -0.00182564 0.00942645 0.01528299
v -0.00182564 0.00942645 0.01528299
v -0.00182564 0.00942645 0.01528299
v -0.00182564 0.00942645 0.01528299
v -0.00164050 0.00942645 0.01553779
v -0.00164050 0.00942645 0.01553779
v -0.00164050 0.00942645 0.01553779
v -0.00164050 0.00942645 0.01553779
v -0.00164050 0.00942645 0.01553779
v -0.00182564 0.00880805 0.01779809
v -0.00182564 0.00880805 0.01779809
v -0.00182564 0.00880805 0.01779809
v -0.00182564 0.00880805 0.01779809
v -0.00182564 0.00880805 0.01779809
v -0.00182564 0.00880805 0.01779809
v -0.00182564 0.00880805 0.01779809
v -0.00182564 0.00880805 0.01779809
v -0.00182564 0.00880805 0.01779809
v -0.00729722 0.00264545 0.02005839
v -0.00729722 0.00264545 0.02005839
v -0.00729722 0.00264545 0.02005839
v -0.00729722 0.00264545 0.02005839
v -0.00729722 0.00264545 0.02005839
v -0.00729722 0.00264545 0.02005839
v -0.00729722 0.00264545 0.02005839
v -0.00729722 0.00264545 0.02005839
v -0.00729722 0.00264545 0.02005839
v -0.00634628 0.00448288 0.02005839
v -0.00634628 0.00448288 0.02005839
v -0.00634628 0.00448288 0.02005839
v -0.00634628 0.00448288 0.02005839
v -0.00634628 0.00448288 0.02005839
v -0.00634628 0.00490577 0.01931528
v -0.00634628 0.00490577 0.01931528
v -0.00634628 0.00490577 0.01931528
v -0.00634628 0.00490577 0.01931528
v -0.00634628 0.00490577 0.01931528
v -0.00634628 0.00490577 0.01931528
v -0.00605320 0.00490577 0.02005839
v -0.00605320 0.00490577 0.02005839
v -0.00605320 0.00490577 0.02005839
v -0.00605320 0.00490577 0.02005839
v -0.00605320 0.00490577 0.02005839
v -0.00605320 0.00490577 0.02005839
v -0.00640119 0.00264545 0.02231869
v -0.00640119 0.00264545 0.02231869
v -0.00640119 0.00264545 0.02231869
v -0.00640119 0.00264545 0.02231869
v -0.00634628 0.00277589 0.02231869
v -0.00634628 0.00277589 0.02231869
v -0.00634628 0.00277589 0.02231869
v -0.00634628 0.00277589 0.02231869
v -0.00634628 0.00277589 0.02231869
v -0.00509037 0.00490577 0.02231869
v -0.00509037 0.00490577 0.02231869
v -0.00509037 0.00490577 0.02231869
v -0.00509037 0.00490577 0.02231869
v -0.00509037 0.00490577 0.02231869
v -0.00509037 0.00490577 0.02231869
v -0.00509037 0.00490577 0.02231869
v -0.00408596 0.00691743 0.02005839
v -0.00408596 0.00691743 0.02005839
v -0.00408596 0.00691743 0.02005839
v -0.00408596 0.00691743 0.02005839
v -0.00408596 0.00716608 0.01932468
v -0.00408596 0.00716608 0.01932468
v -0.00408596 0.00716608 0.01932468
v -0.00408596 0.00716608 0.01932468
v -0.00408596 0.00716608 0.01932468
v -0.00408596 0.00716608 0.01932468
v -0.00408596 0.00716608 0.01932468
v -0.00408596 0.00716608 0.01932468
v -0.00408596 0.00716608 0.01932468
v -0.00408596 0.00600548 0.02231869
v -0.00408596 0.00600548 0.02231869
v -0.00408596 0.00600548 0.02231869
v -0.00408596 0.00600548 0.02231869
v -0.00408596 0.00600548 0.02231869
v -0.00408596 0.00600548 0.02231869
v -0.00408596 0.00600548 0.02231869
v -0.00408596 0.00600548 0.02231869
v -0.00374471 0.00716608 0.02005839
v -0.00374471 0.00716608 0.02005839
v -0.00374471 0.00716608 0.02005839
v -0.00374471 0.00716608 0.02005839
v -0.00374471 0.00716608 0.02005839
v -0.00182564 0.00819545 0.02005839
v -0.00182564 0.00819545 0.02005839
v -0.00182564 0.00819545 0.02005839
v -0.00182564 0.00819545 0.02005839
v -0.00182564 0.00819545 0.02005839
v -0.00182564 0.00819545 0.02005839
v -0.00182564 0.00819545 0.02005839
v -0.00246637 0.00716608 0.02231869
v -0.00246637 0.00716608 0.02231869
v -0.00246637 0.00716608 0.02231869
v -0.00246637 0.00716608 0.02231869
v -0.00246637 0.00716608 0.02231869
v -0.00182564 0.00747725 0.02231869
v -0.00182564 0.00747725 0.02231869
v -0.00182564 0.00747725 0.02231869
v -0.00182564 0.00747725 0.02231869
v -0.00634628 0.00264545 0.02245239
v -0.00634628 0.00264545 0.02245239
v -0.00634628 0.00264545 0.02245239
v -0.00634628 0.00264545 0.02245239
v -0.00634628 0.00264545 0.02245239
v -0.00634628 0.00264545 0.02245239
v -0.00538041 0.00264545 0.02457899
v -0.00538041 0.00264545 0.02457899
v -0.00538041 0.00264545 0.02457899
v -0.00538041 0.00264545 0.02457899
v -0.00538041 0.00264545 0.02457899
v -0.00538041 0.00264545 0.02457899
v -0.00538041 0.00264545 0.02457899
v -0.00538041 0.00264545 0.02457899
v -0.00538041 0.00264545 0.02457899
v -0.00408596 0.00472724 0.02457899
v -0.00408596 0.00472724 0.02457899
v -0.00408596 0.00472724 0.02457899
v -0.00408596 0.00472724 0.02457899
v -0.00408596 0.00490577 0.02431799
v -0.00408596 0.00490577 0.02431799
v -0.00408596 0.00490577 0.02431799
v -0.00408596 0.00490577 0.02431799
v -0.00408596 0.00490577 0.02431799
v -0.00408596 0.00490577 0.02431799
v -0.00408596 0.00228570 0.02683939
v -0.00408596 0.00228570 0.02683939
v -0.00408596 0.00228570 0.02683939
v -0.00408596 0.00228570 0.02683939
v -0.00408596 0.00228570 0.02683939
v -0.00408596 0.00228570 0.02683939
v -0.00408596 0.00264545 0.02661709
v -0.00408596 0.00264545 0.02661709
v -0.00408596 0.00264545 0.02661709
v -0.00408596 0.00264545 0.02661709
v -0.00408596 0.00264545 0.02661709
v -0.00408596 0.00264545 0.02661709
v -0.00393135 0.00490577 0.02457899
v -0.00393135 0.00490577 0.02457899
v -0.00393135 0.00490577 0.02457899
v -0.00393135 0.00490577 0.02457899
v -0.00393135 0.00490577 0.02457899
v -0.00390123 0.00264545 0.02683939
v -0.00390123 0.00264545 0.02683939
v -0.00390123 0.00264545 0.02683939
v -0.00390123 0.00264545 0.02683939
v -0.00192953 0.00490577 0.02683939
v -0.00192953 0.00490577 0.02683939
v -0.00192953 0.00490577 0.02683939
v -0.00192953 0.00490577 0.02683939
v -0.00192953 0.00490577 0.02683939
v -0.00192953 0.00490577 0.02683939
v -0.00192953 0.00490577 0.02683939
v -0.00182564 0.00654957 0.02457899
v -0.00182564 0.00654957 0.02457899
v -0.00182564 0.00654957 0.02457899
v -0.00182564 0.00654957 0.02457899
v -0.00182564 0.00654957 0.02457899
v -0.00182564 0.00654957 0.02457899
v -0.00182564 0.00654957 0.02457899
v -0.00182564 0.00654957 0.02457899
v -0.00182564 0.00716608 0.02316949
v -0.00182564 0.00716608 0.02316949
v -0.00182564 0.00716608 0.02316949
v -0.00182564 0.00716608 0.02316949
v -0.00182564 0.00716608 0.02316949
v -0.00182564 0.00716608 0.02316949
v 0.00004522 0.00716608 0.02457899
v 0.00004522 0.00716608 0.02457899
v 0.00004522 0.00716608 0.02457899
v 0.00004522 0.00716608 0.02457899
v 0.00004522 0.00716608 0.02457899
v 0.00004522 0.00716608 0.02457899
v -0.00182564 0.00498150 0.02683939
v -0.00182564 0.00498150 0.02683939
v -0.00182564 0.00498150 0.02683939
v -0.00182564 0.00498150 0.02683939
v -0.00182564 0.00076557 0.02909969
v -0.00182564 0.00076557 0.02909969
v -0.00182564 0.00076557 0.02909969
v -0.00182564 0.00076557 0.02909969
v -0.00182564 0.00076557 0.02909969
v -0.00182564 0.00076557 0.02909969
v -0.00182564 0.00264545 0.02851189
v -0.00182564 0.00264545 0.02851189
v -0.00182564 0.00264545 0.02851189
v -0.00182564 0.00264545 0.02851189
v -0.00182564 0.00264545 0.02851189
v -0.00182564 0.00264545 0.02851189
v -0.00182564 0.00264545 0.02851189
v -0.00182564 0.00264545 0.02851189
v -0.00036878 0.00264545 0.02909969
v -0.00036878 0.00264545 0.02909969
v -0.00036878 0.00264545 0.02909969
v -0.00036878 0.00264545 0.02909969
v -0.00036878 0.00264545 0.02909969
v -0.00036878 0.00264545 0.02909969
v -0.00182564 0.00490577 0.02691779
v -0.00182564 0.00490577 0.02691779
v -0.00182564 0.00490577 0.02691779
v -0.00182564 0.00490577 0.02691779
v -0.00182564 0.00490577 0.02691779
v 0.00495531 -0.01019334 -0.02740827
v 0.00495531 -0.01019334 -0.02740827
v 0.00495531 -0.01019334 -0.02740827
v 0.00495531 -0.01019334 -0.02740827
v 0.00495531 -0.01019334 -0.02740827
v 0.00495531 -0.00865614 -0.02795620
v 0.00495531 -0.00865614 -0.02795620
v 0.00495531 -0.00865614 -0.02795620
v 0.00495531 -0.00865614 -0.02795620
v 0.00712053 -0.00865614 -0.02740827
v 0.00712053 -0.00865614 -0.02740827
v 0.00712053 -0.00865614 -0.02740827
v 0.00712053 -0.00865614 -0.02740827
v 0.00712053 -0.00865614 -0.02740827
v 0.00712053 -0.00865614 -0.02740827
v 0.00712053 -0.00865614 -0.02740827
v 0.00495531 -0.01592045 -0.02288764
v 0.00495531 -0.01592045 -0.02288764
v 0.00495531 -0.01592045 -0.02288764
v 0.00495531 -0.01592045 -0.02288764
v 0.00495531 -0.01317675 -0.02580455
v 0.00495531 -0.01317675 -0.02580455
v 0.00495531 -0.01317675 -0.02580455
v 0.00495531 -0.01317675 -0.02580455
v 0.00495531 -0.01317675 -0.02580455
v 0.00495531 -0.01317675 -0.02580455
v 0.00495531 -0.01317675 -0.02580455
v 0.00495531 -0.01317675 -0.02580455
v 0.00495531 -0.01317675 -0.02580455
v 0.00947594 -0.01360195 -0.02288764
v 0.00947594 -0.01360195 -0.02288764
v 0.00947594 -0.01360195 -0.02288764
v 0.00947594 -0.01360195 -0.02288764
v 0.00947594 -0.01360195 -0.02288764
v 0.00947594 -0.01317675 -0.02343916
v 0.00947594 -0.01317675 -0.02343916
v 0.00947594 -0.01317675 -0.02343916
v 0.00947594 -0.01317675 -0.02343916
v 0.00947594 -0.01317675 -0.02343916
v 0.00947594 -0.01317675 -0.02343916
v 0.00947594 -0.01317675 -0.02343916
v 0.00947594 -0.00865614 -0.02652695
v 0.00947594 -0.00865614 -0.02652695
v 0.00947594 -0.00865614 -0.02652695
v 0.00947594 -0.00865614 -0.02652695
v 0.00947594 -0.00865614 -0.02652695
v 0.00947594 -0.00865614 -0.02652695
v 0.00947594 -0.00865614 -0.02652695
v 0.00947594 -0.00865614 -0.02652695
v 0.01003839 -0.01317675 -0.02288764
v 0.01003839 -0.01317675 -0.02288764
v 0.01003839 -0.01317675 -0.02288764
v 0.01003839 -0.01317675 -0.02288764
v 0.01003839 -0.01317675 -0.02288764
v 0.01380990 -0.00865614 -0.02288764
v 0.01380990 -0.00865614 -0.02288764
v 0.01380990 -0.00865614 -0.02288764
v 0.01380990 -0.00865614 -0.02288764
v 0.00495531 -0.00413550 -0.02901416
v 0.00495531 -0.00413550 -0.02901416
v 0.00495531 -0.00413550 -0.02901416
v 0.00495531 -0.00413550 -0.02901416
v 0.00495531 -0.00413550 -0.02901416
v 0.00495531 -0.00413550 -0.02901416
v 0.00495531 -0.00413550 -0.02901416
v 0.00495531 -0.00413550 -0.02901416
v 0.00947594 -0.00589771 -0.02740827
v 0.00947594 -0.00589771 -0.02740827
v 0.00947594 -0.00589771 -0.02740827
v 0.00947594 -0.00589771 -0.02740827
v 0.00947594 -0.00589771 -0.02740827
v 0.00947594 -0.00589771 -0.02740827
v 0.00947594 -0.00413550 -0.02780708
v 0.00947594 -0.00413550 -0.02780708
v 0.00947594 -0.00413550 -0.02780708
v 0.00947594 -0.00413550 -0.02780708
v 0.01046981 -0.00413550 -0.02740827
v 0.01046981 -0.00413550 -0.02740827
v 0.01046981 -0.00413550 -0.02740827
v 0.01046981 -0.00413550 -0.02740827
v 0.01046981 -0.00413550 -0.02740827
v 0.01399660 -0.00831031 -0.02288764
v 0.01399660 -0.00831031 -0.02288764
v 0.01399660 -0.00831031 -0.02288764
v 0.01399660 -0.00831031 -0.02288764
v 0.01399660 -0.00831031 -0.02288764
v 0.01399660 -0.00831031 -0.02288764
v 0.01399660 -0.00413550 -0.02509015
v 0.01399660 -0.00413550 -0.02509015
v 0.01399660 -0.00413550 -0.02509015
v 0.01399660 -0.00413550 -0.02509015
v 0.01399660 -0.00413550 -0.02509015
v 0.01399660 -0.00413550 -0.02509015
v 0.01399660 -0.00413550 -0.02509015
v 0.01399660 -0.00413550 -0.02509015
v 0.01399660 -0.00413550 -0.02509015
v 0.01568610 -0.00413550 -0.02288764
v 0.01568610 -0.00413550 -0.02288764
v 0.01568610 -0.00413550 -0.02288764
v 0.01568610 -0.00413550 -0.02288764
v 0.01568610 -0.00413550 -0.02288764
v 0.00269499 -0.01647655 -0.02288764
v 0.00269499 -0.01647655 -0.02288764
v 0.00269499 -0.01647655 -0.02288764
v 0.00269499 -0.01647655 -0.02288764
v 0.00269499 -0.01647655 -0.02288764
v 0.00269499 -0.01647655 -0.02288764
v 0.00269499 -0.01728075 -0.02062732
v 0.00269499 -0.01728075 -0.02062732
v 0.00269499 -0.01728075 -0.02062732
v 0.00269499 -0.01728075 -0.02062732
v 0.00269499 -0.01728075 -0.02062732
v 0.00269499 -0.01728075 -0.02062732
v 0.00495531 -0.01675885 -0.02062732
v 0.00495531 -0.01675885 -0.02062732
v 0.00495531 -0.01675885 -0.02062732
v 0.00495531 -0.01675885 -0.02062732
v 0.00495531 -0.01675885 -0.02062732
v 0.00495531 -0.01675885 -0.02062732
v 0.00495531 -0.01675885 -0.02062732
v 0.00495531 -0.01675885 -0.02062732
v 0.00269499 -0.01751195 -0.01836702
v 0.00269499 -0.01751195 -0.01836702
v 0.00269499 -0.01751195 -0.01836702
v 0.00269499 -0.01751195 -0.01836702
v 0.00269499 -0.01751195 -0.01836702
v 0.00269499 -0.01751195 -0.01836702
v 0.00495531 -0.01703495 -0.01836702
v 0.00495531 -0.01703495 -0.01836702
v 0.00495531 -0.01703495 -0.01836702
v 0.00495531 -0.01703495 -0.01836702
v 0.00495531 -0.01703495 -0.01836702
v 0.00495531 -0.01703495 -0.01836702
v 0.00624041 -0.01543705 -0.02288764
v 0.00624041 -0.01543705 -0.02288764
v 0.00624041 -0.01543705 -0.02288764
v 0.00624041 -0.01543705 -0.02288764
v 0.00624041 -0.01543705 -0.02288764
v 0.00721562 -0.01588325 -0.02062732
v 0.00721562 -0.01588325 -0.02062732
v 0.00721562 -0.01588325 -0.02062732
v 0.00721562 -0.01588325 -0.02062732
v 0.00721562 -0.01543705 -0.02200248
v 0.00721562 -0.01543705 -0.02200248
v 0.00721562 -0.01543705 -0.02200248
v 0.00721562 -0.01543705 -0.02200248
v 0.00721562 -0.01543705 -0.02200248
v 0.00721562 -0.01543705 -0.02200248
v 0.00721562 -0.01543705 -0.02200248
v 0.00814612 -0.01543705 -0.02062732
v 0.00814612 -0.01543705 -0.02062732
v 0.00814612 -0.01543705 -0.02062732
v 0.00814612 -0.01543705 -0.02062732
v 0.00814612 -0.01543705 -0.02062732
v 0.00721562 -0.01498875 -0.02288764
v 0.00721562 -0.01498875 -0.02288764
v 0.00721562 -0.01498875 -0.02288764
v 0.00721562 -0.01498875 -0.02288764
v 0.00721562 -0.01498875 -0.02288764
v 0.00947594 -0.01467045 -0.02062732
v 0.00947594 -0.01467045 -0.02062732
v 0.00947594 -0.01467045 -0.02062732
v 0.00947594 -0.01467045 -0.02062732
v 0.00947594 -0.01467045 -0.02062732
v 0.00947594 -0.01467045 -0.02062732
v 0.00947594 -0.01467045 -0.02062732
v 0.00947594 -0.01467045 -0.02062732
v 0.00721562 -0.01620945 -0.01836702
v 0.00721562 -0.01620945 -0.01836702
v 0.00721562 -0.01620945 -0.01836702
v 0.00721562 -0.01620945 -0.01836702
v 0.00721562 -0.01620945 -0.01836702
v 0.00721562 -0.01620945 -0.01836702
v 0.00721562 -0.01620945 -0.01836702
v 0.00721562 -0.01620945 -0.01836702
v 0.00879466 -0.01543705 -0.01836702
v 0.00879466 -0.01543705 -0.01836702
v 0.00879466 -0.01543705 -0.01836702
v 0.00879466 -0.01543705 -0.01836702
v 0.00879466 -0.01543705 -0.01836702
v 0.00947594 -0.01503705 -0.01836702
v 0.00947594 -0.01503705 -0.01836702
v 0.00947594 -0.01503705 -0.01836702
v 0.00947594 -0.01503705 -0.01836702
v 0.00947594 -0.01503705 -0.01836702
v 0.00947594 -0.01503705 -0.01836702
v 0.00947594 -0.01503705 -0.01836702
v 0.00269499 -0.01734435 -0.01610672
v 0.00269499 -0.01734435 -0.01610672
v 0.00269499 -0.01734435 -0.01610672
v 0.00269499 -0.01734435 -0.01610672
v 0.00269499 -0.01734435 -0.01610672
v 0.00269499 -0.01734435 -0.01610672
v 0.00495531 -0.01691565 -0.01610672
v 0.00495531 -0.01691565 -0.01610672
v 0.00495531 -0.01691565 -0.01610672
v 0.00495531 -0.01691565 -0.01610672
v 0.00495531 -0.01691565 -0.01610672
v 0.00495531 -0.01691565 -0.01610672
v 0.00269499 -0.01685885 -0.01384641
v 0.00269499 -0.01685885 -0.01384641
v 0.00269499 -0.01685885 -0.01384641
v 0.00269499 -0.01685885 -0.01384641
v 0.00269499 -0.01685885 -0.01384641
v 0.00269499 -0.01685885 -0.01384641
v 0.00495531 -0.01646695 -0.01384641
v 0.00495531 -0.01646695 -0.01384641
v 0.00495531 -0.01646695 -0.01384641
v 0.00495531 -0.01646695 -0.01384641
v 0.00495531 -0.01646695 -0.01384641
v 0.00495531 -0.01646695 -0.01384641
v 0.00495531 -0.01646695 -0.01384641
v 0.00495531 -0.01646695 -0.01384641
v 0.00721562 -0.01614265 -0.01610672
v 0.00721562 -0.01614265 -0.01610672
v 0.00721562 -0.01614265 -0.01610672
v 0.00721562 -0.01614265 -0.01610672
v 0.00721562 -0.01614265 -0.01610672
v 0.00721562 -0.01614265 -0.01610672
v 0.00870317 -0.01543705 -0.01610672
v 0.00870317 -0.01543705 -0.01610672
v 0.00870317 -0.01543705 -0.01610672
v 0.00870317 -0.01543705 -0.01610672
v 0.00870317 -0.01543705 -0.01610672
v 0.00870317 -0.01543705 -0.01610672
v 0.00870317 -0.01543705 -0.01610672
v 0.00947594 -0.01498195 -0.01610672
v 0.00947594 -0.01498195 -0.01610672
v 0.00947594 -0.01498195 -0.01610672
v 0.00947594 -0.01498195 -0.01610672
v 0.00947594 -0.01498195 -0.01610672
v 0.00947594 -0.01498195 -0.01610672
v 0.00721562 -0.01571915 -0.01384641
v 0.00721562 -0.01571915 -0.01384641
v 0.00721562 -0.01571915 -0.01384641
v 0.00721562 -0.01571915 -0.01384641
v 0.00785417 -0.01543705 -0.01384641
v 0.00785417 -0.01543705 -0.01384641
v 0.00785417 -0.01543705 -0.01384641
v 0.00785417 -0.01543705 -0.01384641
v 0.00785417 -0.01543705 -0.01384641
v 0.00947594 -0.01448935 -0.01384641
v 0.00947594 -0.01448935 -0.01384641
v 0.00947594 -0.01448935 -0.01384641
v 0.00947594 -0.01448935 -0.01384641
v 0.00947594 -0.01448935 -0.01384641
v 0.00947594 -0.01448935 -0.01384641
v 0.00947594 -0.01448935 -0.01384641
v 0.00947594 -0.01448935 -0.01384641
v 0.01136620 -0.01317675 -0.02062732
v 0.01136620 -0.01317675 -0.02062732
v 0.01136620 -0.01317675 -0.02062732
v 0.01136620 -0.01317675 -0.02062732
v 0.01136620 -0.01317675 -0.02062732
v 0.01173630 -0.01319635 -0.01836702
v 0.01173630 -0.01319635 -0.01836702
v 0.01173630 -0.01319635 -0.01836702
v 0.01173630 -0.01319635 -0.01836702
v 0.01173630 -0.01317675 -0.01866831
v 0.01173630 -0.01317675 -0.01866831
v 0.01173630 -0.01317675 -0.01866831
v 0.01173630 -0.01317675 -0.01866831
v 0.01173630 -0.01317675 -0.01866831
v 0.01173630 -0.01317675 -0.01866831
v 0.01173630 -0.01317675 -0.01866831
v 0.01173630 -0.01317675 -0.01866831
v 0.01175530 -0.01317675 -0.01836702
v 0.01175530 -0.01317675 -0.01836702
v 0.01175530 -0.01317675 -0.01836702
v 0.01175530 -0.01317675 -0.01836702
v 0.01173630 -0.01159462 -0.02288764
v 0.01173630 -0.01159462 -0.02288764
v 0.01173630 -0.01159462 -0.02288764
v 0.01173630 -0.01159462 -0.02288764
v 0.01173630 -0.01159462 -0.02288764
v 0.01173630 -0.01159462 -0.02288764
v 0.01173630 -0.01159462 -0.02288764
v 0.01173630 -0.01280925 -0.02062732
v 0.01173630 -0.01280925 -0.02062732
v 0.01173630 -0.01280925 -0.02062732
v 0.01173630 -0.01280925 -0.02062732
v 0.01230870 -0.01091646 -0.02288764
v 0.01230870 -0.01091646 -0.02288764
v 0.01230870 -0.01091646 -0.02288764
v 0.01230870 -0.01091646 -0.02288764
v 0.01230870 -0.01091646 -0.02288764
v 0.01230870 -0.01091646 -0.02288764
v 0.01329680 -0.01091646 -0.02062732
v 0.01329680 -0.01091646 -0.02062732
v 0.01329680 -0.01091646 -0.02062732
v 0.01329680 -0.01091646 -0.02062732
v 0.01329680 -0.01091646 -0.02062732
v 0.01329680 -0.01091646 -0.02062732
v 0.01329680 -0.01091646 -0.02062732
v 0.01399660 -0.00984719 -0.02062732
v 0.01399660 -0.00984719 -0.02062732
v 0.01399660 -0.00984719 -0.02062732
v 0.01399660 -0.00984719 -0.02062732
v 0.01399660 -0.00984719 -0.02062732
v 0.01399660 -0.00984719 -0.02062732
v 0.01399660 -0.00865614 -0.02256129
v 0.01399660 -0.00865614 -0.02256129
v 0.01399660 -0.00865614 -0.02256129
v 0.01399660 -0.00865614 -0.02256129
v 0.01399660 -0.00865614 -0.02256129
v 0.01356510 -0.01091646 -0.01836702
v 0.01356510 -0.01091646 -0.01836702
v 0.01356510 -0.01091646 -0.01836702
v 0.01356510 -0.01091646 -0.01836702
v 0.01356510 -0.01091646 -0.01836702
v 0.01356510 -0.01091646 -0.01836702
v 0.01399660 -0.01023280 -0.01836702
v 0.01399660 -0.01023280 -0.01836702
v 0.01399660 -0.01023280 -0.01836702
v 0.01399660 -0.01023280 -0.01836702
v 0.01399660 -0.01023280 -0.01836702
v 0.01399660 -0.01023280 -0.01836702
v 0.01466410 -0.00865614 -0.02062732
v 0.01466410 -0.00865614 -0.02062732
v 0.01466410 -0.00865614 -0.02062732
v 0.01466410 -0.00865614 -0.02062732
v 0.01466410 -0.00865614 -0.02062732
v 0.01466410 -0.00865614 -0.02062732
v 0.01486080 -0.00865614 -0.01836702
v 0.01486080 -0.00865614 -0.01836702
v 0.01486080 -0.00865614 -0.01836702
v 0.01486080 -0.00865614 -0.01836702
v 0.01486080 -0.00865614 -0.01836702
v 0.01486080 -0.00865614 -0.01836702
v 0.01486080 -0.00865614 -0.01836702
v 0.01486080 -0.00865614 -0.01836702
v 0.01162930 -0.01317675 -0.01610672
v 0.01162930 -0.01317675 -0.01610672
v 0.01162930 -0.01317675 -0.01610672
v 0.01162930 -0.01317675 -0.01610672
v 0.01173630 -0.01317675 -0.01709331
v 0.01173630 -0.01317675 -0.01709331
v 0.01173630 -0.01317675 -0.01709331
v 0.01173630 -0.01317675 -0.01709331
v 0.01173630 -0.01317675 -0.01709331
v 0.01173630 -0.01317675 -0.01709331
v 0.01173630 -0.01317675 -0.01709331
v 0.01173630 -0.01317675 -0.01709331
v 0.01101770 -0.01317675 -0.01384641
v 0.01101770 -0.01317675 -0.01384641
v 0.01101770 -0.01317675 -0.01384641
v 0.01101770 -0.01317675 -0.01384641
v 0.01101770 -0.01317675 -0.01384641
v 0.01101770 -0.01317675 -0.01384641
v 0.01173630 -0.01306185 -0.01610672
v 0.01173630 -0.01306185 -0.01610672
v 0.01173630 -0.01306185 -0.01610672
v 0.01173630 -0.01306185 -0.01610672
v 0.01173630 -0.01306185 -0.01610672
v 0.01340740 -0.01091646 -0.01610672
v 0.01340740 -0.01091646 -0.01610672
v 0.01340740 -0.01091646 -0.01610672
v 0.01340740 -0.01091646 -0.01610672
v 0.01340740 -0.01091646 -0.01610672
v 0.01340740 -0.01091646 -0.01610672
v 0.01340740 -0.01091646 -0.01610672
v 0.01399660 -0.00996305 -0.01610672
v 0.01399660 -0.00996305 -0.01610672
v 0.01399660 -0.00996305 -0.01610672
v 0.01399660 -0.00996305 -0.01610672
v 0.01399660 -0.00996305 -0.01610672
v 0.01399660 -0.00996305 -0.01610672
v 0.01173630 -0.01239717 -0.01384641
v 0.01173630 -0.01239717 -0.01384641
v 0.01173630 -0.01239717 -0.01384641
v 0.01173630 -0.01239717 -0.01384641
v 0.01173630 -0.01239717 -0.01384641
v 0.01173630 -0.01239717 -0.01384641
v 0.01288710 -0.01091646 -0.01384641
v 0.01288710 -0.01091646 -0.01384641
v 0.01288710 -0.01091646 -0.01384641
v 0.01288710 -0.01091646 -0.01384641
v 0.01288710 -0.01091646 -0.01384641
v 0.01288710 -0.01091646 -0.01384641
v 0.01288710 -0.01091646 -0.01384641
v 0.01288710 -0.01091646 -0.01384641
v 0.01399660 -0.00915371 -0.01384641
v 0.01399660 -0.00915371 -0.01384641
v 0.01399660 -0.00915371 -0.01384641
v 0.01399660 -0.00915371 -0.01384641
v 0.01399660 -0.00915371 -0.01384641
v 0.01468960 -0.00865614 -0.01610672
v 0.01468960 -0.00865614 -0.01610672
v 0.01468960 -0.00865614 -0.01610672
v 0.01468960 -0.00865614 -0.01610672
v 0.01468960 -0.00865614 -0.01610672
v 0.01468960 -0.00865614 -0.01610672
v 0.01425670 -0.00865614 -0.01384641
v 0.01425670 -0.00865614 -0.01384641
v 0.01425670 -0.00865614 -0.01384641
v 0.01425670 -0.00865614 -0.01384641
v 0.01490320 -0.00639582 -0.02288764
v 0.01490320 -0.00639582 -0.02288764
v 0.01490320 -0.00639582 -0.02288764
v 0.01490320 -0.00639582 -0.02288764
v 0.01490320 -0.00639582 -0.02288764
v 0.01490320 -0.00639582 -0.02288764
v 0.01568450 -0.00639582 -0.02062732
v 0.01568450 -0.00639582 -0.02062732
v 0.01568450 -0.00639582 -0.02062732
v 0.01568450 -0.00639582 -0.02062732
v 0.01568450 -0.00639582 -0.02062732
v 0.01568450 -0.00639582 -0.02062732
v 0.01568450 -0.00639582 -0.02062732
v 0.01625690 -0.00462820 -0.02062732
v 0.01625690 -0.00462820 -0.02062732
v 0.01625690 -0.00462820 -0.02062732
v 0.01625690 -0.00462820 -0.02062732
v 0.01625690 -0.00462820 -0.02062732
v 0.01625690 -0.00413550 -0.02129086
v 0.01625690 -0.00413550 -0.02129086
v 0.01625690 -0.00413550 -0.02129086
v 0.01625690 -0.00413550 -0.02129086
v 0.01625690 -0.00413550 -0.02129086
v 0.01625690 -0.00413550 -0.02129086
v 0.01625690 -0.00413550 -0.02129086
v 0.01638520 -0.00413550 -0.02062732
v 0.01638520 -0.00413550 -0.02062732
v 0.01638520 -0.00413550 -0.02062732
v 0.01638520 -0.00413550 -0.02062732
v 0.01583960 -0.00639582 -0.01836702
v 0.01583960 -0.00639582 -0.01836702
v 0.01583960 -0.00639582 -0.01836702
v 0.01583960 -0.00639582 -0.01836702
v 0.01625690 -0.00511452 -0.01836702
v 0.01625690 -0.00511452 -0.01836702
v 0.01625690 -0.00511452 -0.01836702
v 0.01625690 -0.00511452 -0.01836702
v 0.01625690 -0.00511452 -0.01836702
v 0.01625690 -0.00511452 -0.01836702
v 0.01651980 -0.00413550 -0.01836702
v 0.01651980 -0.00413550 -0.01836702
v 0.01651980 -0.00413550 -0.01836702
v 0.01651980 -0.00413550 -0.01836702
v 0.01651980 -0.00413550 -0.01836702
v 0.01651980 -0.00413550 -0.01836702
v 0.01651980 -0.00413550 -0.01836702
v 0.01651980 -0.00413550 -0.01836702
v 0.01616480 -0.00187519 -0.02288764
v 0.01616480 -0.00187519 -0.02288764
v 0.01616480 -0.00187519 -0.02288764
v 0.01616480 -0.00187519 -0.02288764
v 0.01616480 -0.00187519 -0.02288764
v 0.01625690 -0.00187519 -0.02268070
v 0.01625690 -0.00187519 -0.02268070
v 0.01625690 -0.00187519 -0.02268070
v 0.01625690 -0.00187519 -0.02268070
v 0.01625690 -0.00187519 -0.02268070
v 0.01681620 -0.00187519 -0.02062732
v 0.01681620 -0.00187519 -0.02062732
v 0.01681620 -0.00187519 -0.02062732
v 0.01681620 -0.00187519 -0.02062732
v 0.01681620 -0.00187519 -0.02062732
v 0.01681620 -0.00187519 -0.02062732
v 0.01681620 -0.00187519 -0.02062732
v 0.01625690 -0.00116522 -0.02288764
v 0.01625690 -0.00116522 -0.02288764
v 0.01625690 -0.00116522 -0.02288764
v 0.01625690 -0.00116522 -0.02288764
v 0.01625690 -0.00116522 -0.02288764
v 0.01625690 -0.00116522 -0.02288764
v 0.01695470 -0.00187519 -0.01836702
v 0.01695470 -0.00187519 -0.01836702
v 0.01695470 -0.00187519 -0.01836702
v 0.01695470 -0.00187519 -0.01836702
v 0.01695470 -0.00187519 -0.01836702
v 0.01695470 -0.00187519 -0.01836702
v 0.01565770 -0.00639582 -0.01610672
v 0.01565770 -0.00639582 -0.01610672
v 0.01565770 -0.00639582 -0.01610672
v 0.01565770 -0.00639582 -0.01610672
v 0.01565770 -0.00639582 -0.01610672
v 0.01565770 -0.00639582 -0.01610672
v 0.01565770 -0.00639582 -0.01610672
v 0.01625690 -0.00444366 -0.01610672
v 0.01625690 -0.00444366 -0.01610672
v 0.01625690 -0.00444366 -0.01610672
v 0.01625690 -0.00444366 -0.01610672
v 0.01625690 -0.00444366 -0.01610672
v 0.01633370 -0.00413550 -0.01610672
v 0.01633370 -0.00413550 -0.01610672
v 0.01633370 -0.00413550 -0.01610672
v 0.01633370 -0.00413550 -0.01610672
v 0.01525890 -0.00639582 -0.01384641
v 0.01525890 -0.00639582 -0.01384641
v 0.01525890 -0.00639582 -0.01384641
v 0.01525890 -0.00639582 -0.01384641
v 0.01525890 -0.00639582 -0.01384641
v 0.01525890 -0.00639582 -0.01384641
v 0.01525890 -0.00639582 -0.01384641
v 0.01525890 -0.00639582 -0.01384641
v 0.01525890 -0.00639582 -0.01384641
v 0.01597330 -0.00413550 -0.01384641
v 0.01597330 -0.00413550 -0.01384641
v 0.01597330 -0.00413550 -0.01384641
v 0.01597330 -0.00413550 -0.01384641
v 0.01625690 -0.00413550 -0.01554801
v 0.01625690 -0.00413550 -0.01554801
v 0.01625690 -0.00413550 -0.01554801
v 0.01625690 -0.00413550 -0.01554801
v 0.01625690 -0.00413550 -0.01554801
v 0.01625690 -0.00413550 -0.01554801
v 0.01625690 -0.00413550 -0.01554801
v 0.01676050 -0.00187519 -0.01610672
v 0.01676050 -0.00187519 -0.01610672
v 0.01676050 -0.00187519 -0.01610672
v 0.01676050 -0.00187519 -0.01610672
v 0.01676050 -0.00187519 -0.01610672
v 0.01676050 -0.00187519 -0.01610672
v 0.01676050 -0.00187519 -0.01610672
v 0.01676050 -0.00187519 -0.01610672
v 0.01625690 -0.00279418 -0.01384641
v 0.01625690 -0.00279418 -0.01384641
v 0.01625690 -0.00279418 -0.01384641
v 0.01625690 -0.00279418 -0.01384641
v 0.01625690 -0.00279418 -0.01384641
v 0.01625690 -0.00279418 -0.01384641
v 0.01639070 -0.00187519 -0.01384641
v 0.01639070 -0.00187519 -0.01384641
v 0.01639070 -0.00187519 -0.01384641
v 0.01639070 -0.00187519 -0.01384641
v 0.00269499 -0.01615215 -0.01158601
v 0.00269499 -0.01615215 -0.01158601
v 0.00269499 -0.01615215 -0.01158601
v 0.00269499 -0.01615215 -0.01158601
v 0.00269499 -0.01615215 -0.01158601
v 0.00269499 -0.01615215 -0.01158601
v 0.00495531 -0.01570925 -0.01158601
v 0.00495531 -0.01570925 -0.01158601
v 0.00495531 -0.01570925 -0.01158601
v 0.00495531 -0.01570925 -0.01158601
v 0.00269499 -0.01543705 -0.00980521
v 0.00269499 -0.01543705 -0.00980521
v 0.00269499 -0.01543705 -0.00980521
v 0.00269499 -0.01543705 -0.00980521
v 0.00269499 -0.01543705 -0.00980521
v 0.00269499 -0.01543705 -0.00980521
v 0.00495531 -0.01543705 -0.01095451
v 0.00495531 -0.01543705 -0.01095451
v 0.00495531 -0.01543705 -0.01095451
v 0.00495531 -0.01543705 -0.01095451
v 0.00495531 -0.01543705 -0.01095451
v 0.00269499 -0.01520925 -0.00932571
v 0.00269499 -0.01520925 -0.00932571
v 0.00269499 -0.01520925 -0.00932571
v 0.00269499 -0.01520925 -0.00932571
v 0.00269499 -0.01520925 -0.00932571
v 0.00269499 -0.01520925 -0.00932571
v 0.00495531 -0.01458295 -0.00932571
v 0.00495531 -0.01458295 -0.00932571
v 0.00495531 -0.01458295 -0.00932571
v 0.00495531 -0.01458295 -0.00932571
v 0.00495531 -0.01458295 -0.00932571
v 0.00495531 -0.01458295 -0.00932571
v 0.00495531 -0.01458295 -0.00932571
v 0.00495531 -0.01458295 -0.00932571
v 0.00495531 -0.01458295 -0.00932571
v 0.00495531 -0.01458295 -0.00932571
v 0.00584317 -0.01543705 -0.01158601
v 0.00584317 -0.01543705 -0.01158601
v 0.00584317 -0.01543705 -0.01158601
v 0.00584317 -0.01543705 -0.01158601
v 0.00584317 -0.01543705 -0.01158601
v 0.00584317 -0.01543705 -0.01158601
v 0.00721562 -0.01543705 -0.01291841
v 0.00721562 -0.01543705 -0.01291841
v 0.00721562 -0.01543705 -0.01291841
v 0.00721562 -0.01543705 -0.01291841
v 0.00721562 -0.01543705 -0.01291841
v 0.00721562 -0.01543705 -0.01291841
v 0.00721562 -0.01487995 -0.01158601
v 0.00721562 -0.01487995 -0.01158601
v 0.00721562 -0.01487995 -0.01158601
v 0.00721562 -0.01487995 -0.01158601
v 0.00721562 -0.01487995 -0.01158601
v 0.00721562 -0.01487995 -0.01158601
v 0.00721562 -0.01487995 -0.01158601
v 0.00721562 -0.01487995 -0.01158601
v 0.00947594 -0.01344085 -0.01158601
v 0.00947594 -0.01344085 -0.01158601
v 0.00947594 -0.01344085 -0.01158601
v 0.00947594 -0.01344085 -0.01158601
v 0.00721562 -0.01349575 -0.00932571
v 0.00721562 -0.01349575 -0.00932571
v 0.00721562 -0.01349575 -0.00932571
v 0.00721562 -0.01349575 -0.00932571
v 0.00773377 -0.01317675 -0.00932571
v 0.00773377 -0.01317675 -0.00932571
v 0.00773377 -0.01317675 -0.00932571
v 0.00773377 -0.01317675 -0.00932571
v 0.00773377 -0.01317675 -0.00932571
v 0.00773377 -0.01317675 -0.00932571
v 0.00947594 -0.01317675 -0.01115941
v 0.00947594 -0.01317675 -0.01115941
v 0.00947594 -0.01317675 -0.01115941
v 0.00947594 -0.01317675 -0.01115941
v 0.00947594 -0.01317675 -0.01115941
v 0.00947594 -0.01317675 -0.01115941
v 0.00947594 -0.01317675 -0.01115941
v 0.00947594 -0.01177550 -0.00932571
v 0.00947594 -0.01177550 -0.00932571
v 0.00947594 -0.01177550 -0.00932571
v 0.00947594 -0.01177550 -0.00932571
v 0.00947594 -0.01177550 -0.00932571
v 0.00947594 -0.01177550 -0.00932571
v 0.00269499 -0.01394725 -0.00706541
v 0.00269499 -0.01394725 -0.00706541
v 0.00269499 -0.01394725 -0.00706541
v 0.00269499 -0.01394725 -0.00706541
v 0.00269499 -0.01394725 -0.00706541
v 0.00269499 -0.01394725 -0.00706541
v 0.00495531 -0.01319065 -0.00706541
v 0.00495531 -0.01319065 -0.00706541
v 0.00495531 -0.01319065 -0.00706541
v 0.00495531 -0.01319065 -0.00706541
v 0.00269499 -0.01317675 -0.00574301
v 0.00269499 -0.01317675 -0.00574301
v 0.00269499 -0.01317675 -0.00574301
v 0.00269499 -0.01317675 -0.00574301
v 0.00269499 -0.01317675 -0.00574301
v 0.00269499 -0.01317675 -0.00574301
v 0.00495531 -0.01317675 -0.00704301
v 0.00495531 -0.01317675 -0.00704301
v 0.00495531 -0.01317675 -0.00704301
v 0.00495531 -0.01317675 -0.00704301
v 0.00495531 -0.01317675 -0.00704301
v 0.00498466 -0.01317675 -0.00706541
v 0.00498466 -0.01317675 -0.00706541
v 0.00498466 -0.01317675 -0.00706541
v 0.00498466 -0.01317675 -0.00706541
v 0.00498466 -0.01317675 -0.00706541
v 0.00498466 -0.01317675 -0.00706541
v 0.00721562 -0.01317675 -0.00887771
v 0.00721562 -0.01317675 -0.00887771
v 0.00721562 -0.01317675 -0.00887771
v 0.00721562 -0.01317675 -0.00887771
v 0.00721562 -0.01317675 -0.00887771
v 0.00269499 -0.01262807 -0.00480511
v 0.00269499 -0.01262807 -0.00480511
v 0.00269499 -0.01262807 -0.00480511
v 0.00269499 -0.01262807 -0.00480511
v 0.00269499 -0.01262807 -0.00480511
v 0.00269499 -0.01262807 -0.00480511
v 0.00269499 -0.01262807 -0.00480511
v 0.00495531 -0.01168902 -0.00480511
v 0.00495531 -0.01168902 -0.00480511
v 0.00495531 -0.01168902 -0.00480511
v 0.00495531 -0.01168902 -0.00480511
v 0.00495531 -0.01168902 -0.00480511
v 0.00495531 -0.01168902 -0.00480511
v 0.00495531 -0.01168902 -0.00480511
v 0.00721562 -0.01177332 -0.00706541
v 0.00721562 -0.01177332 -0.00706541
v 0.00721562 -0.01177332 -0.00706541
v 0.00721562 -0.01177332 -0.00706541
v 0.00721562 -0.01177332 -0.00706541
v 0.00721562 -0.01177332 -0.00706541
v 0.00721562 -0.01177332 -0.00706541
v 0.00721562 -0.01177332 -0.00706541
v 0.00820419 -0.01091646 -0.00706541
v 0.00820419 -0.01091646 -0.00706541
v 0.00820419 -0.01091646 -0.00706541
v 0.00820419 -0.01091646 -0.00706541
v 0.00820419 -0.01091646 -0.00706541
v 0.00820419 -0.01091646 -0.00706541
v 0.00947594 -0.01091646 -0.00839501
v 0.00947594 -0.01091646 -0.00839501
v 0.00947594 -0.01091646 -0.00839501
v 0.00947594 -0.01091646 -0.00839501
v 0.00947594 -0.00955822 -0.00706541
v 0.00947594 -0.00955822 -0.00706541
v 0.00947594 -0.00955822 -0.00706541
v 0.00947594 -0.00955822 -0.00706541
v 0.00947594 -0.00955822 -0.00706541
v 0.00947594 -0.00955822 -0.00706541
v 0.00604807 -0.01091646 -0.00480511
v 0.00604807 -0.01091646 -0.00480511
v 0.00604807 -0.01091646 -0.00480511
v 0.00604807 -0.01091646 -0.00480511
v 0.00604807 -0.01091646 -0.00480511
v 0.00721562 -0.01091646 -0.00604121
v 0.00721562 -0.01091646 -0.00604121
v 0.00721562 -0.01091646 -0.00604121
v 0.00721562 -0.01091646 -0.00604121
v 0.00721562 -0.01091646 -0.00604121
v 0.00721562 -0.00985671 -0.00480511
v 0.00721562 -0.00985671 -0.00480511
v 0.00721562 -0.00985671 -0.00480511
v 0.00721562 -0.00985671 -0.00480511
v 0.00721562 -0.00985671 -0.00480511
v 0.00828427 -0.00865614 -0.00480511
v 0.00828427 -0.00865614 -0.00480511
v 0.00828427 -0.00865614 -0.00480511
v 0.00828427 -0.00865614 -0.00480511
v 0.00828427 -0.00865614 -0.00480511
v 0.00828427 -0.00865614 -0.00480511
v 0.00828427 -0.00865614 -0.00480511
v 0.00828427 -0.00865614 -0.00480511
v 0.00828427 -0.00865614 -0.00480511
v 0.00947594 -0.00865614 -0.00626592
v 0.00947594 -0.00865614 -0.00626592
v 0.00947594 -0.00865614 -0.00626592
v 0.00947594 -0.00865614 -0.00626592
v 0.00978928 -0.01317675 -0.01158601
v 0.00978928 -0.01317675 -0.01158601
v 0.00978928 -0.01317675 -0.01158601
v 0.00978928 -0.01317675 -0.01158601
v 0.00978928 -0.01317675 -0.01158601
v 0.00978928 -0.01317675 -0.01158601
v 0.00978928 -0.01317675 -0.01158601
v 0.01173630 -0.01112718 -0.01158601
v 0.01173630 -0.01112718 -0.01158601
v 0.01173630 -0.01112718 -0.01158601
v 0.01173630 -0.01112718 -0.01158601
v 0.01173630 -0.01112718 -0.01158601
v 0.01190600 -0.01091646 -0.01158601
v 0.01190600 -0.01091646 -0.01158601
v 0.01190600 -0.01091646 -0.01158601
v 0.01190600 -0.01091646 -0.01158601
v 0.01350100 -0.00865614 -0.01158601
v 0.01350100 -0.00865614 -0.01158601
v 0.01350100 -0.00865614 -0.01158601
v 0.01350100 -0.00865614 -0.01158601
v 0.01350100 -0.00865614 -0.01158601
v 0.01350100 -0.00865614 -0.01158601
v 0.01350100 -0.00865614 -0.01158601
v 0.01399660 -0.00865614 -0.01289952
v 0.01399660 -0.00865614 -0.01289952
v 0.01399660 -0.00865614 -0.01289952
v 0.01399660 -0.00865614 -0.01289952
v 0.01399660 -0.00865614 -0.01289952
v 0.01399660 -0.00865614 -0.01289952
v 0.01030499 -0.01091646 -0.00932571
v 0.01030499 -0.01091646 -0.00932571
v 0.01030499 -0.01091646 -0.00932571
v 0.01030499 -0.01091646 -0.00932571
v 0.01030499 -0.01091646 -0.00932571
v 0.01030499 -0.01091646 -0.00932571
v 0.01030499 -0.01091646 -0.00932571
v 0.01173630 -0.01091646 -0.01129111
v 0.01173630 -0.01091646 -0.01129111
v 0.01173630 -0.01091646 -0.01129111
v 0.01173630 -0.01091646 -0.01129111
v 0.01173630 -0.01091646 -0.01129111
v 0.01173630 -0.01091646 -0.01129111
v 0.01173630 -0.01091646 -0.01129111
v 0.01173630 -0.00917566 -0.00932571
v 0.01173630 -0.00917566 -0.00932571
v 0.01173630 -0.00917566 -0.00932571
v 0.01173630 -0.00917566 -0.00932571
v 0.01173630 -0.00917566 -0.00932571
v 0.01173630 -0.00917566 -0.00932571
v 0.01211030 -0.00865614 -0.00932571
v 0.01211030 -0.00865614 -0.00932571
v 0.01211030 -0.00865614 -0.00932571
v 0.01211030 -0.00865614 -0.00932571
v 0.01211030 -0.00865614 -0.00932571
v 0.01211030 -0.00865614 -0.00932571
v 0.01018614 -0.00865614 -0.00706541
v 0.01018614 -0.00865614 -0.00706541
v 0.01018614 -0.00865614 -0.00706541
v 0.01018614 -0.00865614 -0.00706541
v 0.01018614 -0.00865614 -0.00706541
v 0.01018614 -0.00865614 -0.00706541
v 0.01018614 -0.00865614 -0.00706541
v 0.01018614 -0.00865614 -0.00706541
v 0.01173630 -0.00865614 -0.00884831
v 0.01173630 -0.00865614 -0.00884831
v 0.01173630 -0.00865614 -0.00884831
v 0.01173630 -0.00865614 -0.00884831
v 0.01173630 -0.00865614 -0.00884831
v 0.01173630 -0.00865614 -0.00884831
v 0.00947594 -0.00703496 -0.00480511
v 0.00947594 -0.00703496 -0.00480511
v 0.00947594 -0.00703496 -0.00480511
v 0.00947594 -0.00703496 -0.00480511
v 0.00947594 -0.00703496 -0.00480511
v 0.01399660 -0.00775413 -0.01158601
v 0.01399660 -0.00775413 -0.01158601
v 0.01399660 -0.00775413 -0.01158601
v 0.01399660 -0.00775413 -0.01158601
v 0.01399660 -0.00775413 -0.01158601
v 0.01399660 -0.00775413 -0.01158601
v 0.01348620 -0.00639582 -0.00932571
v 0.01348620 -0.00639582 -0.00932571
v 0.01348620 -0.00639582 -0.00932571
v 0.01348620 -0.00639582 -0.00932571
v 0.01348620 -0.00639582 -0.00932571
v 0.01348620 -0.00639582 -0.00932571
v 0.01348620 -0.00639582 -0.00932571
v 0.01399660 -0.00639582 -0.01017781
v 0.01399660 -0.00639582 -0.01017781
v 0.01399660 -0.00639582 -0.01017781
v 0.01399660 -0.00639582 -0.01017781
v 0.01399660 -0.00639582 -0.01017781
v 0.01399660 -0.00639582 -0.01017781
v 0.01399660 -0.00521813 -0.00932571
v 0.01399660 -0.00521813 -0.00932571
v 0.01399660 -0.00521813 -0.00932571
v 0.01399660 -0.00521813 -0.00932571
v 0.01399660 -0.00521813 -0.00932571
v 0.01399660 -0.00521813 -0.00932571
v 0.01461790 -0.00639582 -0.01158601
v 0.01461790 -0.00639582 -0.01158601
v 0.01461790 -0.00639582 -0.01158601
v 0.01461790 -0.00639582 -0.01158601
v 0.01538860 -0.00413550 -0.01158601
v 0.01538860 -0.00413550 -0.01158601
v 0.01538860 -0.00413550 -0.01158601
v 0.01538860 -0.00413550 -0.01158601
v 0.01538860 -0.00413550 -0.01158601
v 0.01538860 -0.00413550 -0.01158601
v 0.01538860 -0.00413550 -0.01158601
v 0.01538860 -0.00413550 -0.01158601
v 0.01538860 -0.00413550 -0.01158601
v 0.01538860 -0.00413550 -0.01158601
v 0.01434850 -0.00413550 -0.00932571
v 0.01434850 -0.00413550 -0.00932571
v 0.01434850 -0.00413550 -0.00932571
v 0.01434850 -0.00413550 -0.00932571
v 0.01580790 -0.00187519 -0.01158601
v 0.01580790 -0.00187519 -0.01158601
v 0.01580790 -0.00187519 -0.01158601
v 0.01580790 -0.00187519 -0.01158601
v 0.01580790 -0.00187519 -0.01158601
v 0.01580790 -0.00187519 -0.01158601
v 0.01625690 -0.00187519 -0.01319731
v 0.01625690 -0.00187519 -0.01319731
v 0.01625690 -0.00187519 -0.01319731
v 0.01625690 -0.00187519 -0.01319731
v 0.01625690 -0.00187519 -0.01319731
v 0.01625690 -0.00187519 -0.01319731
v 0.01477710 -0.00187519 -0.00932571
v 0.01477710 -0.00187519 -0.00932571
v 0.01477710 -0.00187519 -0.00932571
v 0.01477710 -0.00187519 -0.00932571
v 0.01477710 -0.00187519 -0.00932571
v 0.01477710 -0.00187519 -0.00932571
v 0.01170640 -0.00639582 -0.00706541
v 0.01170640 -0.00639582 -0.00706541
v 0.01170640 -0.00639582 -0.00706541
v 0.01170640 -0.00639582 -0.00706541
v 0.01170640 -0.00639582 -0.00706541
v 0.01173630 -0.00639582 -0.00709951
v 0.01173630 -0.00639582 -0.00709951
v 0.01173630 -0.00639582 -0.00709951
v 0.01173630 -0.00639582 -0.00709951
v 0.01173630 -0.00634318 -0.00706541
v 0.01173630 -0.00634318 -0.00706541
v 0.01173630 -0.00634318 -0.00706541
v 0.01173630 -0.00634318 -0.00706541
v 0.01173630 -0.00634318 -0.00706541
v 0.01173630 -0.00634318 -0.00706541
v 0.01275910 -0.00413550 -0.00706541
v 0.01275910 -0.00413550 -0.00706541
v 0.01275910 -0.00413550 -0.00706541
v 0.01275910 -0.00413550 -0.00706541
v 0.01275910 -0.00413550 -0.00706541
v 0.01275910 -0.00413550 -0.00706541
v 0.01275910 -0.00413550 -0.00706541
v 0.01399660 -0.00413550 -0.00875271
v 0.01399660 -0.00413550 -0.00875271
v 0.01399660 -0.00413550 -0.00875271
v 0.01399660 -0.00413550 -0.00875271
v 0.01399660 -0.00413550 -0.00875271
v 0.00988699 -0.00639582 -0.00480511
v 0.00988699 -0.00639582 -0.00480511
v 0.00988699 -0.00639582 -0.00480511
v 0.00988699 -0.00639582 -0.00480511
v 0.00988699 -0.00639582 -0.00480511
v 0.00988699 -0.00639582 -0.00480511
v 0.00988699 -0.00639582 -0.00480511
v 0.01109120 -0.00413550 -0.00480511
v 0.01109120 -0.00413550 -0.00480511
v 0.01109120 -0.00413550 -0.00480511
v 0.01109120 -0.00413550 -0.00480511
v 0.01109120 -0.00413550 -0.00480511
v 0.01109120 -0.00413550 -0.00480511
v 0.01109120 -0.00413550 -0.00480511
v 0.01173630 -0.00413550 -0.00574641
v 0.01173630 -0.00413550 -0.00574641
v 0.01173630 -0.00413550 -0.00574641
v 0.01173630 -0.00413550 -0.00574641
v 0.01173630 -0.00413550 -0.00574641
v 0.01173630 -0.00413550 -0.00574641
v 0.01332860 -0.00187519 -0.00706541
v 0.01332860 -0.00187519 -0.00706541
v 0.01332860 -0.00187519 -0.00706541
v 0.01332860 -0.00187519 -0.00706541
v 0.01332860 -0.00187519 -0.00706541
v 0.01332860 -0.00187519 -0.00706541
v 0.01332860 -0.00187519 -0.00706541
v 0.01332860 -0.00187519 -0.00706541
v 0.01399660 -0.00187519 -0.00804031
v 0.01399660 -0.00187519 -0.00804031
v 0.01399660 -0.00187519 -0.00804031
v 0.01399660 -0.00187519 -0.00804031
v 0.01399660 -0.00187519 -0.00804031
v 0.01399660 -0.00187519 -0.00804031
v 0.01173630 -0.00216913 -0.00480511
v 0.01173630 -0.00216913 -0.00480511
v 0.01173630 -0.00216913 -0.00480511
v 0.01173630 -0.00216913 -0.00480511
v 0.01173630 -0.00216913 -0.00480511
v 0.01173630 -0.00216913 -0.00480511
v 0.01180030 -0.00187519 -0.00480511
v 0.01180030 -0.00187519 -0.00480511
v 0.01180030 -0.00187519 -0.00480511
v 0.01180030 -0.00187519 -0.00480511
v 0.00269499 -0.01153878 -0.00254481
v 0.00269499 -0.01153878 -0.00254481
v 0.00269499 -0.01153878 -0.00254481
v 0.00269499 -0.01153878 -0.00254481
v 0.00269499 -0.01153878 -0.00254481
v 0.00269499 -0.01153878 -0.00254481
v 0.00269499 -0.01153878 -0.00254481
v 0.00428886 -0.01091646 -0.00254481
v 0.00428886 -0.01091646 -0.00254481
v 0.00428886 -0.01091646 -0.00254481
v 0.00428886 -0.01091646 -0.00254481
v 0.00428886 -0.01091646 -0.00254481
v 0.00495531 -0.01091646 -0.00355661
v 0.00495531 -0.01091646 -0.00355661
v 0.00495531 -0.01091646 -0.00355661
v 0.00495531 -0.01091646 -0.00355661
v 0.00495531 -0.01091646 -0.00355661
v 0.00495531 -0.01091646 -0.00355661
v 0.00495531 -0.01091646 -0.00355661
v 0.00495531 -0.01091646 -0.00355661
v 0.00495531 -0.01051749 -0.00254481
v 0.00495531 -0.01051749 -0.00254481
v 0.00495531 -0.01051749 -0.00254481
v 0.00495531 -0.01051749 -0.00254481
v 0.00495531 -0.01051749 -0.00254481
v 0.00269499 -0.01123428 -0.00028451
v 0.00269499 -0.01123428 -0.00028451
v 0.00269499 -0.01123428 -0.00028451
v 0.00269499 -0.01123428 -0.00028451
v 0.00378559 -0.01091646 -0.00028451
v 0.00378559 -0.01091646 -0.00028451
v 0.00378559 -0.01091646 -0.00028451
v 0.00378559 -0.01091646 -0.00028451
v 0.00378559 -0.01091646 -0.00028451
v 0.00378559 -0.01091646 -0.00028451
v 0.00495531 -0.01036062 -0.00028451
v 0.00495531 -0.01036062 -0.00028451
v 0.00495531 -0.01036062 -0.00028451
v 0.00495531 -0.01036062 -0.00028451
v 0.00495531 -0.01036062 -0.00028451
v 0.00495531 -0.01036062 -0.00028451
v 0.00495531 -0.01036062 -0.00028451
v 0.00495531 -0.01036062 -0.00028451
v 0.00705892 -0.00865614 -0.00254481
v 0.00705892 -0.00865614 -0.00254481
v 0.00705892 -0.00865614 -0.00254481
v 0.00705892 -0.00865614 -0.00254481
v 0.00705892 -0.00865614 -0.00254481
v 0.00705892 -0.00865614 -0.00254481
v 0.00721562 -0.00865614 -0.00301681
v 0.00721562 -0.00865614 -0.00301681
v 0.00721562 -0.00865614 -0.00301681
v 0.00721562 -0.00865614 -0.00301681
v 0.00721562 -0.00865614 -0.00301681
v 0.00721562 -0.00865614 -0.00301681
v 0.00721562 -0.00865614 -0.00301681
v 0.00699798 -0.00865614 -0.00028451
v 0.00699798 -0.00865614 -0.00028451
v 0.00699798 -0.00865614 -0.00028451
v 0.00699798 -0.00865614 -0.00028451
v 0.00269499 -0.01143086 0.00197589
v 0.00269499 -0.01143086 0.00197589
v 0.00269499 -0.01143086 0.00197589
v 0.00269499 -0.01143086 0.00197589
v 0.00269499 -0.01143086 0.00197589
v 0.00269499 -0.01143086 0.00197589
v 0.00269499 -0.01143086 0.00197589
v 0.00450181 -0.01091646 0.00197589
v 0.00450181 -0.01091646 0.00197589
v 0.00450181 -0.01091646 0.00197589
v 0.00450181 -0.01091646 0.00197589
v 0.00450181 -0.01091646 0.00197589
v 0.00495531 -0.01071299 0.00197589
v 0.00495531 -0.01071299 0.00197589
v 0.00495531 -0.01071299 0.00197589
v 0.00495531 -0.01071299 0.00197589
v 0.00495531 -0.01071299 0.00197589
v 0.00495531 -0.01091646 0.00330058
v 0.00495531 -0.01091646 0.00330058
v 0.00495531 -0.01091646 0.00330058
v 0.00495531 -0.01091646 0.00330058
v 0.00495531 -0.01091646 0.00330058
v 0.00495531 -0.01091646 0.00330058
v 0.00495531 -0.01091646 0.00330058
v 0.00495531 -0.01091646 0.00330058
v 0.00721562 -0.00899655 0.00197589
v 0.00721562 -0.00899655 0.00197589
v 0.00721562 -0.00899655 0.00197589
v 0.00721562 -0.00899655 0.00197589
v 0.00721562 -0.00899655 0.00197589
v 0.00721562 -0.00899655 0.00197589
v 0.00721562 -0.00865614 0.00072298
v 0.00721562 -0.00865614 0.00072298
v 0.00721562 -0.00865614 0.00072298
v 0.00721562 -0.00865614 0.00072298
v 0.00721562 -0.00865614 0.00072298
v 0.00721562 -0.00865614 0.00072298
v 0.00721562 -0.00865614 0.00072298
v 0.00721562 -0.00865614 0.00072298
v 0.00751771 -0.00865614 0.00197589
v 0.00751771 -0.00865614 0.00197589
v 0.00751771 -0.00865614 0.00197589
v 0.00751771 -0.00865614 0.00197589
v 0.00721562 -0.00847856 -0.00254481
v 0.00721562 -0.00847856 -0.00254481
v 0.00721562 -0.00847856 -0.00254481
v 0.00721562 -0.00847856 -0.00254481
v 0.00721562 -0.00847856 -0.00254481
v 0.00884321 -0.00639582 -0.00254481
v 0.00884321 -0.00639582 -0.00254481
v 0.00884321 -0.00639582 -0.00254481
v 0.00884321 -0.00639582 -0.00254481
v 0.00884321 -0.00639582 -0.00254481
v 0.00884321 -0.00639582 -0.00254481
v 0.00947594 -0.00639582 -0.00414931
v 0.00947594 -0.00639582 -0.00414931
v 0.00947594 -0.00639582 -0.00414931
v 0.00947594 -0.00639582 -0.00414931
v 0.00947594 -0.00639582 -0.00414931
v 0.00947594 -0.00639582 -0.00414931
v 0.00947594 -0.00537632 -0.00254481
v 0.00947594 -0.00537632 -0.00254481
v 0.00947594 -0.00537632 -0.00254481
v 0.00947594 -0.00537632 -0.00254481
v 0.00947594 -0.00537632 -0.00254481
v 0.00947594 -0.00537632 -0.00254481
v 0.00721562 -0.00840819 -0.00028451
v 0.00721562 -0.00840819 -0.00028451
v 0.00721562 -0.00840819 -0.00028451
v 0.00721562 -0.00840819 -0.00028451
v 0.00721562 -0.00840819 -0.00028451
v 0.00873044 -0.00639582 -0.00028451
v 0.00873044 -0.00639582 -0.00028451
v 0.00873044 -0.00639582 -0.00028451
v 0.00873044 -0.00639582 -0.00028451
v 0.00873044 -0.00639582 -0.00028451
v 0.00873044 -0.00639582 -0.00028451
v 0.00873044 -0.00639582 -0.00028451
v 0.00873044 -0.00639582 -0.00028451
v 0.00947594 -0.00510569 -0.00028451
v 0.00947594 -0.00510569 -0.00028451
v 0.00947594 -0.00510569 -0.00028451
v 0.00947594 -0.00510569 -0.00028451
v 0.00947594 -0.00510569 -0.00028451
v 0.00947594 -0.00510569 -0.00028451
v 0.00909343 -0.00639582 0.00197589
v 0.00909343 -0.00639582 0.00197589
v 0.00909343 -0.00639582 0.00197589
v 0.00909343 -0.00639582 0.00197589
v 0.00909343 -0.00639582 0.00197589
v 0.00909343 -0.00639582 0.00197589
v 0.00909343 -0.00639582 0.00197589
v 0.00947594 -0.00566026 0.00197589
v 0.00947594 -0.00566026 0.00197589
v 0.00947594 -0.00566026 0.00197589
v 0.00947594 -0.00566026 0.00197589
v 0.00947594 -0.00566026 0.00197589
v 0.00947594 -0.00566026 0.00197589
v 0.01010126 -0.00413550 -0.00254481
v 0.01010126 -0.00413550 -0.00254481
v 0.01010126 -0.00413550 -0.00254481
v 0.01010126 -0.00413550 -0.00254481
v 0.01010126 -0.00413550 -0.00254481
v 0.01010126 -0.00413550 -0.00254481
v 0.00992244 -0.00413550 -0.00028451
v 0.00992244 -0.00413550 -0.00028451
v 0.00992244 -0.00413550 -0.00028451
v 0.00992244 -0.00413550 -0.00028451
v 0.01086330 -0.00187519 -0.00254481
v 0.01086330 -0.00187519 -0.00254481
v 0.01086330 -0.00187519 -0.00254481
v 0.01086330 -0.00187519 -0.00254481
v 0.01086330 -0.00187519 -0.00254481
v 0.01086330 -0.00187519 -0.00254481
v 0.01086330 -0.00187519 -0.00254481
v 0.01086330 -0.00187519 -0.00254481
v 0.01173630 -0.00187519 -0.00469382
v 0.01173630 -0.00187519 -0.00469382
v 0.01173630 -0.00187519 -0.00469382
v 0.01173630 -0.00187519 -0.00469382
v 0.01173630 -0.00187519 -0.00469382
v 0.01062700 -0.00187519 -0.00028451
v 0.01062700 -0.00187519 -0.00028451
v 0.01062700 -0.00187519 -0.00028451
v 0.01062700 -0.00187519 -0.00028451
v 0.01062700 -0.00187519 -0.00028451
v 0.01062700 -0.00187519 -0.00028451
v 0.01012169 -0.00413550 0.00197589
v 0.01012169 -0.00413550 0.00197589
v 0.01012169 -0.00413550 0.00197589
v 0.01012169 -0.00413550 0.00197589
v 0.01012169 -0.00413550 0.00197589
v 0.01012169 -0.00413550 0.00197589
v 0.01075100 -0.00187519 0.00197589
v 0.01075100 -0.00187519 0.00197589
v 0.01075100 -0.00187519 0.00197589
v 0.01075100 -0.00187519 0.00197589
v 0.01075100 -0.00187519 0.00197589
v 0.01075100 -0.00187519 0.00197589
v 0.00269499 -0.01178012 0.00649648
v 0.00269499 -0.01178012 0.00649648
v 0.00269499 -0.01178012 0.00649648
v 0.00269499 -0.01178012 0.00649648
v 0.00269499 -0.01178012 0.00649648
v 0.00269499 -0.01178012 0.00649648
v 0.00495531 -0.01109343 0.00649648
v 0.00495531 -0.01109343 0.00649648
v 0.00495531 -0.01109343 0.00649648
v 0.00495531 -0.01109343 0.00649648
v 0.00495531 -0.01109343 0.00649648
v 0.00495531 -0.01109343 0.00649648
v 0.00495531 -0.01109343 0.00649648
v 0.00495531 -0.01109343 0.00649648
v 0.00269499 -0.01174839 0.00875678
v 0.00269499 -0.01174839 0.00875678
v 0.00269499 -0.01174839 0.00875678
v 0.00269499 -0.01174839 0.00875678
v 0.00269499 -0.01174839 0.00875678
v 0.00269499 -0.01174839 0.00875678
v 0.00495531 -0.01104201 0.00875678
v 0.00495531 -0.01104201 0.00875678
v 0.00495531 -0.01104201 0.00875678
v 0.00495531 -0.01104201 0.00875678
v 0.00495531 -0.01104201 0.00875678
v 0.00532292 -0.01091646 0.00649648
v 0.00532292 -0.01091646 0.00649648
v 0.00532292 -0.01091646 0.00649648
v 0.00532292 -0.01091646 0.00649648
v 0.00532292 -0.01091646 0.00649648
v 0.00532292 -0.01091646 0.00649648
v 0.00721562 -0.00954965 0.00649648
v 0.00721562 -0.00954965 0.00649648
v 0.00721562 -0.00954965 0.00649648
v 0.00721562 -0.00954965 0.00649648
v 0.00803075 -0.00865614 0.00649648
v 0.00803075 -0.00865614 0.00649648
v 0.00803075 -0.00865614 0.00649648
v 0.00803075 -0.00865614 0.00649648
v 0.00803075 -0.00865614 0.00649648
v 0.00803075 -0.00865614 0.00649648
v 0.00803075 -0.00865614 0.00649648
v 0.00521412 -0.01091646 0.00875678
v 0.00521412 -0.01091646 0.00875678
v 0.00521412 -0.01091646 0.00875678
v 0.00521412 -0.01091646 0.00875678
v 0.00521412 -0.01091646 0.00875678
v 0.00521412 -0.01091646 0.00875678
v 0.00521412 -0.01091646 0.00875678
v 0.00721562 -0.00947127 0.00875678
v 0.00721562 -0.00947127 0.00875678
v 0.00721562 -0.00947127 0.00875678
v 0.00721562 -0.00947127 0.00875678
v 0.00721562 -0.00947127 0.00875678
v 0.00721562 -0.00947127 0.00875678
v 0.00796228 -0.00865614 0.00875678
v 0.00796228 -0.00865614 0.00875678
v 0.00796228 -0.00865614 0.00875678
v 0.00796228 -0.00865614 0.00875678
v 0.00796228 -0.00865614 0.00875678
v 0.00796228 -0.00865614 0.00875678
v 0.00796228 -0.00865614 0.00875678
v 0.00269499 -0.01168758 0.01101708
v 0.00269499 -0.01168758 0.01101708
v 0.00269499 -0.01168758 0.01101708
v 0.00269499 -0.01168758 0.01101708
v 0.00269499 -0.01168758 0.01101708
v 0.00269499 -0.01168758 0.01101708
v 0.00269499 -0.01168758 0.01101708
v 0.00495531 -0.01097979 0.01101708
v 0.00495531 -0.01097979 0.01101708
v 0.00495531 -0.01097979 0.01101708
v 0.00495531 -0.01097979 0.01101708
v 0.00495531 -0.01097979 0.01101708
v 0.00269499 -0.01153131 0.01327749
v 0.00269499 -0.01153131 0.01327749
v 0.00269499 -0.01153131 0.01327749
v 0.00269499 -0.01153131 0.01327749
v 0.00269499 -0.01153131 0.01327749
v 0.00269499 -0.01153131 0.01327749
v 0.00269499 -0.01153131 0.01327749
v 0.00474890 -0.01091646 0.01327749
v 0.00474890 -0.01091646 0.01327749
v 0.00474890 -0.01091646 0.01327749
v 0.00474890 -0.01091646 0.01327749
v 0.00474890 -0.01091646 0.01327749
v 0.00495531 -0.01091646 0.01224319
v 0.00495531 -0.01091646 0.01224319
v 0.00495531 -0.01091646 0.01224319
v 0.00495531 -0.01091646 0.01224319
v 0.00495531 -0.01091646 0.01224319
v 0.00495531 -0.01091646 0.01224319
v 0.00495531 -0.01091646 0.01224319
v 0.00495531 -0.01091646 0.01224319
v 0.00495531 -0.01082151 0.01327749
v 0.00495531 -0.01082151 0.01327749
v 0.00495531 -0.01082151 0.01327749
v 0.00495531 -0.01082151 0.01327749
v 0.00508655 -0.01091646 0.01101708
v 0.00508655 -0.01091646 0.01101708
v 0.00508655 -0.01091646 0.01101708
v 0.00508655 -0.01091646 0.01101708
v 0.00721562 -0.00938188 0.01101708
v 0.00721562 -0.00938188 0.01101708
v 0.00721562 -0.00938188 0.01101708
v 0.00721562 -0.00938188 0.01101708
v 0.00721562 -0.00938188 0.01101708
v 0.00721562 -0.00938188 0.01101708
v 0.00721562 -0.00938188 0.01101708
v 0.00787680 -0.00865614 0.01101708
v 0.00787680 -0.00865614 0.01101708
v 0.00787680 -0.00865614 0.01101708
v 0.00787680 -0.00865614 0.01101708
v 0.00787680 -0.00865614 0.01101708
v 0.00787680 -0.00865614 0.01101708
v 0.00787680 -0.00865614 0.01101708
v 0.00721562 -0.00918970 0.01327749
v 0.00721562 -0.00918970 0.01327749
v 0.00721562 -0.00918970 0.01327749
v 0.00721562 -0.00918970 0.01327749
v 0.00721562 -0.00918970 0.01327749
v 0.00721562 -0.00918970 0.01327749
v 0.00721562 -0.00918970 0.01327749
v 0.00770385 -0.00865614 0.01327749
v 0.00770385 -0.00865614 0.01327749
v 0.00770385 -0.00865614 0.01327749
v 0.00770385 -0.00865614 0.01327749
v 0.00770385 -0.00865614 0.01327749
v 0.00770385 -0.00865614 0.01327749
v 0.00947594 -0.00646791 0.00649648
v 0.00947594 -0.00646791 0.00649648
v 0.00947594 -0.00646791 0.00649648
v 0.00947594 -0.00646791 0.00649648
v 0.00947594 -0.00646791 0.00649648
v 0.00947594 -0.00639582 0.00516638
v 0.00947594 -0.00639582 0.00516638
v 0.00947594 -0.00639582 0.00516638
v 0.00947594 -0.00639582 0.00516638
v 0.00947594 -0.00639582 0.00516638
v 0.00947594 -0.00639582 0.00516638
v 0.00947594 -0.00639582 0.00516638
v 0.00947594 -0.00639582 0.00516638
v 0.00947594 -0.00640986 0.00875678
v 0.00947594 -0.00640986 0.00875678
v 0.00947594 -0.00640986 0.00875678
v 0.00947594 -0.00640986 0.00875678
v 0.00947594 -0.00640986 0.00875678
v 0.00941695 -0.00639582 0.01101708
v 0.00941695 -0.00639582 0.01101708
v 0.00941695 -0.00639582 0.01101708
v 0.00941695 -0.00639582 0.01101708
v 0.00947594 -0.00639582 0.00905238
v 0.00947594 -0.00639582 0.00905238
v 0.00947594 -0.00639582 0.00905238
v 0.00947594 -0.00639582 0.00905238
v 0.00947594 -0.00639582 0.00905238
v 0.00947594 -0.00639582 0.00905238
v 0.00947594 -0.00639582 0.00905238
v 0.00947594 -0.00639582 0.00905238
v 0.00947594 -0.00628724 0.01101708
v 0.00947594 -0.00628724 0.01101708
v 0.00947594 -0.00628724 0.01101708
v 0.00947594 -0.00628724 0.01101708
v 0.00947594 -0.00628724 0.01101708
v 0.00928005 -0.00639582 0.01327749
v 0.00928005 -0.00639582 0.01327749
v 0.00928005 -0.00639582 0.01327749
v 0.00928005 -0.00639582 0.01327749
v 0.00928005 -0.00639582 0.01327749
v 0.00928005 -0.00639582 0.01327749
v 0.00947594 -0.00603125 0.01327749
v 0.00947594 -0.00603125 0.01327749
v 0.00947594 -0.00603125 0.01327749
v 0.00947594 -0.00603125 0.01327749
v 0.00947594 -0.00603125 0.01327749
v 0.00947594 -0.00603125 0.01327749
v 0.00951352 -0.00639582 0.00649648
v 0.00951352 -0.00639582 0.00649648
v 0.00951352 -0.00639582 0.00649648
v 0.00951352 -0.00639582 0.00649648
v 0.00951352 -0.00639582 0.00649648
v 0.00951352 -0.00639582 0.00649648
v 0.01046408 -0.00413550 0.00649648
v 0.01046408 -0.00413550 0.00649648
v 0.01046408 -0.00413550 0.00649648
v 0.01046408 -0.00413550 0.00649648
v 0.01046408 -0.00413550 0.00649648
v 0.01046408 -0.00413550 0.00649648
v 0.00948353 -0.00639582 0.00875678
v 0.00948353 -0.00639582 0.00875678
v 0.00948353 -0.00639582 0.00875678
v 0.00948353 -0.00639582 0.00875678
v 0.01046451 -0.00413550 0.00875678
v 0.01046451 -0.00413550 0.00875678
v 0.01046451 -0.00413550 0.00875678
v 0.01046451 -0.00413550 0.00875678
v 0.01046451 -0.00413550 0.00875678
v 0.01046451 -0.00413550 0.00875678
v 0.01046451 -0.00413550 0.00875678
v 0.01046451 -0.00413550 0.00875678
v 0.01101110 -0.00187519 0.00649648
v 0.01101110 -0.00187519 0.00649648
v 0.01101110 -0.00187519 0.00649648
v 0.01101110 -0.00187519 0.00649648
v 0.01101110 -0.00187519 0.00649648
v 0.01101110 -0.00187519 0.00649648
v 0.01101110 -0.00187519 0.00649648
v 0.01101600 -0.00187519 0.00875678
v 0.01101600 -0.00187519 0.00875678
v 0.01101600 -0.00187519 0.00875678
v 0.01101600 -0.00187519 0.00875678
v 0.01101600 -0.00187519 0.00875678
v 0.01040132 -0.00413550 0.01101708
v 0.01040132 -0.00413550 0.01101708
v 0.01040132 -0.00413550 0.01101708
v 0.01040132 -0.00413550 0.01101708
v 0.01040132 -0.00413550 0.01101708
v 0.01040132 -0.00413550 0.01101708
v 0.01040132 -0.00413550 0.01101708
v 0.01026390 -0.00413550 0.01327749
v 0.01026390 -0.00413550 0.01327749
v 0.01026390 -0.00413550 0.01327749
v 0.01026390 -0.00413550 0.01327749
v 0.01026390 -0.00413550 0.01327749
v 0.01026390 -0.00413550 0.01327749
v 0.01093990 -0.00187519 0.01101708
v 0.01093990 -0.00187519 0.01101708
v 0.01093990 -0.00187519 0.01101708
v 0.01093990 -0.00187519 0.01101708
v 0.01093990 -0.00187519 0.01101708
v 0.01093990 -0.00187519 0.01101708
v 0.01077710 -0.00187519 0.01327749
v 0.01077710 -0.00187519 0.01327749
v 0.01077710 -0.00187519 0.01327749
v 0.01077710 -0.00187519 0.01327749
v 0.01077710 -0.00187519 0.01327749
v 0.01077710 -0.00187519 0.01327749
v 0.00269499 -0.01119411 0.01553779
v 0.00269499 -0.01119411 0.01553779
v 0.00269499 -0.01119411 0.01553779
v 0.00269499 -0.01119411 0.01553779
v 0.00380968 -0.01091646 0.01553779
v 0.00380968 -0.01091646 0.01553779
v 0.00380968 -0.01091646 0.01553779
v 0.00380968 -0.01091646 0.01553779
v 0.00380968 -0.01091646 0.01553779
v 0.00380968 -0.01091646 0.01553779
v 0.00495531 -0.01045093 0.01553779
v 0.00495531 -0.01045093 0.01553779
v 0.00495531 -0.01045093 0.01553779
v 0.00495531 -0.01045093 0.01553779
v 0.00495531 -0.01045093 0.01553779
v 0.00495531 -0.01045093 0.01553779
v 0.00495531 -0.01045093 0.01553779
v 0.00269499 -0.01091646 0.01681248
v 0.00269499 -0.01091646 0.01681248
v 0.00269499 -0.01091646 0.01681248
v 0.00269499 -0.01091646 0.01681248
v 0.00269499 -0.01091646 0.01681248
v 0.00269499 -0.01091646 0.01681248
v 0.00269499 -0.01065389 0.01779809
v 0.00269499 -0.01065389 0.01779809
v 0.00269499 -0.01065389 0.01779809
v 0.00269499 -0.01065389 0.01779809
v 0.00269499 -0.01065389 0.01779809
v 0.00269499 -0.01065389 0.01779809
v 0.00495531 -0.00985556 0.01779809
v 0.00495531 -0.00985556 0.01779809
v 0.00495531 -0.00985556 0.01779809
v 0.00495531 -0.00985556 0.01779809
v 0.00495531 -0.00985556 0.01779809
v 0.00495531 -0.00985556 0.01779809
v 0.00495531 -0.00985556 0.01779809
v 0.00495531 -0.00985556 0.01779809
v 0.00495531 -0.00985556 0.01779809
v 0.00721562 -0.00876140 0.01553779
v 0.00721562 -0.00876140 0.01553779
v 0.00721562 -0.00876140 0.01553779
v 0.00721562 -0.00876140 0.01553779
v 0.00721562 -0.00876140 0.01553779
v 0.00731440 -0.00865614 0.01553779
v 0.00731440 -0.00865614 0.01553779
v 0.00731440 -0.00865614 0.01553779
v 0.00731440 -0.00865614 0.01553779
v 0.00667122 -0.00865614 0.01779809
v 0.00667122 -0.00865614 0.01779809
v 0.00667122 -0.00865614 0.01779809
v 0.00667122 -0.00865614 0.01779809
v 0.00667122 -0.00865614 0.01779809
v 0.00721562 -0.00865614 0.01595479
v 0.00721562 -0.00865614 0.01595479
v 0.00721562 -0.00865614 0.01595479
v 0.00721562 -0.00865614 0.01595479
v 0.00721562 -0.00865614 0.01595479
v 0.00721562 -0.00865614 0.01595479
v 0.00721562 -0.00865614 0.01595479
v 0.00721562 -0.00865614 0.01595479
v 0.00269499 -0.00987973 0.02005839
v 0.00269499 -0.00987973 0.02005839
v 0.00269499 -0.00987973 0.02005839
v 0.00269499 -0.00987973 0.02005839
v 0.00269499 -0.00987973 0.02005839
v 0.00269499 -0.00987973 0.02005839
v 0.00269499 -0.00987973 0.02005839
v 0.00269499 -0.00987973 0.02005839
v 0.00495531 -0.00906748 0.02005839
v 0.00495531 -0.00906748 0.02005839
v 0.00495531 -0.00906748 0.02005839
v 0.00495531 -0.00906748 0.02005839
v 0.00269499 -0.00892779 0.02231869
v 0.00269499 -0.00892779 0.02231869
v 0.00269499 -0.00892779 0.02231869
v 0.00269499 -0.00892779 0.02231869
v 0.00373726 -0.00865614 0.02231869
v 0.00373726 -0.00865614 0.02231869
v 0.00373726 -0.00865614 0.02231869
v 0.00373726 -0.00865614 0.02231869
v 0.00373726 -0.00865614 0.02231869
v 0.00373726 -0.00865614 0.02231869
v 0.00373726 -0.00865614 0.02231869
v 0.00495531 -0.00865614 0.02108118
v 0.00495531 -0.00865614 0.02108118
v 0.00495531 -0.00865614 0.02108118
v 0.00495531 -0.00865614 0.02108118
v 0.00495531 -0.00865614 0.02108118
v 0.00495531 -0.00865614 0.02108118
v 0.00495531 -0.00865614 0.02108118
v 0.00563341 -0.00865614 0.02005839
v 0.00563341 -0.00865614 0.02005839
v 0.00563341 -0.00865614 0.02005839
v 0.00563341 -0.00865614 0.02005839
v 0.00563341 -0.00865614 0.02005839
v 0.00898766 -0.00639582 0.01553779
v 0.00898766 -0.00639582 0.01553779
v 0.00898766 -0.00639582 0.01553779
v 0.00898766 -0.00639582 0.01553779
v 0.00898766 -0.00639582 0.01553779
v 0.00898766 -0.00639582 0.01553779
v 0.00898766 -0.00639582 0.01553779
v 0.00947594 -0.00546287 0.01553779
v 0.00947594 -0.00546287 0.01553779
v 0.00947594 -0.00546287 0.01553779
v 0.00947594 -0.00546287 0.01553779
v 0.00947594 -0.00546287 0.01553779
v 0.00947594 -0.00546287 0.01553779
v 0.00721562 -0.00811267 0.01779809
v 0.00721562 -0.00811267 0.01779809
v 0.00721562 -0.00811267 0.01779809
v 0.00721562 -0.00811267 0.01779809
v 0.00851894 -0.00639582 0.01779809
v 0.00851894 -0.00639582 0.01779809
v 0.00851894 -0.00639582 0.01779809
v 0.00851894 -0.00639582 0.01779809
v 0.00851894 -0.00639582 0.01779809
v 0.00851894 -0.00639582 0.01779809
v 0.00851894 -0.00639582 0.01779809
v 0.00851894 -0.00639582 0.01779809
v 0.00851894 -0.00639582 0.01779809
v 0.00947594 -0.00440118 0.01779809
v 0.00947594 -0.00440118 0.01779809
v 0.00947594 -0.00440118 0.01779809
v 0.00947594 -0.00440118 0.01779809
v 0.00947594 -0.00440118 0.01779809
v 0.00495531 -0.00811010 0.02231869
v 0.00495531 -0.00811010 0.02231869
v 0.00495531 -0.00811010 0.02231869
v 0.00495531 -0.00811010 0.02231869
v 0.00495531 -0.00811010 0.02231869
v 0.00495531 -0.00811010 0.02231869
v 0.00721562 -0.00724409 0.02005839
v 0.00721562 -0.00724409 0.02005839
v 0.00721562 -0.00724409 0.02005839
v 0.00721562 -0.00724409 0.02005839
v 0.00721562 -0.00724409 0.02005839
v 0.00721562 -0.00724409 0.02005839
v 0.00721562 -0.00724409 0.02005839
v 0.00787002 -0.00639582 0.02005839
v 0.00787002 -0.00639582 0.02005839
v 0.00787002 -0.00639582 0.02005839
v 0.00787002 -0.00639582 0.02005839
v 0.00787002 -0.00639582 0.02005839
v 0.00899093 -0.00413550 0.02005839
v 0.00899093 -0.00413550 0.02005839
v 0.00899093 -0.00413550 0.02005839
v 0.00899093 -0.00413550 0.02005839
v 0.00899093 -0.00413550 0.02005839
v 0.00899093 -0.00413550 0.02005839
v 0.00947594 -0.00413550 0.01819499
v 0.00947594 -0.00413550 0.01819499
v 0.00947594 -0.00413550 0.01819499
v 0.00947594 -0.00413550 0.01819499
v 0.00947594 -0.00413550 0.01819499
v 0.00947594 -0.00413550 0.01819499
v 0.00698017 -0.00639582 0.02231869
v 0.00698017 -0.00639582 0.02231869
v 0.00698017 -0.00639582 0.02231869
v 0.00698017 -0.00639582 0.02231869
v 0.00721562 -0.00639582 0.02179649
v 0.00721562 -0.00639582 0.02179649
v 0.00721562 -0.00639582 0.02179649
v 0.00721562 -0.00639582 0.02179649
v 0.00721562 -0.00639582 0.02179649
v 0.00721562 -0.00639582 0.02179649
v 0.00721562 -0.00639582 0.02179649
v 0.00721562 -0.00608509 0.02231869
v 0.00721562 -0.00608509 0.02231869
v 0.00721562 -0.00608509 0.02231869
v 0.00721562 -0.00608509 0.02231869
v 0.00721562 -0.00608509 0.02231869
v 0.00820900 -0.00413550 0.02231869
v 0.00820900 -0.00413550 0.02231869
v 0.00820900 -0.00413550 0.02231869
v 0.00820900 -0.00413550 0.02231869
v 0.00820900 -0.00413550 0.02231869
v 0.00820900 -0.00413550 0.02231869
v 0.00820900 -0.00413550 0.02231869
v 0.00820900 -0.00413550 0.02231869
v 0.00947594 -0.00189447 0.02005839
v 0.00947594 -0.00189447 0.02005839
v 0.00947594 -0.00189447 0.02005839
v 0.00947594 -0.00189447 0.02005839
v 0.00947594 -0.00189447 0.02005839
v 0.00947594 -0.00189447 0.02005839
v 0.00875222 -0.00187519 0.02231869
v 0.00875222 -0.00187519 0.02231869
v 0.00875222 -0.00187519 0.02231869
v 0.00875222 -0.00187519 0.02231869
v 0.00875222 -0.00187519 0.02231869
v 0.00875222 -0.00187519 0.02231869
v 0.00875222 -0.00187519 0.02231869
v 0.00875222 -0.00187519 0.02231869
v 0.00947594 -0.00187519 0.02006619
v 0.00947594 -0.00187519 0.02006619
v 0.00947594 -0.00187519 0.02006619
v 0.00947594 -0.00187519 0.02006619
v 0.00947594 -0.00187519 0.02006619
v 0.00999362 -0.00413550 0.01553779
v 0.00999362 -0.00413550 0.01553779
v 0.00999362 -0.00413550 0.01553779
v 0.00999362 -0.00413550 0.01553779
v 0.00999362 -0.00413550 0.01553779
v 0.00999362 -0.00413550 0.01553779
v 0.00956607 -0.00413550 0.01779809
v 0.00956607 -0.00413550 0.01779809
v 0.00956607 -0.00413550 0.01779809
v 0.00956607 -0.00413550 0.01779809
v 0.01049056 -0.00187519 0.01553779
v 0.01049056 -0.00187519 0.01553779
v 0.01049056 -0.00187519 0.01553779
v 0.01049056 -0.00187519 0.01553779
v 0.01049056 -0.00187519 0.01553779
v 0.01049056 -0.00187519 0.01553779
v 0.01004811 -0.00187519 0.01779809
v 0.01004811 -0.00187519 0.01779809
v 0.01004811 -0.00187519 0.01779809
v 0.01004811 -0.00187519 0.01779809
v 0.01004811 -0.00187519 0.01779809
v 0.01004811 -0.00187519 0.01779809
v 0.01004811 -0.00187519 0.01779809
v 0.01004811 -0.00187519 0.01779809
v 0.00947813 -0.00187519 0.02005839
v 0.00947813 -0.00187519 0.02005839
v 0.00947813 -0.00187519 0.02005839
v 0.00947813 -0.00187519 0.02005839
v 0.00269499 -0.00865614 0.02290568
v 0.00269499 -0.00865614 0.02290568
v 0.00269499 -0.00865614 0.02290568
v 0.00269499 -0.00865614 0.02290568
v 0.00269499 -0.00865614 0.02290568
v 0.00269499 -0.00865614 0.02290568
v 0.00269499 -0.00775753 0.02457899
v 0.00269499 -0.00775753 0.02457899
v 0.00269499 -0.00775753 0.02457899
v 0.00269499 -0.00775753 0.02457899
v 0.00269499 -0.00775753 0.02457899
v 0.00269499 -0.00775753 0.02457899
v 0.00495531 -0.00680098 0.02457899
v 0.00495531 -0.00680098 0.02457899
v 0.00495531 -0.00680098 0.02457899
v 0.00495531 -0.00680098 0.02457899
v 0.00495531 -0.00680098 0.02457899
v 0.00269499 -0.00639582 0.02647098
v 0.00269499 -0.00639582 0.02647098
v 0.00269499 -0.00639582 0.02647098
v 0.00269499 -0.00639582 0.02647098
v 0.00269499 -0.00639582 0.02647098
v 0.00495531 -0.00639582 0.02511469
v 0.00495531 -0.00639582 0.02511469
v 0.00495531 -0.00639582 0.02511469
v 0.00495531 -0.00639582 0.02511469
v 0.00495531 -0.00639582 0.02511469
v 0.00495531 -0.00639582 0.02511469
v 0.00269499 -0.00606599 0.02683939
v 0.00269499 -0.00606599 0.02683939
v 0.00269499 -0.00606599 0.02683939
v 0.00269499 -0.00606599 0.02683939
v 0.00269499 -0.00606599 0.02683939
v 0.00269499 -0.00606599 0.02683939
v 0.00495531 -0.00461681 0.02683939
v 0.00495531 -0.00461681 0.02683939
v 0.00495531 -0.00461681 0.02683939
v 0.00495531 -0.00461681 0.02683939
v 0.00495531 -0.00461681 0.02683939
v 0.00495531 -0.00461681 0.02683939
v 0.00548743 -0.00639582 0.02457899
v 0.00548743 -0.00639582 0.02457899
v 0.00548743 -0.00639582 0.02457899
v 0.00548743 -0.00639582 0.02457899
v 0.00548743 -0.00639582 0.02457899
v 0.00548743 -0.00639582 0.02457899
v 0.00548743 -0.00639582 0.02457899
v 0.00548743 -0.00639582 0.02457899
v 0.00548743 -0.00639582 0.02457899
v 0.00711464 -0.00413550 0.02457899
v 0.00711464 -0.00413550 0.02457899
v 0.00711464 -0.00413550 0.02457899
v 0.00711464 -0.00413550 0.02457899
v 0.00721562 -0.00413550 0.02440278
v 0.00721562 -0.00413550 0.02440278
v 0.00721562 -0.00413550 0.02440278
v 0.00721562 -0.00413550 0.02440278
v 0.00721562 -0.00413550 0.02440278
v 0.00534315 -0.00413550 0.02683939
v 0.00534315 -0.00413550 0.02683939
v 0.00534315 -0.00413550 0.02683939
v 0.00534315 -0.00413550 0.02683939
v 0.00534315 -0.00413550 0.02683939
v 0.00534315 -0.00413550 0.02683939
v 0.00534315 -0.00413550 0.02683939
v 0.00534315 -0.00413550 0.02683939
v 0.00721562 -0.00388765 0.02457899
v 0.00721562 -0.00388765 0.02457899
v 0.00721562 -0.00388765 0.02457899
v 0.00721562 -0.00388765 0.02457899
v 0.00721562 -0.00388765 0.02457899
v 0.00721562 -0.00388765 0.02457899
v 0.00777488 -0.00187519 0.02457899
v 0.00777488 -0.00187519 0.02457899
v 0.00777488 -0.00187519 0.02457899
v 0.00777488 -0.00187519 0.02457899
v 0.00777488 -0.00187519 0.02457899
v 0.00640660 -0.00187519 0.02683939
v 0.00640660 -0.00187519 0.02683939
v 0.00640660 -0.00187519 0.02683939
v 0.00640660 -0.00187519 0.02683939
v 0.00640660 -0.00187519 0.02683939
v 0.00721562 -0.00187519 0.02562359
v 0.00721562 -0.00187519 0.02562359
v 0.00721562 -0.00187519 0.02562359
v 0.00721562 -0.00187519 0.02562359
v 0.00721562 -0.00187519 0.02562359
v 0.00721562 -0.00187519 0.02562359
v 0.00269499 -0.00413550 0.02840849
v 0.00269499 -0.00413550 0.02840849
v 0.00269499 -0.00413550 0.02840849
v 0.00269499 -0.00413550 0.02840849
v 0.00269499 -0.00413550 0.02840849
v 0.00269499 -0.00413550 0.02840849
v 0.00269499 -0.00413550 0.02840849
v 0.00269499 -0.00413550 0.02840849
v 0.00495531 -0.00413550 0.02718289
v 0.00495531 -0.00413550 0.02718289
v 0.00495531 -0.00413550 0.02718289
v 0.00495531 -0.00413550 0.02718289
v 0.00269499 -0.00274561 0.02909969
v 0.00269499 -0.00274561 0.02909969
v 0.00269499 -0.00274561 0.02909969
v 0.00269499 -0.00274561 0.02909969
v 0.00269499 -0.00274561 0.02909969
v 0.00269499 -0.00274561 0.02909969
v 0.00352390 -0.00187519 0.02909969
v 0.00352390 -0.00187519 0.02909969
v 0.00352390 -0.00187519 0.02909969
v 0.00352390 -0.00187519 0.02909969
v 0.00352390 -0.00187519 0.02909969
v 0.00495531 -0.00187519 0.02828279
v 0.00495531 -0.00187519 0.02828279
v 0.00495531 -0.00187519 0.02828279
v 0.00495531 -0.00187519 0.02828279
v 0.00495531 -0.00187519 0.02828279
v 0.00495531 -0.00187519 0.02828279
v 0.00495531 -0.00187519 0.02828279
v 0.00495531 -0.00187519 0.02828279
v 0.00495531 -0.00187519 0.02828279
v 0.00269499 -0.00187519 0.02938649
v 0.00269499 -0.00187519 0.02938649
v 0.00269499 -0.00187519 0.02938649
v 0.00269499 -0.00187519 0.02938649
v 0.00495531 0.00490577 -0.02915138
v 0.00495531 0.00490577 -0.02915138
v 0.00495531 0.00490577 -0.02915138
v 0.00495531 0.00490577 -0.02915138
v 0.00495531 0.00490577 -0.02915138
v 0.00495531 0.00490577 -0.02915138
v 0.00495531 0.00490577 -0.02915138
v 0.00495531 0.00490577 -0.02915138
v 0.00947594 0.00490577 -0.02809198
v 0.00947594 0.00490577 -0.02809198
v 0.00947594 0.00490577 -0.02809198
v 0.00947594 0.00490577 -0.02809198
v 0.00495531 0.00942645 -0.02811113
v 0.00495531 0.00942645 -0.02811113
v 0.00495531 0.00942645 -0.02811113
v 0.00495531 0.00942645 -0.02811113
v 0.00787727 0.00942645 -0.02740827
v 0.00787727 0.00942645 -0.02740827
v 0.00787727 0.00942645 -0.02740827
v 0.00787727 0.00942645 -0.02740827
v 0.00787727 0.00942645 -0.02740827
v 0.00787727 0.00942645 -0.02740827
v 0.00787727 0.00942645 -0.02740827
v 0.00787727 0.00942645 -0.02740827
v 0.00947594 0.00783925 -0.02740827
v 0.00947594 0.00783925 -0.02740827
v 0.00947594 0.00783925 -0.02740827
v 0.00947594 0.00783925 -0.02740827
v 0.00947594 0.00783925 -0.02740827
v 0.00947594 0.00783925 -0.02740827
v 0.00947594 0.00783925 -0.02740827
v 0.00947594 0.00783925 -0.02740827
v 0.00947594 0.00942645 -0.02679887
v 0.00947594 0.00942645 -0.02679887
v 0.00947594 0.00942645 -0.02679887
v 0.00947594 0.00942645 -0.02679887
v 0.00947594 0.00942645 -0.02679887
v 0.00947594 0.00942645 -0.02679887
v 0.01122770 0.00490577 -0.02740827
v 0.01122770 0.00490577 -0.02740827
v 0.01122770 0.00490577 -0.02740827
v 0.01122770 0.00490577 -0.02740827
v 0.01122770 0.00490577 -0.02740827
v 0.01399660 0.00490577 -0.02552889
v 0.01399660 0.00490577 -0.02552889
v 0.01399660 0.00490577 -0.02552889
v 0.01399660 0.00490577 -0.02552889
v 0.01399660 0.00490577 -0.02552889
v 0.01399660 0.00490577 -0.02552889
v 0.01399660 0.00490577 -0.02552889
v 0.01399660 0.00490577 -0.02552889
v 0.01399660 0.00490577 -0.02552889
v 0.01588630 0.00490577 -0.02288764
v 0.01588630 0.00490577 -0.02288764
v 0.01588630 0.00490577 -0.02288764
v 0.01588630 0.00490577 -0.02288764
v 0.01367390 0.00942645 -0.02288764
v 0.01367390 0.00942645 -0.02288764
v 0.01367390 0.00942645 -0.02288764
v 0.01367390 0.00942645 -0.02288764
v 0.01367390 0.00942645 -0.02288764
v 0.01399660 0.00896025 -0.02288764
v 0.01399660 0.00896025 -0.02288764
v 0.01399660 0.00896025 -0.02288764
v 0.01399660 0.00896025 -0.02288764
v 0.01399660 0.00896025 -0.02288764
v 0.00495531 0.01119965 -0.02740827
v 0.00495531 0.01119965 -0.02740827
v 0.00495531 0.01119965 -0.02740827
v 0.00495531 0.01119965 -0.02740827
v 0.00495531 0.01119965 -0.02740827
v 0.00495531 0.01394705 -0.02554535
v 0.00495531 0.01394705 -0.02554535
v 0.00495531 0.01394705 -0.02554535
v 0.00495531 0.01394705 -0.02554535
v 0.00495531 0.01394705 -0.02554535
v 0.00495531 0.01394705 -0.02554535
v 0.00495531 0.01394705 -0.02554535
v 0.00495531 0.01394705 -0.02554535
v 0.00495531 0.01394705 -0.02554535
v 0.00937325 0.01394705 -0.02288764
v 0.00937325 0.01394705 -0.02288764
v 0.00937325 0.01394705 -0.02288764
v 0.00937325 0.01394705 -0.02288764
v 0.00937325 0.01394705 -0.02288764
v 0.00947594 0.01386725 -0.02288764
v 0.00947594 0.01386725 -0.02288764
v 0.00947594 0.01386725 -0.02288764
v 0.00947594 0.01386725 -0.02288764
v 0.00947594 0.01386725 -0.02288764
v 0.00495531 0.01611585 -0.02288764
v 0.00495531 0.01611585 -0.02288764
v 0.00495531 0.01611585 -0.02288764
v 0.00495531 0.01611585 -0.02288764
v 0.01630500 0.00264545 -0.02288764
v 0.01630500 0.00264545 -0.02288764
v 0.01630500 0.00264545 -0.02288764
v 0.01630500 0.00264545 -0.02288764
v 0.01630500 0.00264545 -0.02288764
v 0.01688670 0.00264545 -0.02062732
v 0.01688670 0.00264545 -0.02062732
v 0.01688670 0.00264545 -0.02062732
v 0.01688670 0.00264545 -0.02062732
v 0.01688670 0.00264545 -0.02062732
v 0.01688670 0.00264545 -0.02062732
v 0.01688670 0.00264545 -0.02062732
v 0.01688670 0.00264545 -0.02062732
v 0.01625690 0.00306306 -0.02288764
v 0.01625690 0.00306306 -0.02288764
v 0.01625690 0.00306306 -0.02288764
v 0.01625690 0.00306306 -0.02288764
v 0.01625690 0.00306306 -0.02288764
v 0.01625690 0.00490577 -0.02176280
v 0.01625690 0.00490577 -0.02176280
v 0.01625690 0.00490577 -0.02176280
v 0.01625690 0.00490577 -0.02176280
v 0.01625690 0.00490577 -0.02176280
v 0.01625690 0.00490577 -0.02176280
v 0.01625690 0.00490577 -0.02176280
v 0.01646220 0.00490577 -0.02062732
v 0.01646220 0.00490577 -0.02062732
v 0.01646220 0.00490577 -0.02062732
v 0.01646220 0.00490577 -0.02062732
v 0.01702470 0.00264545 -0.01836702
v 0.01702470 0.00264545 -0.01836702
v 0.01702470 0.00264545 -0.01836702
v 0.01702470 0.00264545 -0.01836702
v 0.01702470 0.00264545 -0.01836702
v 0.01702470 0.00264545 -0.01836702
v 0.01658500 0.00490577 -0.01836702
v 0.01658500 0.00490577 -0.01836702
v 0.01658500 0.00490577 -0.01836702
v 0.01658500 0.00490577 -0.01836702
v 0.01658500 0.00490577 -0.01836702
v 0.01658500 0.00490577 -0.01836702
v 0.01658500 0.00490577 -0.01836702
v 0.01658500 0.00490577 -0.01836702
v 0.01399660 0.00942645 -0.02215515
v 0.01399660 0.00942645 -0.02215515
v 0.01399660 0.00942645 -0.02215515
v 0.01399660 0.00942645 -0.02215515
v 0.01399660 0.00942645 -0.02215515
v 0.01399660 0.00942645 -0.02215515
v 0.01399660 0.00942645 -0.02215515
v 0.01399660 0.00942645 -0.02215515
v 0.01503270 0.00716608 -0.02288764
v 0.01503270 0.00716608 -0.02288764
v 0.01503270 0.00716608 -0.02288764
v 0.01503270 0.00716608 -0.02288764
v 0.01503270 0.00716608 -0.02288764
v 0.01503270 0.00716608 -0.02288764
v 0.01566550 0.00716608 -0.02062732
v 0.01566550 0.00716608 -0.02062732
v 0.01566550 0.00716608 -0.02062732
v 0.01566550 0.00716608 -0.02062732
v 0.01566550 0.00716608 -0.02062732
v 0.01566550 0.00716608 -0.02062732
v 0.01566550 0.00716608 -0.02062732
v 0.01566550 0.00716608 -0.02062732
v 0.01625690 0.00561623 -0.02062732
v 0.01625690 0.00561623 -0.02062732
v 0.01625690 0.00561623 -0.02062732
v 0.01625690 0.00561623 -0.02062732
v 0.01625690 0.00561623 -0.02062732
v 0.01437110 0.00942645 -0.02062732
v 0.01437110 0.00942645 -0.02062732
v 0.01437110 0.00942645 -0.02062732
v 0.01437110 0.00942645 -0.02062732
v 0.01578790 0.00716608 -0.01836702
v 0.01578790 0.00716608 -0.01836702
v 0.01578790 0.00716608 -0.01836702
v 0.01578790 0.00716608 -0.01836702
v 0.01625690 0.00597753 -0.01836702
v 0.01625690 0.00597753 -0.01836702
v 0.01625690 0.00597753 -0.01836702
v 0.01625690 0.00597753 -0.01836702
v 0.01625690 0.00597753 -0.01836702
v 0.01625690 0.00597753 -0.01836702
v 0.01451900 0.00942645 -0.01836702
v 0.01451900 0.00942645 -0.01836702
v 0.01451900 0.00942645 -0.01836702
v 0.01451900 0.00942645 -0.01836702
v 0.01451900 0.00942645 -0.01836702
v 0.01451900 0.00942645 -0.01836702
v 0.01451900 0.00942645 -0.01836702
v 0.01451900 0.00942645 -0.01836702
v 0.01684640 0.00264545 -0.01610672
v 0.01684640 0.00264545 -0.01610672
v 0.01684640 0.00264545 -0.01610672
v 0.01684640 0.00264545 -0.01610672
v 0.01684640 0.00264545 -0.01610672
v 0.01684640 0.00264545 -0.01610672
v 0.01684640 0.00264545 -0.01610672
v 0.01684640 0.00264545 -0.01610672
v 0.01642270 0.00490577 -0.01610672
v 0.01642270 0.00490577 -0.01610672
v 0.01642270 0.00490577 -0.01610672
v 0.01642270 0.00490577 -0.01610672
v 0.01644280 0.00264545 -0.01384641
v 0.01644280 0.00264545 -0.01384641
v 0.01644280 0.00264545 -0.01384641
v 0.01644280 0.00264545 -0.01384641
v 0.01603500 0.00490577 -0.01384641
v 0.01603500 0.00490577 -0.01384641
v 0.01603500 0.00490577 -0.01384641
v 0.01603500 0.00490577 -0.01384641
v 0.01625690 0.00392813 -0.01384641
v 0.01625690 0.00392813 -0.01384641
v 0.01625690 0.00392813 -0.01384641
v 0.01625690 0.00392813 -0.01384641
v 0.01625690 0.00392813 -0.01384641
v 0.01625690 0.00392813 -0.01384641
v 0.01625690 0.00490577 -0.01497561
v 0.01625690 0.00490577 -0.01497561
v 0.01625690 0.00490577 -0.01497561
v 0.01625690 0.00490577 -0.01497561
v 0.01625690 0.00490577 -0.01497561
v 0.01625690 0.00490577 -0.01497561
v 0.01625690 0.00490577 -0.01497561
v 0.01562830 0.00716608 -0.01610672
v 0.01562830 0.00716608 -0.01610672
v 0.01562830 0.00716608 -0.01610672
v 0.01562830 0.00716608 -0.01610672
v 0.01562830 0.00716608 -0.01610672
v 0.01562830 0.00716608 -0.01610672
v 0.01562830 0.00716608 -0.01610672
v 0.01625690 0.00549213 -0.01610672
v 0.01625690 0.00549213 -0.01610672
v 0.01625690 0.00549213 -0.01610672
v 0.01625690 0.00549213 -0.01610672
v 0.01625690 0.00549213 -0.01610672
v 0.01437500 0.00942645 -0.01610672
v 0.01437500 0.00942645 -0.01610672
v 0.01437500 0.00942645 -0.01610672
v 0.01437500 0.00942645 -0.01610672
v 0.01437500 0.00942645 -0.01610672
v 0.01437500 0.00942645 -0.01610672
v 0.01522010 0.00716608 -0.01384641
v 0.01522010 0.00716608 -0.01384641
v 0.01522010 0.00716608 -0.01384641
v 0.01522010 0.00716608 -0.01384641
v 0.01522010 0.00716608 -0.01384641
v 0.01522010 0.00716608 -0.01384641
v 0.01522010 0.00716608 -0.01384641
v 0.01522010 0.00716608 -0.01384641
v 0.01522010 0.00716608 -0.01384641
v 0.01400110 0.00942645 -0.01384641
v 0.01400110 0.00942645 -0.01384641
v 0.01400110 0.00942645 -0.01384641
v 0.01400110 0.00942645 -0.01384641
v 0.00947594 0.01394705 -0.02275800
v 0.00947594 0.01394705 -0.02275800
v 0.00947594 0.01394705 -0.02275800
v 0.00947594 0.01394705 -0.02275800
v 0.00947594 0.01394705 -0.02275800
v 0.00947594 0.01394705 -0.02275800
v 0.00452839 0.01620735 -0.02288764
v 0.00452839 0.01620735 -0.02288764
v 0.00452839 0.01620735 -0.02288764
v 0.00452839 0.01620735 -0.02288764
v 0.00452839 0.01620735 -0.02288764
v 0.00452839 0.01620735 -0.02288764
v 0.00495531 0.01620735 -0.02271077
v 0.00495531 0.01620735 -0.02271077
v 0.00495531 0.01620735 -0.02271077
v 0.00495531 0.01620735 -0.02271077
v 0.00495531 0.01620735 -0.02271077
v 0.00269499 0.01643135 -0.02288764
v 0.00269499 0.01643135 -0.02288764
v 0.00269499 0.01643135 -0.02288764
v 0.00269499 0.01643135 -0.02288764
v 0.00269499 0.01643135 -0.02288764
v 0.00269499 0.01643135 -0.02288764
v 0.00269499 0.01726235 -0.02062732
v 0.00269499 0.01726235 -0.02062732
v 0.00269499 0.01726235 -0.02062732
v 0.00269499 0.01726235 -0.02062732
v 0.00269499 0.01726235 -0.02062732
v 0.00269499 0.01726235 -0.02062732
v 0.00269499 0.01726235 -0.02062732
v 0.00495531 0.01694665 -0.02062732
v 0.00495531 0.01694665 -0.02062732
v 0.00495531 0.01694665 -0.02062732
v 0.00495531 0.01694665 -0.02062732
v 0.00495531 0.01694665 -0.02062732
v 0.00495531 0.01694665 -0.02062732
v 0.00495531 0.01694665 -0.02062732
v 0.00269499 0.01765085 -0.01836702
v 0.00269499 0.01765085 -0.01836702
v 0.00269499 0.01765085 -0.01836702
v 0.00269499 0.01765085 -0.01836702
v 0.00269499 0.01765085 -0.01836702
v 0.00495531 0.01725585 -0.01836702
v 0.00495531 0.01725585 -0.01836702
v 0.00495531 0.01725585 -0.01836702
v 0.00495531 0.01725585 -0.01836702
v 0.00495531 0.01725585 -0.01836702
v 0.00495531 0.01725585 -0.01836702
v 0.00715922 0.01620735 -0.02062732
v 0.00715922 0.01620735 -0.02062732
v 0.00715922 0.01620735 -0.02062732
v 0.00715922 0.01620735 -0.02062732
v 0.00715922 0.01620735 -0.02062732
v 0.00721562 0.01530935 -0.02288764
v 0.00721562 0.01530935 -0.02288764
v 0.00721562 0.01530935 -0.02288764
v 0.00721562 0.01530935 -0.02288764
v 0.00721562 0.01530935 -0.02288764
v 0.00721562 0.01530935 -0.02288764
v 0.00721562 0.01530935 -0.02288764
v 0.00721562 0.01530935 -0.02288764
v 0.00721562 0.01618245 -0.02062732
v 0.00721562 0.01618245 -0.02062732
v 0.00721562 0.01618245 -0.02062732
v 0.00721562 0.01618245 -0.02062732
v 0.00947594 0.01481945 -0.02062732
v 0.00947594 0.01481945 -0.02062732
v 0.00947594 0.01481945 -0.02062732
v 0.00947594 0.01481945 -0.02062732
v 0.00947594 0.01481945 -0.02062732
v 0.00947594 0.01481945 -0.02062732
v 0.00947594 0.01481945 -0.02062732
v 0.00721562 0.01620735 -0.02052051
v 0.00721562 0.01620735 -0.02052051
v 0.00721562 0.01620735 -0.02052051
v 0.00721562 0.01620735 -0.02052051
v 0.00721562 0.01620735 -0.02052051
v 0.00721562 0.01620735 -0.02052051
v 0.00769485 0.01620735 -0.01836702
v 0.00769485 0.01620735 -0.01836702
v 0.00769485 0.01620735 -0.01836702
v 0.00769485 0.01620735 -0.01836702
v 0.00769485 0.01620735 -0.01836702
v 0.00769485 0.01620735 -0.01836702
v 0.00947594 0.01509285 -0.01836702
v 0.00947594 0.01509285 -0.01836702
v 0.00947594 0.01509285 -0.01836702
v 0.00947594 0.01509285 -0.01836702
v 0.00947594 0.01509285 -0.01836702
v 0.00721562 0.01643515 -0.01836702
v 0.00721562 0.01643515 -0.01836702
v 0.00721562 0.01643515 -0.01836702
v 0.00721562 0.01643515 -0.01836702
v 0.00721562 0.01643515 -0.01836702
v 0.00721562 0.01643515 -0.01836702
v 0.00721562 0.01643515 -0.01836702
v 0.00269499 0.01759485 -0.01610672
v 0.00269499 0.01759485 -0.01610672
v 0.00269499 0.01759485 -0.01610672
v 0.00269499 0.01759485 -0.01610672
v 0.00269499 0.01759485 -0.01610672
v 0.00269499 0.01759485 -0.01610672
v 0.00495531 0.01708895 -0.01610672
v 0.00495531 0.01708895 -0.01610672
v 0.00495531 0.01708895 -0.01610672
v 0.00495531 0.01708895 -0.01610672
v 0.00495531 0.01708895 -0.01610672
v 0.00495531 0.01708895 -0.01610672
v 0.00495531 0.01708895 -0.01610672
v 0.00495531 0.01708895 -0.01610672
v 0.00269499 0.01710145 -0.01384641
v 0.00269499 0.01710145 -0.01384641
v 0.00269499 0.01710145 -0.01384641
v 0.00269499 0.01710145 -0.01384641
v 0.00269499 0.01710145 -0.01384641
v 0.00269499 0.01710145 -0.01384641
v 0.00269499 0.01710145 -0.01384641
v 0.00269499 0.01710145 -0.01384641
v 0.00495531 0.01653345 -0.01384641
v 0.00495531 0.01653345 -0.01384641
v 0.00495531 0.01653345 -0.01384641
v 0.00495531 0.01653345 -0.01384641
v 0.00725006 0.01620735 -0.01610672
v 0.00725006 0.01620735 -0.01610672
v 0.00725006 0.01620735 -0.01610672
v 0.00725006 0.01620735 -0.01610672
v 0.00725006 0.01620735 -0.01610672
v 0.00947594 0.01489195 -0.01610672
v 0.00947594 0.01489195 -0.01610672
v 0.00947594 0.01489195 -0.01610672
v 0.00947594 0.01489195 -0.01610672
v 0.00947594 0.01489195 -0.01610672
v 0.00947594 0.01489195 -0.01610672
v 0.00947594 0.01489195 -0.01610672
v 0.00947594 0.01489195 -0.01610672
v 0.00947594 0.01489195 -0.01610672
v 0.00721562 0.01622305 -0.01610672
v 0.00721562 0.01622305 -0.01610672
v 0.00721562 0.01622305 -0.01610672
v 0.00721562 0.01622305 -0.01610672
v 0.00588900 0.01620735 -0.01384641
v 0.00588900 0.01620735 -0.01384641
v 0.00588900 0.01620735 -0.01384641
v 0.00588900 0.01620735 -0.01384641
v 0.00588900 0.01620735 -0.01384641
v 0.00588900 0.01620735 -0.01384641
v 0.00721562 0.01564585 -0.01384641
v 0.00721562 0.01564585 -0.01384641
v 0.00721562 0.01564585 -0.01384641
v 0.00721562 0.01564585 -0.01384641
v 0.00721562 0.01564585 -0.01384641
v 0.00721562 0.01564585 -0.01384641
v 0.00721562 0.01620735 -0.01602041
v 0.00721562 0.01620735 -0.01602041
v 0.00721562 0.01620735 -0.01602041
v 0.00721562 0.01620735 -0.01602041
v 0.00721562 0.01620735 -0.01602041
v 0.00721562 0.01620735 -0.01602041
v 0.00947594 0.01433025 -0.01384641
v 0.00947594 0.01433025 -0.01384641
v 0.00947594 0.01433025 -0.01384641
v 0.00947594 0.01433025 -0.01384641
v 0.01181130 0.01168675 -0.02288764
v 0.01181130 0.01168675 -0.02288764
v 0.01181130 0.01168675 -0.02288764
v 0.01181130 0.01168675 -0.02288764
v 0.01181130 0.01168675 -0.02288764
v 0.01258880 0.01168675 -0.02062732
v 0.01258880 0.01168675 -0.02062732
v 0.01258880 0.01168675 -0.02062732
v 0.01258880 0.01168675 -0.02062732
v 0.01258880 0.01168675 -0.02062732
v 0.01258880 0.01168675 -0.02062732
v 0.01258880 0.01168675 -0.02062732
v 0.01399660 0.00995235 -0.02062732
v 0.01399660 0.00995235 -0.02062732
v 0.01399660 0.00995235 -0.02062732
v 0.01399660 0.00995235 -0.02062732
v 0.01399660 0.00995235 -0.02062732
v 0.01049005 0.01394705 -0.02062732
v 0.01049005 0.01394705 -0.02062732
v 0.01049005 0.01394705 -0.02062732
v 0.01049005 0.01394705 -0.02062732
v 0.01049005 0.01394705 -0.02062732
v 0.01049005 0.01394705 -0.02062732
v 0.01049005 0.01394705 -0.02062732
v 0.01173630 0.01176735 -0.02288764
v 0.01173630 0.01176735 -0.02288764
v 0.01173630 0.01176735 -0.02288764
v 0.01173630 0.01176735 -0.02288764
v 0.01173630 0.01176735 -0.02288764
v 0.01173630 0.01176735 -0.02288764
v 0.01173630 0.01176735 -0.02288764
v 0.01173630 0.01265445 -0.02062732
v 0.01173630 0.01265445 -0.02062732
v 0.01173630 0.01265445 -0.02062732
v 0.01173630 0.01265445 -0.02062732
v 0.01173630 0.01265445 -0.02062732
v 0.01282210 0.01168675 -0.01836702
v 0.01282210 0.01168675 -0.01836702
v 0.01282210 0.01168675 -0.01836702
v 0.01282210 0.01168675 -0.01836702
v 0.01282210 0.01168675 -0.01836702
v 0.01399660 0.01018115 -0.01836702
v 0.01399660 0.01018115 -0.01836702
v 0.01399660 0.01018115 -0.01836702
v 0.01399660 0.01018115 -0.01836702
v 0.01399660 0.01018115 -0.01836702
v 0.01399660 0.01018115 -0.01836702
v 0.01079530 0.01394705 -0.01836702
v 0.01079530 0.01394705 -0.01836702
v 0.01079530 0.01394705 -0.01836702
v 0.01079530 0.01394705 -0.01836702
v 0.01079530 0.01394705 -0.01836702
v 0.01079530 0.01394705 -0.01836702
v 0.01173630 0.01295725 -0.01836702
v 0.01173630 0.01295725 -0.01836702
v 0.01173630 0.01295725 -0.01836702
v 0.01173630 0.01295725 -0.01836702
v 0.01173630 0.01295725 -0.01836702
v 0.01173630 0.01295725 -0.01836702
v 0.01272050 0.01168675 -0.01610672
v 0.01272050 0.01168675 -0.01610672
v 0.01272050 0.01168675 -0.01610672
v 0.01272050 0.01168675 -0.01610672
v 0.01272050 0.01168675 -0.01610672
v 0.01272050 0.01168675 -0.01610672
v 0.01272050 0.01168675 -0.01610672
v 0.01399660 0.00999665 -0.01610672
v 0.01399660 0.00999665 -0.01610672
v 0.01399660 0.00999665 -0.01610672
v 0.01399660 0.00999665 -0.01610672
v 0.01399660 0.00999665 -0.01610672
v 0.01399660 0.00999665 -0.01610672
v 0.01063300 0.01394705 -0.01610672
v 0.01063300 0.01394705 -0.01610672
v 0.01063300 0.01394705 -0.01610672
v 0.01063300 0.01394705 -0.01610672
v 0.01063300 0.01394705 -0.01610672
v 0.01173630 0.01283805 -0.01610672
v 0.01173630 0.01283805 -0.01610672
v 0.01173630 0.01283805 -0.01610672
v 0.01173630 0.01283805 -0.01610672
v 0.01173630 0.01283805 -0.01610672
v 0.01234410 0.01168675 -0.01384641
v 0.01234410 0.01168675 -0.01384641
v 0.01234410 0.01168675 -0.01384641
v 0.01234410 0.01168675 -0.01384641
v 0.01234410 0.01168675 -0.01384641
v 0.01234410 0.01168675 -0.01384641
v 0.01234410 0.01168675 -0.01384641
v 0.01399660 0.00943365 -0.01384641
v 0.01399660 0.00943365 -0.01384641
v 0.01399660 0.00943365 -0.01384641
v 0.01399660 0.00943365 -0.01384641
v 0.01399660 0.00943365 -0.01384641
v 0.01001223 0.01394705 -0.01384641
v 0.01001223 0.01394705 -0.01384641
v 0.01001223 0.01394705 -0.01384641
v 0.01001223 0.01394705 -0.01384641
v 0.01001223 0.01394705 -0.01384641
v 0.01173630 0.01237915 -0.01384641
v 0.01173630 0.01237915 -0.01384641
v 0.01173630 0.01237915 -0.01384641
v 0.01173630 0.01237915 -0.01384641
v 0.01173630 0.01237915 -0.01384641
v 0.01173630 0.01237915 -0.01384641
v 0.01173630 0.01237915 -0.01384641
v 0.00812313 0.00942645 -0.00480511
v 0.00812313 0.00942645 -0.00480511
v 0.00812313 0.00942645 -0.00480511
v 0.00812313 0.00942645 -0.00480511
v 0.00812313 0.00942645 -0.00480511
v 0.00947594 0.00814225 -0.00480511
v 0.00947594 0.00814225 -0.00480511
v 0.00947594 0.00814225 -0.00480511
v 0.00947594 0.00814225 -0.00480511
v 0.00947594 0.00814225 -0.00480511
v 0.00947594 0.00814225 -0.00480511
v 0.00947594 0.00942645 -0.00619311
v 0.00947594 0.00942645 -0.00619311
v 0.00947594 0.00942645 -0.00619311
v 0.00947594 0.00942645 -0.00619311
v 0.01580570 0.00264545 -0.01158601
v 0.01580570 0.00264545 -0.01158601
v 0.01580570 0.00264545 -0.01158601
v 0.01580570 0.00264545 -0.01158601
v 0.01580570 0.00264545 -0.01158601
v 0.01580570 0.00264545 -0.01158601
v 0.01625690 0.00264545 -0.01305801
v 0.01625690 0.00264545 -0.01305801
v 0.01625690 0.00264545 -0.01305801
v 0.01625690 0.00264545 -0.01305801
v 0.01625690 0.00264545 -0.01305801
v 0.01625690 0.00264545 -0.01305801
v 0.01537800 0.00490577 -0.01158601
v 0.01537800 0.00490577 -0.01158601
v 0.01537800 0.00490577 -0.01158601
v 0.01537800 0.00490577 -0.01158601
v 0.01537800 0.00490577 -0.01158601
v 0.01537800 0.00490577 -0.01158601
v 0.01537800 0.00490577 -0.01158601
v 0.01537800 0.00490577 -0.01158601
v 0.01537800 0.00490577 -0.01158601
v 0.01537800 0.00490577 -0.01158601
v 0.01473970 0.00264545 -0.00932571
v 0.01473970 0.00264545 -0.00932571
v 0.01473970 0.00264545 -0.00932571
v 0.01473970 0.00264545 -0.00932571
v 0.01473970 0.00264545 -0.00932571
v 0.01473970 0.00264545 -0.00932571
v 0.01433490 0.00490577 -0.00932571
v 0.01433490 0.00490577 -0.00932571
v 0.01433490 0.00490577 -0.00932571
v 0.01433490 0.00490577 -0.00932571
v 0.01340170 0.00942645 -0.01158601
v 0.01340170 0.00942645 -0.01158601
v 0.01340170 0.00942645 -0.01158601
v 0.01340170 0.00942645 -0.01158601
v 0.01340170 0.00942645 -0.01158601
v 0.01340170 0.00942645 -0.01158601
v 0.01340170 0.00942645 -0.01158601
v 0.01399660 0.00837065 -0.01158601
v 0.01399660 0.00837065 -0.01158601
v 0.01399660 0.00837065 -0.01158601
v 0.01399660 0.00837065 -0.01158601
v 0.01399660 0.00837065 -0.01158601
v 0.01399660 0.00837065 -0.01158601
v 0.01399660 0.00942645 -0.01382451
v 0.01399660 0.00942645 -0.01382451
v 0.01399660 0.00942645 -0.01382451
v 0.01399660 0.00942645 -0.01382451
v 0.01399660 0.00942645 -0.01382451
v 0.01399660 0.00942645 -0.01382451
v 0.01354020 0.00716608 -0.00932571
v 0.01354020 0.00716608 -0.00932571
v 0.01354020 0.00716608 -0.00932571
v 0.01354020 0.00716608 -0.00932571
v 0.01354020 0.00716608 -0.00932571
v 0.01354020 0.00716608 -0.00932571
v 0.01399660 0.00601329 -0.00932571
v 0.01399660 0.00601329 -0.00932571
v 0.01399660 0.00601329 -0.00932571
v 0.01399660 0.00601329 -0.00932571
v 0.01399660 0.00601329 -0.00932571
v 0.01399660 0.00601329 -0.00932571
v 0.01399660 0.00601329 -0.00932571
v 0.01399660 0.00716608 -0.01019451
v 0.01399660 0.00716608 -0.01019451
v 0.01399660 0.00716608 -0.01019451
v 0.01399660 0.00716608 -0.01019451
v 0.01399660 0.00716608 -0.01019451
v 0.01399660 0.00716608 -0.01019451
v 0.01231680 0.00942645 -0.00932571
v 0.01231680 0.00942645 -0.00932571
v 0.01231680 0.00942645 -0.00932571
v 0.01231680 0.00942645 -0.00932571
v 0.01231680 0.00942645 -0.00932571
v 0.01231680 0.00942645 -0.00932571
v 0.01456400 0.00716608 -0.01158601
v 0.01456400 0.00716608 -0.01158601
v 0.01456400 0.00716608 -0.01158601
v 0.01456400 0.00716608 -0.01158601
v 0.01337380 0.00264545 -0.00706541
v 0.01337380 0.00264545 -0.00706541
v 0.01337380 0.00264545 -0.00706541
v 0.01337380 0.00264545 -0.00706541
v 0.01337380 0.00264545 -0.00706541
v 0.01337380 0.00264545 -0.00706541
v 0.01337380 0.00264545 -0.00706541
v 0.01399660 0.00264545 -0.00805951
v 0.01399660 0.00264545 -0.00805951
v 0.01399660 0.00264545 -0.00805951
v 0.01399660 0.00264545 -0.00805951
v 0.01399660 0.00264545 -0.00805951
v 0.01399660 0.00264545 -0.00805951
v 0.01289860 0.00490577 -0.00706541
v 0.01289860 0.00490577 -0.00706541
v 0.01289860 0.00490577 -0.00706541
v 0.01289860 0.00490577 -0.00706541
v 0.01289860 0.00490577 -0.00706541
v 0.01289860 0.00490577 -0.00706541
v 0.01289860 0.00490577 -0.00706541
v 0.01289860 0.00490577 -0.00706541
v 0.01399660 0.00490577 -0.00873431
v 0.01399660 0.00490577 -0.00873431
v 0.01399660 0.00490577 -0.00873431
v 0.01399660 0.00490577 -0.00873431
v 0.01399660 0.00490577 -0.00873431
v 0.01195970 0.00264545 -0.00480511
v 0.01195970 0.00264545 -0.00480511
v 0.01195970 0.00264545 -0.00480511
v 0.01195970 0.00264545 -0.00480511
v 0.01138470 0.00490577 -0.00480511
v 0.01138470 0.00490577 -0.00480511
v 0.01138470 0.00490577 -0.00480511
v 0.01138470 0.00490577 -0.00480511
v 0.01173630 0.00377594 -0.00480511
v 0.01173630 0.00377594 -0.00480511
v 0.01173630 0.00377594 -0.00480511
v 0.01173630 0.00377594 -0.00480511
v 0.01173630 0.00377594 -0.00480511
v 0.01173630 0.00377594 -0.00480511
v 0.01173630 0.00377594 -0.00480511
v 0.01173630 0.00377594 -0.00480511
v 0.01173630 0.00490577 -0.00537471
v 0.01173630 0.00490577 -0.00537471
v 0.01173630 0.00490577 -0.00537471
v 0.01173630 0.00490577 -0.00537471
v 0.01173630 0.00490577 -0.00537471
v 0.01194840 0.00716608 -0.00706541
v 0.01194840 0.00716608 -0.00706541
v 0.01194840 0.00716608 -0.00706541
v 0.01194840 0.00716608 -0.00706541
v 0.01194840 0.00716608 -0.00706541
v 0.01042187 0.00942645 -0.00706541
v 0.01042187 0.00942645 -0.00706541
v 0.01042187 0.00942645 -0.00706541
v 0.01042187 0.00942645 -0.00706541
v 0.01042187 0.00942645 -0.00706541
v 0.01042187 0.00942645 -0.00706541
v 0.01042187 0.00942645 -0.00706541
v 0.01042187 0.00942645 -0.00706541
v 0.01173630 0.00756105 -0.00706541
v 0.01173630 0.00756105 -0.00706541
v 0.01173630 0.00756105 -0.00706541
v 0.01173630 0.00756105 -0.00706541
v 0.01173630 0.00756105 -0.00706541
v 0.01173630 0.00756105 -0.00706541
v 0.01173630 0.00942645 -0.00850311
v 0.01173630 0.00942645 -0.00850311
v 0.01173630 0.00942645 -0.00850311
v 0.01173630 0.00942645 -0.00850311
v 0.01173630 0.00942645 -0.00850311
v 0.01023108 0.00716608 -0.00480511
v 0.01023108 0.00716608 -0.00480511
v 0.01023108 0.00716608 -0.00480511
v 0.01023108 0.00716608 -0.00480511
v 0.01023108 0.00716608 -0.00480511
v 0.01023108 0.00716608 -0.00480511
v 0.01023108 0.00716608 -0.00480511
v 0.01023108 0.00716608 -0.00480511
v 0.01173630 0.00716608 -0.00679721
v 0.01173630 0.00716608 -0.00679721
v 0.01173630 0.00716608 -0.00679721
v 0.01173630 0.00716608 -0.00679721
v 0.01173630 0.00716608 -0.00679721
v 0.00872912 0.01394705 -0.01158601
v 0.00872912 0.01394705 -0.01158601
v 0.00872912 0.01394705 -0.01158601
v 0.00872912 0.01394705 -0.01158601
v 0.00872912 0.01394705 -0.01158601
v 0.00947594 0.01350425 -0.01158601
v 0.00947594 0.01350425 -0.01158601
v 0.00947594 0.01350425 -0.01158601
v 0.00947594 0.01350425 -0.01158601
v 0.00947594 0.01350425 -0.01158601
v 0.00947594 0.01350425 -0.01158601
v 0.00947594 0.01394705 -0.01270732
v 0.00947594 0.01394705 -0.01270732
v 0.00947594 0.01394705 -0.01270732
v 0.00947594 0.01394705 -0.01270732
v 0.00947594 0.01394705 -0.01270732
v 0.00947594 0.01394705 -0.01270732
v 0.00947594 0.01394705 -0.01270732
v 0.00947594 0.01394705 -0.01270732
v 0.00624659 0.01394705 -0.00932571
v 0.00624659 0.01394705 -0.00932571
v 0.00624659 0.01394705 -0.00932571
v 0.00624659 0.01394705 -0.00932571
v 0.00624659 0.01394705 -0.00932571
v 0.00624659 0.01394705 -0.00932571
v 0.00624659 0.01394705 -0.00932571
v 0.00624659 0.01394705 -0.00932571
v 0.00721562 0.01352305 -0.00932571
v 0.00721562 0.01352305 -0.00932571
v 0.00721562 0.01352305 -0.00932571
v 0.00721562 0.01352305 -0.00932571
v 0.00721562 0.01352305 -0.00932571
v 0.00721562 0.01352305 -0.00932571
v 0.00721562 0.01394705 -0.01005521
v 0.00721562 0.01394705 -0.01005521
v 0.00721562 0.01394705 -0.01005521
v 0.00721562 0.01394705 -0.01005521
v 0.00721562 0.01394705 -0.01005521
v 0.00947594 0.01226435 -0.00932571
v 0.00947594 0.01226435 -0.00932571
v 0.00947594 0.01226435 -0.00932571
v 0.00947594 0.01226435 -0.00932571
v 0.00947594 0.01226435 -0.00932571
v 0.00947594 0.01226435 -0.00932571
v 0.00287222 0.01620735 -0.01158601
v 0.00287222 0.01620735 -0.01158601
v 0.00287222 0.01620735 -0.01158601
v 0.00287222 0.01620735 -0.01158601
v 0.00287222 0.01620735 -0.01158601
v 0.00287222 0.01620735 -0.01158601
v 0.00495531 0.01565355 -0.01158601
v 0.00495531 0.01565355 -0.01158601
v 0.00495531 0.01565355 -0.01158601
v 0.00495531 0.01565355 -0.01158601
v 0.00495531 0.01565355 -0.01158601
v 0.00495531 0.01565355 -0.01158601
v 0.00495531 0.01620735 -0.01289881
v 0.00495531 0.01620735 -0.01289881
v 0.00495531 0.01620735 -0.01289881
v 0.00495531 0.01620735 -0.01289881
v 0.00495531 0.01620735 -0.01289881
v 0.00495531 0.01620735 -0.01289881
v 0.00269499 0.01624145 -0.01158601
v 0.00269499 0.01624145 -0.01158601
v 0.00269499 0.01624145 -0.01158601
v 0.00269499 0.01624145 -0.01158601
v 0.00269499 0.01507355 -0.00932571
v 0.00269499 0.01507355 -0.00932571
v 0.00269499 0.01507355 -0.00932571
v 0.00269499 0.01507355 -0.00932571
v 0.00269499 0.01507355 -0.00932571
v 0.00269499 0.01507355 -0.00932571
v 0.00269499 0.01507355 -0.00932571
v 0.00269499 0.01507355 -0.00932571
v 0.00269499 0.01507355 -0.00932571
v 0.00269499 0.01620735 -0.01151032
v 0.00269499 0.01620735 -0.01151032
v 0.00269499 0.01620735 -0.01151032
v 0.00269499 0.01620735 -0.01151032
v 0.00269499 0.01620735 -0.01151032
v 0.00495531 0.01442515 -0.00932571
v 0.00495531 0.01442515 -0.00932571
v 0.00495531 0.01442515 -0.00932571
v 0.00495531 0.01442515 -0.00932571
v 0.00721562 0.01471995 -0.01158601
v 0.00721562 0.01471995 -0.01158601
v 0.00721562 0.01471995 -0.01158601
v 0.00721562 0.01471995 -0.01158601
v 0.00721562 0.01471995 -0.01158601
v 0.00721562 0.01471995 -0.01158601
v 0.00721562 0.01471995 -0.01158601
v 0.00721562 0.01471995 -0.01158601
v 0.00183723 0.01394705 -0.00706541
v 0.00183723 0.01394705 -0.00706541
v 0.00183723 0.01394705 -0.00706541
v 0.00183723 0.01394705 -0.00706541
v 0.00183723 0.01394705 -0.00706541
v 0.00183723 0.01394705 -0.00706541
v 0.00183723 0.01394705 -0.00706541
v 0.00183723 0.01394705 -0.00706541
v 0.00269499 0.01375545 -0.00706541
v 0.00269499 0.01375545 -0.00706541
v 0.00269499 0.01375545 -0.00706541
v 0.00269499 0.01375545 -0.00706541
v 0.00269499 0.01394705 -0.00739721
v 0.00269499 0.01394705 -0.00739721
v 0.00269499 0.01394705 -0.00739721
v 0.00269499 0.01394705 -0.00739721
v 0.00269499 0.01394705 -0.00739721
v 0.00495531 0.01296265 -0.00706541
v 0.00495531 0.01296265 -0.00706541
v 0.00495531 0.01296265 -0.00706541
v 0.00495531 0.01296265 -0.00706541
v 0.00495531 0.01296265 -0.00706541
v 0.00495531 0.01296265 -0.00706541
v 0.00495531 0.01296265 -0.00706541
v 0.00495531 0.01296265 -0.00706541
v 0.00495531 0.01296265 -0.00706541
v 0.00495531 0.01394705 -0.00854381
v 0.00495531 0.01394705 -0.00854381
v 0.00495531 0.01394705 -0.00854381
v 0.00495531 0.01394705 -0.00854381
v 0.00495531 0.01394705 -0.00854381
v 0.00466709 0.01168675 -0.00480511
v 0.00466709 0.01168675 -0.00480511
v 0.00466709 0.01168675 -0.00480511
v 0.00466709 0.01168675 -0.00480511
v 0.00466709 0.01168675 -0.00480511
v 0.00466709 0.01168675 -0.00480511
v 0.00495531 0.01153695 -0.00480511
v 0.00495531 0.01153695 -0.00480511
v 0.00495531 0.01153695 -0.00480511
v 0.00495531 0.01153695 -0.00480511
v 0.00495531 0.01168675 -0.00508292
v 0.00495531 0.01168675 -0.00508292
v 0.00495531 0.01168675 -0.00508292
v 0.00495531 0.01168675 -0.00508292
v 0.00495531 0.01168675 -0.00508292
v 0.00269499 0.01246765 -0.00480511
v 0.00269499 0.01246765 -0.00480511
v 0.00269499 0.01246765 -0.00480511
v 0.00269499 0.01246765 -0.00480511
v 0.00269499 0.01246765 -0.00480511
v 0.00269499 0.01246765 -0.00480511
v 0.00269499 0.01246765 -0.00480511
v 0.00743932 0.01168675 -0.00706541
v 0.00743932 0.01168675 -0.00706541
v 0.00743932 0.01168675 -0.00706541
v 0.00743932 0.01168675 -0.00706541
v 0.00743932 0.01168675 -0.00706541
v 0.00743932 0.01168675 -0.00706541
v 0.00947594 0.01031185 -0.00706541
v 0.00947594 0.01031185 -0.00706541
v 0.00947594 0.01031185 -0.00706541
v 0.00947594 0.01031185 -0.00706541
v 0.00947594 0.01031185 -0.00706541
v 0.00947594 0.01031185 -0.00706541
v 0.00947594 0.01031185 -0.00706541
v 0.00947594 0.01168675 -0.00854902
v 0.00947594 0.01168675 -0.00854902
v 0.00947594 0.01168675 -0.00854902
v 0.00947594 0.01168675 -0.00854902
v 0.00947594 0.01168675 -0.00854902
v 0.00721562 0.01181495 -0.00706541
v 0.00721562 0.01181495 -0.00706541
v 0.00721562 0.01181495 -0.00706541
v 0.00721562 0.01181495 -0.00706541
v 0.00721562 0.01181495 -0.00706541
v 0.00721562 0.01011595 -0.00480511
v 0.00721562 0.01011595 -0.00480511
v 0.00721562 0.01011595 -0.00480511
v 0.00721562 0.01011595 -0.00480511
v 0.00721562 0.01011595 -0.00480511
v 0.00721562 0.01011595 -0.00480511
v 0.00721562 0.01011595 -0.00480511
v 0.00721562 0.01011595 -0.00480511
v 0.00721562 0.01168675 -0.00691371
v 0.00721562 0.01168675 -0.00691371
v 0.00721562 0.01168675 -0.00691371
v 0.00721562 0.01168675 -0.00691371
v 0.00721562 0.01168675 -0.00691371
v 0.01167490 0.01168675 -0.01158601
v 0.01167490 0.01168675 -0.01158601
v 0.01167490 0.01168675 -0.01158601
v 0.01167490 0.01168675 -0.01158601
v 0.01173630 0.01162115 -0.01158601
v 0.01173630 0.01162115 -0.01158601
v 0.01173630 0.01162115 -0.01158601
v 0.01173630 0.01162115 -0.01158601
v 0.01173630 0.01162115 -0.01158601
v 0.01173630 0.01168675 -0.01174931
v 0.01173630 0.01168675 -0.01174931
v 0.01173630 0.01168675 -0.01174931
v 0.01173630 0.01168675 -0.01174931
v 0.01173630 0.01168675 -0.01174931
v 0.01173630 0.01168675 -0.01174931
v 0.01173630 0.01168675 -0.01174931
v 0.01028745 0.01168675 -0.00932571
v 0.01028745 0.01168675 -0.00932571
v 0.01028745 0.01168675 -0.00932571
v 0.01028745 0.01168675 -0.00932571
v 0.01028745 0.01168675 -0.00932571
v 0.01028745 0.01168675 -0.00932571
v 0.01028745 0.01168675 -0.00932571
v 0.01028745 0.01168675 -0.00932571
v 0.01173630 0.01024545 -0.00932571
v 0.01173630 0.01024545 -0.00932571
v 0.01173630 0.01024545 -0.00932571
v 0.01173630 0.01024545 -0.00932571
v 0.01173630 0.01024545 -0.00932571
v 0.01173630 0.01024545 -0.00932571
v 0.00911853 0.00716608 -0.00254481
v 0.00911853 0.00716608 -0.00254481
v 0.00911853 0.00716608 -0.00254481
v 0.00911853 0.00716608 -0.00254481
v 0.00911853 0.00716608 -0.00254481
v 0.00911853 0.00716608 -0.00254481
v 0.00947594 0.00668103 -0.00254481
v 0.00947594 0.00668103 -0.00254481
v 0.00947594 0.00668103 -0.00254481
v 0.00947594 0.00668103 -0.00254481
v 0.00947594 0.00668103 -0.00254481
v 0.00947594 0.00716608 -0.00351471
v 0.00947594 0.00716608 -0.00351471
v 0.00947594 0.00716608 -0.00351471
v 0.00947594 0.00716608 -0.00351471
v 0.00947594 0.00716608 -0.00351471
v 0.00947594 0.00716608 -0.00351471
v 0.00683735 0.00942645 -0.00254481
v 0.00683735 0.00942645 -0.00254481
v 0.00683735 0.00942645 -0.00254481
v 0.00683735 0.00942645 -0.00254481
v 0.00683735 0.00942645 -0.00254481
v 0.00721562 0.00911885 -0.00254481
v 0.00721562 0.00911885 -0.00254481
v 0.00721562 0.00911885 -0.00254481
v 0.00721562 0.00911885 -0.00254481
v 0.00721562 0.00942645 -0.00346921
v 0.00721562 0.00942645 -0.00346921
v 0.00721562 0.00942645 -0.00346921
v 0.00721562 0.00942645 -0.00346921
v 0.00721562 0.00942645 -0.00346921
v 0.00721562 0.00942645 -0.00346921
v 0.00721562 0.00942645 -0.00346921
v 0.00721562 0.00942645 -0.00346921
v 0.00878167 0.00716608 -0.00028451
v 0.00878167 0.00716608 -0.00028451
v 0.00878167 0.00716608 -0.00028451
v 0.00878167 0.00716608 -0.00028451
v 0.00878167 0.00716608 -0.00028451
v 0.00878167 0.00716608 -0.00028451
v 0.00947594 0.00622257 -0.00028451
v 0.00947594 0.00622257 -0.00028451
v 0.00947594 0.00622257 -0.00028451
v 0.00947594 0.00622257 -0.00028451
v 0.00947594 0.00622257 -0.00028451
v 0.00947594 0.00622257 -0.00028451
v 0.00638751 0.00942645 -0.00028451
v 0.00638751 0.00942645 -0.00028451
v 0.00638751 0.00942645 -0.00028451
v 0.00638751 0.00942645 -0.00028451
v 0.00638751 0.00942645 -0.00028451
v 0.00638751 0.00942645 -0.00028451
v 0.00721562 0.00877105 -0.00028451
v 0.00721562 0.00877105 -0.00028451
v 0.00721562 0.00877105 -0.00028451
v 0.00721562 0.00877105 -0.00028451
v 0.00721562 0.00877105 -0.00028451
v 0.00721562 0.00877105 -0.00028451
v 0.00869726 0.00716608 0.00197589
v 0.00869726 0.00716608 0.00197589
v 0.00869726 0.00716608 0.00197589
v 0.00869726 0.00716608 0.00197589
v 0.00869726 0.00716608 0.00197589
v 0.00869726 0.00716608 0.00197589
v 0.00869726 0.00716608 0.00197589
v 0.00947594 0.00614890 0.00197589
v 0.00947594 0.00614890 0.00197589
v 0.00947594 0.00614890 0.00197589
v 0.00947594 0.00614890 0.00197589
v 0.00947594 0.00614890 0.00197589
v 0.00609123 0.00942645 0.00197589
v 0.00609123 0.00942645 0.00197589
v 0.00609123 0.00942645 0.00197589
v 0.00609123 0.00942645 0.00197589
v 0.00609123 0.00942645 0.00197589
v 0.00609123 0.00942645 0.00197589
v 0.00721562 0.00861025 0.00197589
v 0.00721562 0.00861025 0.00197589
v 0.00721562 0.00861025 0.00197589
v 0.00721562 0.00861025 0.00197589
v 0.00721562 0.00861025 0.00197589
v 0.00721562 0.00861025 0.00197589
v 0.01106950 0.00264545 -0.00254481
v 0.01106950 0.00264545 -0.00254481
v 0.01106950 0.00264545 -0.00254481
v 0.01106950 0.00264545 -0.00254481
v 0.01106950 0.00264545 -0.00254481
v 0.01106950 0.00264545 -0.00254481
v 0.01106950 0.00264545 -0.00254481
v 0.01173630 0.00264545 -0.00438501
v 0.01173630 0.00264545 -0.00438501
v 0.01173630 0.00264545 -0.00438501
v 0.01173630 0.00264545 -0.00438501
v 0.01173630 0.00264545 -0.00438501
v 0.01044332 0.00490577 -0.00254481
v 0.01044332 0.00490577 -0.00254481
v 0.01044332 0.00490577 -0.00254481
v 0.01044332 0.00490577 -0.00254481
v 0.01044332 0.00490577 -0.00254481
v 0.01044332 0.00490577 -0.00254481
v 0.01044332 0.00490577 -0.00254481
v 0.01044332 0.00490577 -0.00254481
v 0.01044332 0.00490577 -0.00254481
v 0.01082020 0.00264545 -0.00028451
v 0.01082020 0.00264545 -0.00028451
v 0.01082020 0.00264545 -0.00028451
v 0.01082020 0.00264545 -0.00028451
v 0.01082020 0.00264545 -0.00028451
v 0.01082020 0.00264545 -0.00028451
v 0.01018350 0.00490577 -0.00028451
v 0.01018350 0.00490577 -0.00028451
v 0.01018350 0.00490577 -0.00028451
v 0.01018350 0.00490577 -0.00028451
v 0.01018350 0.00490577 -0.00028451
v 0.01085430 0.00264545 0.00197589
v 0.01085430 0.00264545 0.00197589
v 0.01085430 0.00264545 0.00197589
v 0.01085430 0.00264545 0.00197589
v 0.01085430 0.00264545 0.00197589
v 0.01085430 0.00264545 0.00197589
v 0.01016822 0.00490577 0.00197589
v 0.01016822 0.00490577 0.00197589
v 0.01016822 0.00490577 0.00197589
v 0.01016822 0.00490577 0.00197589
v 0.01016822 0.00490577 0.00197589
v 0.01016822 0.00490577 0.00197589
v 0.00209068 0.01168675 -0.00254481
v 0.00209068 0.01168675 -0.00254481
v 0.00209068 0.01168675 -0.00254481
v 0.00209068 0.01168675 -0.00254481
v 0.00209068 0.01168675 -0.00254481
v 0.00209068 0.01168675 -0.00254481
v 0.00209068 0.01168675 -0.00254481
v 0.00209068 0.01168675 -0.00254481
v 0.00269499 0.01156555 -0.00254481
v 0.00269499 0.01156555 -0.00254481
v 0.00269499 0.01156555 -0.00254481
v 0.00269499 0.01156555 -0.00254481
v 0.00269499 0.01168675 -0.00296471
v 0.00269499 0.01168675 -0.00296471
v 0.00269499 0.01168675 -0.00296471
v 0.00269499 0.01168675 -0.00296471
v 0.00269499 0.01168675 -0.00296471
v 0.00495531 0.01068385 -0.00254481
v 0.00495531 0.01068385 -0.00254481
v 0.00495531 0.01068385 -0.00254481
v 0.00495531 0.01068385 -0.00254481
v 0.00495531 0.01068385 -0.00254481
v 0.00495531 0.01068385 -0.00254481
v 0.00495531 0.01068385 -0.00254481
v 0.00495531 0.01068385 -0.00254481
v 0.00495531 0.01068385 -0.00254481
v 0.00495531 0.01068385 -0.00254481
v 0.00269499 0.01114045 -0.00028451
v 0.00269499 0.01114045 -0.00028451
v 0.00269499 0.01114045 -0.00028451
v 0.00269499 0.01114045 -0.00028451
v 0.00269499 0.01114045 -0.00028451
v 0.00269499 0.01114045 -0.00028451
v 0.00269499 0.01114045 -0.00028451
v 0.00495531 0.01030795 -0.00028451
v 0.00495531 0.01030795 -0.00028451
v 0.00495531 0.01030795 -0.00028451
v 0.00495531 0.01030795 -0.00028451
v 0.00495531 0.01030795 -0.00028451
v 0.00495531 0.01030795 -0.00028451
v 0.00269499 0.01089195 0.00197589
v 0.00269499 0.01089195 0.00197589
v 0.00269499 0.01089195 0.00197589
v 0.00269499 0.01089195 0.00197589
v 0.00269499 0.01089195 0.00197589
v 0.00269499 0.01089195 0.00197589
v 0.00495531 0.01005845 0.00197589
v 0.00495531 0.01005845 0.00197589
v 0.00495531 0.01005845 0.00197589
v 0.00495531 0.01005845 0.00197589
v 0.00495531 0.01005845 0.00197589
v 0.00495531 0.01005845 0.00197589
v 0.00861719 0.00716608 0.00649648
v 0.00861719 0.00716608 0.00649648
v 0.00861719 0.00716608 0.00649648
v 0.00861719 0.00716608 0.00649648
v 0.00947594 0.00614017 0.00649648
v 0.00947594 0.00614017 0.00649648
v 0.00947594 0.00614017 0.00649648
v 0.00947594 0.00614017 0.00649648
v 0.00947594 0.00614017 0.00649648
v 0.00947594 0.00614017 0.00649648
v 0.00947594 0.00614017 0.00649648
v 0.00557538 0.00942645 0.00649648
v 0.00557538 0.00942645 0.00649648
v 0.00557538 0.00942645 0.00649648
v 0.00557538 0.00942645 0.00649648
v 0.00557538 0.00942645 0.00649648
v 0.00557538 0.00942645 0.00649648
v 0.00721562 0.00838915 0.00649648
v 0.00721562 0.00838915 0.00649648
v 0.00721562 0.00838915 0.00649648
v 0.00721562 0.00838915 0.00649648
v 0.00721562 0.00838915 0.00649648
v 0.00721562 0.00838915 0.00649648
v 0.00721562 0.00838915 0.00649648
v 0.00864335 0.00716608 0.00875678
v 0.00864335 0.00716608 0.00875678
v 0.00864335 0.00716608 0.00875678
v 0.00864335 0.00716608 0.00875678
v 0.00864335 0.00716608 0.00875678
v 0.00864335 0.00716608 0.00875678
v 0.00947594 0.00614368 0.00875678
v 0.00947594 0.00614368 0.00875678
v 0.00947594 0.00614368 0.00875678
v 0.00947594 0.00614368 0.00875678
v 0.00947594 0.00614368 0.00875678
v 0.00555422 0.00942645 0.00875678
v 0.00555422 0.00942645 0.00875678
v 0.00555422 0.00942645 0.00875678
v 0.00555422 0.00942645 0.00875678
v 0.00555422 0.00942645 0.00875678
v 0.00555422 0.00942645 0.00875678
v 0.00721562 0.00841215 0.00875678
v 0.00721562 0.00841215 0.00875678
v 0.00721562 0.00841215 0.00875678
v 0.00721562 0.00841215 0.00875678
v 0.00721562 0.00841215 0.00875678
v 0.00721562 0.00841215 0.00875678
v 0.00858998 0.00716608 0.01101708
v 0.00858998 0.00716608 0.01101708
v 0.00858998 0.00716608 0.01101708
v 0.00858998 0.00716608 0.01101708
v 0.00858998 0.00716608 0.01101708
v 0.00858998 0.00716608 0.01101708
v 0.00947594 0.00604015 0.01101708
v 0.00947594 0.00604015 0.01101708
v 0.00947594 0.00604015 0.01101708
v 0.00947594 0.00604015 0.01101708
v 0.00947594 0.00604015 0.01101708
v 0.00947594 0.00604015 0.01101708
v 0.00553957 0.00942645 0.01101708
v 0.00553957 0.00942645 0.01101708
v 0.00553957 0.00942645 0.01101708
v 0.00553957 0.00942645 0.01101708
v 0.00553957 0.00942645 0.01101708
v 0.00553957 0.00942645 0.01101708
v 0.00721562 0.00839605 0.01101708
v 0.00721562 0.00839605 0.01101708
v 0.00721562 0.00839605 0.01101708
v 0.00721562 0.00839605 0.01101708
v 0.00721562 0.00839605 0.01101708
v 0.00721562 0.00839605 0.01101708
v 0.00830124 0.00716608 0.01327749
v 0.00830124 0.00716608 0.01327749
v 0.00830124 0.00716608 0.01327749
v 0.00830124 0.00716608 0.01327749
v 0.00830124 0.00716608 0.01327749
v 0.00830124 0.00716608 0.01327749
v 0.00830124 0.00716608 0.01327749
v 0.00947594 0.00560380 0.01327749
v 0.00947594 0.00560380 0.01327749
v 0.00947594 0.00560380 0.01327749
v 0.00947594 0.00560380 0.01327749
v 0.00947594 0.00560380 0.01327749
v 0.00522375 0.00942645 0.01327749
v 0.00522375 0.00942645 0.01327749
v 0.00522375 0.00942645 0.01327749
v 0.00522375 0.00942645 0.01327749
v 0.00522375 0.00942645 0.01327749
v 0.00721562 0.00817645 0.01327749
v 0.00721562 0.00817645 0.01327749
v 0.00721562 0.00817645 0.01327749
v 0.00721562 0.00817645 0.01327749
v 0.00721562 0.00817645 0.01327749
v 0.00721562 0.00817645 0.01327749
v 0.00721562 0.00817645 0.01327749
v 0.01095590 0.00264545 0.00649648
v 0.01095590 0.00264545 0.00649648
v 0.01095590 0.00264545 0.00649648
v 0.01095590 0.00264545 0.00649648
v 0.01095590 0.00264545 0.00649648
v 0.01095590 0.00264545 0.00649648
v 0.01020324 0.00490577 0.00649648
v 0.01020324 0.00490577 0.00649648
v 0.01020324 0.00490577 0.00649648
v 0.01020324 0.00490577 0.00649648
v 0.01020324 0.00490577 0.00649648
v 0.01020324 0.00490577 0.00649648
v 0.01020324 0.00490577 0.00649648
v 0.01093430 0.00264545 0.00875678
v 0.01093430 0.00264545 0.00875678
v 0.01093430 0.00264545 0.00875678
v 0.01093430 0.00264545 0.00875678
v 0.01093430 0.00264545 0.00875678
v 0.01093430 0.00264545 0.00875678
v 0.01018395 0.00490577 0.00875678
v 0.01018395 0.00490577 0.00875678
v 0.01018395 0.00490577 0.00875678
v 0.01018395 0.00490577 0.00875678
v 0.01018395 0.00490577 0.00875678
v 0.01018395 0.00490577 0.00875678
v 0.01018395 0.00490577 0.00875678
v 0.01084510 0.00264545 0.01101708
v 0.01084510 0.00264545 0.01101708
v 0.01084510 0.00264545 0.01101708
v 0.01084510 0.00264545 0.01101708
v 0.01084510 0.00264545 0.01101708
v 0.01084510 0.00264545 0.01101708
v 0.01010494 0.00490577 0.01101708
v 0.01010494 0.00490577 0.01101708
v 0.01010494 0.00490577 0.01101708
v 0.01010494 0.00490577 0.01101708
v 0.01010494 0.00490577 0.01101708
v 0.01010494 0.00490577 0.01101708
v 0.01061190 0.00264545 0.01327749
v 0.01061190 0.00264545 0.01327749
v 0.01061190 0.00264545 0.01327749
v 0.01061190 0.00264545 0.01327749
v 0.01061190 0.00264545 0.01327749
v 0.01061190 0.00264545 0.01327749
v 0.01061190 0.00264545 0.01327749
v 0.00984743 0.00490577 0.01327749
v 0.00984743 0.00490577 0.01327749
v 0.00984743 0.00490577 0.01327749
v 0.00984743 0.00490577 0.01327749
v 0.00269499 0.01053655 0.00649648
v 0.00269499 0.01053655 0.00649648
v 0.00269499 0.01053655 0.00649648
v 0.00269499 0.01053655 0.00649648
v 0.00269499 0.01053655 0.00649648
v 0.00269499 0.01053655 0.00649648
v 0.00495531 0.00973115 0.00649648
v 0.00495531 0.00973115 0.00649648
v 0.00495531 0.00973115 0.00649648
v 0.00495531 0.00973115 0.00649648
v 0.00495531 0.00973115 0.00649648
v 0.00495531 0.00973115 0.00649648
v 0.00269499 0.01045015 0.00875678
v 0.00269499 0.01045015 0.00875678
v 0.00269499 0.01045015 0.00875678
v 0.00269499 0.01045015 0.00875678
v 0.00269499 0.01045015 0.00875678
v 0.00269499 0.01045015 0.00875678
v 0.00495531 0.00970545 0.00875678
v 0.00495531 0.00970545 0.00875678
v 0.00495531 0.00970545 0.00875678
v 0.00495531 0.00970545 0.00875678
v 0.00495531 0.00970545 0.00875678
v 0.00495531 0.00970545 0.00875678
v 0.00269499 0.01037555 0.01101708
v 0.00269499 0.01037555 0.01101708
v 0.00269499 0.01037555 0.01101708
v 0.00269499 0.01037555 0.01101708
v 0.00269499 0.01037555 0.01101708
v 0.00269499 0.01037555 0.01101708
v 0.00495531 0.00969175 0.01101708
v 0.00495531 0.00969175 0.01101708
v 0.00495531 0.00969175 0.01101708
v 0.00495531 0.00969175 0.01101708
v 0.00495531 0.00969175 0.01101708
v 0.00495531 0.00969175 0.01101708
v 0.00269499 0.01020175 0.01327749
v 0.00269499 0.01020175 0.01327749
v 0.00269499 0.01020175 0.01327749
v 0.00269499 0.01020175 0.01327749
v 0.00269499 0.01020175 0.01327749
v 0.00269499 0.01020175 0.01327749
v 0.00269499 0.01020175 0.01327749
v 0.00269499 0.01020175 0.01327749
v 0.00495531 0.00954665 0.01327749
v 0.00495531 0.00954665 0.01327749
v 0.00495531 0.00954665 0.01327749
v 0.00495531 0.00954665 0.01327749
v 0.00934353 0.00490577 0.01553779
v 0.00934353 0.00490577 0.01553779
v 0.00934353 0.00490577 0.01553779
v 0.00934353 0.00490577 0.01553779
v 0.00934353 0.00490577 0.01553779
v 0.00947594 0.00465400 0.01553779
v 0.00947594 0.00465400 0.01553779
v 0.00947594 0.00465400 0.01553779
v 0.00947594 0.00465400 0.01553779
v 0.00947594 0.00465400 0.01553779
v 0.00947594 0.00490577 0.01503458
v 0.00947594 0.00490577 0.01503458
v 0.00947594 0.00490577 0.01503458
v 0.00947594 0.00490577 0.01503458
v 0.00947594 0.00490577 0.01503458
v 0.00947594 0.00490577 0.01503458
v 0.00947594 0.00490577 0.01503458
v 0.00947594 0.00490577 0.01503458
v 0.00869416 0.00490577 0.01779809
v 0.00869416 0.00490577 0.01779809
v 0.00869416 0.00490577 0.01779809
v 0.00869416 0.00490577 0.01779809
v 0.00869416 0.00490577 0.01779809
v 0.00869416 0.00490577 0.01779809
v 0.00869416 0.00490577 0.01779809
v 0.00869416 0.00490577 0.01779809
v 0.00947594 0.00334208 0.01779809
v 0.00947594 0.00334208 0.01779809
v 0.00947594 0.00334208 0.01779809
v 0.00947594 0.00334208 0.01779809
v 0.00947594 0.00334208 0.01779809
v 0.00410078 0.00942645 0.01553779
v 0.00410078 0.00942645 0.01553779
v 0.00410078 0.00942645 0.01553779
v 0.00410078 0.00942645 0.01553779
v 0.00410078 0.00942645 0.01553779
v 0.00410078 0.00942645 0.01553779
v 0.00495531 0.00906755 0.01553779
v 0.00495531 0.00906755 0.01553779
v 0.00495531 0.00906755 0.01553779
v 0.00495531 0.00906755 0.01553779
v 0.00495531 0.00906755 0.01553779
v 0.00495531 0.00942645 0.01406519
v 0.00495531 0.00942645 0.01406519
v 0.00495531 0.00942645 0.01406519
v 0.00495531 0.00942645 0.01406519
v 0.00495531 0.00942645 0.01406519
v 0.00495531 0.00942645 0.01406519
v 0.00495531 0.00942645 0.01406519
v 0.00269499 0.00920325 0.01779809
v 0.00269499 0.00920325 0.01779809
v 0.00269499 0.00920325 0.01779809
v 0.00269499 0.00920325 0.01779809
v 0.00269499 0.00920325 0.01779809
v 0.00269499 0.00920325 0.01779809
v 0.00269499 0.00942645 0.01695809
v 0.00269499 0.00942645 0.01695809
v 0.00269499 0.00942645 0.01695809
v 0.00269499 0.00942645 0.01695809
v 0.00269499 0.00942645 0.01695809
v 0.00269499 0.00942645 0.01695809
v 0.00495531 0.00835855 0.01779809
v 0.00495531 0.00835855 0.01779809
v 0.00495531 0.00835855 0.01779809
v 0.00495531 0.00835855 0.01779809
v 0.00495531 0.00835855 0.01779809
v 0.00495531 0.00835855 0.01779809
v 0.00495531 0.00835855 0.01779809
v 0.00495531 0.00835855 0.01779809
v 0.00495531 0.00835855 0.01779809
v 0.00761233 0.00716608 0.01553779
v 0.00761233 0.00716608 0.01553779
v 0.00761233 0.00716608 0.01553779
v 0.00761233 0.00716608 0.01553779
v 0.00761233 0.00716608 0.01553779
v 0.00761233 0.00716608 0.01553779
v 0.00721562 0.00753865 0.01553779
v 0.00721562 0.00753865 0.01553779
v 0.00721562 0.00753865 0.01553779
v 0.00721562 0.00753865 0.01553779
v 0.00721562 0.00753865 0.01553779
v 0.00671690 0.00716608 0.01779809
v 0.00671690 0.00716608 0.01779809
v 0.00671690 0.00716608 0.01779809
v 0.00671690 0.00716608 0.01779809
v 0.00671690 0.00716608 0.01779809
v 0.00721562 0.00671528 0.01779809
v 0.00721562 0.00671528 0.01779809
v 0.00721562 0.00671528 0.01779809
v 0.00721562 0.00671528 0.01779809
v 0.00721562 0.00716608 0.01654878
v 0.00721562 0.00716608 0.01654878
v 0.00721562 0.00716608 0.01654878
v 0.00721562 0.00716608 0.01654878
v 0.00721562 0.00716608 0.01654878
v 0.00721562 0.00716608 0.01654878
v 0.00721562 0.00716608 0.01654878
v 0.00721562 0.00716608 0.01654878
v 0.00913785 0.00264545 0.02005839
v 0.00913785 0.00264545 0.02005839
v 0.00913785 0.00264545 0.02005839
v 0.00913785 0.00264545 0.02005839
v 0.00947594 0.00102944 0.02005839
v 0.00947594 0.00102944 0.02005839
v 0.00947594 0.00102944 0.02005839
v 0.00947594 0.00102944 0.02005839
v 0.00947594 0.00102944 0.02005839
v 0.00947594 0.00102944 0.02005839
v 0.00947594 0.00102944 0.02005839
v 0.00947594 0.00264545 0.01874119
v 0.00947594 0.00264545 0.01874119
v 0.00947594 0.00264545 0.01874119
v 0.00947594 0.00264545 0.01874119
v 0.00947594 0.00264545 0.01874119
v 0.00947594 0.00264545 0.01874119
v 0.00947594 0.00264545 0.01874119
v 0.00803693 0.00490577 0.02005839
v 0.00803693 0.00490577 0.02005839
v 0.00803693 0.00490577 0.02005839
v 0.00803693 0.00490577 0.02005839
v 0.00803693 0.00490577 0.02005839
v 0.00803693 0.00490577 0.02005839
v 0.00803693 0.00490577 0.02005839
v 0.00849828 0.00264545 0.02231869
v 0.00849828 0.00264545 0.02231869
v 0.00849828 0.00264545 0.02231869
v 0.00849828 0.00264545 0.02231869
v 0.00849828 0.00264545 0.02231869
v 0.00849828 0.00264545 0.02231869
v 0.00849828 0.00264545 0.02231869
v 0.00849828 0.00264545 0.02231869
v 0.00849828 0.00264545 0.02231869
v 0.00739946 0.00490577 0.02231869
v 0.00739946 0.00490577 0.02231869
v 0.00739946 0.00490577 0.02231869
v 0.00739946 0.00490577 0.02231869
v 0.00269499 0.00858445 0.02005839
v 0.00269499 0.00858445 0.02005839
v 0.00269499 0.00858445 0.02005839
v 0.00269499 0.00858445 0.02005839
v 0.00269499 0.00858445 0.02005839
v 0.00269499 0.00858445 0.02005839
v 0.00495531 0.00769845 0.02005839
v 0.00495531 0.00769845 0.02005839
v 0.00495531 0.00769845 0.02005839
v 0.00495531 0.00769845 0.02005839
v 0.00495531 0.00769845 0.02005839
v 0.00475716 0.00716608 0.02231869
v 0.00475716 0.00716608 0.02231869
v 0.00475716 0.00716608 0.02231869
v 0.00475716 0.00716608 0.02231869
v 0.00475716 0.00716608 0.02231869
v 0.00495531 0.00706016 0.02231869
v 0.00495531 0.00706016 0.02231869
v 0.00495531 0.00706016 0.02231869
v 0.00495531 0.00706016 0.02231869
v 0.00495531 0.00706016 0.02231869
v 0.00495531 0.00716608 0.02195949
v 0.00495531 0.00716608 0.02195949
v 0.00495531 0.00716608 0.02195949
v 0.00495531 0.00716608 0.02195949
v 0.00495531 0.00716608 0.02195949
v 0.00495531 0.00716608 0.02195949
v 0.00495531 0.00716608 0.02195949
v 0.00269499 0.00790595 0.02231869
v 0.00269499 0.00790595 0.02231869
v 0.00269499 0.00790595 0.02231869
v 0.00269499 0.00790595 0.02231869
v 0.00269499 0.00790595 0.02231869
v 0.00269499 0.00790595 0.02231869
v 0.00269499 0.00790595 0.02231869
v 0.00580576 0.00716608 0.02005839
v 0.00580576 0.00716608 0.02005839
v 0.00580576 0.00716608 0.02005839
v 0.00580576 0.00716608 0.02005839
v 0.00580576 0.00716608 0.02005839
v 0.00721562 0.00593510 0.02005839
v 0.00721562 0.00593510 0.02005839
v 0.00721562 0.00593510 0.02005839
v 0.00721562 0.00593510 0.02005839
v 0.00721562 0.00593510 0.02005839
v 0.00721562 0.00593510 0.02005839
v 0.00721562 0.00593510 0.02005839
v 0.00721562 0.00514910 0.02231869
v 0.00721562 0.00514910 0.02231869
v 0.00721562 0.00514910 0.02231869
v 0.00721562 0.00514910 0.02231869
v 0.00721562 0.00514910 0.02231869
v 0.00721562 0.00514910 0.02231869
v 0.01021162 0.00264545 0.01553779
v 0.01021162 0.00264545 0.01553779
v 0.01021162 0.00264545 0.01553779
v 0.01021162 0.00264545 0.01553779
v 0.01021162 0.00264545 0.01553779
v 0.01021162 0.00264545 0.01553779
v 0.01021162 0.00264545 0.01553779
v 0.00970549 0.00264545 0.01779809
v 0.00970549 0.00264545 0.01779809
v 0.00970549 0.00264545 0.01779809
v 0.00970549 0.00264545 0.01779809
v 0.00269499 0.00978855 0.01553779
v 0.00269499 0.00978855 0.01553779
v 0.00269499 0.00978855 0.01553779
v 0.00269499 0.00978855 0.01553779
v 0.00471830 0.00490577 0.02683939
v 0.00471830 0.00490577 0.02683939
v 0.00471830 0.00490577 0.02683939
v 0.00471830 0.00490577 0.02683939
v 0.00471830 0.00490577 0.02683939
v 0.00471830 0.00490577 0.02683939
v 0.00495531 0.00471701 0.02683939
v 0.00495531 0.00471701 0.02683939
v 0.00495531 0.00471701 0.02683939
v 0.00495531 0.00471701 0.02683939
v 0.00495531 0.00490577 0.02664149
v 0.00495531 0.00490577 0.02664149
v 0.00495531 0.00490577 0.02664149
v 0.00495531 0.00490577 0.02664149
v 0.00495531 0.00490577 0.02664149
v 0.00768519 0.00264545 0.02457899
v 0.00768519 0.00264545 0.02457899
v 0.00768519 0.00264545 0.02457899
v 0.00768519 0.00264545 0.02457899
v 0.00653972 0.00490577 0.02457899
v 0.00653972 0.00490577 0.02457899
v 0.00653972 0.00490577 0.02457899
v 0.00653972 0.00490577 0.02457899
v 0.00653972 0.00490577 0.02457899
v 0.00721562 0.00388566 0.02457899
v 0.00721562 0.00388566 0.02457899
v 0.00721562 0.00388566 0.02457899
v 0.00721562 0.00388566 0.02457899
v 0.00721562 0.00388566 0.02457899
v 0.00721562 0.00388566 0.02457899
v 0.00721562 0.00490577 0.02292149
v 0.00721562 0.00490577 0.02292149
v 0.00721562 0.00490577 0.02292149
v 0.00721562 0.00490577 0.02292149
v 0.00721562 0.00490577 0.02292149
v 0.00721562 0.00490577 0.02292149
v 0.00721562 0.00490577 0.02292149
v 0.00637123 0.00264545 0.02683939
v 0.00637123 0.00264545 0.02683939
v 0.00637123 0.00264545 0.02683939
v 0.00637123 0.00264545 0.02683939
v 0.00637123 0.00264545 0.02683939
v 0.00637123 0.00264545 0.02683939
v 0.00637123 0.00264545 0.02683939
v 0.00637123 0.00264545 0.02683939
v 0.00721562 0.00264545 0.02555339
v 0.00721562 0.00264545 0.02555339
v 0.00721562 0.00264545 0.02555339
v 0.00721562 0.00264545 0.02555339
v 0.00721562 0.00264545 0.02555339
v 0.00235262 0.00716608 0.02457899
v 0.00235262 0.00716608 0.02457899
v 0.00235262 0.00716608 0.02457899
v 0.00235262 0.00716608 0.02457899
v 0.00235262 0.00716608 0.02457899
v 0.00235262 0.00716608 0.02457899
v 0.00235262 0.00716608 0.02457899
v 0.00269499 0.00710290 0.02457899
v 0.00269499 0.00710290 0.02457899
v 0.00269499 0.00710290 0.02457899
v 0.00269499 0.00710290 0.02457899
v 0.00269499 0.00716608 0.02441988
v 0.00269499 0.00716608 0.02441988
v 0.00269499 0.00716608 0.02441988
v 0.00269499 0.00716608 0.02441988
v 0.00269499 0.00716608 0.02441988
v 0.00495531 0.00623282 0.02457899
v 0.00495531 0.00623282 0.02457899
v 0.00495531 0.00623282 0.02457899
v 0.00495531 0.00623282 0.02457899
v 0.00495531 0.00623282 0.02457899
v 0.00495531 0.00623282 0.02457899
v 0.00495531 0.00623282 0.02457899
v 0.00495531 0.00623282 0.02457899
v 0.00495531 0.00623282 0.02457899
v 0.00269499 0.00584390 0.02683939
v 0.00269499 0.00584390 0.02683939
v 0.00269499 0.00584390 0.02683939
v 0.00269499 0.00584390 0.02683939
v 0.00269499 0.00584390 0.02683939
v 0.00269499 0.00584390 0.02683939
v 0.00269499 0.00584390 0.02683939
v 0.00269499 0.00584390 0.02683939
v 0.00296436 0.00264545 0.02909969
v 0.00296436 0.00264545 0.02909969
v 0.00296436 0.00264545 0.02909969
v 0.00296436 0.00264545 0.02909969
v 0.00296436 0.00264545 0.02909969
v 0.00296436 0.00264545 0.02909969
v 0.00495531 0.00264545 0.02817028
v 0.00495531 0.00264545 0.02817028
v 0.00495531 0.00264545 0.02817028
v 0.00495531 0.00264545 0.02817028
v 0.00495531 0.00264545 0.02817028
v 0.00495531 0.00264545 0.02817028
v 0.00495531 0.00264545 0.02817028
v 0.00495531 0.00264545 0.02817028
v 0.00269499 0.00282241 0.02909969
v 0.00269499 0.00282241 0.02909969
v 0.00269499 0.00282241 0.02909969
v 0.00269499 0.00282241 0.02909969
v 0.00269499 0.00282241 0.02909969
v 0.00269499 0.00490577 0.02784059
v 0.00269499 0.00490577 0.02784059
v 0.00269499 0.00490577 0.02784059
v 0.00269499 0.00490577 0.02784059
v 0.00269499 0.00490577 0.02784059
v 0.00269499 0.00490577 0.02784059
v 0.00269499 0.00490577 0.02784059
v 0.00269499 0.00264545 0.02916849
v 0.00269499 0.00264545 0.02916849
v 0.00269499 0.00264545 0.02916849
v 0.00269499 0.00264545 0.02916849
vt 0.96040900 0.05343510
vt 0.96040900 0.05343510
vt 0.96040900 0.05343510
vt 0.19540200 0.09541980
vt 0.96040900 0.05343510
vt 0.96040900 0.05343510
vt 0.00000000 1.00000000
vt 0.00127714 1.00000000
vt 0.00000000 0.99618300
vt 0.00127714 1.00000000
vt 0.00000000 1.00000000
vt 0.00127714 1.00000000
vt 0.00000000 0.99618300
vt 0.00127714 1.00000000
vt 0.00000000 0.99618300
vt 0.00127714 1.00000000
vt 0.00000000 1.00000000
vt 0.00000000 1.00000000
vt 0.00000000 1.00000000
vt 0.00127714 1.00000000
vt 0.00000000 0.99618300
vt 0.00000000 0.99618300
vt 0.94636000 0.03053430
vt 0.94636000 0.03053430
vt 0.21072800 0.06870230
vt 0.94636000 0.03053430
vt 0.00000000 1.00000000
vt 0.00127714 1.00000000
vt 0.00127714 1.00000000
vt 0.00000000 1.00000000
vt 0.00000000 0.99618300
vt 0.00000000 1.00000000
vt 0.00000000 0.99618300
vt 0.00127714 1.00000000
vt 0.00127714 1.00000000
vt 0.00127714 1.00000000
vt 0.00000000 0.99618300
vt 0.00127714 1.00000000
vt 0.00000000 1.00000000
vt 0.00000000 1.00000000
vt 0.74968100 0.04961830
vt 0.81864600 0.08778630
vt 0.74968100 0.04961830
vt 0.74968100 0.04961830
vt 0.74968100 0.04961830
vt 0.74968100 0.04961830
vt 0.73818600 0.03053430
vt 0.73818600 0.03053430
vt 0.73818600 0.03053430
vt 0.00000000 0.99618300
vt 0.83141800 0.06106870
vt 0.00000000 0.99618300
vt 0.00000000 0.99618300
vt 0.00000000 0.99618300
vt 0.00127714 1.00000000
vt 0.00127714 1.00000000
vt 0.00127714 1.00000000
vt 0.00000000 1.00000000
vt 0.00127714 1.00000000
vt 0.00000000 1.00000000
vt 0.00000000 0.99618300
vt 0.00127714 1.00000000
vt 0.00000000 0.99618300
vt 0.00000000 0.99618300
vt 0.00127714 1.00000000
vt 0.00000000 0.99618300
vt 0.00000000 0.99618300
vt 0.00000000 0.99618300
vt 0.96296300 0.17938900
vt 0.96296300 0.17938900
vt 0.96296300 0.17938900
vt 0.96296300 0.17938900
vt 0.96296300 0.17938900
vt 0.96296300 0.17938900
vt 0.96551700 0.10687000
vt 0.96551700 0.10687000
vt 0.96551700 0.10687000
vt 0.96551700 0.10687000
vt 0.19157100 0.12213700
vt 0.96424000 0.07633590
vt 0.96424000 0.07633590
vt 0.96424000 0.07633590
vt 0.96424000 0.07633590
vt 0.96424000 0.07633590
vt 0.96424000 0.14122100
vt 0.96424000 0.14122100
vt 0.96424000 0.14122100
vt 0.96424000 0.14122100
vt 0.96424000 0.14122100
vt 0.96424000 0.14122100
vt 0.75478900 0.10305300
vt 0.75478900 0.10305300
vt 0.75478900 0.10305300
vt 0.75478900 0.10305300
vt 0.75351200 0.07633590
vt 0.75351200 0.07633590
vt 0.75351200 0.07633590
vt 0.75351200 0.07633590
vt 0.81481500 0.11450400
vt 0.75351200 0.07633590
vt 0.81609200 0.21374000
vt 0.81609200 0.21374000
vt 0.75351200 0.17557300
vt 0.81609200 0.21374000
vt 0.75351200 0.17557300
vt 0.75351200 0.17557300
vt 0.75478900 0.13740500
vt 0.75478900 0.13740500
vt 0.75478900 0.13740500
vt 0.81353800 0.17557300
vt 0.75478900 0.13740500
vt 0.81353800 0.17557300
vt 0.94763700 0.34732800
vt 0.94763700 0.34732800
vt 0.94763700 0.34732800
vt 0.94763700 0.34732800
vt 0.95785400 0.25954200
vt 0.95785400 0.25954200
vt 0.95785400 0.25954200
vt 0.95785400 0.25954200
vt 0.96040900 0.21755700
vt 0.96040900 0.21755700
vt 0.96040900 0.21755700
vt 0.19795700 0.25954200
vt 0.96040900 0.21755700
vt 0.96040900 0.21755700
vt 0.96040900 0.21755700
vt 0.96040900 0.21755700
vt 0.95785400 0.25572500
vt 0.95785400 0.25572500
vt 0.95785400 0.25572500
vt 0.95785400 0.25572500
vt 0.20178800 0.29771000
vt 0.95785400 0.25572500
vt 0.94891400 0.33206100
vt 0.94891400 0.33206100
vt 0.94891400 0.33206100
vt 0.21328200 0.37022900
vt 0.94891400 0.33206100
vt 0.94891400 0.33206100
vt 0.20817400 0.33969500
vt 0.95274600 0.30152700
vt 0.95274600 0.30152700
vt 0.95274600 0.30152700
vt 0.95274600 0.30152700
vt 0.20817400 0.33969500
vt 0.95274600 0.30152700
vt 0.95274600 0.30152700
vt 0.74712600 0.25572500
vt 0.74712600 0.25572500
vt 0.74712600 0.25572500
vt 0.74712600 0.25572500
vt 0.74712600 0.25572500
vt 0.75095800 0.21374000
vt 0.75095800 0.21374000
vt 0.75095800 0.21374000
vt 0.81992300 0.25190800
vt 0.81992300 0.25190800
vt 0.75095800 0.21374000
vt 0.75095800 0.21374000
vt 0.81992300 0.25190800
vt 0.74968100 0.23282400
vt 0.74968100 0.23282400
vt 0.74968100 0.23282400
vt 0.74968100 0.23282400
vt 0.74968100 0.23282400
vt 0.74968100 0.23282400
vt 0.74074100 0.30152700
vt 0.74074100 0.30152700
vt 0.74074100 0.30152700
vt 0.74074100 0.30152700
vt 0.74074100 0.30152700
vt 0.74074100 0.30152700
vt 0.74074100 0.30534400
vt 0.74074100 0.30534400
vt 0.74074100 0.30534400
vt 0.74074100 0.30534400
vt 0.74074100 0.30534400
vt 0.84035800 0.37786300
vt 0.73435500 0.35114500
vt 0.73435500 0.35114500
vt 0.73435500 0.35114500
vt 0.73435500 0.35114500
vt 0.73435500 0.35114500
vt 0.73435500 0.35114500
vt 0.73435500 0.35114500
vt 0.89910600 0.46564900
vt 0.89910600 0.46564900
vt 0.89910600 0.46564900
vt 0.89910600 0.46564900
vt 0.89910600 0.46564900
vt 0.89910600 0.46564900
vt 0.89910600 0.46564900
vt 0.94508300 0.48855000
vt 0.94508300 0.48855000
vt 0.94508300 0.48855000
vt 0.94508300 0.48855000
vt 0.21966800 0.52290100
vt 0.94508300 0.48855000
vt 0.22094500 0.45801500
vt 0.94380600 0.42366400
vt 0.94380600 0.42366400
vt 0.22094500 0.45801500
vt 0.94380600 0.42366400
vt 0.94380600 0.42366400
vt 0.94380600 0.42366400
vt 0.94380600 0.42366400
vt 0.94380600 0.38931300
vt 0.94380600 0.38931300
vt 0.94380600 0.38931300
vt 0.21966800 0.42366400
vt 0.94380600 0.38931300
vt 0.94380600 0.38931300
vt 0.91954000 0.46946600
vt 0.91954000 0.46946600
vt 0.91954000 0.46946600
vt 0.91954000 0.46946600
vt 0.91954000 0.46946600
vt 0.91954000 0.46946600
vt 0.90293700 0.46564900
vt 0.90293700 0.46564900
vt 0.90293700 0.46564900
vt 0.90293700 0.46564900
vt 0.90293700 0.46564900
vt 0.90293700 0.46564900
vt 0.94380600 0.45801500
vt 0.94380600 0.45801500
vt 0.94380600 0.45801500
vt 0.94380600 0.45801500
vt 0.94380600 0.45801500
vt 0.22094500 0.49236600
vt 0.92464900 0.46946600
vt 0.92464900 0.46946600
vt 0.92464900 0.46946600
vt 0.92464900 0.46946600
vt 0.92464900 0.46946600
vt 0.92464900 0.46946600
vt 0.93358900 0.47709900
vt 0.93358900 0.47709900
vt 0.93358900 0.47709900
vt 0.93358900 0.47709900
vt 0.93358900 0.47709900
vt 0.93358900 0.47709900
vt 0.73180100 0.42366400
vt 0.73180100 0.42366400
vt 0.73180100 0.42366400
vt 0.73180100 0.42366400
vt 0.84546600 0.45038200
vt 0.73180100 0.42366400
vt 0.84546600 0.45038200
vt 0.73180100 0.42366400
vt 0.84418900 0.40458000
vt 0.73307800 0.37786300
vt 0.73307800 0.37786300
vt 0.73307800 0.37786300
vt 0.73307800 0.37786300
vt 0.73307800 0.37786300
vt 0.73307800 0.38931300
vt 0.73307800 0.38931300
vt 0.73307800 0.38931300
vt 0.73307800 0.38931300
vt 0.88122600 0.47328200
vt 0.88122600 0.47328200
vt 0.88122600 0.47328200
vt 0.88122600 0.47328200
vt 0.88122600 0.47328200
vt 0.88122600 0.47328200
vt 0.88122600 0.47328200
vt 0.88122600 0.47328200
vt 0.88122600 0.47328200
vt 0.86590000 0.48473300
vt 0.86590000 0.48473300
vt 0.86590000 0.48473300
vt 0.86590000 0.48473300
vt 0.86590000 0.48473300
vt 0.86590000 0.48473300
vt 0.86590000 0.48473300
vt 0.73307800 0.45801500
vt 0.73307800 0.45801500
vt 0.73307800 0.45801500
vt 0.73307800 0.45801500
vt 0.84546600 0.48473300
vt 0.73307800 0.45801500
vt 0.85440600 0.50000000
vt 0.74329500 0.50763400
vt 0.85440600 0.50000000
vt 0.85440600 0.50000000
vt 0.85440600 0.50000000
vt 0.85440600 0.50000000
vt 0.73307800 0.48855000
vt 0.73307800 0.48855000
vt 0.73307800 0.48855000
vt 0.73307800 0.48855000
vt 0.84418900 0.51526700
vt 0.00000000 1.00000000
vt 0.00000000 0.99618300
vt 0.00127714 1.00000000
vt 0.00000000 1.00000000
vt 0.00127714 1.00000000
vt 0.00000000 1.00000000
vt 0.00127714 1.00000000
vt 0.00000000 1.00000000
vt 0.00127714 1.00000000
vt 0.00127714 1.00000000
vt 0.00000000 1.00000000
vt 0.00000000 1.00000000
vt 0.00000000 1.00000000
vt 0.00000000 0.99618300
vt 0.33588800 0.07251910
vt 0.33588800 0.07251910
vt 0.33588800 0.07251910
vt 0.33588800 0.07251910
vt 0.33588800 0.07251910
vt 0.00000000 1.00000000
vt 0.00127714 1.00000000
vt 0.00000000 1.00000000
vt 0.00127714 1.00000000
vt 0.00000000 1.00000000
vt 0.00000000 0.99618300
vt 0.32567100 0.04961830
vt 0.00000000 0.99618300
vt 0.32567100 0.04961830
vt 0.00000000 0.99618300
vt 0.32567100 0.04961830
vt 0.32567100 0.04961830
vt 0.41762500 0.06106870
vt 0.33844200 0.20229000
vt 0.33844200 0.20229000
vt 0.33844200 0.20229000
vt 0.33844200 0.20229000
vt 0.33844200 0.20229000
vt 0.33844200 0.20229000
vt 0.33844200 0.20229000
vt 0.33844200 0.20229000
vt 0.33971900 0.13358800
vt 0.33971900 0.13358800
vt 0.33971900 0.13358800
vt 0.33971900 0.13358800
vt 0.33844200 0.09923670
vt 0.33844200 0.09923670
vt 0.33844200 0.09923670
vt 0.33844200 0.09923670
vt 0.33844200 0.09923670
vt 0.33844200 0.09923670
vt 0.33844200 0.09923670
vt 0.33971900 0.16793900
vt 0.33971900 0.16793900
vt 0.33971900 0.16793900
vt 0.33971900 0.16793900
vt 0.33971900 0.16793900
vt 0.33971900 0.16793900
vt 0.32183900 0.37022900
vt 0.32183900 0.37022900
vt 0.42784200 0.37786300
vt 0.32183900 0.37022900
vt 0.32183900 0.37022900
vt 0.32183900 0.37022900
vt 0.32183900 0.37022900
vt 0.32183900 0.37022900
vt 0.41507000 0.29389300
vt 0.33205600 0.28244300
vt 0.33205600 0.28244300
vt 0.33205600 0.28244300
vt 0.33205600 0.28244300
vt 0.33205600 0.28244300
vt 0.41507000 0.29389300
vt 0.33205600 0.28244300
vt 0.33588800 0.24045800
vt 0.33588800 0.24045800
vt 0.33588800 0.24045800
vt 0.33588800 0.24045800
vt 0.33716500 0.22137400
vt 0.33716500 0.22137400
vt 0.33716500 0.22137400
vt 0.33716500 0.22137400
vt 0.33716500 0.22137400
vt 0.33716500 0.22137400
vt 0.32950200 0.30916000
vt 0.32950200 0.30916000
vt 0.32950200 0.30916000
vt 0.32950200 0.30916000
vt 0.32950200 0.30916000
vt 0.41890200 0.32061100
vt 0.32694800 0.32824400
vt 0.32694800 0.32824400
vt 0.32694800 0.32824400
vt 0.32694800 0.32824400
vt 0.24137900 0.48855000
vt 0.24137900 0.48855000
vt 0.24137900 0.48855000
vt 0.24137900 0.48855000
vt 0.22988500 0.50381700
vt 0.22988500 0.50381700
vt 0.22988500 0.50381700
vt 0.95530000 0.50381700
vt 0.22988500 0.50381700
vt 0.22988500 0.50381700
vt 0.22988500 0.50381700
vt 0.24265600 0.48855000
vt 0.24265600 0.48855000
vt 0.24265600 0.48855000
vt 0.24265600 0.48855000
vt 0.24265600 0.48855000
vt 0.25798200 0.48091600
vt 0.25798200 0.48091600
vt 0.25798200 0.48091600
vt 0.25798200 0.48091600
vt 0.25798200 0.48091600
vt 0.25798200 0.48091600
vt 0.25798200 0.48091600
vt 0.26436800 0.48091600
vt 0.26436800 0.48091600
vt 0.26436800 0.48091600
vt 0.26436800 0.48091600
vt 0.26436800 0.48091600
vt 0.26436800 0.48091600
vt 0.26436800 0.48091600
vt 0.28224800 0.48091600
vt 0.28224800 0.48091600
vt 0.28224800 0.48091600
vt 0.28224800 0.48091600
vt 0.28224800 0.48091600
vt 0.28097100 0.48091600
vt 0.28097100 0.48091600
vt 0.28097100 0.48091600
vt 0.28097100 0.48091600
vt 0.31800800 0.44656500
vt 0.31800800 0.44656500
vt 0.31800800 0.44656500
vt 0.31800800 0.44656500
vt 0.31800800 0.44656500
vt 0.31800800 0.44656500
vt 0.43422700 0.45419800
vt 0.43422700 0.45419800
vt 0.31928500 0.41221400
vt 0.31928500 0.41221400
vt 0.31928500 0.41221400
vt 0.31928500 0.41221400
vt 0.32056200 0.38549600
vt 0.32056200 0.38549600
vt 0.32056200 0.38549600
vt 0.32056200 0.38549600
vt 0.32056200 0.38549600
vt 0.32056200 0.38549600
vt 0.29501900 0.48855000
vt 0.29501900 0.48855000
vt 0.29501900 0.48855000
vt 0.29501900 0.48855000
vt 0.29501900 0.48855000
vt 0.29501900 0.48855000
vt 0.29501900 0.48855000
vt 0.31928500 0.48091600
vt 0.43422700 0.48473300
vt 0.31928500 0.48091600
vt 0.31928500 0.48091600
vt 0.31928500 0.48091600
vt 0.31928500 0.48091600
vt 0.30779100 0.50000000
vt 0.30779100 0.50000000
vt 0.30779100 0.50000000
vt 0.30779100 0.50000000
vt 0.30779100 0.50000000
vt 0.30779100 0.50000000
vt 0.31928500 0.51145000
vt 0.31928500 0.51145000
vt 0.31928500 0.51145000
vt 0.31928500 0.51145000
vt 0.31928500 0.51145000
vt 0.43422700 0.51908400
vt 0.00000000 1.00000000
vt 0.00000000 1.00000000
vt 0.00000000 0.99618300
vt 0.00127714 1.00000000
vt 0.00000000 1.00000000
vt 0.00127714 1.00000000
vt 0.00000000 1.00000000
vt 0.00127714 1.00000000
vt 0.00000000 1.00000000
vt 0.00000000 1.00000000
vt 0.00000000 0.99618300
vt 0.00000000 1.00000000
vt 0.00000000 0.99618300
vt 0.00127714 1.00000000
vt 0.54278400 0.05725190
vt 0.54278400 0.05725190
vt 0.61175000 0.08396950
vt 0.61175000 0.08396950
vt 0.00000000 0.99618300
vt 0.00000000 1.00000000
vt 0.00000000 1.00000000
vt 0.00127714 1.00000000
vt 0.00000000 1.00000000
vt 0.00127714 1.00000000
vt 0.62324400 0.05725190
vt 0.00000000 0.99618300
vt 0.62324400 0.05725190
vt 0.00000000 0.99618300
vt 0.53256700 0.03435120
vt 0.62324400 0.05725190
vt 0.53256700 0.03435120
vt 0.60791800 0.20610700
vt 0.54789300 0.17938900
vt 0.54789300 0.17938900
vt 0.54789300 0.17938900
vt 0.54789300 0.17938900
vt 0.54917000 0.11068700
vt 0.54917000 0.11068700
vt 0.60536400 0.14122100
vt 0.60536400 0.14122100
vt 0.54917000 0.11068700
vt 0.60791800 0.11068700
vt 0.54661600 0.08396950
vt 0.54661600 0.08396950
vt 0.54661600 0.08396950
vt 0.60791800 0.11068700
vt 0.60791800 0.11068700
vt 0.60791800 0.11068700
vt 0.60664100 0.17175600
vt 0.60664100 0.17175600
vt 0.60664100 0.17175600
vt 0.54917000 0.14503800
vt 0.54917000 0.14503800
vt 0.54917000 0.14503800
vt 0.60664100 0.17175600
vt 0.53256700 0.35114500
vt 0.62963000 0.37022900
vt 0.62963000 0.37022900
vt 0.53256700 0.35114500
vt 0.53256700 0.35114500
vt 0.62963000 0.37022900
vt 0.53256700 0.35114500
vt 0.53256700 0.35114500
vt 0.53256700 0.35114500
vt 0.54150700 0.26335900
vt 0.54150700 0.26335900
vt 0.61685800 0.28626000
vt 0.54150700 0.26335900
vt 0.54150700 0.26335900
vt 0.61685800 0.28626000
vt 0.61175000 0.24427500
vt 0.54533800 0.22137400
vt 0.54533800 0.22137400
vt 0.54533800 0.22137400
vt 0.54533800 0.22137400
vt 0.54533800 0.22137400
vt 0.54533800 0.22137400
vt 0.61302700 0.25572500
vt 0.54406100 0.22900800
vt 0.54406100 0.22900800
vt 0.54406100 0.22900800
vt 0.54406100 0.22900800
vt 0.61302700 0.25572500
vt 0.53639800 0.31297700
vt 0.53639800 0.31297700
vt 0.53639800 0.31297700
vt 0.53639800 0.31297700
vt 0.53639800 0.30534400
vt 0.53639800 0.30534400
vt 0.53639800 0.30534400
vt 0.53639800 0.30534400
vt 0.70753500 0.46946600
vt 0.70753500 0.46946600
vt 0.70753500 0.46946600
vt 0.70753500 0.46946600
vt 0.70753500 0.46946600
vt 0.70753500 0.46946600
vt 0.70753500 0.46946600
vt 0.72158400 0.47709900
vt 0.72158400 0.47709900
vt 0.72158400 0.47709900
vt 0.72158400 0.47709900
vt 0.72158400 0.47709900
vt 0.72158400 0.47709900
vt 0.69731800 0.46946600
vt 0.69731800 0.46946600
vt 0.69731800 0.46946600
vt 0.69731800 0.46946600
vt 0.69731800 0.46946600
vt 0.69731800 0.46946600
vt 0.69731800 0.46946600
vt 0.66794400 0.47709900
vt 0.66794400 0.47709900
vt 0.66794400 0.47709900
vt 0.66794400 0.47709900
vt 0.66794400 0.47709900
vt 0.66794400 0.47709900
vt 0.68965500 0.46946600
vt 0.68965500 0.46946600
vt 0.68965500 0.46946600
vt 0.68965500 0.46946600
vt 0.67816100 0.47328200
vt 0.67816100 0.47328200
vt 0.67816100 0.47328200
vt 0.67816100 0.47328200
vt 0.67816100 0.47328200
vt 0.67816100 0.47328200
vt 0.67816100 0.47328200
vt 0.52745800 0.43129800
vt 0.52745800 0.43129800
vt 0.63729200 0.44656500
vt 0.52745800 0.43129800
vt 0.63729200 0.44656500
vt 0.52745800 0.43129800
vt 0.52873600 0.39313000
vt 0.52873600 0.39313000
vt 0.52873600 0.39313000
vt 0.52873600 0.39313000
vt 0.52745800 0.40076300
vt 0.52745800 0.40076300
vt 0.52745800 0.40076300
vt 0.52745800 0.40076300
vt 0.66155800 0.48473300
vt 0.66155800 0.48473300
vt 0.66155800 0.48473300
vt 0.66155800 0.48473300
vt 0.66155800 0.48473300
vt 0.66155800 0.48473300
vt 0.63857000 0.48091600
vt 0.52618100 0.46564900
vt 0.52618100 0.46564900
vt 0.63857000 0.48091600
vt 0.63857000 0.48091600
vt 0.52618100 0.46564900
vt 0.64878700 0.49618300
vt 0.64878700 0.49618300
vt 0.64878700 0.49618300
vt 0.64878700 0.49618300
vt 0.64878700 0.49618300
vt 0.64878700 0.49618300
vt 0.63984700 0.51526700
vt 0.52618100 0.50000000
vt 0.52618100 0.50000000
vt 0.52618100 0.50000000
vt 0.63984700 0.51526700
vt 0.63984700 0.51526700
vt 0.49553000 0.47709900
vt 0.49553000 0.47709900
vt 0.49553000 0.47709900
vt 0.49553000 0.47709900
vt 0.49553000 0.47709900
vt 0.49553000 0.47709900
vt 0.46360200 0.48091600
vt 0.46360200 0.48091600
vt 0.46360200 0.48091600
vt 0.46360200 0.48091600
vt 0.46360200 0.48091600
vt 0.46360200 0.48091600
vt 0.46360200 0.48091600
vt 0.47254200 0.47709900
vt 0.47254200 0.47709900
vt 0.47254200 0.47709900
vt 0.47254200 0.47709900
vt 0.47254200 0.47709900
vt 0.47254200 0.47709900
vt 0.48403600 0.47709900
vt 0.48403600 0.47709900
vt 0.48403600 0.47709900
vt 0.48403600 0.47709900
vt 0.48403600 0.47709900
vt 0.48403600 0.47709900
vt 0.45593900 0.48473300
vt 0.45593900 0.48473300
vt 0.45593900 0.48473300
vt 0.45593900 0.48473300
vt 0.45593900 0.48473300
vt 0.44316700 0.50000000
vt 0.44316700 0.50000000
vt 0.44316700 0.50000000
vt 0.32950200 0.53053400
vt 0.44316700 0.50000000
vt 0.44316700 0.50000000
vt 0.50063900 0.47709900
vt 0.50063900 0.47709900
vt 0.50063900 0.47709900
vt 0.50063900 0.47709900
vt 0.50063900 0.47709900
vt 0.50063900 0.47709900
vt 0.51468700 0.48855000
vt 0.51468700 0.48855000
vt 0.51468700 0.48855000
vt 0.51468700 0.48855000
vt 0.51468700 0.48855000
vt 0.51468700 0.48855000
vt 0.94636000 0.55343500
vt 0.94636000 0.55343500
vt 0.94636000 0.55343500
vt 0.94636000 0.55343500
vt 0.21839100 0.58778600
vt 0.94636000 0.55343500
vt 0.94636000 0.52290100
vt 0.94636000 0.52290100
vt 0.94636000 0.52290100
vt 0.94636000 0.52290100
vt 0.22094500 0.65648900
vt 0.94636000 0.62595400
vt 0.94636000 0.62595400
vt 0.94636000 0.62595400
vt 0.94636000 0.62595400
vt 0.94636000 0.62595400
vt 0.94636000 0.58778600
vt 0.21966800 0.62213700
vt 0.94636000 0.58778600
vt 0.94636000 0.58778600
vt 0.94636000 0.58778600
vt 0.94636000 0.58778600
vt 0.73180100 0.62977100
vt 0.73180100 0.62977100
vt 0.73180100 0.62977100
vt 0.73180100 0.62977100
vt 0.73180100 0.62977100
vt 0.73180100 0.62977100
vt 0.73180100 0.62977100
vt 0.73435500 0.55725200
vt 0.73435500 0.55725200
vt 0.73435500 0.55725200
vt 0.73435500 0.55725200
vt 0.73435500 0.55725200
vt 0.73435500 0.55725200
vt 0.73435500 0.52290100
vt 0.73435500 0.52290100
vt 0.73435500 0.52290100
vt 0.73435500 0.52290100
vt 0.73435500 0.52290100
vt 0.73307800 0.59542000
vt 0.73307800 0.59542000
vt 0.73307800 0.59542000
vt 0.73307800 0.59542000
vt 0.73307800 0.59542000
vt 0.73307800 0.59542000
vt 0.93614300 0.78244300
vt 0.93614300 0.78244300
vt 0.93614300 0.78244300
vt 0.23371600 0.81297700
vt 0.93614300 0.78244300
vt 0.23371600 0.81297700
vt 0.94380600 0.69847300
vt 0.94380600 0.69847300
vt 0.94380600 0.69847300
vt 0.94380600 0.69847300
vt 0.22222200 0.69465600
vt 0.94508300 0.66030500
vt 0.94508300 0.66030500
vt 0.94508300 0.66030500
vt 0.94508300 0.66030500
vt 0.94508300 0.66030500
vt 0.22222200 0.69465600
vt 0.94508300 0.66030500
vt 0.94380600 0.69465600
vt 0.94380600 0.69465600
vt 0.94380600 0.69465600
vt 0.22477700 0.72519100
vt 0.94380600 0.69465600
vt 0.94380600 0.69465600
vt 0.94125200 0.74045800
vt 0.94125200 0.74045800
vt 0.94125200 0.74045800
vt 0.94125200 0.74045800
vt 0.94125200 0.74045800
vt 0.94125200 0.74045800
vt 0.22860800 0.77099200
vt 0.72796900 0.70992400
vt 0.72796900 0.70992400
vt 0.72796900 0.70992400
vt 0.72796900 0.70992400
vt 0.73052400 0.66793900
vt 0.73052400 0.66793900
vt 0.73052400 0.66793900
vt 0.73052400 0.66793900
vt 0.73052400 0.66793900
vt 0.73052400 0.66793900
vt 0.73052400 0.66793900
vt 0.73052400 0.66793900
vt 0.72669200 0.72137400
vt 0.72669200 0.72137400
vt 0.72669200 0.72137400
vt 0.72669200 0.72137400
vt 0.72669200 0.72137400
vt 0.72413800 0.75190800
vt 0.72413800 0.75190800
vt 0.72413800 0.75190800
vt 0.72413800 0.75190800
vt 0.72413800 0.75190800
vt 0.72413800 0.75190800
vt 0.72413800 0.75190800
vt 0.72030700 0.79389300
vt 0.72030700 0.79389300
vt 0.72030700 0.79389300
vt 0.72030700 0.79389300
vt 0.72030700 0.79389300
vt 0.72030700 0.79389300
vt 0.72030700 0.79389300
vt 0.93486600 0.79771000
vt 0.93486600 0.79771000
vt 0.93486600 0.79771000
vt 0.93486600 0.79771000
vt 0.93486600 0.79771000
vt 0.92592600 0.87404600
vt 0.92592600 0.87404600
vt 0.92592600 0.87404600
vt 0.92592600 0.87404600
vt 0.05874840 0.82824400
vt 0.05874840 0.82824400
vt 0.93103500 0.82824400
vt 0.93103500 0.82824400
vt 0.93103500 0.82824400
vt 0.24010200 0.85496200
vt 0.93103500 0.82824400
vt 0.93103500 0.82824400
vt 0.24010200 0.85496200
vt 0.92592600 0.87022900
vt 0.24648800 0.89694700
vt 0.92592600 0.87022900
vt 0.92592600 0.87022900
vt 0.92592600 0.87022900
vt 0.71775200 0.82442700
vt 0.71775200 0.82442700
vt 0.71775200 0.82442700
vt 0.71775200 0.82442700
vt 0.71775200 0.82442700
vt 0.71647500 0.83587800
vt 0.71647500 0.83587800
vt 0.71647500 0.83587800
vt 0.71647500 0.83587800
vt 0.71647500 0.83587800
vt 0.87484000 0.89694700
vt 0.71136700 0.88167900
vt 0.71136700 0.88167900
vt 0.71136700 0.88167900
vt 0.71136700 0.88167900
vt 0.87484000 0.89694700
vt 0.71136700 0.88167900
vt 0.91698600 0.91984700
vt 0.91698600 0.91984700
vt 0.06768840 0.85496200
vt 0.91698600 0.91984700
vt 0.06768840 0.85496200
vt 0.07024270 0.94656500
vt 0.70881200 0.89694700
vt 0.70881200 0.89694700
vt 0.70881200 0.89694700
vt 0.70881200 0.89694700
vt 0.70881200 0.89694700
vt 0.70881200 0.89694700
vt 0.07024270 0.86641200
vt 0.91443200 0.93511500
vt 0.07024270 0.86641200
vt 0.91443200 0.93511500
vt 0.07024270 0.86641200
vt 0.07024270 0.86641200
vt 0.07662830 0.92748100
vt 0.70114900 0.93893100
vt 0.70114900 0.93893100
vt 0.07662830 0.92748100
vt 0.07662830 0.88167900
vt 0.07662830 0.88167900
vt 0.07662830 0.88167900
vt 0.07662830 0.88167900
vt 0.07662830 0.88167900
vt 0.07662830 0.88167900
vt 0.07662830 0.88167900
vt 0.69987200 0.94274800
vt 0.07790550 0.92748100
vt 0.07790550 0.92748100
vt 0.07790550 0.92748100
vt 0.08429120 0.90458000
vt 0.08429120 0.90458000
vt 0.08429120 0.90458000
vt 0.08429120 0.90458000
vt 0.08429120 0.90458000
vt 0.08429120 0.90458000
vt 0.08429120 0.90458000
vt 0.43422700 0.65648900
vt 0.43422700 0.65648900
vt 0.32056200 0.64885500
vt 0.43422700 0.65648900
vt 0.32056200 0.64885500
vt 0.32056200 0.64885500
vt 0.43422700 0.58396900
vt 0.32056200 0.58015300
vt 0.32056200 0.58015300
vt 0.32056200 0.58015300
vt 0.43422700 0.58396900
vt 0.32056200 0.58015300
vt 0.32056200 0.54580200
vt 0.32056200 0.54580200
vt 0.32056200 0.54580200
vt 0.32056200 0.54580200
vt 0.43295000 0.61832100
vt 0.43295000 0.61832100
vt 0.32056200 0.61450400
vt 0.43295000 0.61832100
vt 0.32056200 0.61450400
vt 0.32056200 0.61450400
vt 0.44572200 0.80534400
vt 0.44572200 0.80534400
vt 0.31417600 0.80534400
vt 0.44572200 0.80534400
vt 0.31417600 0.80534400
vt 0.31545300 0.76717600
vt 0.31545300 0.76717600
vt 0.44189000 0.77099200
vt 0.31545300 0.76717600
vt 0.31545300 0.76717600
vt 0.43933600 0.72900800
vt 0.43933600 0.72900800
vt 0.43933600 0.72900800
vt 0.43933600 0.72900800
vt 0.31800800 0.72519100
vt 0.31800800 0.72519100
vt 0.31800800 0.72519100
vt 0.43933600 0.72900800
vt 0.31928500 0.68702300
vt 0.43678200 0.69084000
vt 0.43678200 0.69084000
vt 0.43678200 0.69084000
vt 0.31928500 0.68702300
vt 0.31928500 0.68702300
vt 0.31545300 0.76335900
vt 0.31545300 0.76335900
vt 0.31545300 0.76335900
vt 0.44189000 0.76717600
vt 0.31545300 0.76335900
vt 0.31545300 0.76335900
vt 0.45593900 0.88931300
vt 0.45593900 0.88931300
vt 0.30523600 0.88931300
vt 0.45593900 0.88931300
vt 0.30523600 0.88931300
vt 0.30523600 0.88931300
vt 0.31034500 0.84351100
vt 0.44955300 0.84732800
vt 0.31034500 0.84351100
vt 0.44955300 0.84732800
vt 0.44955300 0.84732800
vt 0.44955300 0.84732800
vt 0.31034500 0.84351100
vt 0.31034500 0.84351100
vt 0.30779100 0.87404600
vt 0.30779100 0.87404600
vt 0.45338400 0.87404600
vt 0.30779100 0.87404600
vt 0.45338400 0.87404600
vt 0.45338400 0.87404600
vt 0.29757300 0.93129800
vt 0.09961690 0.84732800
vt 0.09961690 0.84732800
vt 0.46487900 0.92748100
vt 0.09706260 0.85877900
vt 0.09706260 0.85877900
vt 0.09706260 0.85877900
vt 0.09706260 0.85877900
vt 0.09706260 0.85877900
vt 0.09706260 0.85877900
vt 0.09195400 0.87786300
vt 0.09195400 0.87786300
vt 0.09195400 0.87786300
vt 0.09195400 0.87786300
vt 0.09195400 0.87786300
vt 0.09195400 0.87786300
vt 0.09195400 0.87786300
vt 0.09195400 0.87786300
vt 0.64240100 0.65267200
vt 0.64240100 0.65267200
vt 0.52490400 0.64122100
vt 0.64240100 0.65267200
vt 0.52490400 0.64122100
vt 0.52490400 0.64122100
vt 0.64240100 0.65267200
vt 0.63984700 0.58396900
vt 0.63984700 0.58396900
vt 0.52618100 0.56870200
vt 0.52618100 0.56870200
vt 0.52618100 0.56870200
vt 0.63984700 0.58396900
vt 0.63857000 0.54961800
vt 0.63857000 0.54961800
vt 0.52618100 0.53435100
vt 0.52618100 0.53435100
vt 0.63857000 0.54961800
vt 0.52618100 0.53435100
vt 0.52618100 0.60305300
vt 0.52618100 0.60305300
vt 0.52618100 0.60305300
vt 0.64112400 0.61832100
vt 0.64112400 0.61832100
vt 0.64112400 0.61832100
vt 0.64751000 0.72900800
vt 0.52235000 0.71755700
vt 0.52235000 0.71755700
vt 0.64751000 0.72900800
vt 0.52235000 0.70992400
vt 0.64623200 0.72137400
vt 0.64623200 0.72137400
vt 0.52235000 0.70992400
vt 0.64623200 0.72137400
vt 0.52235000 0.70992400
vt 0.65389500 0.80534400
vt 0.65389500 0.80534400
vt 0.51724100 0.79771000
vt 0.65389500 0.80534400
vt 0.65389500 0.80534400
vt 0.51724100 0.79771000
vt 0.51724100 0.79771000
vt 0.65389500 0.80534400
vt 0.51724100 0.79771000
vt 0.51979600 0.75572500
vt 0.51979600 0.75572500
vt 0.65006400 0.76717600
vt 0.65006400 0.76717600
vt 0.65006400 0.76717600
vt 0.51979600 0.75572500
vt 0.64495500 0.69084000
vt 0.52362700 0.67938900
vt 0.52362700 0.67938900
vt 0.64495500 0.69084000
vt 0.64495500 0.69084000
vt 0.52362700 0.67938900
vt 0.52362700 0.67938900
vt 0.66411200 0.88931300
vt 0.66411200 0.88931300
vt 0.66411200 0.88931300
vt 0.66411200 0.88931300
vt 0.66411200 0.88931300
vt 0.66411200 0.88931300
vt 0.50957900 0.88167900
vt 0.65772700 0.84732800
vt 0.51468700 0.83587800
vt 0.65772700 0.84732800
vt 0.51468700 0.83587800
vt 0.51468700 0.83969500
vt 0.51468700 0.83969500
vt 0.51468700 0.83969500
vt 0.65772700 0.84732800
vt 0.65772700 0.84732800
vt 0.49680700 0.94274800
vt 0.67816100 0.94274800
vt 0.09450830 0.92748100
vt 0.09450830 0.92748100
vt 0.49680700 0.94274800
vt 0.50447000 0.90839700
vt 0.50447000 0.90839700
vt 0.66922100 0.91221400
vt 0.66922100 0.91221400
vt 0.66922100 0.91221400
vt 0.66922100 0.91221400
vt 0.66922100 0.91221400
vt 0.09323120 0.92366400
vt 0.09323120 0.92366400
vt 0.09323120 0.92366400
vt 0.09323120 0.92366400
vt 0.09323120 0.92366400
vt 0.09323120 0.92366400
vt 0.90166000 0.01526720
vt 0.90166000 0.01526720
vt 0.90166000 0.01526720
vt 0.90166000 0.01526720
vt 0.90166000 0.01526720
vt 0.90676900 0.01526720
vt 0.90676900 0.01526720
vt 0.90676900 0.01526720
vt 0.90676900 0.01526720
vt 0.90676900 0.01526720
vt 0.90549200 0.00763357
vt 0.90549200 0.00763357
vt 0.90549200 0.00763357
vt 0.90549200 0.00763357
vt 0.00127714 1.00000000
vt 0.90549200 0.00763357
vt 0.90549200 0.00763357
vt 0.90549200 0.00763357
vt 0.86462300 0.02671750
vt 0.86462300 0.02671750
vt 0.86462300 0.02671750
vt 0.86462300 0.02671750
vt 0.86845500 0.02290080
vt 0.86845500 0.02290080
vt 0.86845500 0.02290080
vt 0.86845500 0.02290080
vt 0.86845500 0.02290080
vt 0.86590000 0.02290080
vt 0.86590000 0.02290080
vt 0.86590000 0.02290080
vt 0.86590000 0.02290080
vt 0.86590000 0.02290080
vt 0.86590000 0.02290080
vt 0.86590000 0.02290080
vt 0.88761200 0.00000000
vt 0.00000000 0.99618300
vt 0.88761200 0.00000000
vt 0.88761200 0.00000000
vt 0.88761200 0.00000000
vt 0.88761200 0.00000000
vt 0.00000000 1.00000000
vt 0.00000000 1.00000000
vt 0.89144300 0.00381678
vt 0.00000000 1.00000000
vt 0.00127714 1.00000000
vt 0.00000000 1.00000000
vt 0.00000000 1.00000000
vt 0.91570900 0.00763357
vt 0.00000000 0.99618300
vt 0.00127714 1.00000000
vt 0.00000000 1.00000000
vt 0.00127714 1.00000000
vt 0.00000000 0.99618300
vt 0.00000000 0.99618300
vt 0.00000000 0.99618300
vt 0.00000000 0.99618300
vt 0.93742000 0.02671750
vt 0.93742000 0.02671750
vt 0.93742000 0.02671750
vt 0.93742000 0.02671750
vt 0.92592600 0.00763357
vt 0.92592600 0.00763357
vt 0.92592600 0.00763357
vt 0.92592600 0.00763357
vt 0.92592600 0.00763357
vt 0.92592600 0.00763357
vt 0.00127714 1.00000000
vt 0.00000000 0.99618300
vt 0.00000000 0.99618300
vt 0.00127714 1.00000000
vt 0.00000000 1.00000000
vt 0.00127714 1.00000000
vt 0.00000000 1.00000000
vt 0.00127714 1.00000000
vt 0.88250300 0.00763357
vt 0.00000000 1.00000000
vt 0.00127714 1.00000000
vt 0.00000000 0.99618300
vt 0.00000000 1.00000000
vt 0.88250300 0.00763357
vt 0.00000000 0.99618300
vt 0.00000000 0.99618300
vt 0.00000000 0.99618300
vt 0.00000000 0.99618300
vt 0.83908000 0.05343510
vt 0.83908000 0.05343510
vt 0.83908000 0.05343510
vt 0.83908000 0.05343510
vt 0.84929800 0.03053430
vt 0.84929800 0.03053430
vt 0.00000000 1.00000000
vt 0.00127714 1.00000000
vt 0.84929800 0.03053430
vt 0.84929800 0.03053430
vt 0.84929800 0.03053430
vt 0.00000000 0.99618300
vt 0.84929800 0.03053430
vt 0.00000000 1.00000000
vt 0.00127714 1.00000000
vt 0.00127714 1.00000000
vt 0.00127714 1.00000000
vt 0.00000000 1.00000000
vt 0.00000000 0.99618300
vt 0.00000000 1.00000000
vt 0.00127714 1.00000000
vt 0.89527500 0.03816800
vt 0.89527500 0.03816800
vt 0.89527500 0.03816800
vt 0.89527500 0.03816800
vt 0.89527500 0.03816800
vt 0.91060000 0.03816800
vt 0.91060000 0.03816800
vt 0.91060000 0.03816800
vt 0.91060000 0.03816800
vt 0.91060000 0.03816800
vt 0.91060000 0.03816800
vt 0.91060000 0.03816800
vt 0.91060000 0.03816800
vt 0.89399700 0.06870230
vt 0.89399700 0.06870230
vt 0.89399700 0.06870230
vt 0.89399700 0.06870230
vt 0.89399700 0.06870230
vt 0.89399700 0.06870230
vt 0.89527500 0.06870230
vt 0.89527500 0.06870230
vt 0.89527500 0.06870230
vt 0.89527500 0.06870230
vt 0.89527500 0.05343510
vt 0.89527500 0.05343510
vt 0.89527500 0.05343510
vt 0.89527500 0.05343510
vt 0.89527500 0.05343510
vt 0.89527500 0.05343510
vt 0.89527500 0.05343510
vt 0.89527500 0.05343510
vt 0.91315500 0.06870230
vt 0.91315500 0.06870230
vt 0.91315500 0.06870230
vt 0.91315500 0.06870230
vt 0.91315500 0.06870230
vt 0.91315500 0.06870230
vt 0.86079200 0.05343510
vt 0.86079200 0.05343510
vt 0.86079200 0.05343510
vt 0.86079200 0.05343510
vt 0.86079200 0.05343510
vt 0.86079200 0.05343510
vt 0.86079200 0.05343510
vt 0.86079200 0.05343510
vt 0.86079200 0.05343510
vt 0.87356300 0.04580150
vt 0.87356300 0.04580150
vt 0.87356300 0.04580150
vt 0.87356300 0.04580150
vt 0.87356300 0.04580150
vt 0.87611700 0.07251910
vt 0.87611700 0.07251910
vt 0.87611700 0.07251910
vt 0.87611700 0.07251910
vt 0.87611700 0.07251910
vt 0.87611700 0.07251910
vt 0.87611700 0.07251910
vt 0.87611700 0.07251910
vt 0.87611700 0.06870230
vt 0.87611700 0.06870230
vt 0.87611700 0.06870230
vt 0.87611700 0.06870230
vt 0.87611700 0.06870230
vt 0.87611700 0.06870230
vt 0.87611700 0.06870230
vt 0.87611700 0.06870230
vt 0.85951500 0.08396950
vt 0.85951500 0.08396950
vt 0.85951500 0.08396950
vt 0.85951500 0.08396950
vt 0.85951500 0.08396950
vt 0.85951500 0.08396950
vt 0.88122600 0.01908400
vt 0.88122600 0.01908400
vt 0.88122600 0.01908400
vt 0.88122600 0.01908400
vt 0.88122600 0.01908400
vt 0.88122600 0.01908400
vt 0.87739500 0.04198470
vt 0.87739500 0.04198470
vt 0.87739500 0.04198470
vt 0.87739500 0.04198470
vt 0.87739500 0.04198470
vt 0.87739500 0.04198470
vt 0.89016600 0.01526720
vt 0.89016600 0.01526720
vt 0.89016600 0.01526720
vt 0.89016600 0.01526720
vt 0.89016600 0.01526720
vt 0.89016600 0.01526720
vt 0.89016600 0.01526720
vt 0.89399700 0.03816800
vt 0.89399700 0.03816800
vt 0.89399700 0.03816800
vt 0.89399700 0.03816800
vt 0.89527500 0.09541980
vt 0.89527500 0.09541980
vt 0.89527500 0.09541980
vt 0.89527500 0.09541980
vt 0.89527500 0.09541980
vt 0.89527500 0.09541980
vt 0.89527500 0.09541980
vt 0.89527500 0.09541980
vt 0.89527500 0.10305300
vt 0.89527500 0.10305300
vt 0.89527500 0.10305300
vt 0.89527500 0.10305300
vt 0.89527500 0.10305300
vt 0.91187700 0.10305300
vt 0.91187700 0.10305300
vt 0.91187700 0.10305300
vt 0.91187700 0.10305300
vt 0.91187700 0.10305300
vt 0.91187700 0.10305300
vt 0.91187700 0.10305300
vt 0.89910600 0.14122100
vt 0.89910600 0.14122100
vt 0.89910600 0.14122100
vt 0.89910600 0.14122100
vt 0.89910600 0.14122100
vt 0.89910600 0.14122100
vt 0.91060000 0.14122100
vt 0.91060000 0.14122100
vt 0.91060000 0.14122100
vt 0.91060000 0.14122100
vt 0.91060000 0.14122100
vt 0.91060000 0.14122100
vt 0.91060000 0.14122100
vt 0.91060000 0.14122100
vt 0.87611700 0.08778630
vt 0.87611700 0.08778630
vt 0.87611700 0.08778630
vt 0.87611700 0.08778630
vt 0.87611700 0.08778630
vt 0.87611700 0.08778630
vt 0.87611700 0.08778630
vt 0.87611700 0.08778630
vt 0.86079200 0.11450400
vt 0.86079200 0.11450400
vt 0.86079200 0.11450400
vt 0.86079200 0.11450400
vt 0.86079200 0.11450400
vt 0.86079200 0.11450400
vt 0.86079200 0.11450400
vt 0.86079200 0.11450400
vt 0.87484000 0.10687000
vt 0.87484000 0.10687000
vt 0.87484000 0.10687000
vt 0.87484000 0.10687000
vt 0.87484000 0.10687000
vt 0.86334600 0.15267200
vt 0.86334600 0.15267200
vt 0.86334600 0.15267200
vt 0.86334600 0.15267200
vt 0.86334600 0.15267200
vt 0.86334600 0.15267200
vt 0.86334600 0.15267200
vt 0.87228600 0.14503800
vt 0.87228600 0.14503800
vt 0.87228600 0.14503800
vt 0.87228600 0.14503800
vt 0.87228600 0.14503800
vt 0.87228600 0.14503800
vt 0.87611700 0.10687000
vt 0.87611700 0.10687000
vt 0.87611700 0.10687000
vt 0.87611700 0.10687000
vt 0.87611700 0.10687000
vt 0.89527500 0.10305300
vt 0.89527500 0.10305300
vt 0.89527500 0.10305300
vt 0.89527500 0.10305300
vt 0.89527500 0.10305300
vt 0.87867200 0.14503800
vt 0.87867200 0.14503800
vt 0.87867200 0.14503800
vt 0.87867200 0.14503800
vt 0.87867200 0.14503800
vt 0.87867200 0.14503800
vt 0.87867200 0.14503800
vt 0.89272000 0.14122100
vt 0.89272000 0.14122100
vt 0.89272000 0.14122100
vt 0.89272000 0.14122100
vt 0.89272000 0.14122100
vt 0.92081700 0.04198470
vt 0.92081700 0.04198470
vt 0.92081700 0.04198470
vt 0.92081700 0.04198470
vt 0.92081700 0.04198470
vt 0.92592600 0.04580150
vt 0.92592600 0.04580150
vt 0.92592600 0.04580150
vt 0.92592600 0.04580150
vt 0.92464900 0.02671750
vt 0.92464900 0.02671750
vt 0.92464900 0.02671750
vt 0.92464900 0.02671750
vt 0.92464900 0.02671750
vt 0.92464900 0.02671750
vt 0.92464900 0.02671750
vt 0.92848000 0.02290080
vt 0.92848000 0.02290080
vt 0.92848000 0.02290080
vt 0.92848000 0.02290080
vt 0.92848000 0.02290080
vt 0.93997400 0.05343510
vt 0.93997400 0.05343510
vt 0.93997400 0.05343510
vt 0.93997400 0.05343510
vt 0.93997400 0.05343510
vt 0.93997400 0.05343510
vt 0.93997400 0.05343510
vt 0.93997400 0.05343510
vt 0.92337200 0.01908400
vt 0.92337200 0.01908400
vt 0.92337200 0.01908400
vt 0.92337200 0.01908400
vt 0.92337200 0.01908400
vt 0.91826300 0.07251910
vt 0.91826300 0.07251910
vt 0.91826300 0.07251910
vt 0.91826300 0.07251910
vt 0.91826300 0.07251910
vt 0.91826300 0.07251910
vt 0.92720300 0.07633590
vt 0.92720300 0.07633590
vt 0.92720300 0.07633590
vt 0.92720300 0.07633590
vt 0.92720300 0.07633590
vt 0.92720300 0.07633590
vt 0.92720300 0.07633590
vt 0.92720300 0.07633590
vt 0.94125200 0.08396950
vt 0.94125200 0.08396950
vt 0.94125200 0.08396950
vt 0.94125200 0.08396950
vt 0.94125200 0.08396950
vt 0.94125200 0.08396950
vt 0.94891400 0.03816800
vt 0.94891400 0.03816800
vt 0.94891400 0.03816800
vt 0.94891400 0.03816800
vt 0.94891400 0.03816800
vt 0.94891400 0.03816800
vt 0.95274600 0.06488550
vt 0.95274600 0.06488550
vt 0.95274600 0.06488550
vt 0.95274600 0.06488550
vt 0.95274600 0.06488550
vt 0.95274600 0.06488550
vt 0.95402300 0.09541980
vt 0.95402300 0.09541980
vt 0.95402300 0.09541980
vt 0.95402300 0.09541980
vt 0.95402300 0.09541980
vt 0.95402300 0.09541980
vt 0.92081700 0.10687000
vt 0.92081700 0.10687000
vt 0.92081700 0.10687000
vt 0.92081700 0.10687000
vt 0.92081700 0.10687000
vt 0.92081700 0.10687000
vt 0.92720300 0.11068700
vt 0.92720300 0.11068700
vt 0.92720300 0.11068700
vt 0.92720300 0.11068700
vt 0.92720300 0.11068700
vt 0.94125200 0.11832100
vt 0.94125200 0.11832100
vt 0.94125200 0.11832100
vt 0.94125200 0.11832100
vt 0.94125200 0.11832100
vt 0.94125200 0.11832100
vt 0.92592600 0.14503800
vt 0.92592600 0.14503800
vt 0.92592600 0.14503800
vt 0.92592600 0.14503800
vt 0.92592600 0.14503800
vt 0.92592600 0.14503800
vt 0.92592600 0.14885500
vt 0.92592600 0.14885500
vt 0.92592600 0.14885500
vt 0.92592600 0.14885500
vt 0.92592600 0.14885500
vt 0.93869700 0.15648900
vt 0.93869700 0.15648900
vt 0.93869700 0.15648900
vt 0.93869700 0.15648900
vt 0.93869700 0.15648900
vt 0.93869700 0.15648900
vt 0.93869700 0.15648900
vt 0.93869700 0.15648900
vt 0.92592600 0.14503800
vt 0.92592600 0.14503800
vt 0.92592600 0.14503800
vt 0.92592600 0.14503800
vt 0.95402300 0.12977100
vt 0.95402300 0.12977100
vt 0.95402300 0.12977100
vt 0.95402300 0.12977100
vt 0.95402300 0.12977100
vt 0.95402300 0.12977100
vt 0.95146900 0.16793900
vt 0.95146900 0.16793900
vt 0.95146900 0.16793900
vt 0.95146900 0.16793900
vt 0.95146900 0.16793900
vt 0.95146900 0.16793900
vt 0.85057500 0.03816800
vt 0.85057500 0.03816800
vt 0.85057500 0.03816800
vt 0.85057500 0.03816800
vt 0.85057500 0.03816800
vt 0.85057500 0.03816800
vt 0.85057500 0.03816800
vt 0.85057500 0.03816800
vt 0.84802000 0.06488550
vt 0.84802000 0.06488550
vt 0.84802000 0.06488550
vt 0.84802000 0.06488550
vt 0.83524900 0.08015270
vt 0.83524900 0.08015270
vt 0.83524900 0.08015270
vt 0.83524900 0.08015270
vt 0.83524900 0.08015270
vt 0.83524900 0.08015270
vt 0.83524900 0.08015270
vt 0.84674300 0.06488550
vt 0.84674300 0.06488550
vt 0.84674300 0.06488550
vt 0.84674300 0.06488550
vt 0.84674300 0.06488550
vt 0.83780300 0.05343510
vt 0.83780300 0.05343510
vt 0.83780300 0.05343510
vt 0.83780300 0.05343510
vt 0.83780300 0.05343510
vt 0.84674300 0.09541980
vt 0.84674300 0.09541980
vt 0.84674300 0.09541980
vt 0.84674300 0.09541980
vt 0.84674300 0.09541980
vt 0.84674300 0.09541980
vt 0.84674300 0.09541980
vt 0.85057500 0.09160300
vt 0.85057500 0.09160300
vt 0.85057500 0.09160300
vt 0.85057500 0.09160300
vt 0.85057500 0.09160300
vt 0.85057500 0.09160300
vt 0.84674300 0.06488550
vt 0.84674300 0.06488550
vt 0.84674300 0.06488550
vt 0.84674300 0.06488550
vt 0.84674300 0.06488550
vt 0.84674300 0.06488550
vt 0.83397200 0.11068700
vt 0.83397200 0.11068700
vt 0.83397200 0.11068700
vt 0.83397200 0.11068700
vt 0.83397200 0.11068700
vt 0.83397200 0.11068700
vt 0.82758600 0.06870230
vt 0.82758600 0.06870230
vt 0.82758600 0.06870230
vt 0.82758600 0.06870230
vt 0.75989800 0.06870230
vt 0.82375500 0.09541980
vt 0.82375500 0.09541980
vt 0.76372900 0.09160300
vt 0.82375500 0.09541980
vt 0.82375500 0.09541980
vt 0.82375500 0.09541980
vt 0.82375500 0.09541980
vt 0.83652600 0.05343510
vt 0.83652600 0.05343510
vt 0.83652600 0.05343510
vt 0.83652600 0.05343510
vt 0.83652600 0.05343510
vt 0.83652600 0.05343510
vt 0.82247800 0.12595400
vt 0.82247800 0.12595400
vt 0.76500600 0.12213700
vt 0.82247800 0.12595400
vt 0.76500600 0.12213700
vt 0.82247800 0.12595400
vt 0.84674300 0.12977100
vt 0.84674300 0.12977100
vt 0.84674300 0.12977100
vt 0.84674300 0.12977100
vt 0.84929800 0.12595400
vt 0.84929800 0.12595400
vt 0.84929800 0.12595400
vt 0.84929800 0.12595400
vt 0.84929800 0.12595400
vt 0.83397200 0.14122100
vt 0.83397200 0.14122100
vt 0.83397200 0.14122100
vt 0.83397200 0.14122100
vt 0.83397200 0.14122100
vt 0.83397200 0.14122100
vt 0.83397200 0.14122100
vt 0.84802000 0.14885500
vt 0.84802000 0.14885500
vt 0.84802000 0.14885500
vt 0.84802000 0.14885500
vt 0.84802000 0.14885500
vt 0.84802000 0.14885500
vt 0.84802000 0.14885500
vt 0.84802000 0.14885500
vt 0.84929800 0.16412200
vt 0.84929800 0.16412200
vt 0.84929800 0.16412200
vt 0.84929800 0.16412200
vt 0.83652600 0.17938900
vt 0.83652600 0.17938900
vt 0.83652600 0.17938900
vt 0.83652600 0.17938900
vt 0.83652600 0.17938900
vt 0.83652600 0.17938900
vt 0.84546600 0.16793900
vt 0.84546600 0.16793900
vt 0.84546600 0.16793900
vt 0.84546600 0.16793900
vt 0.84546600 0.16793900
vt 0.82375500 0.16030500
vt 0.82375500 0.16030500
vt 0.82375500 0.16030500
vt 0.82375500 0.16030500
vt 0.82375500 0.16030500
vt 0.82375500 0.16030500
vt 0.82630900 0.19465600
vt 0.82630900 0.19465600
vt 0.82630900 0.19465600
vt 0.82630900 0.19465600
vt 0.82630900 0.19465600
vt 0.82630900 0.19465600
vt 0.82630900 0.19465600
vt 0.90549200 0.17938900
vt 0.90549200 0.17938900
vt 0.90549200 0.17938900
vt 0.90549200 0.17938900
vt 0.90549200 0.17938900
vt 0.90676900 0.18320600
vt 0.90676900 0.18320600
vt 0.90676900 0.18320600
vt 0.90676900 0.18320600
vt 0.90676900 0.18702300
vt 0.90676900 0.18702300
vt 0.90676900 0.18702300
vt 0.90676900 0.18702300
vt 0.90676900 0.18702300
vt 0.90676900 0.18702300
vt 0.86590000 0.19084000
vt 0.86590000 0.19084000
vt 0.86590000 0.19084000
vt 0.86590000 0.19084000
vt 0.86845500 0.18702300
vt 0.86845500 0.18702300
vt 0.86845500 0.18702300
vt 0.86845500 0.18702300
vt 0.86845500 0.18702300
vt 0.86717800 0.19847300
vt 0.86717800 0.19847300
vt 0.86717800 0.19847300
vt 0.86717800 0.19847300
vt 0.86717800 0.19847300
vt 0.86717800 0.19847300
vt 0.88378000 0.18320600
vt 0.88378000 0.18320600
vt 0.88378000 0.18320600
vt 0.88378000 0.18320600
vt 0.88378000 0.18320600
vt 0.88378000 0.18320600
vt 0.88378000 0.18320600
vt 0.89016600 0.17938900
vt 0.89016600 0.17938900
vt 0.89016600 0.17938900
vt 0.89016600 0.17938900
vt 0.89016600 0.17938900
vt 0.89016600 0.17938900
vt 0.89016600 0.17938900
vt 0.89016600 0.17938900
vt 0.88761200 0.20610700
vt 0.88761200 0.20610700
vt 0.88761200 0.20610700
vt 0.88761200 0.20610700
vt 0.88761200 0.20610700
vt 0.88761200 0.20610700
vt 0.89144300 0.22519100
vt 0.89144300 0.22519100
vt 0.89144300 0.22519100
vt 0.89144300 0.22519100
vt 0.89144300 0.22519100
vt 0.90166000 0.22519100
vt 0.90166000 0.22519100
vt 0.90166000 0.22519100
vt 0.90166000 0.22519100
vt 0.90166000 0.22519100
vt 0.90166000 0.22519100
vt 0.90166000 0.22519100
vt 0.90166000 0.22519100
vt 0.87228600 0.22900800
vt 0.87228600 0.22900800
vt 0.87228600 0.22900800
vt 0.87228600 0.22900800
vt 0.87228600 0.22900800
vt 0.87228600 0.22900800
vt 0.87228600 0.22900800
vt 0.87228600 0.22900800
vt 0.88378000 0.22519100
vt 0.88378000 0.22519100
vt 0.88378000 0.22519100
vt 0.88378000 0.22519100
vt 0.88378000 0.22519100
vt 0.89782900 0.25190800
vt 0.89782900 0.25190800
vt 0.89782900 0.25190800
vt 0.89782900 0.25190800
vt 0.87867200 0.26335900
vt 0.87867200 0.26335900
vt 0.87867200 0.26335900
vt 0.87867200 0.26335900
vt 0.87867200 0.26335900
vt 0.88122600 0.27480900
vt 0.88122600 0.27480900
vt 0.88122600 0.27480900
vt 0.88122600 0.27480900
vt 0.89527500 0.27480900
vt 0.89527500 0.27480900
vt 0.89527500 0.27480900
vt 0.89527500 0.27480900
vt 0.89527500 0.27480900
vt 0.89527500 0.27480900
vt 0.89527500 0.27480900
vt 0.89527500 0.27480900
vt 0.88888900 0.31297700
vt 0.88888900 0.31297700
vt 0.88888900 0.31297700
vt 0.88888900 0.31297700
vt 0.88888900 0.31297700
vt 0.88888900 0.31297700
vt 0.88888900 0.31297700
vt 0.93614300 0.19084000
vt 0.93614300 0.19084000
vt 0.93614300 0.19084000
vt 0.93614300 0.19084000
vt 0.93614300 0.19084000
vt 0.92209500 0.18702300
vt 0.92209500 0.18702300
vt 0.92209500 0.18702300
vt 0.92209500 0.18702300
vt 0.92209500 0.18702300
vt 0.92209500 0.18702300
vt 0.92209500 0.18702300
vt 0.92209500 0.18702300
vt 0.92209500 0.18702300
vt 0.92209500 0.18702300
vt 0.93614300 0.19465600
vt 0.93614300 0.19465600
vt 0.93614300 0.19465600
vt 0.93614300 0.19465600
vt 0.91698600 0.22900800
vt 0.91698600 0.22900800
vt 0.91698600 0.22900800
vt 0.91698600 0.22900800
vt 0.91698600 0.22900800
vt 0.91698600 0.22900800
vt 0.91698600 0.23282400
vt 0.91698600 0.23282400
vt 0.91698600 0.23282400
vt 0.91698600 0.23282400
vt 0.93231200 0.23664100
vt 0.93231200 0.23664100
vt 0.93231200 0.23664100
vt 0.93231200 0.23664100
vt 0.93231200 0.23664100
vt 0.93231200 0.23664100
vt 0.93231200 0.23664100
vt 0.93231200 0.23664100
vt 0.93231200 0.23664100
vt 0.93742000 0.19465600
vt 0.93742000 0.19465600
vt 0.93742000 0.19465600
vt 0.93742000 0.19465600
vt 0.93742000 0.19465600
vt 0.93742000 0.19465600
vt 0.94891400 0.20610700
vt 0.94891400 0.20610700
vt 0.94891400 0.20610700
vt 0.94891400 0.20610700
vt 0.94891400 0.20610700
vt 0.94763700 0.22900800
vt 0.94763700 0.22900800
vt 0.94763700 0.22900800
vt 0.94763700 0.22900800
vt 0.94763700 0.22900800
vt 0.94763700 0.22900800
vt 0.94508300 0.24809200
vt 0.94508300 0.24809200
vt 0.94508300 0.24809200
vt 0.94508300 0.24809200
vt 0.94508300 0.24809200
vt 0.94508300 0.24809200
vt 0.94508300 0.24809200
vt 0.91698600 0.23282400
vt 0.91698600 0.23282400
vt 0.91698600 0.23282400
vt 0.91698600 0.23282400
vt 0.91698600 0.23282400
vt 0.92848000 0.27099200
vt 0.92848000 0.27099200
vt 0.92848000 0.27099200
vt 0.92848000 0.27099200
vt 0.92848000 0.27099200
vt 0.93231200 0.28626000
vt 0.93231200 0.28626000
vt 0.93231200 0.28626000
vt 0.93231200 0.28626000
vt 0.93231200 0.28626000
vt 0.93231200 0.28626000
vt 0.93231200 0.28626000
vt 0.93231200 0.28626000
vt 0.93997400 0.29007600
vt 0.93997400 0.29007600
vt 0.93997400 0.29007600
vt 0.93997400 0.29007600
vt 0.93869700 0.30534400
vt 0.93869700 0.30534400
vt 0.93869700 0.30534400
vt 0.93869700 0.30534400
vt 0.93869700 0.30534400
vt 0.90421500 0.27862600
vt 0.90421500 0.27862600
vt 0.90421500 0.27862600
vt 0.90421500 0.27862600
vt 0.90421500 0.27862600
vt 0.90421500 0.27862600
vt 0.91187700 0.27862600
vt 0.91187700 0.27862600
vt 0.91187700 0.27862600
vt 0.91187700 0.27862600
vt 0.91187700 0.27862600
vt 0.91187700 0.27862600
vt 0.91187700 0.27862600
vt 0.92592600 0.28244300
vt 0.92592600 0.28244300
vt 0.92592600 0.28244300
vt 0.92592600 0.28244300
vt 0.92592600 0.28244300
vt 0.92592600 0.28244300
vt 0.90932300 0.29771000
vt 0.90932300 0.29771000
vt 0.90932300 0.29771000
vt 0.90932300 0.29771000
vt 0.90932300 0.29771000
vt 0.91570900 0.32442700
vt 0.91570900 0.32442700
vt 0.91570900 0.32442700
vt 0.91570900 0.32442700
vt 0.91570900 0.32442700
vt 0.92081700 0.32824400
vt 0.92081700 0.32824400
vt 0.92081700 0.32824400
vt 0.92081700 0.32824400
vt 0.92081700 0.32824400
vt 0.89144300 0.32442700
vt 0.89144300 0.32442700
vt 0.89144300 0.32442700
vt 0.89144300 0.32442700
vt 0.90549200 0.32442700
vt 0.90549200 0.32442700
vt 0.90549200 0.32442700
vt 0.90549200 0.32442700
vt 0.90549200 0.32442700
vt 0.90549200 0.32442700
vt 0.90549200 0.32442700
vt 0.90549200 0.32442700
vt 0.90549200 0.32442700
vt 0.93486600 0.33587800
vt 0.93486600 0.33587800
vt 0.93486600 0.33587800
vt 0.93486600 0.33587800
vt 0.93486600 0.33587800
vt 0.93486600 0.33587800
vt 0.93486600 0.33587800
vt 0.93486600 0.33587800
vt 0.93486600 0.33587800
vt 0.85185200 0.20229000
vt 0.85185200 0.20229000
vt 0.85185200 0.20229000
vt 0.85185200 0.20229000
vt 0.85185200 0.20229000
vt 0.85185200 0.20229000
vt 0.85185200 0.20229000
vt 0.85185200 0.20229000
vt 0.85185200 0.20229000
vt 0.85185200 0.20229000
vt 0.83908000 0.20610700
vt 0.83908000 0.20610700
vt 0.83908000 0.20610700
vt 0.83908000 0.20610700
vt 0.83908000 0.20610700
vt 0.84035800 0.21755700
vt 0.84035800 0.21755700
vt 0.84035800 0.21755700
vt 0.84035800 0.21755700
vt 0.85696000 0.24045800
vt 0.85696000 0.24045800
vt 0.85696000 0.24045800
vt 0.85696000 0.24045800
vt 0.86206900 0.23664100
vt 0.86206900 0.23664100
vt 0.86206900 0.23664100
vt 0.86206900 0.23664100
vt 0.86206900 0.23664100
vt 0.86206900 0.23664100
vt 0.84418900 0.25572500
vt 0.84418900 0.25572500
vt 0.84418900 0.25572500
vt 0.84418900 0.25572500
vt 0.84418900 0.25572500
vt 0.84418900 0.25572500
vt 0.84418900 0.25572500
vt 0.83014000 0.23282400
vt 0.83014000 0.23282400
vt 0.83014000 0.23282400
vt 0.83014000 0.23282400
vt 0.83524900 0.22137400
vt 0.83524900 0.22137400
vt 0.83524900 0.22137400
vt 0.83524900 0.22137400
vt 0.83524900 0.22137400
vt 0.83524900 0.22137400
vt 0.83524900 0.22137400
vt 0.83524900 0.22137400
vt 0.83014000 0.24427500
vt 0.75989800 0.24045800
vt 0.83014000 0.24427500
vt 0.75989800 0.24045800
vt 0.83014000 0.24427500
vt 0.83397200 0.27099200
vt 0.75734400 0.27099200
vt 0.83397200 0.27099200
vt 0.75734400 0.27099200
vt 0.83397200 0.27099200
vt 0.75734400 0.27099200
vt 0.75734400 0.27099200
vt 0.83397200 0.27099200
vt 0.85951500 0.25572500
vt 0.85951500 0.25572500
vt 0.85951500 0.25572500
vt 0.85951500 0.25572500
vt 0.85951500 0.25572500
vt 0.85057500 0.29007600
vt 0.85057500 0.29007600
vt 0.85057500 0.29007600
vt 0.85057500 0.29007600
vt 0.85057500 0.29007600
vt 0.85057500 0.29007600
vt 0.86462300 0.28626000
vt 0.86462300 0.28626000
vt 0.86462300 0.28626000
vt 0.86462300 0.28626000
vt 0.86462300 0.28626000
vt 0.86462300 0.28626000
vt 0.86462300 0.28626000
vt 0.87611700 0.27862600
vt 0.87611700 0.27862600
vt 0.87611700 0.27862600
vt 0.87611700 0.27862600
vt 0.87611700 0.27862600
vt 0.87611700 0.27862600
vt 0.87611700 0.27862600
vt 0.85185200 0.29771000
vt 0.85185200 0.29771000
vt 0.85185200 0.29771000
vt 0.85185200 0.29771000
vt 0.85185200 0.29771000
vt 0.85185200 0.29771000
vt 0.85185200 0.29771000
vt 0.85185200 0.29771000
vt 0.86973200 0.30916000
vt 0.86973200 0.30916000
vt 0.86973200 0.30916000
vt 0.86973200 0.30916000
vt 0.86973200 0.30916000
vt 0.87484000 0.33206100
vt 0.87484000 0.33206100
vt 0.87484000 0.33206100
vt 0.87484000 0.33206100
vt 0.87484000 0.33206100
vt 0.87484000 0.33206100
vt 0.87484000 0.33206100
vt 0.87484000 0.33206100
vt 0.87484000 0.33206100
vt 0.88761200 0.32442700
vt 0.88761200 0.32442700
vt 0.88761200 0.32442700
vt 0.88761200 0.32442700
vt 0.88761200 0.32442700
vt 0.86079200 0.34351100
vt 0.86079200 0.34351100
vt 0.86079200 0.34351100
vt 0.86079200 0.34351100
vt 0.86079200 0.34351100
vt 0.86079200 0.34351100
vt 0.86079200 0.34351100
vt 0.86079200 0.34351100
vt 0.86079200 0.34351100
vt 0.84163500 0.31297700
vt 0.75223500 0.31679400
vt 0.75223500 0.31679400
vt 0.75223500 0.31679400
vt 0.84163500 0.31297700
vt 0.84163500 0.31297700
vt 0.75095800 0.32061100
vt 0.75095800 0.32061100
vt 0.75095800 0.32061100
vt 0.84163500 0.31679400
vt 0.84163500 0.31679400
vt 0.85057500 0.36259500
vt 0.85057500 0.36259500
vt 0.74457200 0.36641200
vt 0.85057500 0.36259500
vt 0.85057500 0.36259500
vt 0.86079200 0.34732800
vt 0.86079200 0.34732800
vt 0.86079200 0.34732800
vt 0.86079200 0.34732800
vt 0.86079200 0.34732800
vt 0.86079200 0.34732800
vt 0.91954000 0.34732800
vt 0.91954000 0.34732800
vt 0.91954000 0.34732800
vt 0.91954000 0.34732800
vt 0.91954000 0.34732800
vt 0.91954000 0.34732800
vt 0.91954000 0.34732800
vt 0.89782900 0.36641200
vt 0.89782900 0.36641200
vt 0.89782900 0.36641200
vt 0.89782900 0.36641200
vt 0.89782900 0.36641200
vt 0.89782900 0.36641200
vt 0.89782900 0.36641200
vt 0.90293700 0.36641200
vt 0.90293700 0.36641200
vt 0.90293700 0.36641200
vt 0.90293700 0.36641200
vt 0.90293700 0.36641200
vt 0.90293700 0.36641200
vt 0.90293700 0.36641200
vt 0.91826300 0.37022900
vt 0.91826300 0.37022900
vt 0.91826300 0.37022900
vt 0.91826300 0.37022900
vt 0.89910600 0.40076300
vt 0.89910600 0.40076300
vt 0.89910600 0.40076300
vt 0.89910600 0.40076300
vt 0.89910600 0.40076300
vt 0.89910600 0.40076300
vt 0.89910600 0.40076300
vt 0.90166000 0.40076300
vt 0.90166000 0.40076300
vt 0.90166000 0.40076300
vt 0.90166000 0.40076300
vt 0.90166000 0.40076300
vt 0.90166000 0.40076300
vt 0.91826300 0.40458000
vt 0.91826300 0.40458000
vt 0.91826300 0.40458000
vt 0.91826300 0.40458000
vt 0.91826300 0.40458000
vt 0.91826300 0.40458000
vt 0.91826300 0.40458000
vt 0.92337200 0.37022900
vt 0.92337200 0.37022900
vt 0.92337200 0.37022900
vt 0.92337200 0.37022900
vt 0.92337200 0.37022900
vt 0.92337200 0.37022900
vt 0.93231200 0.37786300
vt 0.93231200 0.37786300
vt 0.93231200 0.37786300
vt 0.93231200 0.37786300
vt 0.93231200 0.37786300
vt 0.93231200 0.37786300
vt 0.92720300 0.40839700
vt 0.92720300 0.40839700
vt 0.92720300 0.40839700
vt 0.92720300 0.40839700
vt 0.92720300 0.40839700
vt 0.92720300 0.40839700
vt 0.93103500 0.41221400
vt 0.93103500 0.41221400
vt 0.93103500 0.41221400
vt 0.93103500 0.41221400
vt 0.90038300 0.43511500
vt 0.90038300 0.43511500
vt 0.90038300 0.43511500
vt 0.90038300 0.43511500
vt 0.90038300 0.43511500
vt 0.90038300 0.43511500
vt 0.90038300 0.43511500
vt 0.90166000 0.43511500
vt 0.90166000 0.43511500
vt 0.90166000 0.43511500
vt 0.90166000 0.43511500
vt 0.91826300 0.43893100
vt 0.91826300 0.43893100
vt 0.91826300 0.43893100
vt 0.91826300 0.43893100
vt 0.91826300 0.43893100
vt 0.91826300 0.43893100
vt 0.91826300 0.43893100
vt 0.92720300 0.44274800
vt 0.92720300 0.44274800
vt 0.92720300 0.44274800
vt 0.92720300 0.44274800
vt 0.92720300 0.44274800
vt 0.92720300 0.44274800
vt 0.93231200 0.44656500
vt 0.93231200 0.44656500
vt 0.93231200 0.44656500
vt 0.93231200 0.44656500
vt 0.93231200 0.44656500
vt 0.93231200 0.44656500
vt 0.87994900 0.37404600
vt 0.87994900 0.37404600
vt 0.87994900 0.37404600
vt 0.87994900 0.37404600
vt 0.88250300 0.37022900
vt 0.88250300 0.37022900
vt 0.88250300 0.37022900
vt 0.88250300 0.37022900
vt 0.88250300 0.37022900
vt 0.86590000 0.38549600
vt 0.86590000 0.38549600
vt 0.86590000 0.38549600
vt 0.86590000 0.38549600
vt 0.86590000 0.38549600
vt 0.86590000 0.38549600
vt 0.86590000 0.38549600
vt 0.86590000 0.38549600
vt 0.86590000 0.38549600
vt 0.88122600 0.38549600
vt 0.88122600 0.38549600
vt 0.88122600 0.38549600
vt 0.88122600 0.38549600
vt 0.88122600 0.38549600
vt 0.88122600 0.38549600
vt 0.88122600 0.38549600
vt 0.88122600 0.38549600
vt 0.86717800 0.41984700
vt 0.86717800 0.41984700
vt 0.86717800 0.41984700
vt 0.86717800 0.41984700
vt 0.86717800 0.41984700
vt 0.87994900 0.40839700
vt 0.87994900 0.40839700
vt 0.87994900 0.40839700
vt 0.87994900 0.40839700
vt 0.87994900 0.40839700
vt 0.85185200 0.37786300
vt 0.74329500 0.38549600
vt 0.85185200 0.37786300
vt 0.85185200 0.37786300
vt 0.85185200 0.37786300
vt 0.85185200 0.37786300
vt 0.85440600 0.40076300
vt 0.85440600 0.40076300
vt 0.74201800 0.40839700
vt 0.85440600 0.40076300
vt 0.85440600 0.40076300
vt 0.74201800 0.40839700
vt 0.85568300 0.43511500
vt 0.85568300 0.43511500
vt 0.85568300 0.43511500
vt 0.85568300 0.43511500
vt 0.85568300 0.43511500
vt 0.85568300 0.43511500
vt 0.86717800 0.45038200
vt 0.86717800 0.45038200
vt 0.86717800 0.45038200
vt 0.86717800 0.45038200
vt 0.86717800 0.45038200
vt 0.86717800 0.45038200
vt 0.86717800 0.45038200
vt 0.88122600 0.44274800
vt 0.88122600 0.44274800
vt 0.88122600 0.44274800
vt 0.88122600 0.44274800
vt 0.88122600 0.44274800
vt 0.88122600 0.46183200
vt 0.88122600 0.46183200
vt 0.88122600 0.46183200
vt 0.88122600 0.46183200
vt 0.88122600 0.46183200
vt 0.88122600 0.46183200
vt 0.88122600 0.46183200
vt 0.88122600 0.46183200
vt 0.85568300 0.46564900
vt 0.85568300 0.46564900
vt 0.85568300 0.46564900
vt 0.85568300 0.46564900
vt 0.85568300 0.46564900
vt 0.74201800 0.47328200
vt 0.88122600 0.40839700
vt 0.88122600 0.40839700
vt 0.88122600 0.40839700
vt 0.88122600 0.40839700
vt 0.88122600 0.40839700
vt 0.88122600 0.43893100
vt 0.88122600 0.43893100
vt 0.88122600 0.43893100
vt 0.88122600 0.43893100
vt 0.88122600 0.43893100
vt 0.89910600 0.50000000
vt 0.89910600 0.50000000
vt 0.89910600 0.50000000
vt 0.89910600 0.50000000
vt 0.89910600 0.50000000
vt 0.90293700 0.50000000
vt 0.90293700 0.50000000
vt 0.90293700 0.50000000
vt 0.90293700 0.50000000
vt 0.90293700 0.50000000
vt 0.90293700 0.50000000
vt 0.90293700 0.50000000
vt 0.90293700 0.50000000
vt 0.91954000 0.50000000
vt 0.91954000 0.50000000
vt 0.91954000 0.50000000
vt 0.91954000 0.50000000
vt 0.91954000 0.50000000
vt 0.90038300 0.53435100
vt 0.90038300 0.53435100
vt 0.90038300 0.53435100
vt 0.90038300 0.53435100
vt 0.90038300 0.53435100
vt 0.90038300 0.53435100
vt 0.90293700 0.53435100
vt 0.90293700 0.53435100
vt 0.90293700 0.53435100
vt 0.90293700 0.53435100
vt 0.90293700 0.53435100
vt 0.90293700 0.53435100
vt 0.92081700 0.53435100
vt 0.92081700 0.53435100
vt 0.92081700 0.53435100
vt 0.92081700 0.53435100
vt 0.92081700 0.53435100
vt 0.92337200 0.50381700
vt 0.92337200 0.50381700
vt 0.92337200 0.50381700
vt 0.92337200 0.50381700
vt 0.92337200 0.50381700
vt 0.93358900 0.50763400
vt 0.93358900 0.50763400
vt 0.93358900 0.50763400
vt 0.93358900 0.50763400
vt 0.93358900 0.50763400
vt 0.93358900 0.50763400
vt 0.93358900 0.50763400
vt 0.93358900 0.50763400
vt 0.92464900 0.53816800
vt 0.92464900 0.53816800
vt 0.92464900 0.53816800
vt 0.92464900 0.53816800
vt 0.92464900 0.53816800
vt 0.92464900 0.53816800
vt 0.92464900 0.53816800
vt 0.93486600 0.54198500
vt 0.93486600 0.54198500
vt 0.93486600 0.54198500
vt 0.93486600 0.54198500
vt 0.93486600 0.54198500
vt 0.93486600 0.54198500
vt 0.90038300 0.56870200
vt 0.90038300 0.56870200
vt 0.90038300 0.56870200
vt 0.90038300 0.56870200
vt 0.90038300 0.56870200
vt 0.90038300 0.56870200
vt 0.90038300 0.56870200
vt 0.90293700 0.56870200
vt 0.90293700 0.56870200
vt 0.90293700 0.56870200
vt 0.90293700 0.56870200
vt 0.90293700 0.56870200
vt 0.92081700 0.56870200
vt 0.92081700 0.56870200
vt 0.92081700 0.56870200
vt 0.92081700 0.56870200
vt 0.92081700 0.56870200
vt 0.92081700 0.56870200
vt 0.90038300 0.60305300
vt 0.90038300 0.60305300
vt 0.90038300 0.60305300
vt 0.90038300 0.60305300
vt 0.90038300 0.60305300
vt 0.90038300 0.60305300
vt 0.90293700 0.60305300
vt 0.90293700 0.60305300
vt 0.90293700 0.60305300
vt 0.90293700 0.60305300
vt 0.90293700 0.60305300
vt 0.91954000 0.60687000
vt 0.91954000 0.60687000
vt 0.91954000 0.60687000
vt 0.91954000 0.60687000
vt 0.91954000 0.60687000
vt 0.91954000 0.60687000
vt 0.91954000 0.60687000
vt 0.91954000 0.60687000
vt 0.92464900 0.57251900
vt 0.92464900 0.57251900
vt 0.92464900 0.57251900
vt 0.92464900 0.57251900
vt 0.92464900 0.57251900
vt 0.92464900 0.57251900
vt 0.93486600 0.57633600
vt 0.93486600 0.57633600
vt 0.93486600 0.57633600
vt 0.93486600 0.57633600
vt 0.93486600 0.57633600
vt 0.93486600 0.57633600
vt 0.92720300 0.60687000
vt 0.92720300 0.60687000
vt 0.92720300 0.60687000
vt 0.92720300 0.60687000
vt 0.92720300 0.60687000
vt 0.92720300 0.60687000
vt 0.93486600 0.61068700
vt 0.93486600 0.61068700
vt 0.93486600 0.61068700
vt 0.93486600 0.61068700
vt 0.93486600 0.61068700
vt 0.93486600 0.61068700
vt 0.88122600 0.50763400
vt 0.88122600 0.50763400
vt 0.88122600 0.50763400
vt 0.88122600 0.50763400
vt 0.88122600 0.50763400
vt 0.88122600 0.50763400
vt 0.88122600 0.50763400
vt 0.88250300 0.50381700
vt 0.88250300 0.50381700
vt 0.88250300 0.50381700
vt 0.88250300 0.50381700
vt 0.88250300 0.50381700
vt 0.88250300 0.50381700
vt 0.86590000 0.51526700
vt 0.86590000 0.51526700
vt 0.86590000 0.51526700
vt 0.86590000 0.51526700
vt 0.86590000 0.51526700
vt 0.86590000 0.51526700
vt 0.88122600 0.53816800
vt 0.88122600 0.53816800
vt 0.88122600 0.53816800
vt 0.88122600 0.53816800
vt 0.88122600 0.53816800
vt 0.88250300 0.53816800
vt 0.88250300 0.53816800
vt 0.88250300 0.53816800
vt 0.88250300 0.53816800
vt 0.88250300 0.53816800
vt 0.86590000 0.54961800
vt 0.86590000 0.54961800
vt 0.86590000 0.54961800
vt 0.86590000 0.54961800
vt 0.86590000 0.54961800
vt 0.86590000 0.54961800
vt 0.86590000 0.54961800
vt 0.85312900 0.53053400
vt 0.85312900 0.53053400
vt 0.74457200 0.53816800
vt 0.74457200 0.53816800
vt 0.74457200 0.53816800
vt 0.85312900 0.53053400
vt 0.85312900 0.56488500
vt 0.85312900 0.56488500
vt 0.74457200 0.57251900
vt 0.74457200 0.57251900
vt 0.85312900 0.56488500
vt 0.74457200 0.57251900
vt 0.88122600 0.56488500
vt 0.88122600 0.56488500
vt 0.88122600 0.56488500
vt 0.88122600 0.56488500
vt 0.88122600 0.56488500
vt 0.88122600 0.56488500
vt 0.88122600 0.56488500
vt 0.88122600 0.56488500
vt 0.86590000 0.58396900
vt 0.86590000 0.58396900
vt 0.86590000 0.58396900
vt 0.86590000 0.58396900
vt 0.86590000 0.58396900
vt 0.86590000 0.58396900
vt 0.86590000 0.58396900
vt 0.88122600 0.57633600
vt 0.88122600 0.57633600
vt 0.88122600 0.57633600
vt 0.88122600 0.57633600
vt 0.88122600 0.57633600
vt 0.86845500 0.62213700
vt 0.86845500 0.62213700
vt 0.86845500 0.62213700
vt 0.86845500 0.62213700
vt 0.86845500 0.62213700
vt 0.86845500 0.62213700
vt 0.87994900 0.61068700
vt 0.87994900 0.61068700
vt 0.87994900 0.61068700
vt 0.87994900 0.61068700
vt 0.87994900 0.61068700
vt 0.87994900 0.61068700
vt 0.74329500 0.61068700
vt 0.74329500 0.61068700
vt 0.74329500 0.61068700
vt 0.85440600 0.59923700
vt 0.85440600 0.59923700
vt 0.85440600 0.59923700
vt 0.85696000 0.63740500
vt 0.85696000 0.63740500
vt 0.74329500 0.64503800
vt 0.74329500 0.64503800
vt 0.85696000 0.63740500
vt 0.88122600 0.57633600
vt 0.88122600 0.57633600
vt 0.88122600 0.57633600
vt 0.88122600 0.57633600
vt 0.88250300 0.61068700
vt 0.88250300 0.61068700
vt 0.88250300 0.61068700
vt 0.88250300 0.61068700
vt 0.88250300 0.61068700
vt 0.88250300 0.61068700
vt 0.88250300 0.61068700
vt 0.88250300 0.61068700
vt 0.90038300 0.60305300
vt 0.90038300 0.60305300
vt 0.90038300 0.60305300
vt 0.90038300 0.60305300
vt 0.90293700 0.64122100
vt 0.90293700 0.64122100
vt 0.90293700 0.64122100
vt 0.90293700 0.64122100
vt 0.90293700 0.64122100
vt 0.90293700 0.64122100
vt 0.91826300 0.64122100
vt 0.91826300 0.64122100
vt 0.91826300 0.64122100
vt 0.91826300 0.64122100
vt 0.91826300 0.64122100
vt 0.91826300 0.64122100
vt 0.91826300 0.64122100
vt 0.91826300 0.64122100
vt 0.90676900 0.67938900
vt 0.90676900 0.67938900
vt 0.90676900 0.67938900
vt 0.90676900 0.67938900
vt 0.90676900 0.67938900
vt 0.91570900 0.68320600
vt 0.91570900 0.68320600
vt 0.91570900 0.68320600
vt 0.91570900 0.68320600
vt 0.91570900 0.68320600
vt 0.93231200 0.64885500
vt 0.93231200 0.64885500
vt 0.93231200 0.64885500
vt 0.93231200 0.64885500
vt 0.93231200 0.64885500
vt 0.93358900 0.64885500
vt 0.93358900 0.64885500
vt 0.93358900 0.64885500
vt 0.93358900 0.64885500
vt 0.93358900 0.65267200
vt 0.93358900 0.65267200
vt 0.93358900 0.65267200
vt 0.93358900 0.65267200
vt 0.93358900 0.65267200
vt 0.93358900 0.65267200
vt 0.93103500 0.68702300
vt 0.93103500 0.68702300
vt 0.93103500 0.68702300
vt 0.93103500 0.68702300
vt 0.93103500 0.68702300
vt 0.93103500 0.68702300
vt 0.93103500 0.68702300
vt 0.91315500 0.71755700
vt 0.91315500 0.71755700
vt 0.91315500 0.71755700
vt 0.91315500 0.71755700
vt 0.91315500 0.71755700
vt 0.91315500 0.71755700
vt 0.91315500 0.71755700
vt 0.91443200 0.72519100
vt 0.91443200 0.72519100
vt 0.91443200 0.72519100
vt 0.91443200 0.72519100
vt 0.91443200 0.72519100
vt 0.92720300 0.72900800
vt 0.92720300 0.72900800
vt 0.92720300 0.72900800
vt 0.92720300 0.72900800
vt 0.92720300 0.72900800
vt 0.92720300 0.72900800
vt 0.92720300 0.72900800
vt 0.92337200 0.76717600
vt 0.92337200 0.76717600
vt 0.92337200 0.76717600
vt 0.92337200 0.76717600
vt 0.92337200 0.76717600
vt 0.92592600 0.77480900
vt 0.92592600 0.77480900
vt 0.92592600 0.77480900
vt 0.92592600 0.77480900
vt 0.92592600 0.77480900
vt 0.92592600 0.77480900
vt 0.92592600 0.77480900
vt 0.86973200 0.65648900
vt 0.86973200 0.65648900
vt 0.86973200 0.65648900
vt 0.86973200 0.65648900
vt 0.86973200 0.65648900
vt 0.87739500 0.65267200
vt 0.87739500 0.65267200
vt 0.87739500 0.65267200
vt 0.87739500 0.65267200
vt 0.87739500 0.65267200
vt 0.87739500 0.65267200
vt 0.87228600 0.69084000
vt 0.87228600 0.69084000
vt 0.87228600 0.69084000
vt 0.87228600 0.69084000
vt 0.87228600 0.69084000
vt 0.87228600 0.69084000
vt 0.74201800 0.68320600
vt 0.85823800 0.67557300
vt 0.74201800 0.68320600
vt 0.85823800 0.67557300
vt 0.74201800 0.68320600
vt 0.85823800 0.67557300
vt 0.73946400 0.72519100
vt 0.86206900 0.71374000
vt 0.73946400 0.72519100
vt 0.73946400 0.72519100
vt 0.86206900 0.71374000
vt 0.86206900 0.71374000
vt 0.86206900 0.71374000
vt 0.73946400 0.72519100
vt 0.87228600 0.69847300
vt 0.87228600 0.69847300
vt 0.87228600 0.69847300
vt 0.87228600 0.69847300
vt 0.87228600 0.69847300
vt 0.73818600 0.74045800
vt 0.73818600 0.74045800
vt 0.73818600 0.74045800
vt 0.86334600 0.72900800
vt 0.86334600 0.72900800
vt 0.86334600 0.72900800
vt 0.88505700 0.64503800
vt 0.88505700 0.64503800
vt 0.88505700 0.64503800
vt 0.88505700 0.64503800
vt 0.88505700 0.64503800
vt 0.88505700 0.64503800
vt 0.89910600 0.64122100
vt 0.89910600 0.64122100
vt 0.89910600 0.64122100
vt 0.89910600 0.64122100
vt 0.89910600 0.64122100
vt 0.89910600 0.64122100
vt 0.88761200 0.68702300
vt 0.88761200 0.68702300
vt 0.88761200 0.68702300
vt 0.88761200 0.68702300
vt 0.88761200 0.68702300
vt 0.88761200 0.68702300
vt 0.88761200 0.68702300
vt 0.88761200 0.68702300
vt 0.89782900 0.68320600
vt 0.89782900 0.68320600
vt 0.89782900 0.68320600
vt 0.89782900 0.68320600
vt 0.89782900 0.68320600
vt 0.89782900 0.68320600
vt 0.89782900 0.68320600
vt 0.87356300 0.69465600
vt 0.87356300 0.69465600
vt 0.87356300 0.69465600
vt 0.87356300 0.69465600
vt 0.89272000 0.72519100
vt 0.89272000 0.72519100
vt 0.89272000 0.72519100
vt 0.89272000 0.72519100
vt 0.89272000 0.72519100
vt 0.89272000 0.72519100
vt 0.89272000 0.72519100
vt 0.89272000 0.72519100
vt 0.89272000 0.72519100
vt 0.89272000 0.72519100
vt 0.91187700 0.72519100
vt 0.91187700 0.72519100
vt 0.91187700 0.72519100
vt 0.91187700 0.72519100
vt 0.91187700 0.72519100
vt 0.91187700 0.72519100
vt 0.87739500 0.73664100
vt 0.87739500 0.73664100
vt 0.87739500 0.73664100
vt 0.87739500 0.73664100
vt 0.87739500 0.73664100
vt 0.87739500 0.73664100
vt 0.87739500 0.73664100
vt 0.87739500 0.73664100
vt 0.87739500 0.73664100
vt 0.87739500 0.73664100
vt 0.89272000 0.72519100
vt 0.89272000 0.72519100
vt 0.89272000 0.72519100
vt 0.89272000 0.72519100
vt 0.89272000 0.72519100
vt 0.89272000 0.72519100
vt 0.89910600 0.76717600
vt 0.89910600 0.76717600
vt 0.89910600 0.76717600
vt 0.89910600 0.76717600
vt 0.89910600 0.76717600
vt 0.89910600 0.76717600
vt 0.90676900 0.76717600
vt 0.90676900 0.76717600
vt 0.90676900 0.76717600
vt 0.90676900 0.76717600
vt 0.90676900 0.76717600
vt 0.90676900 0.76717600
vt 0.90676900 0.76717600
vt 0.88378000 0.77862600
vt 0.88378000 0.77862600
vt 0.88378000 0.77862600
vt 0.88378000 0.77862600
vt 0.88505700 0.77480900
vt 0.88505700 0.77480900
vt 0.88505700 0.77480900
vt 0.88505700 0.77480900
vt 0.88505700 0.77480900
vt 0.88505700 0.77480900
vt 0.92337200 0.77099200
vt 0.92337200 0.77099200
vt 0.92337200 0.77099200
vt 0.92337200 0.77099200
vt 0.73563200 0.76717600
vt 0.86717800 0.75190800
vt 0.73563200 0.76717600
vt 0.86717800 0.75190800
vt 0.87228600 0.79389300
vt 0.73052400 0.80916000
vt 0.87228600 0.79389300
vt 0.87228600 0.79389300
vt 0.87228600 0.79389300
vt 0.73052400 0.80916000
vt 0.73052400 0.80916000
vt 0.90421500 0.79389300
vt 0.90421500 0.79389300
vt 0.90421500 0.79389300
vt 0.90421500 0.79389300
vt 0.90421500 0.79389300
vt 0.90421500 0.79389300
vt 0.88378000 0.78244300
vt 0.88378000 0.78244300
vt 0.88378000 0.78244300
vt 0.88378000 0.78244300
vt 0.88378000 0.78244300
vt 0.89016600 0.82061100
vt 0.89016600 0.82061100
vt 0.89016600 0.82061100
vt 0.89016600 0.82061100
vt 0.89016600 0.82061100
vt 0.89016600 0.82061100
vt 0.89016600 0.82061100
vt 0.89016600 0.82061100
vt 0.89016600 0.82061100
vt 0.90166000 0.81679400
vt 0.90166000 0.81679400
vt 0.90166000 0.81679400
vt 0.90166000 0.81679400
vt 0.89527500 0.85114500
vt 0.89527500 0.85114500
vt 0.89527500 0.85114500
vt 0.89527500 0.85114500
vt 0.89527500 0.85114500
vt 0.89527500 0.85114500
vt 0.89527500 0.85114500
vt 0.90804600 0.81679400
vt 0.90804600 0.81679400
vt 0.90804600 0.81679400
vt 0.90804600 0.81679400
vt 0.90804600 0.81679400
vt 0.91826300 0.81679400
vt 0.91826300 0.81679400
vt 0.91826300 0.81679400
vt 0.91826300 0.81679400
vt 0.91826300 0.81679400
vt 0.91826300 0.81679400
vt 0.91826300 0.81679400
vt 0.91826300 0.81679400
vt 0.91570900 0.84351100
vt 0.91570900 0.84351100
vt 0.91570900 0.84351100
vt 0.91570900 0.84351100
vt 0.91570900 0.84351100
vt 0.91570900 0.84351100
vt 0.91570900 0.84351100
vt 0.89782900 0.86641200
vt 0.89782900 0.86641200
vt 0.89782900 0.86641200
vt 0.89782900 0.86641200
vt 0.91187700 0.86641200
vt 0.91187700 0.86641200
vt 0.91187700 0.86641200
vt 0.91187700 0.86641200
vt 0.91187700 0.86641200
vt 0.91187700 0.86641200
vt 0.87484000 0.82061100
vt 0.72796900 0.83969500
vt 0.72796900 0.83969500
vt 0.72796900 0.83969500
vt 0.72796900 0.83969500
vt 0.87484000 0.82061100
vt 0.87484000 0.82061100
vt 0.87739500 0.83587800
vt 0.72669200 0.85114500
vt 0.87739500 0.83587800
vt 0.87739500 0.83587800
vt 0.72669200 0.85114500
vt 0.87739500 0.83587800
vt 0.88378000 0.87786300
vt 0.88378000 0.87786300
vt 0.88378000 0.87786300
vt 0.88378000 0.87786300
vt 0.89144300 0.87022900
vt 0.89144300 0.87022900
vt 0.89144300 0.87022900
vt 0.89144300 0.87022900
vt 0.89144300 0.87022900
vt 0.89144300 0.87022900
vt 0.89144300 0.87022900
vt 0.90676900 0.89694700
vt 0.90676900 0.89694700
vt 0.90676900 0.89694700
vt 0.90676900 0.89694700
vt 0.90676900 0.89694700
vt 0.90676900 0.89694700
vt 0.90676900 0.89694700
vt 0.90676900 0.89694700
vt 0.72030700 0.91221400
vt 0.88633500 0.88931300
vt 0.88633500 0.88931300
vt 0.88633500 0.88931300
vt 0.88633500 0.88931300
vt 0.88633500 0.88931300
vt 0.72030700 0.91221400
vt 0.89782900 0.93129800
vt 0.89782900 0.93129800
vt 0.89782900 0.93129800
vt 0.89782900 0.93129800
vt 0.89782900 0.93129800
vt 0.89782900 0.93129800
vt 0.89782900 0.93129800
vt 0.06896550 0.90076300
vt 0.06896550 0.90076300
vt 0.07024270 0.90839700
vt 0.70881200 0.95419800
vt 0.70881200 0.95419800
vt 0.07024270 0.90839700
vt 0.07024270 0.90839700
vt 0.07024270 0.90839700
vt 0.89527500 0.93511500
vt 0.89527500 0.93511500
vt 0.00127714 1.00000000
vt 0.00000000 1.00000000
vt 0.00000000 1.00000000
vt 0.00000000 0.99618300
vt 0.00127714 1.00000000
vt 0.00000000 0.99618300
vt 0.00000000 0.99618300
vt 0.00127714 1.00000000
vt 0.00000000 0.99618300
vt 0.68965500 0.00381678
vt 0.68965500 0.00381678
vt 0.68965500 0.00381678
vt 0.00000000 1.00000000
vt 0.00000000 1.00000000
vt 0.00000000 1.00000000
vt 0.00127714 1.00000000
vt 0.72541500 0.02671750
vt 0.72541500 0.02671750
vt 0.72541500 0.02671750
vt 0.72541500 0.02671750
vt 0.71775200 0.01145040
vt 0.00127714 1.00000000
vt 0.00000000 0.99618300
vt 0.71775200 0.01145040
vt 0.00127714 1.00000000
vt 0.71775200 0.01145040
vt 0.71775200 0.01145040
vt 0.71775200 0.01145040
vt 0.71775200 0.01145040
vt 0.70114900 0.01908400
vt 0.70114900 0.01908400
vt 0.70114900 0.01908400
vt 0.70114900 0.01908400
vt 0.70114900 0.01908400
vt 0.70114900 0.01908400
vt 0.69476400 0.01908400
vt 0.69476400 0.01908400
vt 0.69476400 0.01908400
vt 0.69476400 0.01908400
vt 0.69476400 0.01908400
vt 0.67816100 0.00381678
vt 0.67816100 0.00381678
vt 0.67816100 0.00381678
vt 0.67816100 0.00381678
vt 0.67816100 0.00381678
vt 0.67816100 0.00381678
vt 0.67816100 0.00381678
vt 0.67816100 0.00381678
vt 0.00000000 1.00000000
vt 0.00127714 1.00000000
vt 0.00127714 1.00000000
vt 0.00127714 1.00000000
vt 0.00127714 1.00000000
vt 0.00000000 1.00000000
vt 0.00000000 0.99618300
vt 0.00000000 1.00000000
vt 0.00000000 0.99618300
vt 0.66922100 0.00763357
vt 0.00127714 1.00000000
vt 0.00000000 1.00000000
vt 0.66922100 0.00763357
vt 0.66922100 0.00763357
vt 0.00127714 1.00000000
vt 0.00000000 0.99618300
vt 0.00127714 1.00000000
vt 0.00000000 0.99618300
vt 0.00000000 0.99618300
vt 0.66155800 0.02671750
vt 0.66155800 0.02671750
vt 0.66155800 0.02671750
vt 0.66155800 0.02671750
vt 0.66155800 0.02671750
vt 0.66155800 0.02671750
vt 0.00127714 1.00000000
vt 0.00000000 1.00000000
vt 0.00000000 0.99618300
vt 0.00000000 0.99618300
vt 0.00000000 1.00000000
vt 0.65389500 0.03053430
vt 0.65389500 0.03053430
vt 0.65389500 0.03053430
vt 0.65389500 0.03053430
vt 0.65389500 0.03053430
vt 0.65389500 0.03053430
vt 0.65389500 0.03053430
vt 0.00000000 1.00000000
vt 0.00127714 1.00000000
vt 0.63984700 0.03053430
vt 0.63984700 0.03053430
vt 0.00000000 1.00000000
vt 0.63984700 0.03053430
vt 0.63984700 0.03053430
vt 0.63984700 0.03053430
vt 0.63346100 0.04961830
vt 0.63346100 0.04961830
vt 0.63346100 0.04961830
vt 0.63346100 0.04961830
vt 0.63346100 0.04961830
vt 0.63346100 0.04961830
vt 0.63346100 0.04961830
vt 0.73818600 0.03816800
vt 0.73818600 0.03816800
vt 0.73818600 0.03816800
vt 0.73818600 0.03816800
vt 0.73818600 0.03816800
vt 0.74201800 0.06106870
vt 0.74201800 0.06106870
vt 0.74201800 0.06106870
vt 0.74201800 0.06106870
vt 0.74201800 0.06106870
vt 0.74201800 0.06106870
vt 0.74201800 0.06106870
vt 0.74201800 0.06106870
vt 0.72924600 0.04961830
vt 0.72924600 0.04961830
vt 0.72924600 0.04961830
vt 0.72924600 0.04961830
vt 0.73180100 0.03053430
vt 0.73180100 0.03053430
vt 0.73180100 0.03053430
vt 0.73180100 0.03053430
vt 0.73180100 0.03053430
vt 0.72669200 0.03435120
vt 0.72669200 0.03435120
vt 0.72669200 0.03435120
vt 0.72669200 0.03435120
vt 0.72669200 0.03435120
vt 0.72669200 0.03435120
vt 0.74457200 0.09160300
vt 0.74457200 0.09160300
vt 0.74457200 0.09160300
vt 0.74457200 0.09160300
vt 0.74457200 0.09160300
vt 0.74457200 0.09160300
vt 0.74457200 0.09160300
vt 0.73180100 0.08015270
vt 0.73180100 0.08015270
vt 0.73180100 0.08015270
vt 0.73180100 0.08015270
vt 0.73180100 0.08015270
vt 0.73180100 0.08015270
vt 0.73180100 0.08015270
vt 0.73180100 0.08015270
vt 0.72030700 0.04580150
vt 0.72030700 0.04580150
vt 0.72030700 0.04580150
vt 0.72030700 0.04580150
vt 0.72030700 0.04580150
vt 0.72030700 0.04580150
vt 0.71008900 0.01908400
vt 0.71008900 0.01908400
vt 0.71008900 0.01908400
vt 0.71008900 0.01908400
vt 0.71008900 0.01908400
vt 0.71008900 0.01908400
vt 0.71008900 0.01908400
vt 0.71519800 0.04198470
vt 0.71519800 0.04198470
vt 0.71519800 0.04198470
vt 0.71519800 0.04198470
vt 0.71519800 0.04198470
vt 0.71519800 0.04198470
vt 0.69859500 0.03816800
vt 0.69859500 0.03816800
vt 0.69859500 0.03816800
vt 0.69859500 0.03816800
vt 0.69731800 0.02671750
vt 0.69731800 0.02671750
vt 0.69731800 0.02671750
vt 0.69731800 0.02671750
vt 0.69731800 0.02671750
vt 0.69731800 0.02671750
vt 0.69731800 0.02671750
vt 0.69731800 0.02671750
vt 0.71647500 0.07251910
vt 0.71647500 0.07251910
vt 0.71647500 0.07251910
vt 0.71647500 0.07251910
vt 0.71647500 0.06488550
vt 0.71647500 0.06488550
vt 0.71647500 0.06488550
vt 0.71647500 0.06488550
vt 0.71647500 0.06488550
vt 0.71647500 0.06488550
vt 0.71647500 0.07251910
vt 0.71647500 0.07251910
vt 0.71647500 0.07251910
vt 0.71647500 0.07251910
vt 0.71647500 0.07251910
vt 0.70114900 0.06870230
vt 0.70114900 0.06870230
vt 0.70114900 0.06870230
vt 0.70114900 0.06870230
vt 0.70114900 0.06870230
vt 0.70114900 0.06870230
vt 0.70114900 0.06870230
vt 0.70114900 0.06870230
vt 0.74457200 0.12213700
vt 0.74457200 0.12213700
vt 0.74457200 0.12213700
vt 0.74457200 0.12213700
vt 0.74457200 0.12213700
vt 0.73180100 0.11068700
vt 0.73180100 0.11068700
vt 0.73180100 0.11068700
vt 0.73180100 0.11068700
vt 0.73180100 0.11068700
vt 0.73180100 0.11068700
vt 0.73180100 0.11068700
vt 0.74329500 0.16030500
vt 0.74329500 0.16030500
vt 0.74329500 0.16030500
vt 0.74329500 0.16030500
vt 0.74329500 0.16030500
vt 0.74329500 0.16030500
vt 0.74329500 0.16030500
vt 0.73052400 0.14885500
vt 0.73052400 0.14885500
vt 0.73052400 0.14885500
vt 0.73052400 0.14885500
vt 0.73052400 0.14885500
vt 0.73052400 0.14885500
vt 0.71775200 0.10305300
vt 0.71775200 0.10305300
vt 0.71775200 0.10305300
vt 0.71775200 0.10305300
vt 0.71775200 0.10305300
vt 0.71775200 0.10305300
vt 0.71647500 0.10305300
vt 0.71647500 0.10305300
vt 0.71647500 0.10305300
vt 0.71647500 0.10305300
vt 0.71647500 0.10305300
vt 0.70114900 0.09923670
vt 0.70114900 0.09923670
vt 0.70114900 0.09923670
vt 0.70114900 0.09923670
vt 0.70114900 0.09923670
vt 0.70114900 0.09923670
vt 0.70114900 0.09923670
vt 0.72030700 0.14122100
vt 0.72030700 0.14122100
vt 0.72030700 0.14122100
vt 0.72030700 0.14122100
vt 0.72030700 0.14122100
vt 0.71775200 0.11832100
vt 0.71775200 0.11832100
vt 0.71775200 0.11832100
vt 0.71775200 0.11832100
vt 0.71775200 0.11832100
vt 0.71775200 0.11832100
vt 0.71775200 0.11832100
vt 0.71775200 0.11832100
vt 0.71647500 0.14122100
vt 0.71647500 0.14122100
vt 0.71647500 0.14122100
vt 0.71647500 0.14122100
vt 0.69987200 0.13740500
vt 0.69987200 0.13740500
vt 0.69987200 0.13740500
vt 0.69987200 0.13740500
vt 0.69987200 0.13740500
vt 0.69987200 0.13740500
vt 0.69348700 0.03816800
vt 0.69348700 0.03816800
vt 0.69348700 0.03816800
vt 0.69348700 0.03816800
vt 0.69348700 0.03816800
vt 0.69093200 0.06870230
vt 0.69093200 0.06870230
vt 0.69093200 0.06870230
vt 0.69093200 0.06870230
vt 0.69093200 0.06870230
vt 0.69093200 0.06870230
vt 0.68071500 0.04198470
vt 0.68071500 0.04198470
vt 0.68071500 0.04198470
vt 0.68071500 0.04198470
vt 0.68071500 0.04198470
vt 0.68071500 0.04198470
vt 0.68071500 0.04198470
vt 0.67943800 0.01908400
vt 0.67943800 0.01908400
vt 0.67943800 0.01908400
vt 0.67943800 0.01908400
vt 0.67688400 0.02671750
vt 0.67688400 0.02671750
vt 0.67688400 0.02671750
vt 0.67688400 0.02671750
vt 0.67688400 0.02671750
vt 0.67688400 0.02671750
vt 0.67688400 0.02671750
vt 0.67560700 0.01908400
vt 0.67560700 0.01908400
vt 0.67560700 0.01908400
vt 0.67560700 0.01908400
vt 0.67433000 0.04198470
vt 0.67433000 0.04198470
vt 0.67433000 0.04198470
vt 0.67433000 0.04198470
vt 0.67433000 0.04198470
vt 0.67433000 0.04198470
vt 0.67433000 0.04198470
vt 0.66028100 0.04961830
vt 0.66028100 0.04961830
vt 0.66028100 0.04961830
vt 0.66028100 0.04961830
vt 0.66028100 0.04961830
vt 0.65772700 0.04198470
vt 0.65772700 0.04198470
vt 0.65772700 0.04198470
vt 0.65772700 0.04198470
vt 0.65772700 0.04198470
vt 0.65772700 0.04198470
vt 0.68327000 0.06870230
vt 0.68327000 0.06870230
vt 0.68327000 0.06870230
vt 0.68327000 0.06870230
vt 0.68327000 0.06870230
vt 0.68327000 0.06870230
vt 0.67177500 0.07251910
vt 0.67177500 0.07251910
vt 0.67177500 0.07251910
vt 0.67177500 0.07251910
vt 0.67177500 0.07251910
vt 0.66283500 0.07633590
vt 0.66283500 0.07633590
vt 0.66283500 0.07633590
vt 0.66283500 0.07633590
vt 0.66283500 0.07633590
vt 0.66283500 0.07633590
vt 0.65645000 0.04961830
vt 0.65645000 0.04961830
vt 0.65645000 0.04961830
vt 0.65645000 0.04961830
vt 0.65517200 0.08015270
vt 0.65517200 0.08015270
vt 0.65517200 0.08015270
vt 0.65517200 0.08015270
vt 0.65517200 0.08015270
vt 0.65517200 0.08015270
vt 0.65517200 0.08015270
vt 0.65517200 0.08015270
vt 0.69093200 0.09923670
vt 0.69093200 0.09923670
vt 0.69093200 0.09923670
vt 0.69093200 0.09923670
vt 0.69093200 0.09923670
vt 0.69093200 0.09923670
vt 0.69348700 0.13740500
vt 0.69348700 0.13740500
vt 0.69348700 0.13740500
vt 0.69348700 0.13740500
vt 0.69348700 0.13740500
vt 0.68327000 0.10305300
vt 0.68327000 0.10305300
vt 0.68327000 0.10305300
vt 0.68327000 0.10305300
vt 0.67177500 0.10687000
vt 0.67177500 0.10687000
vt 0.67177500 0.10687000
vt 0.67177500 0.10687000
vt 0.67177500 0.10687000
vt 0.67177500 0.10687000
vt 0.67177500 0.10687000
vt 0.66283500 0.11068700
vt 0.66283500 0.11068700
vt 0.66283500 0.11068700
vt 0.66283500 0.11068700
vt 0.66283500 0.11068700
vt 0.66283500 0.11068700
vt 0.68199200 0.13740500
vt 0.68199200 0.13740500
vt 0.68199200 0.13740500
vt 0.68199200 0.13740500
vt 0.68199200 0.13740500
vt 0.68199200 0.13740500
vt 0.68199200 0.13740500
vt 0.67433000 0.14122100
vt 0.67433000 0.14122100
vt 0.67433000 0.14122100
vt 0.67433000 0.14122100
vt 0.67433000 0.14122100
vt 0.67433000 0.14122100
vt 0.67433000 0.14122100
vt 0.66028100 0.14885500
vt 0.66028100 0.14885500
vt 0.66028100 0.14885500
vt 0.66028100 0.14885500
vt 0.66028100 0.14885500
vt 0.65517200 0.11450400
vt 0.65517200 0.11450400
vt 0.65517200 0.11450400
vt 0.65517200 0.11450400
vt 0.65517200 0.11450400
vt 0.65517200 0.11450400
vt 0.65772700 0.14885500
vt 0.65772700 0.14885500
vt 0.65772700 0.14885500
vt 0.65772700 0.14885500
vt 0.64623200 0.03816800
vt 0.64623200 0.03816800
vt 0.64623200 0.03816800
vt 0.64623200 0.03816800
vt 0.64112400 0.06106870
vt 0.64112400 0.06106870
vt 0.64112400 0.06106870
vt 0.64112400 0.06106870
vt 0.64112400 0.06106870
vt 0.64112400 0.06106870
vt 0.64112400 0.06106870
vt 0.64112400 0.06106870
vt 0.64112400 0.06106870
vt 0.63218400 0.07251910
vt 0.63218400 0.07251910
vt 0.63218400 0.07251910
vt 0.63218400 0.07251910
vt 0.63218400 0.07251910
vt 0.63218400 0.07251910
vt 0.62963000 0.06870230
vt 0.62963000 0.06870230
vt 0.62963000 0.06870230
vt 0.62963000 0.06870230
vt 0.62963000 0.06870230
vt 0.62963000 0.07633590
vt 0.62963000 0.07633590
vt 0.62963000 0.07633590
vt 0.62963000 0.07633590
vt 0.63984700 0.09160300
vt 0.63984700 0.09160300
vt 0.63984700 0.09160300
vt 0.63984700 0.09160300
vt 0.63729200 0.09541980
vt 0.63729200 0.09541980
vt 0.63729200 0.09541980
vt 0.63729200 0.09541980
vt 0.63729200 0.09541980
vt 0.63729200 0.09541980
vt 0.62707500 0.10687000
vt 0.62707500 0.10687000
vt 0.62707500 0.10687000
vt 0.62707500 0.10687000
vt 0.62707500 0.10687000
vt 0.62707500 0.10687000
vt 0.62707500 0.10687000
vt 0.62707500 0.10687000
vt 0.62196700 0.06488550
vt 0.62196700 0.06488550
vt 0.62196700 0.06488550
vt 0.62196700 0.06488550
vt 0.62196700 0.06488550
vt 0.62069000 0.06870230
vt 0.62069000 0.06870230
vt 0.62069000 0.06870230
vt 0.62069000 0.06870230
vt 0.62069000 0.06870230
vt 0.61813500 0.07251910
vt 0.61813500 0.07251910
vt 0.61813500 0.07251910
vt 0.61813500 0.07251910
vt 0.61813500 0.07251910
vt 0.61813500 0.07251910
vt 0.61813500 0.09160300
vt 0.61813500 0.09160300
vt 0.61813500 0.09160300
vt 0.61813500 0.09160300
vt 0.61813500 0.09160300
vt 0.61813500 0.09160300
vt 0.61813500 0.09160300
vt 0.61558100 0.12213700
vt 0.61558100 0.12213700
vt 0.61558100 0.12213700
vt 0.61558100 0.12213700
vt 0.61558100 0.12213700
vt 0.61558100 0.12213700
vt 0.64112400 0.12595400
vt 0.64112400 0.12595400
vt 0.64112400 0.12595400
vt 0.64112400 0.12595400
vt 0.64112400 0.12595400
vt 0.64112400 0.12595400
vt 0.63601500 0.12977100
vt 0.63601500 0.12977100
vt 0.63601500 0.12977100
vt 0.63601500 0.12977100
vt 0.63601500 0.12977100
vt 0.63601500 0.12977100
vt 0.62835200 0.13740500
vt 0.62835200 0.13740500
vt 0.62835200 0.13740500
vt 0.62835200 0.13740500
vt 0.62835200 0.13740500
vt 0.62835200 0.13740500
vt 0.64367800 0.16030500
vt 0.64367800 0.16030500
vt 0.64367800 0.16030500
vt 0.64367800 0.16030500
vt 0.64367800 0.16030500
vt 0.64367800 0.16030500
vt 0.64367800 0.16030500
vt 0.64367800 0.16030500
vt 0.64367800 0.16030500
vt 0.64367800 0.16030500
vt 0.63218400 0.17175600
vt 0.63218400 0.17175600
vt 0.63218400 0.17175600
vt 0.63218400 0.17175600
vt 0.63218400 0.17175600
vt 0.62963000 0.17557300
vt 0.62963000 0.17557300
vt 0.62963000 0.17557300
vt 0.62963000 0.17557300
vt 0.61685800 0.15267200
vt 0.61685800 0.15267200
vt 0.61685800 0.15267200
vt 0.61685800 0.15267200
vt 0.61685800 0.15267200
vt 0.61813500 0.19084000
vt 0.61813500 0.19084000
vt 0.61813500 0.19084000
vt 0.55683300 0.19847300
vt 0.61813500 0.19084000
vt 0.61813500 0.19084000
vt 0.61813500 0.19084000
vt 0.61813500 0.19084000
vt 0.61813500 0.19084000
vt 0.74074100 0.19847300
vt 0.74074100 0.19847300
vt 0.74074100 0.19847300
vt 0.74074100 0.19847300
vt 0.73180100 0.19084000
vt 0.73180100 0.19084000
vt 0.73180100 0.19084000
vt 0.73180100 0.19084000
vt 0.73180100 0.19084000
vt 0.73180100 0.19084000
vt 0.73180100 0.19084000
vt 0.73180100 0.19084000
vt 0.72796900 0.17938900
vt 0.72796900 0.17938900
vt 0.72796900 0.17938900
vt 0.72796900 0.17938900
vt 0.72796900 0.17938900
vt 0.72796900 0.18702300
vt 0.72796900 0.18702300
vt 0.72796900 0.18702300
vt 0.72796900 0.18702300
vt 0.73946400 0.21374000
vt 0.73946400 0.21374000
vt 0.73946400 0.21374000
vt 0.73946400 0.21374000
vt 0.73946400 0.21374000
vt 0.73563200 0.24427500
vt 0.73563200 0.24427500
vt 0.73563200 0.24427500
vt 0.73563200 0.24427500
vt 0.73563200 0.24427500
vt 0.73563200 0.24427500
vt 0.73563200 0.24427500
vt 0.72158400 0.23282400
vt 0.72158400 0.23282400
vt 0.72158400 0.23282400
vt 0.72158400 0.23282400
vt 0.72158400 0.23282400
vt 0.72158400 0.23282400
vt 0.71264400 0.17938900
vt 0.71264400 0.17938900
vt 0.71264400 0.17938900
vt 0.71264400 0.17938900
vt 0.71264400 0.17938900
vt 0.71264400 0.17938900
vt 0.71264400 0.17938900
vt 0.71264400 0.17938900
vt 0.71264400 0.17938900
vt 0.71264400 0.17938900
vt 0.69987200 0.17938900
vt 0.69987200 0.17938900
vt 0.69987200 0.17938900
vt 0.69987200 0.17938900
vt 0.69987200 0.17938900
vt 0.69987200 0.17938900
vt 0.69859500 0.16793900
vt 0.69859500 0.16793900
vt 0.69859500 0.16793900
vt 0.69859500 0.16793900
vt 0.69859500 0.16793900
vt 0.69859500 0.16793900
vt 0.69859500 0.16793900
vt 0.71264400 0.22900800
vt 0.71264400 0.22900800
vt 0.71264400 0.22900800
vt 0.71264400 0.22900800
vt 0.71264400 0.22900800
vt 0.71264400 0.22900800
vt 0.71264400 0.22900800
vt 0.71264400 0.22900800
vt 0.70881200 0.21374000
vt 0.70881200 0.21374000
vt 0.70881200 0.21374000
vt 0.70881200 0.21374000
vt 0.69731800 0.17938900
vt 0.69731800 0.17938900
vt 0.69731800 0.17938900
vt 0.69731800 0.17938900
vt 0.69731800 0.17938900
vt 0.69731800 0.17938900
vt 0.70753500 0.22900800
vt 0.70753500 0.22900800
vt 0.70753500 0.22900800
vt 0.70753500 0.22900800
vt 0.70753500 0.22900800
vt 0.68965500 0.22900800
vt 0.68965500 0.22900800
vt 0.68965500 0.22900800
vt 0.68965500 0.22900800
vt 0.68965500 0.22900800
vt 0.68965500 0.22900800
vt 0.68965500 0.22519100
vt 0.68965500 0.22519100
vt 0.68965500 0.22519100
vt 0.68965500 0.22519100
vt 0.68965500 0.22900800
vt 0.68965500 0.22900800
vt 0.68965500 0.22900800
vt 0.68965500 0.22900800
vt 0.68965500 0.22900800
vt 0.68965500 0.22900800
vt 0.68965500 0.22900800
vt 0.73052400 0.27862600
vt 0.73052400 0.27862600
vt 0.73052400 0.27862600
vt 0.73052400 0.27862600
vt 0.73052400 0.27862600
vt 0.73052400 0.27862600
vt 0.72030700 0.24809200
vt 0.72030700 0.24809200
vt 0.72030700 0.24809200
vt 0.72030700 0.24809200
vt 0.72030700 0.24809200
vt 0.72796900 0.29389300
vt 0.72796900 0.29389300
vt 0.72796900 0.29389300
vt 0.72796900 0.29389300
vt 0.72796900 0.29389300
vt 0.72796900 0.29389300
vt 0.72796900 0.29389300
vt 0.72796900 0.29389300
vt 0.71519800 0.28244300
vt 0.71519800 0.28244300
vt 0.71519800 0.28244300
vt 0.71519800 0.28244300
vt 0.71519800 0.28244300
vt 0.71519800 0.28244300
vt 0.72286100 0.33969500
vt 0.72286100 0.33969500
vt 0.72286100 0.33969500
vt 0.72286100 0.33969500
vt 0.71902900 0.33587800
vt 0.71902900 0.33587800
vt 0.71902900 0.33587800
vt 0.71902900 0.33587800
vt 0.71902900 0.33587800
vt 0.71902900 0.33587800
vt 0.71902900 0.33587800
vt 0.71136700 0.30916000
vt 0.71136700 0.30916000
vt 0.71136700 0.30916000
vt 0.71136700 0.30916000
vt 0.71136700 0.30916000
vt 0.70881200 0.33206100
vt 0.70881200 0.33206100
vt 0.70881200 0.33206100
vt 0.70881200 0.33206100
vt 0.70881200 0.33206100
vt 0.70881200 0.33206100
vt 0.70881200 0.33206100
vt 0.70881200 0.33206100
vt 0.70370400 0.28244300
vt 0.70370400 0.28244300
vt 0.70370400 0.28244300
vt 0.70370400 0.28244300
vt 0.70370400 0.28244300
vt 0.70370400 0.28244300
vt 0.69987200 0.26717600
vt 0.69987200 0.26717600
vt 0.69987200 0.26717600
vt 0.69987200 0.26717600
vt 0.69987200 0.26717600
vt 0.69987200 0.26717600
vt 0.69987200 0.26717600
vt 0.69859500 0.28244300
vt 0.69859500 0.28244300
vt 0.69859500 0.28244300
vt 0.69859500 0.28244300
vt 0.69859500 0.28244300
vt 0.69859500 0.28244300
vt 0.69859500 0.28244300
vt 0.68199200 0.28244300
vt 0.68199200 0.28244300
vt 0.68199200 0.28244300
vt 0.68199200 0.28244300
vt 0.68199200 0.28244300
vt 0.68071500 0.27862600
vt 0.68071500 0.27862600
vt 0.68071500 0.27862600
vt 0.68071500 0.27862600
vt 0.68071500 0.27862600
vt 0.68071500 0.27862600
vt 0.68071500 0.27862600
vt 0.68071500 0.27862600
vt 0.69220900 0.32824400
vt 0.69220900 0.32824400
vt 0.69220900 0.32824400
vt 0.69220900 0.32824400
vt 0.69093200 0.32824400
vt 0.69093200 0.32824400
vt 0.69093200 0.32824400
vt 0.69093200 0.32824400
vt 0.69093200 0.32824400
vt 0.67943800 0.28244300
vt 0.67943800 0.28244300
vt 0.67943800 0.28244300
vt 0.67943800 0.28244300
vt 0.67943800 0.28244300
vt 0.67305200 0.33206100
vt 0.67305200 0.33206100
vt 0.67305200 0.33206100
vt 0.67305200 0.33206100
vt 0.67305200 0.33206100
vt 0.67305200 0.33206100
vt 0.67305200 0.33206100
vt 0.67943800 0.17938900
vt 0.67943800 0.17938900
vt 0.67943800 0.17938900
vt 0.67943800 0.17938900
vt 0.67943800 0.17938900
vt 0.67816100 0.17557300
vt 0.67816100 0.17557300
vt 0.67816100 0.17557300
vt 0.67816100 0.17557300
vt 0.67816100 0.17557300
vt 0.67816100 0.17557300
vt 0.67816100 0.17557300
vt 0.67816100 0.18320600
vt 0.67816100 0.18320600
vt 0.67816100 0.18320600
vt 0.67816100 0.18320600
vt 0.67816100 0.18320600
vt 0.67816100 0.18320600
vt 0.66283500 0.18702300
vt 0.66283500 0.18702300
vt 0.66283500 0.18702300
vt 0.66283500 0.18702300
vt 0.66283500 0.18702300
vt 0.66283500 0.18702300
vt 0.66283500 0.18702300
vt 0.66283500 0.18702300
vt 0.65900400 0.16030500
vt 0.65900400 0.16030500
vt 0.65900400 0.16030500
vt 0.65900400 0.16030500
vt 0.65900400 0.16030500
vt 0.65900400 0.16030500
vt 0.67049800 0.23282400
vt 0.67049800 0.23282400
vt 0.67049800 0.23282400
vt 0.67049800 0.23282400
vt 0.67049800 0.23282400
vt 0.67049800 0.22900800
vt 0.67049800 0.22900800
vt 0.67049800 0.22900800
vt 0.67049800 0.22900800
vt 0.65389500 0.19465600
vt 0.65389500 0.19465600
vt 0.65389500 0.19465600
vt 0.65389500 0.19465600
vt 0.65389500 0.19465600
vt 0.65389500 0.19465600
vt 0.66922100 0.23282400
vt 0.66922100 0.23282400
vt 0.66922100 0.23282400
vt 0.66922100 0.23282400
vt 0.66922100 0.23282400
vt 0.66922100 0.23282400
vt 0.65389500 0.24045800
vt 0.65389500 0.24045800
vt 0.65389500 0.24045800
vt 0.65389500 0.24045800
vt 0.65389500 0.24045800
vt 0.65389500 0.24045800
vt 0.65389500 0.24045800
vt 0.65389500 0.24045800
vt 0.65006400 0.21755700
vt 0.65006400 0.21755700
vt 0.65006400 0.21755700
vt 0.65006400 0.21755700
vt 0.65006400 0.21755700
vt 0.64367800 0.25190800
vt 0.64367800 0.25190800
vt 0.64367800 0.25190800
vt 0.64367800 0.25190800
vt 0.64367800 0.25190800
vt 0.64367800 0.25190800
vt 0.64751000 0.19847300
vt 0.64751000 0.19847300
vt 0.64751000 0.19847300
vt 0.64751000 0.19847300
vt 0.63346100 0.21374000
vt 0.63346100 0.21374000
vt 0.63346100 0.21374000
vt 0.63346100 0.21374000
vt 0.63346100 0.21374000
vt 0.63346100 0.21374000
vt 0.63346100 0.21374000
vt 0.63346100 0.21374000
vt 0.63346100 0.21374000
vt 0.63090700 0.17938900
vt 0.63090700 0.17938900
vt 0.63090700 0.17938900
vt 0.63090700 0.17938900
vt 0.63090700 0.17938900
vt 0.63090700 0.17938900
vt 0.63984700 0.25572500
vt 0.63984700 0.25572500
vt 0.63984700 0.25572500
vt 0.63984700 0.25572500
vt 0.62196700 0.22900800
vt 0.62196700 0.22900800
vt 0.62196700 0.22900800
vt 0.62196700 0.22900800
vt 0.62196700 0.22519100
vt 0.62196700 0.22519100
vt 0.62196700 0.22519100
vt 0.62196700 0.22519100
vt 0.62196700 0.22519100
vt 0.62196700 0.22900800
vt 0.62196700 0.22900800
vt 0.62196700 0.22900800
vt 0.62196700 0.22900800
vt 0.62196700 0.22900800
vt 0.55427800 0.23664100
vt 0.62707500 0.26717600
vt 0.62707500 0.26717600
vt 0.62707500 0.26717600
vt 0.62707500 0.26717600
vt 0.62707500 0.26717600
vt 0.62707500 0.26717600
vt 0.62707500 0.26717600
vt 0.62707500 0.26717600
vt 0.62707500 0.26717600
vt 0.66283500 0.28626000
vt 0.66283500 0.28626000
vt 0.66283500 0.28626000
vt 0.66283500 0.28626000
vt 0.66283500 0.28626000
vt 0.66155800 0.27862600
vt 0.66155800 0.27862600
vt 0.66155800 0.27862600
vt 0.66155800 0.27862600
vt 0.66155800 0.27862600
vt 0.66155800 0.27862600
vt 0.65900400 0.29007600
vt 0.65900400 0.29007600
vt 0.65900400 0.29007600
vt 0.65900400 0.29007600
vt 0.65900400 0.29007600
vt 0.65900400 0.29007600
vt 0.64751000 0.29771000
vt 0.64751000 0.29771000
vt 0.64751000 0.29771000
vt 0.64751000 0.29771000
vt 0.64751000 0.29771000
vt 0.64751000 0.29771000
vt 0.64751000 0.29771000
vt 0.64751000 0.29771000
vt 0.64112400 0.26335900
vt 0.64112400 0.26335900
vt 0.64112400 0.26335900
vt 0.64112400 0.26335900
vt 0.64112400 0.26335900
vt 0.67049800 0.33206100
vt 0.67049800 0.33206100
vt 0.67049800 0.33206100
vt 0.67049800 0.33206100
vt 0.67049800 0.33206100
vt 0.67049800 0.33206100
vt 0.65389500 0.33969500
vt 0.65389500 0.33969500
vt 0.65389500 0.33969500
vt 0.65389500 0.33969500
vt 0.65389500 0.33969500
vt 0.65261800 0.32824400
vt 0.65261800 0.32824400
vt 0.65261800 0.32824400
vt 0.65261800 0.32824400
vt 0.65261800 0.32824400
vt 0.65261800 0.32824400
vt 0.63346100 0.30916000
vt 0.63346100 0.30916000
vt 0.63346100 0.30916000
vt 0.63346100 0.30916000
vt 0.63346100 0.30534400
vt 0.63346100 0.30534400
vt 0.63346100 0.30534400
vt 0.63346100 0.30534400
vt 0.63346100 0.30534400
vt 0.54278400 0.31679400
vt 0.62963000 0.31679400
vt 0.54278400 0.31679400
vt 0.62963000 0.31679400
vt 0.62963000 0.31679400
vt 0.62963000 0.31679400
vt 0.62963000 0.31679400
vt 0.54278400 0.31679400
vt 0.65006400 0.34351100
vt 0.65006400 0.34351100
vt 0.65006400 0.34351100
vt 0.65006400 0.34351100
vt 0.65006400 0.34351100
vt 0.64112400 0.35114500
vt 0.64112400 0.35114500
vt 0.64112400 0.35114500
vt 0.64112400 0.35114500
vt 0.64112400 0.35114500
vt 0.64112400 0.35114500
vt 0.64112400 0.35114500
vt 0.72158400 0.34732800
vt 0.72158400 0.34732800
vt 0.72158400 0.34732800
vt 0.72158400 0.34732800
vt 0.72158400 0.34732800
vt 0.72030700 0.37786300
vt 0.72030700 0.37786300
vt 0.72030700 0.37786300
vt 0.72030700 0.37786300
vt 0.72030700 0.37786300
vt 0.72030700 0.37786300
vt 0.72030700 0.37786300
vt 0.70625800 0.37022900
vt 0.70625800 0.37022900
vt 0.70625800 0.37022900
vt 0.70625800 0.37022900
vt 0.70625800 0.37022900
vt 0.70625800 0.37022900
vt 0.70625800 0.37022900
vt 0.72030700 0.41221400
vt 0.72030700 0.41221400
vt 0.72030700 0.41221400
vt 0.72030700 0.41221400
vt 0.72030700 0.41221400
vt 0.72030700 0.41221400
vt 0.70625800 0.40458000
vt 0.70625800 0.40458000
vt 0.70625800 0.40458000
vt 0.70625800 0.40458000
vt 0.69604100 0.36641200
vt 0.69604100 0.36641200
vt 0.69604100 0.36641200
vt 0.69604100 0.36641200
vt 0.69604100 0.36641200
vt 0.69604100 0.36641200
vt 0.69220900 0.33206100
vt 0.69220900 0.33206100
vt 0.69220900 0.33206100
vt 0.69220900 0.33206100
vt 0.69220900 0.33206100
vt 0.69220900 0.33206100
vt 0.69220900 0.33206100
vt 0.69604100 0.40076300
vt 0.69604100 0.40076300
vt 0.69604100 0.40076300
vt 0.69604100 0.40076300
vt 0.69604100 0.40076300
vt 0.69604100 0.40076300
vt 0.72158400 0.44656500
vt 0.72158400 0.44656500
vt 0.72158400 0.44656500
vt 0.72158400 0.44656500
vt 0.72158400 0.44656500
vt 0.72158400 0.44656500
vt 0.70753500 0.43511500
vt 0.70753500 0.43511500
vt 0.70753500 0.43511500
vt 0.70753500 0.43511500
vt 0.70753500 0.43511500
vt 0.70753500 0.43511500
vt 0.70753500 0.43511500
vt 0.69604100 0.43511500
vt 0.69604100 0.43511500
vt 0.69604100 0.43511500
vt 0.69604100 0.43511500
vt 0.69604100 0.43511500
vt 0.68965500 0.36641200
vt 0.68965500 0.36641200
vt 0.68965500 0.36641200
vt 0.68965500 0.36641200
vt 0.68965500 0.36641200
vt 0.68965500 0.36641200
vt 0.67433000 0.37022900
vt 0.67433000 0.37022900
vt 0.67433000 0.37022900
vt 0.67433000 0.37022900
vt 0.67177500 0.33969500
vt 0.67177500 0.33969500
vt 0.67177500 0.33969500
vt 0.67177500 0.33969500
vt 0.67177500 0.33969500
vt 0.67177500 0.33969500
vt 0.67177500 0.33969500
vt 0.67177500 0.33969500
vt 0.67049800 0.37022900
vt 0.67049800 0.37022900
vt 0.67049800 0.37022900
vt 0.67049800 0.37022900
vt 0.67049800 0.37022900
vt 0.68965500 0.40076300
vt 0.68965500 0.40076300
vt 0.68965500 0.40076300
vt 0.68965500 0.40076300
vt 0.68965500 0.40076300
vt 0.68965500 0.40076300
vt 0.68965500 0.40076300
vt 0.67560700 0.40458000
vt 0.67560700 0.40458000
vt 0.67560700 0.40458000
vt 0.67560700 0.40458000
vt 0.67560700 0.40458000
vt 0.67560700 0.40458000
vt 0.66922100 0.40839700
vt 0.66922100 0.40839700
vt 0.66922100 0.40839700
vt 0.66922100 0.40839700
vt 0.66922100 0.40839700
vt 0.66922100 0.40839700
vt 0.68965500 0.43511500
vt 0.68965500 0.43511500
vt 0.68965500 0.43511500
vt 0.68965500 0.43511500
vt 0.68965500 0.43511500
vt 0.68965500 0.43511500
vt 0.67688400 0.43893100
vt 0.67688400 0.43893100
vt 0.67688400 0.43893100
vt 0.67688400 0.43893100
vt 0.67688400 0.43893100
vt 0.67688400 0.43893100
vt 0.66922100 0.44274800
vt 0.66922100 0.44274800
vt 0.66922100 0.44274800
vt 0.66922100 0.44274800
vt 0.66922100 0.44274800
vt 0.66922100 0.44274800
vt 0.65772700 0.37786300
vt 0.65772700 0.37786300
vt 0.65772700 0.37786300
vt 0.65772700 0.37786300
vt 0.65772700 0.37786300
vt 0.65772700 0.37786300
vt 0.65772700 0.37786300
vt 0.65772700 0.37786300
vt 0.65772700 0.37786300
vt 0.66028100 0.41221400
vt 0.66028100 0.41221400
vt 0.66028100 0.41221400
vt 0.66028100 0.41221400
vt 0.66028100 0.41221400
vt 0.66028100 0.41221400
vt 0.64495500 0.39313000
vt 0.64495500 0.39313000
vt 0.64495500 0.39313000
vt 0.64495500 0.39313000
vt 0.64367800 0.38167900
vt 0.64367800 0.38167900
vt 0.64367800 0.38167900
vt 0.64367800 0.38167900
vt 0.64367800 0.38167900
vt 0.64367800 0.38167900
vt 0.53384400 0.40076300
vt 0.63984700 0.40076300
vt 0.63984700 0.40076300
vt 0.53384400 0.40076300
vt 0.63984700 0.40076300
vt 0.53384400 0.40076300
vt 0.63984700 0.40076300
vt 0.64751000 0.42748100
vt 0.64751000 0.42748100
vt 0.64751000 0.42748100
vt 0.64751000 0.42748100
vt 0.64751000 0.42748100
vt 0.64751000 0.42748100
vt 0.64751000 0.42748100
vt 0.66155800 0.45038200
vt 0.66155800 0.45038200
vt 0.66155800 0.45038200
vt 0.66155800 0.45038200
vt 0.66155800 0.45038200
vt 0.66155800 0.45038200
vt 0.64878700 0.46183200
vt 0.64878700 0.46183200
vt 0.64878700 0.46183200
vt 0.64878700 0.46183200
vt 0.64878700 0.46183200
vt 0.64878700 0.46183200
vt 0.72158400 0.51145000
vt 0.72158400 0.51145000
vt 0.72158400 0.51145000
vt 0.72158400 0.51145000
vt 0.72158400 0.51145000
vt 0.72158400 0.51145000
vt 0.70753500 0.50381700
vt 0.70753500 0.50381700
vt 0.70753500 0.50381700
vt 0.70753500 0.50381700
vt 0.70753500 0.50381700
vt 0.70753500 0.50381700
vt 0.72158400 0.54580200
vt 0.72158400 0.54580200
vt 0.72158400 0.54580200
vt 0.72158400 0.54580200
vt 0.72158400 0.54580200
vt 0.72158400 0.54580200
vt 0.70625800 0.54198500
vt 0.70625800 0.54198500
vt 0.70625800 0.54198500
vt 0.70625800 0.54198500
vt 0.70625800 0.54198500
vt 0.70625800 0.54198500
vt 0.69859500 0.50381700
vt 0.69859500 0.50381700
vt 0.69859500 0.50381700
vt 0.69859500 0.50381700
vt 0.69859500 0.50381700
vt 0.69859500 0.50381700
vt 0.69987200 0.53816800
vt 0.69987200 0.53816800
vt 0.69987200 0.53816800
vt 0.69987200 0.53816800
vt 0.69987200 0.53816800
vt 0.69987200 0.53816800
vt 0.72030700 0.58396900
vt 0.72030700 0.58396900
vt 0.72030700 0.58396900
vt 0.72030700 0.58396900
vt 0.72030700 0.58396900
vt 0.72030700 0.58396900
vt 0.70625800 0.57633600
vt 0.70625800 0.57633600
vt 0.70625800 0.57633600
vt 0.70625800 0.57633600
vt 0.70625800 0.57633600
vt 0.71902900 0.61832100
vt 0.71902900 0.61832100
vt 0.71902900 0.61832100
vt 0.71902900 0.61832100
vt 0.71902900 0.61832100
vt 0.71902900 0.61832100
vt 0.71902900 0.61832100
vt 0.71902900 0.61832100
vt 0.70498100 0.61450400
vt 0.70498100 0.61450400
vt 0.70498100 0.61450400
vt 0.70498100 0.61450400
vt 0.70498100 0.61450400
vt 0.70498100 0.61068700
vt 0.70498100 0.61068700
vt 0.70498100 0.61068700
vt 0.70498100 0.61068700
vt 0.70498100 0.61068700
vt 0.70498100 0.61068700
vt 0.70498100 0.61068700
vt 0.70242700 0.57633600
vt 0.70242700 0.57633600
vt 0.70242700 0.57633600
vt 0.70242700 0.57633600
vt 0.70242700 0.57633600
vt 0.68965500 0.50381700
vt 0.68965500 0.50381700
vt 0.68965500 0.50381700
vt 0.68965500 0.50381700
vt 0.68965500 0.50381700
vt 0.68965500 0.50381700
vt 0.67943800 0.50763400
vt 0.67943800 0.50763400
vt 0.67943800 0.50763400
vt 0.67943800 0.50763400
vt 0.67943800 0.50763400
vt 0.67943800 0.50763400
vt 0.66666700 0.51526700
vt 0.66666700 0.51526700
vt 0.66666700 0.51526700
vt 0.66666700 0.51526700
vt 0.66666700 0.51526700
vt 0.66666700 0.51526700
vt 0.68837800 0.54198500
vt 0.68837800 0.54198500
vt 0.68837800 0.54198500
vt 0.68837800 0.54198500
vt 0.68837800 0.54198500
vt 0.68837800 0.54198500
vt 0.68071500 0.54198500
vt 0.68071500 0.54198500
vt 0.68071500 0.54198500
vt 0.68071500 0.54198500
vt 0.68071500 0.54198500
vt 0.68071500 0.54198500
vt 0.68071500 0.54198500
vt 0.66539000 0.55343500
vt 0.66539000 0.55343500
vt 0.66539000 0.55343500
vt 0.66539000 0.55343500
vt 0.66539000 0.55343500
vt 0.70498100 0.61450400
vt 0.70498100 0.61450400
vt 0.70498100 0.61450400
vt 0.70498100 0.61450400
vt 0.70498100 0.61450400
vt 0.68837800 0.57633600
vt 0.68837800 0.57633600
vt 0.68837800 0.57633600
vt 0.68837800 0.57633600
vt 0.68837800 0.57633600
vt 0.68837800 0.57633600
vt 0.68837800 0.57633600
vt 0.68199200 0.58015300
vt 0.68199200 0.58015300
vt 0.68199200 0.58015300
vt 0.68199200 0.58015300
vt 0.68199200 0.58015300
vt 0.68199200 0.58015300
vt 0.68199200 0.58015300
vt 0.66411200 0.58778600
vt 0.66411200 0.58778600
vt 0.66411200 0.58778600
vt 0.66411200 0.58778600
vt 0.66539000 0.56870200
vt 0.66539000 0.56870200
vt 0.66539000 0.56870200
vt 0.66539000 0.56870200
vt 0.66539000 0.56870200
vt 0.66539000 0.56870200
vt 0.66539000 0.56870200
vt 0.66539000 0.56870200
vt 0.68582400 0.61450400
vt 0.68582400 0.61450400
vt 0.68582400 0.61450400
vt 0.68582400 0.61450400
vt 0.68582400 0.61450400
vt 0.68582400 0.61450400
vt 0.68454700 0.61450400
vt 0.68454700 0.61450400
vt 0.68454700 0.61450400
vt 0.68454700 0.61450400
vt 0.66666700 0.62595400
vt 0.66666700 0.62595400
vt 0.66666700 0.62595400
vt 0.66666700 0.62595400
vt 0.66666700 0.62595400
vt 0.66666700 0.62595400
vt 0.66666700 0.62595400
vt 0.66283500 0.59160300
vt 0.66283500 0.59160300
vt 0.66283500 0.59160300
vt 0.66283500 0.59160300
vt 0.66283500 0.59160300
vt 0.66028100 0.62977100
vt 0.66028100 0.62977100
vt 0.66028100 0.62977100
vt 0.66028100 0.62977100
vt 0.66028100 0.62977100
vt 0.66028100 0.62977100
vt 0.66283500 0.51908400
vt 0.66283500 0.51908400
vt 0.66283500 0.51908400
vt 0.66283500 0.51908400
vt 0.66283500 0.51908400
vt 0.66283500 0.51908400
vt 0.66411200 0.55343500
vt 0.66411200 0.55343500
vt 0.66411200 0.55343500
vt 0.66411200 0.55343500
vt 0.65006400 0.53053400
vt 0.65006400 0.53053400
vt 0.65006400 0.53053400
vt 0.65006400 0.53053400
vt 0.65006400 0.53053400
vt 0.65006400 0.53053400
vt 0.65006400 0.56488500
vt 0.65006400 0.56488500
vt 0.65006400 0.56488500
vt 0.65006400 0.56488500
vt 0.65006400 0.56488500
vt 0.65006400 0.56488500
vt 0.65006400 0.56488500
vt 0.65134100 0.60305300
vt 0.65134100 0.60305300
vt 0.65134100 0.60305300
vt 0.65134100 0.60305300
vt 0.65134100 0.60305300
vt 0.65134100 0.60305300
vt 0.65134100 0.60305300
vt 0.65261800 0.63740500
vt 0.65261800 0.63740500
vt 0.65261800 0.63740500
vt 0.65261800 0.63740500
vt 0.71775200 0.66030500
vt 0.71775200 0.66030500
vt 0.71775200 0.66030500
vt 0.71775200 0.66030500
vt 0.71136700 0.65648900
vt 0.71136700 0.65648900
vt 0.71136700 0.65648900
vt 0.71136700 0.65648900
vt 0.71136700 0.65648900
vt 0.72286100 0.70610700
vt 0.72286100 0.70610700
vt 0.72286100 0.70610700
vt 0.72286100 0.70610700
vt 0.72286100 0.70610700
vt 0.72286100 0.70610700
vt 0.72286100 0.70610700
vt 0.71647500 0.67938900
vt 0.71647500 0.67938900
vt 0.71647500 0.67938900
vt 0.71647500 0.67938900
vt 0.71647500 0.67938900
vt 0.71647500 0.67938900
vt 0.71647500 0.67938900
vt 0.70242700 0.65267200
vt 0.70242700 0.65267200
vt 0.70242700 0.65267200
vt 0.70242700 0.65267200
vt 0.70242700 0.65267200
vt 0.70242700 0.65267200
vt 0.70242700 0.65267200
vt 0.70242700 0.65267200
vt 0.71392100 0.69847300
vt 0.71392100 0.69847300
vt 0.71392100 0.69847300
vt 0.71392100 0.69847300
vt 0.69731800 0.69465600
vt 0.69731800 0.69465600
vt 0.69731800 0.69465600
vt 0.69731800 0.69465600
vt 0.69731800 0.69465600
vt 0.69731800 0.69465600
vt 0.68710100 0.65648900
vt 0.68710100 0.65648900
vt 0.68710100 0.65648900
vt 0.68710100 0.65648900
vt 0.68327000 0.62977100
vt 0.68327000 0.62977100
vt 0.68327000 0.62977100
vt 0.68327000 0.62977100
vt 0.68327000 0.62977100
vt 0.68327000 0.62977100
vt 0.68327000 0.62977100
vt 0.68327000 0.62977100
vt 0.68199200 0.65648900
vt 0.68199200 0.65648900
vt 0.68199200 0.65648900
vt 0.68199200 0.65648900
vt 0.68199200 0.65648900
vt 0.66922100 0.66412200
vt 0.66922100 0.66412200
vt 0.66922100 0.66412200
vt 0.66922100 0.66412200
vt 0.66922100 0.66412200
vt 0.66922100 0.66412200
vt 0.66922100 0.66412200
vt 0.66922100 0.66412200
vt 0.66922100 0.66412200
vt 0.69093200 0.69465600
vt 0.69093200 0.69465600
vt 0.69093200 0.69465600
vt 0.69093200 0.69465600
vt 0.69093200 0.69465600
vt 0.69093200 0.69465600
vt 0.69093200 0.69465600
vt 0.67816100 0.69847300
vt 0.67816100 0.69847300
vt 0.67816100 0.69847300
vt 0.67816100 0.69847300
vt 0.67816100 0.69847300
vt 0.67305200 0.70229000
vt 0.67305200 0.70229000
vt 0.67305200 0.70229000
vt 0.67305200 0.70229000
vt 0.65517200 0.67557300
vt 0.65517200 0.67557300
vt 0.65517200 0.67557300
vt 0.65517200 0.67557300
vt 0.65517200 0.67175600
vt 0.65517200 0.67175600
vt 0.65517200 0.67175600
vt 0.65517200 0.67175600
vt 0.65517200 0.67175600
vt 0.65517200 0.67175600
vt 0.65517200 0.67175600
vt 0.65517200 0.67557300
vt 0.65517200 0.67557300
vt 0.65517200 0.67557300
vt 0.65517200 0.67557300
vt 0.65517200 0.67557300
vt 0.65900400 0.71374000
vt 0.65900400 0.71374000
vt 0.65900400 0.71374000
vt 0.65900400 0.71374000
vt 0.65900400 0.71374000
vt 0.65900400 0.71374000
vt 0.65900400 0.71374000
vt 0.65900400 0.71374000
vt 0.65900400 0.71374000
vt 0.71008900 0.74045800
vt 0.71008900 0.74045800
vt 0.71008900 0.74045800
vt 0.71008900 0.74045800
vt 0.71008900 0.74045800
vt 0.71008900 0.74045800
vt 0.71008900 0.74045800
vt 0.71008900 0.74045800
vt 0.71008900 0.74045800
vt 0.69731800 0.73664100
vt 0.69731800 0.73664100
vt 0.69731800 0.73664100
vt 0.69731800 0.73664100
vt 0.69731800 0.73664100
vt 0.69476400 0.72519100
vt 0.69476400 0.72519100
vt 0.69476400 0.72519100
vt 0.69476400 0.72519100
vt 0.69476400 0.72519100
vt 0.69476400 0.72519100
vt 0.69476400 0.73664100
vt 0.69476400 0.73664100
vt 0.69476400 0.73664100
vt 0.69476400 0.73664100
vt 0.69476400 0.73664100
vt 0.69476400 0.73664100
vt 0.70625800 0.78244300
vt 0.70625800 0.78244300
vt 0.70625800 0.78244300
vt 0.70625800 0.78244300
vt 0.70625800 0.78244300
vt 0.70625800 0.78244300
vt 0.70625800 0.78244300
vt 0.70625800 0.78244300
vt 0.70625800 0.78244300
vt 0.69093200 0.77862600
vt 0.69093200 0.77862600
vt 0.69093200 0.77862600
vt 0.69093200 0.77862600
vt 0.69093200 0.77862600
vt 0.69093200 0.77862600
vt 0.69093200 0.77862600
vt 0.67688400 0.74045800
vt 0.67688400 0.74045800
vt 0.67688400 0.74045800
vt 0.67688400 0.74045800
vt 0.67560700 0.72900800
vt 0.67560700 0.72900800
vt 0.67560700 0.72900800
vt 0.67560700 0.72900800
vt 0.67560700 0.72900800
vt 0.67560700 0.72900800
vt 0.67560700 0.72900800
vt 0.67560700 0.72900800
vt 0.67560700 0.72900800
vt 0.68199200 0.78244300
vt 0.68199200 0.78244300
vt 0.68199200 0.78244300
vt 0.68199200 0.78244300
vt 0.68199200 0.78244300
vt 0.68199200 0.78244300
vt 0.68199200 0.78244300
vt 0.68199200 0.78244300
vt 0.67433000 0.74045800
vt 0.67433000 0.74045800
vt 0.67433000 0.74045800
vt 0.67433000 0.74045800
vt 0.67433000 0.74045800
vt 0.66155800 0.75190800
vt 0.66155800 0.75190800
vt 0.66155800 0.75190800
vt 0.66155800 0.75190800
vt 0.66155800 0.75190800
vt 0.66155800 0.75190800
vt 0.66155800 0.75190800
vt 0.66922100 0.78626000
vt 0.66922100 0.78626000
vt 0.66922100 0.78626000
vt 0.66922100 0.78626000
vt 0.66922100 0.78626000
vt 0.66539000 0.79007600
vt 0.66539000 0.79007600
vt 0.66539000 0.79007600
vt 0.66539000 0.79007600
vt 0.70625800 0.78626000
vt 0.70625800 0.78626000
vt 0.70625800 0.78626000
vt 0.70625800 0.78626000
vt 0.70625800 0.78626000
vt 0.70625800 0.78626000
vt 0.70242700 0.82824400
vt 0.70242700 0.82824400
vt 0.70242700 0.82824400
vt 0.70242700 0.82824400
vt 0.70242700 0.82824400
vt 0.70242700 0.82824400
vt 0.70242700 0.82824400
vt 0.70242700 0.82824400
vt 0.70242700 0.82824400
vt 0.68837800 0.82442700
vt 0.68837800 0.82442700
vt 0.68837800 0.82442700
vt 0.68837800 0.82442700
vt 0.68710100 0.82061100
vt 0.68710100 0.82061100
vt 0.68710100 0.82061100
vt 0.68710100 0.82061100
vt 0.68710100 0.82061100
vt 0.68710100 0.82061100
vt 0.69987200 0.87404600
vt 0.69987200 0.87404600
vt 0.69987200 0.87404600
vt 0.69987200 0.87404600
vt 0.69987200 0.87404600
vt 0.69987200 0.87404600
vt 0.69859500 0.87022900
vt 0.69859500 0.87022900
vt 0.69859500 0.87022900
vt 0.69859500 0.87022900
vt 0.69859500 0.87022900
vt 0.69859500 0.87022900
vt 0.68582400 0.82442700
vt 0.68582400 0.82442700
vt 0.68582400 0.82442700
vt 0.68582400 0.82442700
vt 0.68582400 0.82442700
vt 0.69731800 0.87404600
vt 0.69731800 0.87404600
vt 0.69731800 0.87404600
vt 0.69731800 0.87404600
vt 0.67816100 0.87404600
vt 0.67816100 0.87404600
vt 0.67816100 0.87404600
vt 0.67816100 0.87404600
vt 0.67816100 0.87404600
vt 0.67816100 0.87404600
vt 0.67816100 0.87404600
vt 0.67049800 0.83206100
vt 0.67049800 0.83206100
vt 0.67049800 0.83206100
vt 0.67049800 0.83206100
vt 0.67049800 0.83206100
vt 0.67049800 0.83206100
vt 0.67049800 0.83206100
vt 0.67049800 0.83206100
vt 0.66666700 0.80534400
vt 0.66666700 0.80534400
vt 0.66666700 0.80534400
vt 0.66666700 0.80534400
vt 0.66666700 0.80534400
vt 0.66666700 0.80534400
vt 0.66028100 0.84351100
vt 0.66028100 0.84351100
vt 0.66028100 0.84351100
vt 0.66028100 0.84351100
vt 0.66028100 0.84351100
vt 0.66028100 0.84351100
vt 0.67816100 0.87786300
vt 0.67816100 0.87786300
vt 0.67816100 0.87786300
vt 0.67816100 0.87786300
vt 0.69859500 0.93893100
vt 0.07918260 0.93129800
vt 0.69859500 0.93893100
vt 0.07918260 0.93129800
vt 0.69859500 0.93893100
vt 0.07918260 0.93129800
vt 0.68965500 0.91603100
vt 0.68965500 0.91603100
vt 0.68965500 0.91603100
vt 0.68965500 0.91603100
vt 0.68965500 0.91603100
vt 0.68965500 0.91603100
vt 0.68965500 0.91603100
vt 0.68965500 0.91603100
vt 0.09067690 0.93129800
vt 0.68327000 0.93893100
vt 0.68327000 0.93893100
vt 0.09067690 0.93129800
vt 0.68327000 0.93893100
vt 0.09067690 0.93129800
vt 0.67816100 0.87786300
vt 0.67816100 0.87786300
vt 0.67816100 0.87786300
vt 0.67816100 0.87786300
vt 0.67816100 0.87786300
vt 0.00000000 1.00000000
vt 0.00127714 1.00000000
vt 0.00000000 0.99618300
vt 0.00000000 1.00000000
vt 0.00127714 1.00000000
vt 0.00000000 0.99618300
vt 0.00000000 0.99618300
vt 0.00000000 0.99618300
vt 0.00000000 0.99618300
vt 0.00000000 0.99618300
vt 0.25670500 0.02671750
vt 0.00000000 1.00000000
vt 0.00000000 1.00000000
vt 0.00127714 1.00000000
vt 0.00127714 1.00000000
vt 0.00000000 1.00000000
vt 0.21583700 0.06106870
vt 0.21583700 0.06106870
vt 0.21583700 0.06106870
vt 0.21583700 0.06106870
vt 0.00000000 1.00000000
vt 0.00127714 1.00000000
vt 0.00000000 0.99618300
vt 0.00127714 1.00000000
vt 0.22860800 0.03816800
vt 0.22860800 0.03816800
vt 0.22860800 0.03816800
vt 0.22860800 0.03816800
vt 0.22860800 0.03816800
vt 0.24393400 0.03816800
vt 0.24393400 0.03816800
vt 0.24393400 0.03816800
vt 0.24393400 0.03816800
vt 0.24393400 0.03816800
vt 0.24648800 0.03435120
vt 0.24648800 0.03435120
vt 0.00000000 0.99618300
vt 0.24648800 0.03435120
vt 0.24648800 0.03435120
vt 0.24648800 0.03435120
vt 0.24648800 0.03435120
vt 0.26692200 0.01908400
vt 0.00000000 0.99618300
vt 0.00000000 1.00000000
vt 0.26692200 0.01908400
vt 0.26692200 0.01908400
vt 0.26692200 0.01908400
vt 0.26692200 0.01908400
vt 0.26692200 0.01908400
vt 0.24776500 0.03435120
vt 0.24776500 0.03435120
vt 0.24776500 0.03435120
vt 0.24776500 0.03435120
vt 0.24776500 0.03435120
vt 0.28352500 0.03435120
vt 0.28352500 0.03435120
vt 0.28352500 0.03435120
vt 0.28352500 0.03435120
vt 0.00000000 0.99618300
vt 0.00000000 1.00000000
vt 0.00127714 1.00000000
vt 0.00000000 1.00000000
vt 0.00000000 0.99618300
vt 0.00127714 1.00000000
vt 0.00127714 1.00000000
vt 0.00000000 1.00000000
vt 0.00127714 1.00000000
vt 0.00000000 1.00000000
vt 0.00000000 1.00000000
vt 0.00000000 1.00000000
vt 0.00000000 0.99618300
vt 0.00000000 1.00000000
vt 0.00000000 0.99618300
vt 0.00000000 0.99618300
vt 0.00000000 0.99618300
vt 0.00000000 0.99618300
vt 0.00000000 1.00000000
vt 0.00127714 1.00000000
vt 0.00000000 1.00000000
vt 0.00000000 0.99618300
vt 0.00127714 1.00000000
vt 0.28607900 0.03435120
vt 0.28607900 0.03435120
vt 0.28607900 0.03435120
vt 0.28607900 0.03435120
vt 0.28607900 0.03435120
vt 0.28607900 0.03435120
vt 0.00000000 0.99618300
vt 0.30523600 0.03053430
vt 0.30523600 0.03053430
vt 0.30523600 0.03053430
vt 0.30523600 0.03053430
vt 0.00127714 1.00000000
vt 0.30523600 0.03053430
vt 0.00127714 1.00000000
vt 0.00127714 1.00000000
vt 0.31162200 0.04961830
vt 0.31162200 0.04961830
vt 0.31162200 0.04961830
vt 0.31162200 0.04961830
vt 0.31162200 0.04961830
vt 0.20434200 0.07633590
vt 0.20434200 0.07633590
vt 0.20434200 0.07633590
vt 0.97062600 0.06870230
vt 0.20434200 0.07633590
vt 0.20434200 0.07633590
vt 0.20051100 0.10305300
vt 0.20051100 0.10305300
vt 0.20051100 0.10305300
vt 0.20051100 0.10305300
vt 0.97318000 0.09541980
vt 0.20051100 0.10305300
vt 0.21200500 0.08778630
vt 0.21200500 0.08778630
vt 0.21200500 0.08778630
vt 0.21200500 0.08778630
vt 0.21200500 0.08778630
vt 0.21200500 0.08778630
vt 0.21200500 0.08778630
vt 0.21200500 0.08778630
vt 0.97445700 0.12595400
vt 0.20051100 0.13358800
vt 0.97445700 0.12595400
vt 0.20051100 0.13358800
vt 0.20051100 0.13358800
vt 0.97445700 0.12595400
vt 0.21072800 0.11832100
vt 0.21072800 0.11832100
vt 0.21072800 0.11832100
vt 0.21072800 0.11832100
vt 0.21072800 0.11832100
vt 0.21072800 0.11832100
vt 0.22222200 0.05343510
vt 0.22222200 0.05343510
vt 0.22222200 0.05343510
vt 0.22222200 0.05343510
vt 0.22222200 0.05343510
vt 0.22477700 0.07251910
vt 0.22477700 0.07251910
vt 0.22477700 0.07251910
vt 0.22477700 0.07251910
vt 0.22733100 0.05725190
vt 0.22733100 0.05725190
vt 0.22733100 0.05725190
vt 0.22733100 0.05725190
vt 0.22733100 0.05725190
vt 0.22733100 0.05725190
vt 0.22733100 0.05725190
vt 0.22988500 0.06870230
vt 0.22988500 0.06870230
vt 0.22988500 0.06870230
vt 0.22988500 0.06870230
vt 0.22988500 0.06870230
vt 0.22860800 0.04961830
vt 0.22860800 0.04961830
vt 0.22860800 0.04961830
vt 0.22860800 0.04961830
vt 0.22860800 0.04961830
vt 0.23882500 0.06106870
vt 0.23882500 0.06106870
vt 0.23882500 0.06106870
vt 0.23882500 0.06106870
vt 0.23882500 0.06106870
vt 0.23882500 0.06106870
vt 0.23882500 0.06106870
vt 0.23882500 0.06106870
vt 0.22349900 0.10305300
vt 0.22349900 0.10305300
vt 0.22349900 0.10305300
vt 0.22349900 0.10305300
vt 0.22349900 0.10305300
vt 0.22349900 0.10305300
vt 0.22349900 0.10305300
vt 0.22349900 0.10305300
vt 0.23371600 0.09541980
vt 0.23371600 0.09541980
vt 0.23371600 0.09541980
vt 0.23371600 0.09541980
vt 0.23371600 0.09541980
vt 0.23754800 0.09160300
vt 0.23754800 0.09160300
vt 0.23754800 0.09160300
vt 0.23754800 0.09160300
vt 0.23754800 0.09160300
vt 0.23754800 0.09160300
vt 0.23754800 0.09160300
vt 0.20051100 0.16793900
vt 0.20051100 0.16793900
vt 0.97445700 0.16030500
vt 0.97445700 0.16030500
vt 0.97445700 0.16030500
vt 0.20051100 0.16793900
vt 0.21200500 0.15267200
vt 0.21200500 0.15267200
vt 0.21200500 0.15267200
vt 0.21200500 0.15267200
vt 0.21200500 0.15267200
vt 0.21200500 0.15267200
vt 0.20306500 0.20610700
vt 0.97318000 0.19465600
vt 0.20306500 0.20610700
vt 0.97318000 0.19465600
vt 0.20306500 0.20610700
vt 0.97318000 0.19465600
vt 0.21455900 0.18702300
vt 0.21455900 0.18702300
vt 0.21455900 0.18702300
vt 0.21455900 0.18702300
vt 0.21455900 0.18702300
vt 0.21455900 0.18702300
vt 0.21455900 0.18702300
vt 0.21455900 0.18702300
vt 0.22349900 0.13740500
vt 0.22349900 0.13740500
vt 0.22349900 0.13740500
vt 0.22349900 0.13740500
vt 0.22349900 0.13740500
vt 0.22349900 0.13740500
vt 0.23371600 0.12977100
vt 0.23371600 0.12977100
vt 0.23371600 0.12977100
vt 0.23371600 0.12977100
vt 0.23371600 0.12977100
vt 0.23371600 0.12977100
vt 0.23371600 0.12977100
vt 0.23882500 0.12595400
vt 0.23882500 0.12595400
vt 0.23882500 0.12595400
vt 0.23882500 0.12595400
vt 0.23882500 0.12595400
vt 0.23882500 0.12595400
vt 0.22605400 0.17175600
vt 0.22605400 0.17175600
vt 0.22605400 0.17175600
vt 0.22605400 0.17175600
vt 0.22988500 0.16793900
vt 0.22988500 0.16793900
vt 0.22988500 0.16793900
vt 0.22988500 0.16793900
vt 0.22988500 0.16793900
vt 0.24137900 0.16030500
vt 0.24137900 0.16030500
vt 0.24137900 0.16030500
vt 0.24137900 0.16030500
vt 0.24137900 0.16030500
vt 0.24137900 0.16030500
vt 0.24137900 0.16030500
vt 0.24137900 0.16030500
vt 0.25415100 0.05725190
vt 0.25415100 0.05725190
vt 0.25415100 0.05725190
vt 0.25415100 0.05725190
vt 0.25415100 0.05725190
vt 0.25542800 0.08396950
vt 0.25542800 0.08396950
vt 0.25542800 0.08396950
vt 0.25542800 0.08396950
vt 0.25542800 0.08015270
vt 0.25542800 0.08015270
vt 0.25542800 0.08015270
vt 0.25542800 0.08015270
vt 0.25542800 0.08015270
vt 0.25542800 0.08015270
vt 0.25542800 0.08015270
vt 0.25542800 0.08015270
vt 0.25542800 0.08396950
vt 0.25542800 0.08396950
vt 0.25542800 0.08396950
vt 0.25542800 0.08396950
vt 0.26181400 0.03053430
vt 0.26181400 0.03053430
vt 0.26181400 0.03053430
vt 0.26181400 0.03053430
vt 0.26181400 0.03053430
vt 0.26181400 0.03053430
vt 0.26181400 0.03053430
vt 0.25670500 0.05725190
vt 0.25670500 0.05725190
vt 0.25670500 0.05725190
vt 0.25670500 0.05725190
vt 0.26692200 0.03053430
vt 0.26692200 0.03053430
vt 0.26692200 0.03053430
vt 0.26692200 0.03053430
vt 0.26692200 0.03053430
vt 0.26692200 0.03053430
vt 0.27203100 0.05343510
vt 0.27203100 0.05343510
vt 0.27203100 0.05343510
vt 0.27203100 0.05343510
vt 0.27203100 0.05343510
vt 0.27203100 0.05343510
vt 0.27203100 0.05343510
vt 0.27969300 0.05725190
vt 0.27969300 0.05725190
vt 0.27969300 0.05725190
vt 0.27969300 0.05725190
vt 0.27969300 0.05725190
vt 0.27969300 0.05725190
vt 0.28480200 0.03816800
vt 0.28480200 0.03816800
vt 0.28480200 0.03816800
vt 0.28480200 0.03816800
vt 0.28480200 0.03816800
vt 0.27330800 0.08396950
vt 0.27330800 0.08396950
vt 0.27330800 0.08396950
vt 0.27330800 0.08396950
vt 0.27330800 0.08396950
vt 0.27330800 0.08396950
vt 0.27841600 0.08778630
vt 0.27841600 0.08778630
vt 0.27841600 0.08778630
vt 0.27841600 0.08778630
vt 0.27841600 0.08778630
vt 0.27841600 0.08778630
vt 0.28735600 0.05725190
vt 0.28735600 0.05725190
vt 0.28735600 0.05725190
vt 0.28735600 0.05725190
vt 0.28735600 0.05725190
vt 0.28735600 0.05725190
vt 0.28863300 0.08778630
vt 0.28863300 0.08778630
vt 0.28863300 0.08778630
vt 0.28863300 0.08778630
vt 0.28863300 0.08778630
vt 0.28863300 0.08778630
vt 0.28863300 0.08778630
vt 0.28863300 0.08778630
vt 0.25542800 0.11832100
vt 0.25542800 0.11832100
vt 0.25542800 0.11832100
vt 0.25542800 0.11832100
vt 0.25542800 0.10305300
vt 0.25542800 0.10305300
vt 0.25542800 0.10305300
vt 0.25542800 0.10305300
vt 0.25542800 0.10305300
vt 0.25542800 0.10305300
vt 0.25542800 0.10305300
vt 0.25542800 0.10305300
vt 0.25287400 0.15648900
vt 0.25287400 0.15648900
vt 0.25287400 0.15648900
vt 0.25287400 0.15648900
vt 0.25287400 0.15648900
vt 0.25287400 0.15648900
vt 0.25670500 0.11832100
vt 0.25670500 0.11832100
vt 0.25670500 0.11832100
vt 0.25670500 0.11832100
vt 0.25670500 0.11832100
vt 0.27203100 0.11832100
vt 0.27203100 0.11832100
vt 0.27203100 0.11832100
vt 0.27203100 0.11832100
vt 0.27203100 0.11832100
vt 0.27203100 0.11832100
vt 0.27203100 0.11832100
vt 0.27969300 0.12213700
vt 0.27969300 0.12213700
vt 0.27969300 0.12213700
vt 0.27969300 0.12213700
vt 0.27969300 0.12213700
vt 0.27969300 0.12213700
vt 0.25925900 0.15648900
vt 0.25925900 0.15648900
vt 0.25925900 0.15648900
vt 0.25925900 0.15648900
vt 0.25925900 0.15648900
vt 0.25925900 0.15648900
vt 0.27075400 0.15648900
vt 0.27075400 0.15648900
vt 0.27075400 0.15648900
vt 0.27075400 0.15648900
vt 0.27075400 0.15648900
vt 0.27075400 0.15648900
vt 0.27075400 0.15648900
vt 0.27075400 0.15648900
vt 0.28352500 0.16030500
vt 0.28352500 0.16030500
vt 0.28352500 0.16030500
vt 0.28352500 0.16030500
vt 0.28352500 0.16030500
vt 0.28863300 0.12213700
vt 0.28863300 0.12213700
vt 0.28863300 0.12213700
vt 0.28863300 0.12213700
vt 0.28863300 0.12213700
vt 0.28863300 0.12213700
vt 0.28735600 0.16030500
vt 0.28735600 0.16030500
vt 0.28735600 0.16030500
vt 0.28735600 0.16030500
vt 0.29885100 0.03816800
vt 0.29885100 0.03816800
vt 0.29885100 0.03816800
vt 0.29885100 0.03816800
vt 0.29885100 0.03816800
vt 0.29885100 0.03816800
vt 0.30140500 0.06488550
vt 0.30140500 0.06488550
vt 0.30140500 0.06488550
vt 0.30140500 0.06488550
vt 0.30140500 0.06488550
vt 0.30140500 0.06488550
vt 0.30140500 0.06488550
vt 0.31289900 0.07251910
vt 0.31289900 0.07251910
vt 0.31289900 0.07251910
vt 0.31289900 0.07251910
vt 0.31289900 0.07251910
vt 0.31417600 0.06488550
vt 0.31417600 0.06488550
vt 0.31417600 0.06488550
vt 0.31417600 0.06488550
vt 0.31417600 0.06488550
vt 0.31417600 0.06488550
vt 0.31417600 0.06488550
vt 0.31545300 0.07633590
vt 0.31545300 0.07633590
vt 0.31545300 0.07633590
vt 0.31545300 0.07633590
vt 0.30268200 0.09541980
vt 0.30268200 0.09541980
vt 0.30268200 0.09541980
vt 0.30268200 0.09541980
vt 0.31034500 0.10305300
vt 0.31034500 0.10305300
vt 0.31034500 0.10305300
vt 0.31034500 0.10305300
vt 0.31034500 0.10305300
vt 0.31034500 0.10305300
vt 0.31673100 0.10687000
vt 0.31673100 0.10687000
vt 0.31673100 0.10687000
vt 0.31673100 0.10687000
vt 0.31673100 0.10687000
vt 0.31673100 0.10687000
vt 0.31673100 0.10687000
vt 0.31673100 0.10687000
vt 0.32439300 0.06106870
vt 0.32439300 0.06106870
vt 0.32439300 0.06106870
vt 0.32439300 0.06106870
vt 0.32439300 0.06106870
vt 0.32439300 0.06106870
vt 0.32439300 0.06106870
vt 0.32439300 0.06106870
vt 0.32439300 0.06106870
vt 0.32439300 0.06106870
vt 0.32694800 0.08778630
vt 0.32694800 0.08778630
vt 0.32694800 0.08778630
vt 0.32694800 0.08778630
vt 0.32694800 0.08778630
vt 0.32694800 0.08778630
vt 0.32694800 0.08778630
vt 0.32822500 0.06488550
vt 0.32822500 0.06488550
vt 0.32822500 0.06488550
vt 0.32822500 0.06488550
vt 0.32822500 0.06488550
vt 0.32822500 0.06488550
vt 0.32822500 0.11832100
vt 0.32822500 0.11832100
vt 0.32822500 0.11832100
vt 0.32822500 0.11832100
vt 0.32822500 0.11832100
vt 0.32822500 0.11832100
vt 0.30268200 0.12977100
vt 0.30268200 0.12977100
vt 0.30268200 0.12977100
vt 0.30268200 0.12977100
vt 0.30268200 0.12977100
vt 0.30268200 0.12977100
vt 0.30268200 0.12977100
vt 0.31417600 0.13740500
vt 0.31417600 0.13740500
vt 0.31417600 0.13740500
vt 0.31417600 0.13740500
vt 0.31417600 0.13740500
vt 0.31545300 0.14122100
vt 0.31545300 0.14122100
vt 0.31545300 0.14122100
vt 0.31545300 0.14122100
vt 0.30140500 0.16793900
vt 0.30140500 0.16793900
vt 0.30140500 0.16793900
vt 0.30140500 0.16793900
vt 0.30140500 0.16793900
vt 0.30140500 0.16793900
vt 0.30140500 0.16793900
vt 0.30140500 0.16793900
vt 0.30140500 0.16793900
vt 0.31417600 0.17557300
vt 0.31417600 0.17557300
vt 0.31417600 0.17557300
vt 0.31417600 0.17557300
vt 0.31545300 0.14885500
vt 0.31545300 0.14885500
vt 0.31545300 0.14885500
vt 0.31545300 0.14885500
vt 0.31545300 0.14885500
vt 0.31545300 0.14885500
vt 0.31545300 0.14885500
vt 0.32822500 0.15267200
vt 0.32822500 0.15267200
vt 0.32822500 0.15267200
vt 0.32822500 0.15267200
vt 0.32822500 0.15267200
vt 0.32822500 0.15267200
vt 0.32822500 0.15267200
vt 0.32822500 0.15267200
vt 0.32183900 0.18320600
vt 0.32183900 0.18320600
vt 0.32183900 0.18320600
vt 0.32183900 0.18320600
vt 0.32183900 0.18320600
vt 0.32183900 0.18320600
vt 0.32694800 0.18702300
vt 0.32694800 0.18702300
vt 0.32694800 0.18702300
vt 0.32694800 0.18702300
vt 0.20689700 0.24045800
vt 0.20689700 0.24045800
vt 0.20689700 0.24045800
vt 0.20689700 0.24045800
vt 0.20689700 0.24045800
vt 0.97062600 0.23664100
vt 0.21711400 0.22519100
vt 0.21711400 0.22519100
vt 0.21711400 0.22519100
vt 0.21711400 0.22519100
vt 0.21072800 0.27099200
vt 0.96807200 0.26717600
vt 0.21072800 0.27099200
vt 0.21072800 0.27099200
vt 0.21072800 0.27099200
vt 0.21072800 0.27099200
vt 0.21966800 0.23664100
vt 0.21966800 0.23664100
vt 0.21966800 0.23664100
vt 0.21966800 0.23664100
vt 0.21966800 0.23664100
vt 0.21200500 0.28244300
vt 0.21200500 0.28244300
vt 0.21200500 0.28244300
vt 0.96679400 0.27480900
vt 0.21200500 0.28244300
vt 0.96679400 0.27480900
vt 0.22349900 0.26717600
vt 0.22349900 0.26717600
vt 0.22349900 0.26717600
vt 0.22349900 0.26717600
vt 0.22349900 0.26717600
vt 0.22349900 0.26717600
vt 0.22349900 0.26717600
vt 0.22349900 0.26717600
vt 0.22349900 0.26717600
vt 0.22349900 0.26717600
vt 0.22222200 0.21755700
vt 0.22222200 0.21755700
vt 0.22222200 0.21755700
vt 0.22222200 0.21755700
vt 0.22222200 0.21755700
vt 0.22222200 0.21755700
vt 0.22733100 0.18702300
vt 0.22733100 0.18702300
vt 0.22733100 0.18702300
vt 0.22733100 0.18702300
vt 0.22733100 0.18702300
vt 0.22733100 0.18702300
vt 0.22988500 0.20992400
vt 0.22988500 0.20992400
vt 0.22988500 0.20992400
vt 0.22988500 0.20992400
vt 0.22988500 0.20992400
vt 0.22988500 0.20992400
vt 0.22988500 0.20992400
vt 0.22988500 0.20992400
vt 0.24648800 0.20229000
vt 0.24648800 0.20229000
vt 0.24648800 0.20229000
vt 0.24648800 0.20229000
vt 0.23754800 0.25190800
vt 0.23754800 0.25190800
vt 0.23754800 0.25190800
vt 0.23754800 0.25190800
vt 0.24010200 0.25190800
vt 0.24010200 0.25190800
vt 0.24010200 0.25190800
vt 0.24010200 0.25190800
vt 0.24010200 0.25190800
vt 0.24010200 0.25190800
vt 0.24776500 0.20992400
vt 0.24776500 0.20992400
vt 0.24776500 0.20992400
vt 0.24776500 0.20992400
vt 0.24776500 0.20992400
vt 0.24776500 0.20992400
vt 0.24776500 0.20992400
vt 0.25415100 0.24427500
vt 0.25415100 0.24427500
vt 0.25415100 0.24427500
vt 0.25415100 0.24427500
vt 0.25415100 0.24427500
vt 0.25415100 0.24427500
vt 0.21711400 0.32442700
vt 0.21711400 0.32442700
vt 0.21711400 0.32442700
vt 0.21711400 0.32442700
vt 0.21711400 0.32442700
vt 0.21711400 0.32442700
vt 0.22988500 0.30916000
vt 0.22988500 0.30916000
vt 0.22988500 0.30916000
vt 0.22988500 0.30916000
vt 0.96040900 0.34732800
vt 0.22094500 0.34732800
vt 0.22094500 0.34732800
vt 0.22094500 0.34732800
vt 0.22094500 0.34732800
vt 0.22094500 0.34732800
vt 0.22988500 0.30916000
vt 0.22988500 0.30916000
vt 0.22988500 0.30916000
vt 0.22988500 0.30916000
vt 0.22988500 0.30916000
vt 0.22988500 0.30916000
vt 0.22988500 0.30916000
vt 0.22988500 0.30916000
vt 0.22988500 0.30916000
vt 0.22988500 0.30916000
vt 0.22988500 0.30916000
vt 0.23882500 0.26335900
vt 0.23882500 0.26335900
vt 0.23882500 0.26335900
vt 0.23882500 0.26335900
vt 0.23882500 0.26335900
vt 0.22349900 0.36641200
vt 0.95785400 0.36259500
vt 0.22349900 0.36641200
vt 0.22349900 0.36641200
vt 0.22349900 0.36641200
vt 0.22349900 0.36641200
vt 0.95785400 0.36259500
vt 0.23754800 0.35114500
vt 0.23754800 0.35114500
vt 0.23754800 0.35114500
vt 0.23754800 0.35114500
vt 0.23754800 0.35114500
vt 0.23754800 0.35114500
vt 0.23754800 0.35114500
vt 0.24521100 0.29771000
vt 0.24521100 0.29771000
vt 0.24521100 0.29771000
vt 0.24521100 0.29771000
vt 0.24521100 0.29771000
vt 0.24521100 0.29771000
vt 0.24521100 0.29771000
vt 0.24521100 0.29771000
vt 0.25287400 0.29389300
vt 0.25287400 0.29389300
vt 0.25287400 0.29389300
vt 0.25287400 0.29389300
vt 0.25287400 0.29389300
vt 0.25287400 0.29389300
vt 0.25798200 0.26335900
vt 0.25798200 0.26335900
vt 0.25798200 0.26335900
vt 0.25798200 0.26335900
vt 0.26436800 0.29389300
vt 0.26436800 0.29389300
vt 0.26436800 0.29389300
vt 0.26436800 0.29389300
vt 0.26436800 0.29389300
vt 0.26436800 0.29389300
vt 0.24521100 0.34732800
vt 0.24521100 0.34732800
vt 0.24521100 0.34732800
vt 0.24521100 0.34732800
vt 0.24521100 0.34732800
vt 0.24904200 0.32061100
vt 0.24904200 0.32061100
vt 0.24904200 0.32061100
vt 0.24904200 0.32061100
vt 0.24904200 0.32061100
vt 0.25542800 0.34351100
vt 0.25542800 0.34351100
vt 0.25542800 0.34351100
vt 0.25542800 0.34351100
vt 0.25542800 0.34351100
vt 0.26436800 0.34351100
vt 0.26436800 0.34351100
vt 0.26436800 0.34351100
vt 0.26436800 0.34351100
vt 0.26436800 0.34351100
vt 0.26436800 0.34351100
vt 0.26436800 0.34351100
vt 0.26436800 0.34351100
vt 0.26436800 0.34351100
vt 0.26947600 0.31297700
vt 0.26947600 0.31297700
vt 0.26947600 0.31297700
vt 0.26947600 0.31297700
vt 0.24904200 0.20229000
vt 0.24904200 0.20229000
vt 0.24904200 0.20229000
vt 0.24904200 0.20229000
vt 0.24904200 0.20229000
vt 0.24904200 0.20229000
vt 0.24904200 0.20229000
vt 0.26564500 0.19847300
vt 0.26564500 0.19847300
vt 0.26564500 0.19847300
vt 0.26564500 0.19847300
vt 0.26564500 0.19847300
vt 0.26692200 0.19847300
vt 0.26692200 0.19847300
vt 0.26692200 0.19847300
vt 0.26692200 0.19847300
vt 0.28480200 0.19847300
vt 0.28480200 0.19847300
vt 0.28480200 0.19847300
vt 0.28480200 0.19847300
vt 0.28480200 0.19847300
vt 0.28480200 0.19847300
vt 0.28480200 0.19847300
vt 0.28607900 0.17557300
vt 0.28607900 0.17557300
vt 0.28607900 0.17557300
vt 0.28607900 0.17557300
vt 0.28607900 0.17557300
vt 0.28607900 0.17557300
vt 0.26181400 0.24427500
vt 0.26181400 0.24427500
vt 0.26181400 0.24427500
vt 0.26181400 0.24427500
vt 0.26181400 0.24427500
vt 0.26181400 0.24427500
vt 0.26181400 0.24427500
vt 0.26692200 0.20229000
vt 0.26692200 0.20229000
vt 0.26692200 0.20229000
vt 0.26692200 0.20229000
vt 0.26692200 0.20229000
vt 0.26692200 0.20229000
vt 0.26692200 0.20229000
vt 0.27458500 0.24427500
vt 0.27458500 0.24427500
vt 0.27458500 0.24427500
vt 0.27458500 0.24427500
vt 0.27458500 0.24427500
vt 0.27458500 0.24427500
vt 0.27969300 0.24427500
vt 0.27969300 0.24427500
vt 0.27969300 0.24427500
vt 0.27969300 0.24427500
vt 0.27969300 0.24427500
vt 0.27969300 0.24427500
vt 0.27203100 0.29389300
vt 0.27203100 0.29389300
vt 0.27203100 0.29389300
vt 0.27203100 0.29389300
vt 0.27203100 0.29389300
vt 0.27203100 0.29389300
vt 0.27203100 0.29389300
vt 0.27203100 0.29389300
vt 0.27713900 0.25572500
vt 0.27713900 0.25572500
vt 0.27713900 0.25572500
vt 0.27713900 0.25572500
vt 0.27713900 0.25572500
vt 0.27713900 0.25572500
vt 0.27713900 0.34351100
vt 0.27713900 0.34351100
vt 0.27713900 0.34351100
vt 0.27713900 0.34351100
vt 0.27713900 0.34351100
vt 0.28991100 0.20229000
vt 0.28991100 0.20229000
vt 0.28991100 0.20229000
vt 0.28991100 0.20229000
vt 0.28991100 0.20229000
vt 0.28991100 0.20229000
vt 0.29501900 0.24809200
vt 0.29501900 0.24809200
vt 0.29501900 0.24809200
vt 0.29501900 0.24809200
vt 0.29501900 0.24809200
vt 0.29501900 0.24809200
vt 0.29501900 0.24809200
vt 0.29757300 0.23282400
vt 0.29757300 0.23282400
vt 0.29757300 0.23282400
vt 0.29757300 0.23282400
vt 0.29757300 0.23282400
vt 0.29757300 0.23282400
vt 0.30268200 0.25190800
vt 0.30268200 0.25190800
vt 0.30268200 0.25190800
vt 0.30268200 0.25190800
vt 0.30268200 0.25190800
vt 0.30268200 0.25190800
vt 0.29885100 0.20610700
vt 0.29885100 0.20610700
vt 0.29885100 0.20610700
vt 0.29885100 0.20610700
vt 0.31289900 0.21374000
vt 0.31289900 0.21374000
vt 0.31289900 0.21374000
vt 0.31289900 0.21374000
vt 0.31289900 0.21374000
vt 0.31289900 0.21374000
vt 0.31289900 0.21374000
vt 0.31289900 0.21374000
vt 0.31289900 0.21374000
vt 0.31289900 0.21374000
vt 0.30906800 0.25572500
vt 0.30906800 0.25572500
vt 0.30906800 0.25572500
vt 0.30906800 0.25572500
vt 0.32439300 0.22519100
vt 0.32439300 0.22519100
vt 0.32439300 0.22519100
vt 0.32439300 0.22519100
vt 0.32439300 0.22519100
vt 0.32439300 0.22519100
vt 0.32694800 0.19847300
vt 0.32694800 0.19847300
vt 0.32694800 0.19847300
vt 0.32694800 0.19847300
vt 0.32694800 0.19847300
vt 0.32694800 0.19847300
vt 0.32183900 0.26717600
vt 0.32183900 0.26717600
vt 0.32183900 0.26717600
vt 0.32183900 0.26717600
vt 0.32183900 0.26717600
vt 0.32183900 0.26717600
vt 0.28863300 0.29771000
vt 0.28863300 0.29771000
vt 0.28863300 0.29771000
vt 0.28863300 0.29771000
vt 0.28863300 0.29771000
vt 0.28863300 0.29389300
vt 0.28863300 0.29389300
vt 0.28863300 0.29389300
vt 0.28863300 0.29389300
vt 0.28863300 0.29771000
vt 0.28863300 0.29771000
vt 0.28863300 0.29771000
vt 0.28863300 0.29771000
vt 0.28863300 0.29771000
vt 0.28863300 0.29771000
vt 0.30268200 0.30152700
vt 0.30268200 0.30152700
vt 0.30268200 0.30152700
vt 0.30268200 0.30152700
vt 0.30268200 0.30152700
vt 0.30268200 0.30152700
vt 0.30268200 0.30152700
vt 0.30779100 0.26717600
vt 0.30779100 0.26717600
vt 0.30779100 0.26717600
vt 0.30779100 0.26717600
vt 0.30779100 0.26717600
vt 0.28097100 0.34351100
vt 0.28097100 0.34351100
vt 0.28097100 0.34351100
vt 0.28097100 0.34351100
vt 0.28097100 0.34351100
vt 0.28097100 0.34351100
vt 0.28097100 0.34351100
vt 0.29629600 0.35114500
vt 0.29629600 0.35114500
vt 0.29629600 0.35114500
vt 0.29629600 0.35114500
vt 0.29629600 0.35114500
vt 0.29629600 0.35114500
vt 0.29629600 0.35114500
vt 0.29885100 0.33206100
vt 0.29885100 0.33206100
vt 0.29885100 0.33206100
vt 0.29885100 0.33206100
vt 0.29885100 0.33206100
vt 0.29885100 0.33206100
vt 0.31545300 0.31297700
vt 0.31545300 0.31297700
vt 0.31545300 0.31297700
vt 0.31545300 0.31297700
vt 0.31545300 0.31297700
vt 0.31545300 0.31297700
vt 0.31545300 0.31297700
vt 0.31545300 0.31297700
vt 0.31800800 0.29389300
vt 0.31800800 0.29389300
vt 0.31800800 0.29389300
vt 0.31800800 0.29389300
vt 0.31800800 0.29389300
vt 0.31800800 0.29389300
vt 0.30906800 0.35877900
vt 0.30906800 0.35877900
vt 0.30906800 0.35877900
vt 0.30906800 0.35877900
vt 0.30906800 0.35877900
vt 0.30906800 0.35877900
vt 0.31034500 0.35877900
vt 0.31034500 0.35877900
vt 0.31034500 0.35877900
vt 0.31034500 0.35877900
vt 0.22988500 0.40458000
vt 0.95402300 0.40458000
vt 0.22988500 0.40458000
vt 0.22988500 0.40458000
vt 0.22988500 0.40458000
vt 0.22988500 0.40458000
vt 0.22988500 0.40458000
vt 0.23882500 0.39694700
vt 0.23882500 0.39694700
vt 0.23882500 0.39694700
vt 0.23882500 0.39694700
vt 0.23882500 0.39694700
vt 0.24137900 0.37404600
vt 0.24137900 0.37404600
vt 0.24137900 0.37404600
vt 0.24137900 0.37404600
vt 0.24137900 0.37404600
vt 0.24137900 0.37404600
vt 0.24137900 0.37404600
vt 0.24137900 0.37404600
vt 0.24265600 0.39313000
vt 0.24265600 0.39313000
vt 0.24265600 0.39313000
vt 0.24265600 0.39313000
vt 0.24265600 0.39313000
vt 0.23116200 0.43893100
vt 0.23116200 0.43893100
vt 0.23116200 0.43893100
vt 0.23116200 0.43893100
vt 0.23627100 0.43129800
vt 0.23627100 0.43129800
vt 0.23627100 0.43129800
vt 0.23627100 0.43129800
vt 0.23627100 0.43129800
vt 0.23627100 0.43129800
vt 0.24393400 0.42748100
vt 0.24393400 0.42748100
vt 0.24393400 0.42748100
vt 0.24393400 0.42748100
vt 0.24393400 0.42748100
vt 0.24393400 0.42748100
vt 0.24393400 0.42748100
vt 0.24393400 0.42748100
vt 0.26053600 0.38549600
vt 0.26053600 0.38549600
vt 0.26053600 0.38549600
vt 0.26053600 0.38549600
vt 0.26053600 0.38549600
vt 0.26053600 0.38549600
vt 0.26053600 0.37786300
vt 0.26053600 0.37786300
vt 0.26053600 0.37786300
vt 0.26053600 0.37786300
vt 0.26053600 0.37786300
vt 0.26053600 0.37786300
vt 0.26053600 0.37786300
vt 0.26053600 0.41984700
vt 0.26053600 0.41984700
vt 0.26053600 0.41984700
vt 0.26053600 0.41984700
vt 0.22988500 0.47328200
vt 0.22988500 0.47328200
vt 0.22988500 0.47328200
vt 0.22988500 0.47328200
vt 0.22988500 0.47328200
vt 0.22988500 0.47328200
vt 0.95402300 0.47328200
vt 0.24010200 0.46183200
vt 0.24010200 0.46183200
vt 0.24010200 0.46183200
vt 0.24010200 0.46183200
vt 0.24010200 0.46183200
vt 0.24265600 0.45801500
vt 0.24265600 0.45801500
vt 0.24265600 0.45801500
vt 0.24265600 0.45801500
vt 0.24265600 0.45801500
vt 0.24137900 0.47709900
vt 0.24137900 0.47709900
vt 0.24137900 0.47709900
vt 0.24137900 0.47709900
vt 0.24137900 0.47709900
vt 0.24137900 0.47709900
vt 0.24137900 0.47709900
vt 0.24137900 0.47709900
vt 0.25925900 0.45038200
vt 0.25925900 0.45038200
vt 0.25925900 0.45038200
vt 0.25925900 0.45038200
vt 0.25925900 0.45038200
vt 0.25925900 0.45038200
vt 0.26053600 0.43511500
vt 0.26053600 0.43511500
vt 0.26053600 0.43511500
vt 0.26053600 0.43511500
vt 0.26053600 0.43511500
vt 0.26053600 0.43511500
vt 0.26053600 0.43511500
vt 0.26053600 0.43511500
vt 0.26309100 0.45038200
vt 0.26309100 0.45038200
vt 0.26309100 0.45038200
vt 0.26309100 0.45038200
vt 0.26181400 0.38549600
vt 0.26181400 0.38549600
vt 0.26181400 0.38549600
vt 0.26181400 0.38549600
vt 0.26181400 0.38549600
vt 0.27713900 0.38549600
vt 0.27713900 0.38549600
vt 0.27713900 0.38549600
vt 0.27713900 0.38549600
vt 0.27713900 0.38549600
vt 0.27713900 0.38549600
vt 0.27969300 0.35877900
vt 0.27969300 0.35877900
vt 0.27969300 0.35877900
vt 0.27969300 0.35877900
vt 0.27969300 0.35877900
vt 0.27969300 0.35877900
vt 0.28480200 0.38931300
vt 0.28480200 0.38931300
vt 0.28480200 0.38931300
vt 0.28480200 0.38931300
vt 0.28480200 0.38931300
vt 0.28480200 0.38931300
vt 0.26181400 0.41984700
vt 0.26181400 0.41984700
vt 0.26181400 0.41984700
vt 0.26181400 0.41984700
vt 0.26181400 0.41984700
vt 0.27713900 0.41984700
vt 0.27713900 0.41984700
vt 0.27713900 0.41984700
vt 0.27713900 0.41984700
vt 0.27713900 0.41984700
vt 0.27713900 0.41984700
vt 0.27713900 0.41984700
vt 0.27713900 0.41984700
vt 0.28607900 0.42366400
vt 0.28607900 0.42366400
vt 0.28607900 0.42366400
vt 0.28607900 0.42366400
vt 0.28607900 0.42366400
vt 0.28607900 0.42366400
vt 0.27969300 0.45038200
vt 0.27969300 0.45038200
vt 0.27969300 0.45038200
vt 0.27969300 0.45038200
vt 0.27969300 0.45038200
vt 0.27969300 0.45038200
vt 0.27969300 0.45038200
vt 0.28480200 0.45419800
vt 0.28480200 0.45419800
vt 0.28480200 0.45419800
vt 0.28480200 0.45419800
vt 0.28480200 0.45419800
vt 0.28480200 0.45419800
vt 0.29374200 0.39313000
vt 0.29374200 0.39313000
vt 0.29374200 0.39313000
vt 0.29374200 0.39313000
vt 0.29374200 0.39313000
vt 0.29374200 0.39313000
vt 0.29246500 0.42748100
vt 0.29246500 0.42748100
vt 0.29246500 0.42748100
vt 0.29246500 0.42748100
vt 0.30651300 0.40076300
vt 0.30651300 0.40076300
vt 0.30651300 0.40076300
vt 0.30651300 0.40076300
vt 0.30651300 0.40076300
vt 0.30651300 0.40076300
vt 0.30651300 0.40076300
vt 0.30651300 0.40076300
vt 0.31034500 0.36259500
vt 0.31034500 0.36259500
vt 0.31034500 0.36259500
vt 0.31034500 0.36259500
vt 0.31034500 0.36259500
vt 0.30651300 0.43511500
vt 0.30651300 0.43511500
vt 0.30651300 0.43511500
vt 0.30651300 0.43511500
vt 0.30651300 0.43511500
vt 0.30651300 0.43511500
vt 0.29374200 0.45801500
vt 0.29374200 0.45801500
vt 0.29374200 0.45801500
vt 0.29374200 0.45801500
vt 0.29374200 0.45801500
vt 0.29374200 0.45801500
vt 0.30779100 0.46946600
vt 0.30779100 0.46946600
vt 0.30779100 0.46946600
vt 0.30779100 0.46946600
vt 0.30779100 0.46946600
vt 0.30779100 0.46946600
vt 0.95657700 0.53816800
vt 0.22988500 0.53816800
vt 0.22988500 0.53816800
vt 0.22988500 0.53816800
vt 0.22988500 0.53816800
vt 0.95657700 0.53816800
vt 0.24137900 0.52290100
vt 0.24137900 0.52290100
vt 0.24137900 0.52290100
vt 0.24137900 0.52290100
vt 0.24137900 0.52290100
vt 0.24137900 0.52290100
vt 0.24137900 0.52290100
vt 0.24137900 0.52290100
vt 0.22860800 0.57251900
vt 0.22860800 0.57251900
vt 0.22860800 0.57251900
vt 0.22860800 0.57251900
vt 0.22860800 0.57251900
vt 0.95657700 0.57251900
vt 0.24137900 0.55725200
vt 0.24137900 0.55725200
vt 0.24137900 0.55725200
vt 0.24137900 0.55725200
vt 0.24137900 0.55725200
vt 0.24393400 0.51908400
vt 0.24393400 0.51908400
vt 0.24393400 0.51908400
vt 0.24393400 0.51908400
vt 0.24393400 0.51908400
vt 0.24393400 0.51908400
vt 0.25798200 0.51145000
vt 0.25798200 0.51145000
vt 0.25798200 0.51145000
vt 0.25798200 0.51145000
vt 0.26564500 0.51145000
vt 0.26564500 0.51145000
vt 0.26564500 0.51145000
vt 0.26564500 0.51145000
vt 0.26564500 0.51145000
vt 0.26564500 0.51145000
vt 0.26564500 0.51145000
vt 0.24393400 0.55343500
vt 0.24393400 0.55343500
vt 0.24393400 0.55343500
vt 0.24393400 0.55343500
vt 0.24393400 0.55343500
vt 0.24393400 0.55343500
vt 0.24393400 0.55343500
vt 0.25798200 0.54580200
vt 0.25798200 0.54580200
vt 0.25798200 0.54580200
vt 0.25798200 0.54580200
vt 0.25798200 0.54580200
vt 0.25798200 0.54580200
vt 0.26564500 0.54580200
vt 0.26564500 0.54580200
vt 0.26564500 0.54580200
vt 0.26564500 0.54580200
vt 0.26564500 0.54580200
vt 0.26564500 0.54580200
vt 0.26564500 0.54580200
vt 0.22860800 0.60305300
vt 0.22860800 0.60305300
vt 0.22860800 0.60305300
vt 0.22860800 0.60305300
vt 0.22860800 0.60305300
vt 0.95657700 0.60687000
vt 0.22860800 0.60305300
vt 0.24137900 0.59160300
vt 0.24137900 0.59160300
vt 0.24137900 0.59160300
vt 0.24137900 0.59160300
vt 0.24137900 0.59160300
vt 0.22988500 0.64122100
vt 0.22988500 0.64122100
vt 0.22988500 0.64122100
vt 0.22988500 0.64122100
vt 0.22988500 0.64122100
vt 0.95657700 0.64122100
vt 0.22988500 0.64122100
vt 0.24137900 0.62595400
vt 0.24137900 0.62595400
vt 0.24137900 0.62595400
vt 0.24137900 0.62595400
vt 0.24137900 0.62595400
vt 0.24137900 0.61068700
vt 0.24137900 0.61068700
vt 0.24137900 0.61068700
vt 0.24137900 0.61068700
vt 0.24137900 0.61068700
vt 0.24137900 0.61068700
vt 0.24137900 0.61068700
vt 0.24137900 0.61068700
vt 0.24265600 0.62595400
vt 0.24265600 0.62595400
vt 0.24265600 0.62595400
vt 0.24265600 0.62595400
vt 0.24393400 0.58778600
vt 0.24393400 0.58778600
vt 0.24393400 0.58778600
vt 0.24393400 0.58778600
vt 0.25925900 0.58015300
vt 0.25925900 0.58015300
vt 0.25925900 0.58015300
vt 0.25925900 0.58015300
vt 0.25925900 0.58015300
vt 0.25925900 0.58015300
vt 0.25925900 0.58015300
vt 0.26564500 0.58015300
vt 0.26564500 0.58015300
vt 0.26564500 0.58015300
vt 0.26564500 0.58015300
vt 0.26564500 0.58015300
vt 0.26564500 0.58015300
vt 0.26564500 0.58015300
vt 0.26053600 0.61832100
vt 0.26053600 0.61832100
vt 0.26053600 0.61832100
vt 0.26053600 0.61832100
vt 0.26053600 0.61832100
vt 0.26053600 0.61832100
vt 0.26053600 0.61832100
vt 0.26436800 0.61832100
vt 0.26436800 0.61832100
vt 0.26436800 0.61832100
vt 0.26436800 0.61832100
vt 0.26436800 0.61832100
vt 0.26436800 0.61832100
vt 0.28097100 0.51526700
vt 0.28097100 0.51526700
vt 0.28097100 0.51526700
vt 0.28097100 0.51526700
vt 0.28097100 0.51526700
vt 0.28097100 0.49618300
vt 0.28097100 0.49618300
vt 0.28097100 0.49618300
vt 0.28097100 0.49618300
vt 0.28097100 0.49618300
vt 0.28097100 0.49618300
vt 0.28097100 0.49618300
vt 0.28097100 0.49618300
vt 0.28224800 0.54961800
vt 0.28224800 0.54961800
vt 0.28224800 0.54961800
vt 0.28224800 0.54961800
vt 0.28224800 0.54961800
vt 0.28224800 0.58396900
vt 0.28224800 0.58396900
vt 0.28224800 0.58396900
vt 0.28224800 0.58396900
vt 0.28224800 0.55343500
vt 0.28224800 0.55343500
vt 0.28224800 0.55343500
vt 0.28224800 0.55343500
vt 0.28224800 0.55343500
vt 0.28224800 0.55343500
vt 0.28224800 0.55343500
vt 0.28224800 0.55343500
vt 0.28224800 0.58396900
vt 0.28224800 0.58396900
vt 0.28224800 0.58396900
vt 0.28224800 0.58396900
vt 0.28224800 0.58396900
vt 0.28224800 0.61832100
vt 0.28224800 0.61832100
vt 0.28224800 0.61832100
vt 0.28224800 0.61832100
vt 0.28224800 0.61832100
vt 0.28224800 0.61832100
vt 0.28480200 0.61832100
vt 0.28480200 0.61832100
vt 0.28480200 0.61832100
vt 0.28480200 0.61832100
vt 0.28480200 0.61832100
vt 0.28480200 0.61832100
vt 0.28224800 0.51526700
vt 0.28224800 0.51526700
vt 0.28224800 0.51526700
vt 0.28224800 0.51526700
vt 0.28224800 0.51526700
vt 0.28224800 0.51526700
vt 0.29629600 0.52290100
vt 0.29629600 0.52290100
vt 0.29629600 0.52290100
vt 0.29629600 0.52290100
vt 0.29629600 0.52290100
vt 0.29629600 0.52290100
vt 0.28224800 0.54961800
vt 0.28224800 0.54961800
vt 0.28224800 0.54961800
vt 0.28224800 0.54961800
vt 0.29629600 0.55725200
vt 0.29629600 0.55725200
vt 0.29629600 0.55725200
vt 0.29629600 0.55725200
vt 0.29629600 0.55725200
vt 0.29629600 0.55725200
vt 0.29629600 0.55725200
vt 0.29629600 0.55725200
vt 0.30906800 0.53435100
vt 0.30906800 0.53435100
vt 0.30906800 0.53435100
vt 0.30906800 0.53435100
vt 0.30906800 0.53435100
vt 0.30906800 0.53435100
vt 0.30906800 0.53435100
vt 0.30906800 0.56488500
vt 0.30906800 0.56488500
vt 0.30906800 0.56488500
vt 0.30906800 0.56488500
vt 0.30906800 0.56488500
vt 0.29629600 0.59160300
vt 0.29629600 0.59160300
vt 0.29629600 0.59160300
vt 0.29629600 0.59160300
vt 0.29629600 0.59160300
vt 0.29629600 0.59160300
vt 0.29629600 0.59160300
vt 0.29629600 0.62595400
vt 0.29629600 0.62595400
vt 0.29629600 0.62595400
vt 0.29629600 0.62595400
vt 0.29629600 0.62595400
vt 0.29629600 0.62595400
vt 0.30906800 0.59923700
vt 0.30906800 0.59923700
vt 0.30906800 0.59923700
vt 0.30906800 0.59923700
vt 0.30906800 0.59923700
vt 0.30906800 0.59923700
vt 0.30906800 0.63740500
vt 0.30906800 0.63740500
vt 0.30906800 0.63740500
vt 0.30906800 0.63740500
vt 0.30906800 0.63740500
vt 0.30906800 0.63740500
vt 0.23116200 0.67557300
vt 0.23116200 0.67557300
vt 0.23116200 0.67557300
vt 0.23116200 0.67557300
vt 0.23754800 0.66793900
vt 0.23754800 0.66793900
vt 0.23754800 0.66793900
vt 0.23754800 0.66793900
vt 0.23754800 0.66793900
vt 0.23754800 0.66793900
vt 0.24393400 0.66030500
vt 0.24393400 0.66030500
vt 0.24393400 0.66030500
vt 0.24393400 0.66030500
vt 0.24393400 0.66030500
vt 0.24393400 0.66030500
vt 0.24393400 0.66030500
vt 0.23371600 0.69847300
vt 0.23371600 0.69847300
vt 0.23371600 0.69847300
vt 0.23371600 0.69847300
vt 0.23371600 0.69847300
vt 0.95402300 0.69847300
vt 0.95402300 0.71755700
vt 0.23499400 0.71374000
vt 0.23499400 0.71374000
vt 0.23499400 0.71374000
vt 0.23499400 0.71374000
vt 0.95402300 0.71755700
vt 0.24776500 0.69847300
vt 0.24776500 0.69847300
vt 0.24776500 0.69847300
vt 0.24776500 0.69847300
vt 0.24776500 0.69847300
vt 0.24776500 0.69847300
vt 0.24776500 0.69847300
vt 0.24776500 0.69847300
vt 0.24776500 0.69847300
vt 0.26181400 0.65267200
vt 0.26181400 0.65267200
vt 0.26181400 0.65267200
vt 0.26181400 0.65267200
vt 0.26181400 0.65267200
vt 0.26181400 0.65267200
vt 0.26181400 0.65267200
vt 0.26181400 0.65267200
vt 0.26181400 0.65267200
vt 0.26053600 0.69465600
vt 0.26053600 0.69465600
vt 0.26053600 0.69465600
vt 0.26053600 0.69465600
vt 0.26053600 0.69465600
vt 0.26181400 0.66030500
vt 0.26181400 0.66030500
vt 0.26181400 0.66030500
vt 0.26181400 0.66030500
vt 0.26181400 0.66030500
vt 0.26181400 0.66030500
vt 0.26181400 0.66030500
vt 0.26181400 0.66030500
vt 0.23882500 0.75190800
vt 0.23882500 0.75190800
vt 0.23882500 0.75190800
vt 0.23882500 0.75190800
vt 0.23882500 0.75190800
vt 0.23882500 0.75190800
vt 0.95146900 0.75572500
vt 0.23882500 0.75190800
vt 0.25159600 0.74045800
vt 0.25159600 0.74045800
vt 0.25159600 0.74045800
vt 0.25159600 0.74045800
vt 0.24393400 0.79389300
vt 0.24393400 0.79389300
vt 0.24393400 0.79389300
vt 0.24393400 0.79389300
vt 0.24904200 0.78626000
vt 0.24904200 0.78626000
vt 0.24904200 0.78626000
vt 0.24904200 0.78626000
vt 0.24904200 0.78626000
vt 0.24904200 0.78626000
vt 0.24904200 0.78626000
vt 0.25287400 0.75572500
vt 0.25287400 0.75572500
vt 0.25287400 0.75572500
vt 0.25287400 0.75572500
vt 0.25287400 0.75572500
vt 0.25287400 0.75572500
vt 0.25287400 0.75572500
vt 0.25670500 0.73664100
vt 0.25670500 0.73664100
vt 0.25670500 0.73664100
vt 0.25670500 0.73664100
vt 0.25670500 0.73664100
vt 0.28097100 0.65648900
vt 0.28097100 0.65648900
vt 0.28097100 0.65648900
vt 0.28097100 0.65648900
vt 0.28097100 0.65648900
vt 0.28097100 0.65648900
vt 0.28097100 0.65648900
vt 0.28735600 0.65648900
vt 0.28735600 0.65648900
vt 0.28735600 0.65648900
vt 0.28735600 0.65648900
vt 0.28735600 0.65648900
vt 0.28735600 0.65648900
vt 0.26436800 0.69084000
vt 0.26436800 0.69084000
vt 0.26436800 0.69084000
vt 0.26436800 0.69084000
vt 0.27969300 0.69465600
vt 0.27969300 0.69465600
vt 0.27969300 0.69465600
vt 0.27969300 0.69465600
vt 0.27969300 0.69465600
vt 0.27969300 0.69465600
vt 0.27969300 0.69465600
vt 0.27969300 0.69465600
vt 0.27969300 0.69465600
vt 0.29246500 0.69847300
vt 0.29246500 0.69847300
vt 0.29246500 0.69847300
vt 0.29246500 0.69847300
vt 0.29246500 0.69847300
vt 0.25670500 0.77862600
vt 0.25670500 0.77862600
vt 0.25670500 0.77862600
vt 0.25670500 0.77862600
vt 0.25670500 0.77862600
vt 0.25670500 0.77862600
vt 0.26947600 0.73282400
vt 0.26947600 0.73282400
vt 0.26947600 0.73282400
vt 0.26947600 0.73282400
vt 0.26947600 0.73282400
vt 0.26947600 0.73282400
vt 0.26947600 0.73282400
vt 0.27586200 0.73282400
vt 0.27586200 0.73282400
vt 0.27586200 0.73282400
vt 0.27586200 0.73282400
vt 0.27586200 0.73282400
vt 0.29246500 0.73664100
vt 0.29246500 0.73664100
vt 0.29246500 0.73664100
vt 0.29246500 0.73664100
vt 0.29246500 0.73664100
vt 0.29246500 0.73664100
vt 0.29374200 0.70610700
vt 0.29374200 0.70610700
vt 0.29374200 0.70610700
vt 0.29374200 0.70610700
vt 0.29374200 0.70610700
vt 0.29374200 0.70610700
vt 0.27203100 0.77480900
vt 0.27203100 0.77480900
vt 0.27203100 0.77480900
vt 0.27203100 0.77480900
vt 0.27330800 0.76335900
vt 0.27330800 0.76335900
vt 0.27330800 0.76335900
vt 0.27330800 0.76335900
vt 0.27330800 0.76335900
vt 0.27330800 0.76335900
vt 0.27330800 0.76335900
vt 0.27458500 0.77480900
vt 0.27458500 0.77480900
vt 0.27458500 0.77480900
vt 0.27458500 0.77480900
vt 0.27458500 0.77480900
vt 0.28863300 0.77862600
vt 0.28863300 0.77862600
vt 0.28863300 0.77862600
vt 0.28863300 0.77862600
vt 0.28863300 0.77862600
vt 0.28863300 0.77862600
vt 0.28863300 0.77862600
vt 0.28863300 0.77862600
vt 0.30523600 0.74809200
vt 0.30523600 0.74809200
vt 0.30523600 0.74809200
vt 0.30523600 0.74809200
vt 0.30523600 0.74809200
vt 0.30523600 0.74809200
vt 0.30268200 0.79007600
vt 0.30268200 0.79007600
vt 0.30268200 0.79007600
vt 0.30268200 0.79007600
vt 0.30268200 0.79007600
vt 0.30268200 0.79007600
vt 0.30268200 0.79007600
vt 0.30268200 0.79007600
vt 0.30523600 0.74809200
vt 0.30523600 0.74809200
vt 0.30523600 0.74809200
vt 0.30523600 0.74809200
vt 0.30523600 0.74809200
vt 0.29629600 0.66030500
vt 0.29629600 0.66030500
vt 0.29629600 0.66030500
vt 0.29629600 0.66030500
vt 0.29629600 0.66030500
vt 0.29629600 0.66030500
vt 0.29374200 0.69847300
vt 0.29374200 0.69847300
vt 0.29374200 0.69847300
vt 0.29374200 0.69847300
vt 0.30779100 0.67175600
vt 0.30779100 0.67175600
vt 0.30779100 0.67175600
vt 0.30779100 0.67175600
vt 0.30779100 0.67175600
vt 0.30779100 0.67175600
vt 0.30651300 0.70992400
vt 0.30651300 0.70992400
vt 0.30651300 0.70992400
vt 0.30651300 0.70992400
vt 0.30651300 0.70992400
vt 0.30651300 0.70992400
vt 0.30651300 0.70992400
vt 0.30651300 0.70992400
vt 0.30523600 0.74809200
vt 0.30523600 0.74809200
vt 0.30523600 0.74809200
vt 0.30523600 0.74809200
vt 0.24521100 0.80534400
vt 0.24521100 0.80534400
vt 0.94636000 0.80916000
vt 0.24521100 0.80534400
vt 0.94636000 0.80916000
vt 0.24521100 0.80534400
vt 0.24904200 0.83587800
vt 0.24904200 0.83587800
vt 0.24904200 0.83587800
vt 0.24904200 0.83587800
vt 0.24904200 0.83587800
vt 0.24904200 0.83587800
vt 0.26309100 0.82442700
vt 0.26309100 0.82442700
vt 0.26309100 0.82442700
vt 0.26309100 0.82442700
vt 0.26309100 0.82442700
vt 0.25542800 0.87404600
vt 0.25542800 0.87404600
vt 0.25542800 0.87404600
vt 0.25542800 0.87404600
vt 0.93614300 0.88167900
vt 0.26436800 0.83587800
vt 0.26436800 0.83587800
vt 0.26436800 0.83587800
vt 0.26436800 0.83587800
vt 0.26436800 0.83587800
vt 0.26436800 0.83587800
vt 0.25798200 0.88167900
vt 0.25798200 0.88167900
vt 0.25798200 0.88167900
vt 0.06768840 0.80534400
vt 0.25798200 0.88167900
vt 0.93486600 0.89313000
vt 0.27330800 0.87022900
vt 0.27330800 0.87022900
vt 0.27330800 0.87022900
vt 0.27330800 0.87022900
vt 0.27330800 0.87022900
vt 0.27330800 0.87022900
vt 0.26692200 0.82061100
vt 0.26692200 0.82061100
vt 0.26692200 0.82061100
vt 0.26692200 0.82061100
vt 0.26692200 0.82061100
vt 0.26692200 0.82061100
vt 0.26692200 0.82061100
vt 0.26692200 0.82061100
vt 0.26692200 0.82061100
vt 0.28480200 0.82442700
vt 0.28480200 0.82442700
vt 0.28480200 0.82442700
vt 0.28480200 0.82442700
vt 0.28480200 0.82061100
vt 0.28480200 0.82061100
vt 0.28480200 0.82061100
vt 0.28480200 0.82061100
vt 0.28480200 0.82061100
vt 0.27713900 0.87022900
vt 0.27713900 0.87022900
vt 0.27713900 0.87022900
vt 0.27713900 0.87022900
vt 0.27713900 0.87022900
vt 0.27713900 0.87022900
vt 0.27713900 0.87022900
vt 0.27713900 0.87022900
vt 0.28607900 0.82442700
vt 0.28607900 0.82442700
vt 0.28607900 0.82442700
vt 0.28607900 0.82442700
vt 0.28607900 0.82442700
vt 0.28607900 0.82442700
vt 0.29885100 0.83206100
vt 0.29885100 0.83206100
vt 0.29885100 0.83206100
vt 0.29885100 0.83206100
vt 0.29885100 0.83206100
vt 0.29246500 0.87786300
vt 0.29246500 0.87786300
vt 0.29246500 0.87786300
vt 0.29246500 0.87786300
vt 0.29246500 0.87786300
vt 0.29501900 0.85114500
vt 0.29501900 0.85114500
vt 0.29501900 0.85114500
vt 0.29501900 0.85114500
vt 0.29501900 0.85114500
vt 0.29501900 0.85114500
vt 0.26692200 0.91984700
vt 0.07535120 0.82824400
vt 0.26692200 0.91984700
vt 0.07535120 0.82824400
vt 0.07535120 0.82824400
vt 0.07535120 0.82824400
vt 0.07535120 0.82824400
vt 0.26692200 0.91984700
vt 0.27586200 0.88167900
vt 0.27586200 0.88167900
vt 0.27586200 0.88167900
vt 0.27586200 0.88167900
vt 0.08045980 0.84732800
vt 0.08045980 0.84732800
vt 0.08045980 0.84732800
vt 0.08045980 0.84732800
vt 0.08045980 0.84732800
vt 0.08045980 0.84732800
vt 0.08684550 0.84351100
vt 0.08684550 0.84351100
vt 0.08684550 0.84351100
vt 0.08684550 0.84351100
vt 0.08684550 0.84351100
vt 0.28735600 0.91221400
vt 0.09067690 0.82442700
vt 0.28735600 0.91221400
vt 0.09067690 0.82442700
vt 0.09067690 0.82442700
vt 0.09067690 0.82442700
vt 0.28735600 0.91221400
vt 0.28735600 0.91221400
vt 0.28735600 0.91221400
vt 0.08301400 0.85496200
vt 0.08301400 0.85496200
vt 0.08301400 0.85496200
vt 0.08301400 0.85496200
vt 0.00127714 1.00000000
vt 0.00127714 1.00000000
vt 0.00000000 1.00000000
vt 0.00000000 0.99618300
vt 0.00000000 1.00000000
vt 0.00127714 1.00000000
vt 0.00000000 1.00000000
vt 0.00127714 1.00000000
vt 0.00000000 0.99618300
vt 0.00000000 0.99618300
vt 0.00000000 0.99618300
vt 0.00000000 0.99618300
vt 0.00000000 0.99618300
vt 0.00000000 0.99618300
vt 0.00000000 0.99618300
vt 0.00000000 0.99618300
vt 0.48020400 0.00381678
vt 0.00000000 1.00000000
vt 0.00127714 1.00000000
vt 0.48020400 0.00381678
vt 0.48020400 0.00381678
vt 0.00000000 1.00000000
vt 0.48020400 0.00381678
vt 0.00000000 1.00000000
vt 0.00127714 1.00000000
vt 0.46743300 0.00763357
vt 0.46743300 0.00763357
vt 0.46743300 0.00763357
vt 0.00127714 1.00000000
vt 0.46743300 0.00763357
vt 0.00000000 0.99618300
vt 0.00000000 1.00000000
vt 0.47381900 0.00000000
vt 0.47381900 0.00000000
vt 0.47381900 0.00000000
vt 0.47381900 0.00000000
vt 0.47381900 0.00000000
vt 0.47381900 0.00000000
vt 0.00000000 0.99618300
vt 0.00000000 0.99618300
vt 0.00127714 1.00000000
vt 0.00000000 1.00000000
vt 0.00000000 1.00000000
vt 0.43422700 0.02671750
vt 0.43422700 0.02671750
vt 0.43422700 0.02671750
vt 0.00000000 1.00000000
vt 0.43422700 0.02671750
vt 0.00000000 1.00000000
vt 0.43422700 0.02671750
vt 0.43422700 0.02671750
vt 0.00127714 1.00000000
vt 0.42656400 0.05343510
vt 0.42656400 0.05343510
vt 0.42656400 0.05343510
vt 0.42656400 0.05343510
vt 0.45466200 0.02671750
vt 0.45466200 0.02671750
vt 0.45466200 0.02671750
vt 0.45466200 0.02671750
vt 0.45466200 0.02671750
vt 0.45083000 0.03053430
vt 0.45083000 0.03053430
vt 0.45083000 0.03053430
vt 0.45083000 0.03053430
vt 0.45083000 0.03053430
vt 0.00000000 0.99618300
vt 0.00000000 1.00000000
vt 0.00000000 1.00000000
vt 0.00127714 1.00000000
vt 0.00127714 1.00000000
vt 0.00127714 1.00000000
vt 0.00000000 0.99618300
vt 0.51213300 0.01145040
vt 0.00127714 1.00000000
vt 0.51213300 0.01145040
vt 0.51213300 0.01145040
vt 0.51213300 0.01145040
vt 0.51213300 0.01145040
vt 0.51213300 0.01145040
vt 0.49169900 0.01526720
vt 0.49169900 0.01526720
vt 0.49169900 0.01526720
vt 0.49169900 0.01526720
vt 0.49169900 0.01526720
vt 0.49042100 0.01526720
vt 0.49042100 0.01526720
vt 0.49042100 0.01526720
vt 0.49042100 0.01526720
vt 0.49042100 0.01526720
vt 0.52107300 0.03053430
vt 0.52107300 0.03053430
vt 0.52107300 0.03053430
vt 0.52107300 0.03053430
vt 0.34610500 0.09160300
vt 0.34610500 0.09160300
vt 0.41507000 0.06870230
vt 0.41507000 0.06870230
vt 0.41507000 0.06870230
vt 0.34865900 0.11832100
vt 0.41251600 0.09541980
vt 0.41251600 0.09541980
vt 0.34865900 0.11832100
vt 0.34865900 0.11832100
vt 0.41251600 0.09541980
vt 0.41251600 0.09541980
vt 0.41251600 0.09541980
vt 0.41762500 0.06488550
vt 0.41762500 0.06488550
vt 0.41762500 0.06488550
vt 0.41762500 0.06488550
vt 0.41762500 0.06488550
vt 0.42401000 0.06488550
vt 0.42401000 0.06488550
vt 0.42401000 0.06488550
vt 0.42401000 0.06488550
vt 0.42401000 0.06488550
vt 0.42401000 0.06488550
vt 0.42401000 0.06488550
vt 0.42401000 0.08015270
vt 0.42401000 0.08015270
vt 0.42401000 0.08015270
vt 0.42401000 0.08015270
vt 0.34993600 0.14885500
vt 0.41251600 0.12977100
vt 0.34993600 0.14885500
vt 0.41251600 0.12977100
vt 0.34993600 0.14885500
vt 0.34993600 0.14885500
vt 0.42273300 0.11068700
vt 0.42273300 0.11068700
vt 0.42273300 0.11068700
vt 0.42273300 0.11068700
vt 0.42273300 0.11068700
vt 0.42273300 0.11068700
vt 0.42273300 0.11068700
vt 0.42273300 0.11068700
vt 0.45210700 0.03435120
vt 0.45210700 0.03435120
vt 0.45210700 0.03435120
vt 0.45210700 0.03435120
vt 0.45210700 0.03435120
vt 0.45210700 0.03435120
vt 0.45210700 0.03435120
vt 0.45210700 0.03435120
vt 0.43933600 0.03816800
vt 0.43933600 0.03816800
vt 0.43933600 0.03816800
vt 0.43933600 0.03816800
vt 0.43933600 0.03816800
vt 0.43933600 0.03816800
vt 0.43678200 0.06488550
vt 0.43678200 0.06488550
vt 0.43678200 0.06488550
vt 0.43678200 0.06488550
vt 0.43678200 0.06488550
vt 0.43678200 0.06488550
vt 0.43678200 0.06488550
vt 0.43678200 0.06488550
vt 0.42784200 0.07633590
vt 0.42784200 0.07633590
vt 0.42784200 0.07633590
vt 0.42784200 0.07633590
vt 0.42784200 0.07633590
vt 0.45083000 0.05343510
vt 0.45083000 0.05343510
vt 0.45083000 0.05343510
vt 0.45083000 0.05343510
vt 0.43550400 0.09923670
vt 0.43550400 0.09923670
vt 0.43550400 0.09923670
vt 0.43550400 0.09923670
vt 0.42911900 0.10305300
vt 0.42911900 0.10305300
vt 0.42911900 0.10305300
vt 0.42911900 0.10305300
vt 0.42911900 0.10305300
vt 0.42911900 0.10305300
vt 0.45083000 0.08778630
vt 0.45083000 0.08778630
vt 0.45083000 0.08778630
vt 0.45083000 0.08778630
vt 0.45083000 0.08778630
vt 0.45083000 0.08778630
vt 0.45083000 0.08778630
vt 0.45083000 0.08778630
vt 0.34865900 0.18320600
vt 0.34865900 0.18320600
vt 0.41379300 0.16412200
vt 0.41379300 0.16412200
vt 0.41379300 0.16412200
vt 0.41379300 0.16412200
vt 0.41379300 0.16412200
vt 0.34865900 0.18320600
vt 0.42401000 0.14503800
vt 0.42401000 0.14503800
vt 0.42401000 0.14503800
vt 0.42401000 0.14503800
vt 0.34738200 0.21755700
vt 0.34738200 0.21755700
vt 0.41507000 0.19847300
vt 0.41507000 0.19847300
vt 0.42656400 0.17938900
vt 0.42656400 0.17938900
vt 0.42656400 0.17938900
vt 0.42656400 0.17938900
vt 0.42145600 0.18702300
vt 0.42145600 0.18702300
vt 0.42145600 0.18702300
vt 0.42145600 0.18702300
vt 0.42145600 0.18702300
vt 0.42145600 0.18702300
vt 0.42528700 0.16412200
vt 0.42528700 0.16412200
vt 0.42528700 0.16412200
vt 0.42528700 0.16412200
vt 0.42528700 0.16412200
vt 0.42528700 0.16412200
vt 0.42528700 0.16412200
vt 0.43678200 0.12977100
vt 0.43678200 0.12977100
vt 0.43678200 0.12977100
vt 0.43678200 0.12977100
vt 0.43678200 0.12977100
vt 0.43678200 0.12977100
vt 0.43678200 0.12977100
vt 0.42784200 0.14122100
vt 0.42784200 0.14122100
vt 0.42784200 0.14122100
vt 0.42784200 0.14122100
vt 0.42784200 0.14122100
vt 0.45210700 0.11832100
vt 0.45210700 0.11832100
vt 0.45210700 0.11832100
vt 0.45210700 0.11832100
vt 0.45210700 0.11832100
vt 0.45210700 0.11832100
vt 0.43933600 0.16793900
vt 0.43933600 0.16793900
vt 0.43933600 0.16793900
vt 0.43933600 0.16793900
vt 0.43933600 0.16793900
vt 0.43933600 0.16793900
vt 0.43933600 0.16793900
vt 0.43933600 0.16793900
vt 0.43933600 0.16793900
vt 0.45338400 0.15648900
vt 0.45338400 0.15648900
vt 0.45338400 0.15648900
vt 0.45338400 0.15648900
vt 0.49169900 0.01908400
vt 0.49169900 0.01908400
vt 0.49169900 0.01908400
vt 0.49169900 0.01908400
vt 0.49169900 0.01908400
vt 0.49169900 0.01908400
vt 0.52362700 0.03053430
vt 0.52362700 0.03053430
vt 0.52362700 0.03053430
vt 0.52362700 0.03053430
vt 0.52362700 0.03053430
vt 0.52362700 0.03053430
vt 0.52107300 0.03053430
vt 0.52107300 0.03053430
vt 0.52107300 0.03053430
vt 0.52107300 0.03053430
vt 0.52107300 0.03053430
vt 0.53256700 0.04198470
vt 0.53256700 0.04198470
vt 0.53256700 0.04198470
vt 0.53256700 0.04198470
vt 0.53256700 0.04198470
vt 0.53256700 0.04198470
vt 0.53639800 0.06488550
vt 0.53639800 0.06488550
vt 0.53639800 0.06488550
vt 0.53639800 0.06488550
vt 0.53639800 0.06488550
vt 0.53639800 0.06488550
vt 0.53639800 0.06488550
vt 0.52490400 0.05343510
vt 0.52490400 0.05343510
vt 0.52490400 0.05343510
vt 0.52490400 0.05343510
vt 0.52490400 0.05343510
vt 0.52490400 0.05343510
vt 0.52490400 0.05343510
vt 0.53767600 0.09541980
vt 0.53767600 0.09541980
vt 0.53767600 0.09541980
vt 0.53767600 0.09541980
vt 0.53767600 0.09541980
vt 0.52618100 0.08396950
vt 0.52618100 0.08396950
vt 0.52618100 0.08396950
vt 0.52618100 0.08396950
vt 0.52618100 0.08396950
vt 0.52618100 0.08396950
vt 0.51085600 0.04580150
vt 0.51085600 0.04580150
vt 0.51085600 0.04580150
vt 0.51085600 0.04580150
vt 0.51085600 0.04580150
vt 0.50702400 0.01908400
vt 0.50702400 0.01908400
vt 0.50702400 0.01908400
vt 0.50702400 0.01908400
vt 0.50702400 0.01908400
vt 0.50702400 0.01908400
vt 0.50702400 0.01908400
vt 0.50702400 0.01908400
vt 0.51085600 0.04580150
vt 0.51085600 0.04580150
vt 0.51085600 0.04580150
vt 0.51085600 0.04580150
vt 0.49553000 0.04198470
vt 0.49553000 0.04198470
vt 0.49553000 0.04198470
vt 0.49553000 0.04198470
vt 0.49553000 0.04198470
vt 0.49553000 0.04198470
vt 0.49553000 0.04198470
vt 0.51085600 0.04580150
vt 0.51085600 0.04580150
vt 0.51085600 0.04580150
vt 0.51085600 0.04580150
vt 0.51085600 0.04580150
vt 0.51085600 0.04580150
vt 0.50957900 0.07251910
vt 0.50957900 0.07251910
vt 0.50957900 0.07251910
vt 0.50957900 0.07251910
vt 0.50957900 0.07251910
vt 0.50957900 0.07251910
vt 0.49680700 0.07251910
vt 0.49680700 0.07251910
vt 0.49680700 0.07251910
vt 0.49680700 0.07251910
vt 0.49680700 0.07251910
vt 0.51213300 0.07633590
vt 0.51213300 0.07633590
vt 0.51213300 0.07633590
vt 0.51213300 0.07633590
vt 0.51213300 0.07633590
vt 0.51213300 0.07633590
vt 0.51213300 0.07633590
vt 0.53895300 0.12977100
vt 0.53895300 0.12977100
vt 0.53895300 0.12977100
vt 0.53895300 0.12977100
vt 0.53895300 0.12977100
vt 0.53895300 0.12977100
vt 0.52618100 0.11832100
vt 0.52618100 0.11832100
vt 0.52618100 0.11832100
vt 0.52618100 0.11832100
vt 0.52618100 0.11832100
vt 0.52618100 0.11832100
vt 0.52618100 0.11832100
vt 0.52618100 0.11832100
vt 0.53639800 0.16412200
vt 0.53639800 0.16412200
vt 0.53639800 0.16412200
vt 0.53639800 0.16412200
vt 0.53639800 0.16412200
vt 0.53639800 0.16412200
vt 0.53639800 0.16412200
vt 0.53639800 0.16412200
vt 0.52362700 0.15648900
vt 0.52362700 0.15648900
vt 0.52362700 0.15648900
vt 0.52362700 0.15648900
vt 0.51213300 0.11068700
vt 0.51213300 0.11068700
vt 0.51213300 0.11068700
vt 0.51213300 0.11068700
vt 0.51213300 0.11068700
vt 0.49553000 0.10687000
vt 0.49553000 0.10687000
vt 0.49553000 0.10687000
vt 0.49553000 0.10687000
vt 0.49553000 0.10687000
vt 0.49553000 0.10687000
vt 0.49553000 0.10687000
vt 0.49553000 0.10687000
vt 0.49553000 0.10687000
vt 0.51213300 0.11068700
vt 0.51213300 0.11068700
vt 0.51213300 0.11068700
vt 0.51213300 0.11068700
vt 0.51851900 0.15267200
vt 0.51851900 0.15267200
vt 0.51851900 0.15267200
vt 0.51851900 0.15267200
vt 0.51851900 0.15267200
vt 0.51851900 0.15267200
vt 0.50957900 0.14885500
vt 0.50957900 0.14885500
vt 0.50957900 0.14885500
vt 0.50957900 0.14885500
vt 0.50957900 0.14885500
vt 0.50957900 0.14885500
vt 0.51213300 0.11068700
vt 0.51213300 0.11068700
vt 0.51213300 0.11068700
vt 0.51213300 0.11068700
vt 0.51213300 0.11068700
vt 0.51213300 0.11068700
vt 0.49425300 0.14503800
vt 0.49425300 0.14503800
vt 0.49425300 0.14503800
vt 0.49425300 0.14503800
vt 0.47126400 0.01908400
vt 0.47126400 0.01908400
vt 0.47126400 0.01908400
vt 0.47126400 0.01908400
vt 0.47126400 0.01908400
vt 0.46871000 0.04580150
vt 0.46871000 0.04580150
vt 0.46871000 0.04580150
vt 0.46871000 0.04580150
vt 0.46871000 0.04580150
vt 0.46871000 0.04580150
vt 0.46871000 0.04580150
vt 0.45466200 0.05343510
vt 0.45466200 0.05343510
vt 0.45466200 0.05343510
vt 0.45466200 0.05343510
vt 0.45466200 0.05343510
vt 0.48659000 0.04198470
vt 0.48659000 0.04198470
vt 0.48659000 0.04198470
vt 0.48659000 0.04198470
vt 0.48659000 0.04198470
vt 0.48659000 0.04198470
vt 0.48659000 0.04198470
vt 0.47254200 0.01908400
vt 0.47254200 0.01908400
vt 0.47254200 0.01908400
vt 0.47254200 0.01908400
vt 0.47254200 0.01908400
vt 0.47254200 0.01908400
vt 0.47254200 0.01908400
vt 0.47637300 0.04580150
vt 0.47637300 0.04580150
vt 0.47637300 0.04580150
vt 0.47637300 0.04580150
vt 0.47637300 0.04580150
vt 0.46743300 0.07633590
vt 0.46743300 0.07633590
vt 0.46743300 0.07633590
vt 0.46743300 0.07633590
vt 0.46743300 0.07633590
vt 0.45593900 0.08396950
vt 0.45593900 0.08396950
vt 0.45593900 0.08396950
vt 0.45593900 0.08396950
vt 0.45593900 0.08396950
vt 0.45593900 0.08396950
vt 0.48531300 0.07251910
vt 0.48531300 0.07251910
vt 0.48531300 0.07251910
vt 0.48531300 0.07251910
vt 0.48531300 0.07251910
vt 0.48531300 0.07251910
vt 0.47765000 0.07251910
vt 0.47765000 0.07251910
vt 0.47765000 0.07251910
vt 0.47765000 0.07251910
vt 0.47765000 0.07251910
vt 0.47765000 0.07251910
vt 0.46871000 0.11068700
vt 0.46871000 0.11068700
vt 0.46871000 0.11068700
vt 0.46871000 0.11068700
vt 0.46871000 0.11068700
vt 0.46871000 0.11068700
vt 0.46871000 0.11068700
vt 0.45593900 0.11832100
vt 0.45593900 0.11832100
vt 0.45593900 0.11832100
vt 0.45593900 0.11832100
vt 0.45593900 0.11832100
vt 0.45593900 0.11832100
vt 0.48659000 0.10687000
vt 0.48659000 0.10687000
vt 0.48659000 0.10687000
vt 0.48659000 0.10687000
vt 0.48659000 0.10687000
vt 0.47765000 0.10687000
vt 0.47765000 0.10687000
vt 0.47765000 0.10687000
vt 0.47765000 0.10687000
vt 0.47765000 0.10687000
vt 0.46998700 0.14503800
vt 0.46998700 0.14503800
vt 0.46998700 0.14503800
vt 0.46998700 0.14503800
vt 0.46998700 0.14503800
vt 0.46998700 0.14503800
vt 0.46998700 0.14503800
vt 0.45338400 0.15648900
vt 0.45338400 0.15648900
vt 0.45338400 0.15648900
vt 0.45338400 0.15648900
vt 0.45338400 0.15648900
vt 0.49042100 0.14122100
vt 0.49042100 0.14122100
vt 0.49042100 0.14122100
vt 0.49042100 0.14122100
vt 0.49042100 0.14122100
vt 0.47637300 0.14503800
vt 0.47637300 0.14503800
vt 0.47637300 0.14503800
vt 0.47637300 0.14503800
vt 0.47637300 0.14503800
vt 0.47637300 0.14503800
vt 0.47637300 0.14503800
vt 0.48275900 0.32824400
vt 0.48275900 0.32824400
vt 0.48275900 0.32824400
vt 0.48275900 0.32824400
vt 0.48275900 0.32824400
vt 0.47126400 0.32824400
vt 0.47126400 0.32824400
vt 0.47126400 0.32824400
vt 0.47126400 0.32824400
vt 0.47126400 0.32824400
vt 0.47126400 0.32824400
vt 0.47637300 0.29771000
vt 0.47637300 0.29771000
vt 0.47637300 0.29771000
vt 0.47637300 0.29771000
vt 0.34610500 0.25572500
vt 0.34610500 0.25572500
vt 0.41890200 0.23664100
vt 0.41890200 0.23664100
vt 0.41890200 0.23664100
vt 0.34610500 0.25572500
vt 0.41634700 0.20992400
vt 0.41634700 0.20992400
vt 0.41634700 0.20992400
vt 0.34738200 0.23282400
vt 0.34738200 0.23282400
vt 0.34738200 0.23282400
vt 0.42911900 0.21755700
vt 0.42911900 0.21755700
vt 0.42911900 0.21755700
vt 0.42911900 0.21755700
vt 0.42911900 0.21755700
vt 0.42911900 0.21755700
vt 0.42911900 0.21755700
vt 0.42911900 0.21755700
vt 0.42911900 0.21755700
vt 0.42911900 0.21755700
vt 0.42401000 0.27480900
vt 0.42401000 0.27480900
vt 0.42401000 0.27480900
vt 0.42401000 0.27480900
vt 0.42401000 0.27480900
vt 0.42401000 0.27480900
vt 0.43422700 0.25954200
vt 0.43422700 0.25954200
vt 0.43422700 0.25954200
vt 0.43422700 0.25954200
vt 0.45721600 0.19084000
vt 0.45721600 0.19084000
vt 0.45721600 0.19084000
vt 0.45721600 0.19084000
vt 0.45721600 0.19084000
vt 0.45721600 0.19084000
vt 0.45721600 0.19084000
vt 0.44955300 0.19847300
vt 0.44955300 0.19847300
vt 0.44955300 0.19847300
vt 0.44955300 0.19847300
vt 0.44955300 0.19847300
vt 0.44955300 0.19847300
vt 0.45338400 0.15648900
vt 0.45338400 0.15648900
vt 0.45338400 0.15648900
vt 0.45338400 0.15648900
vt 0.45338400 0.15648900
vt 0.45338400 0.15648900
vt 0.44699900 0.24427500
vt 0.44699900 0.24427500
vt 0.44699900 0.24427500
vt 0.44699900 0.24427500
vt 0.44699900 0.24427500
vt 0.44699900 0.24427500
vt 0.44061300 0.25190800
vt 0.44061300 0.25190800
vt 0.44061300 0.25190800
vt 0.44061300 0.25190800
vt 0.44061300 0.25190800
vt 0.44061300 0.25190800
vt 0.44061300 0.25190800
vt 0.44572200 0.22900800
vt 0.44572200 0.22900800
vt 0.44572200 0.22900800
vt 0.44572200 0.22900800
vt 0.44572200 0.22900800
vt 0.44572200 0.22900800
vt 0.46232400 0.23282400
vt 0.46232400 0.23282400
vt 0.46232400 0.23282400
vt 0.46232400 0.23282400
vt 0.46232400 0.23282400
vt 0.46232400 0.23282400
vt 0.44189000 0.20229000
vt 0.44189000 0.20229000
vt 0.44189000 0.20229000
vt 0.44189000 0.20229000
vt 0.43039600 0.31679400
vt 0.33716500 0.34351100
vt 0.43039600 0.31679400
vt 0.43039600 0.31679400
vt 0.43039600 0.31679400
vt 0.33716500 0.34351100
vt 0.43039600 0.31679400
vt 0.42784200 0.29771000
vt 0.33971900 0.32442700
vt 0.42784200 0.29771000
vt 0.42784200 0.29771000
vt 0.42784200 0.29771000
vt 0.42784200 0.29771000
vt 0.44189000 0.30152700
vt 0.44189000 0.30152700
vt 0.44189000 0.30152700
vt 0.44189000 0.30152700
vt 0.44189000 0.30152700
vt 0.44189000 0.30152700
vt 0.44189000 0.30152700
vt 0.44189000 0.30152700
vt 0.43678200 0.27099200
vt 0.43678200 0.27099200
vt 0.43678200 0.27099200
vt 0.43678200 0.27099200
vt 0.43678200 0.27099200
vt 0.33205600 0.38931300
vt 0.43805900 0.35877900
vt 0.43805900 0.35877900
vt 0.43805900 0.35877900
vt 0.44955300 0.34351100
vt 0.44955300 0.34351100
vt 0.44955300 0.34351100
vt 0.44955300 0.34351100
vt 0.44316700 0.35114500
vt 0.44316700 0.35114500
vt 0.44316700 0.35114500
vt 0.44316700 0.35114500
vt 0.44316700 0.35114500
vt 0.44316700 0.35114500
vt 0.44316700 0.35114500
vt 0.44316700 0.35114500
vt 0.44699900 0.33206100
vt 0.44699900 0.33206100
vt 0.44699900 0.33206100
vt 0.44699900 0.33206100
vt 0.44699900 0.33206100
vt 0.45466200 0.28626000
vt 0.45466200 0.28626000
vt 0.45466200 0.28626000
vt 0.45466200 0.28626000
vt 0.45466200 0.28626000
vt 0.47126400 0.27862600
vt 0.47126400 0.27862600
vt 0.47126400 0.27862600
vt 0.47126400 0.27862600
vt 0.47126400 0.27862600
vt 0.47126400 0.27862600
vt 0.47126400 0.27862600
vt 0.47126400 0.27862600
vt 0.45721600 0.28626000
vt 0.45721600 0.28626000
vt 0.45721600 0.28626000
vt 0.45721600 0.28626000
vt 0.45721600 0.28626000
vt 0.45721600 0.28626000
vt 0.46487900 0.24809200
vt 0.46487900 0.24809200
vt 0.46487900 0.24809200
vt 0.46487900 0.24809200
vt 0.46487900 0.24809200
vt 0.46360200 0.33206100
vt 0.46360200 0.33206100
vt 0.46360200 0.33206100
vt 0.46360200 0.33206100
vt 0.46360200 0.33206100
vt 0.46360200 0.33206100
vt 0.46360200 0.33206100
vt 0.46360200 0.33206100
vt 0.45593900 0.29389300
vt 0.45593900 0.29389300
vt 0.45593900 0.29389300
vt 0.45593900 0.29389300
vt 0.45593900 0.29389300
vt 0.49680700 0.18320600
vt 0.49680700 0.18320600
vt 0.49680700 0.18320600
vt 0.49680700 0.18320600
vt 0.49680700 0.18320600
vt 0.49169900 0.18320600
vt 0.49169900 0.18320600
vt 0.49169900 0.18320600
vt 0.49169900 0.18320600
vt 0.49169900 0.18320600
vt 0.49169900 0.18320600
vt 0.49297600 0.16412200
vt 0.49297600 0.16412200
vt 0.49297600 0.16412200
vt 0.49297600 0.16412200
vt 0.49297600 0.16412200
vt 0.49297600 0.16412200
vt 0.49297600 0.16412200
vt 0.49297600 0.16412200
vt 0.50830100 0.23282400
vt 0.50830100 0.23282400
vt 0.50830100 0.23282400
vt 0.50830100 0.23282400
vt 0.50830100 0.23282400
vt 0.50830100 0.23282400
vt 0.50830100 0.23282400
vt 0.50830100 0.23282400
vt 0.50191600 0.23282400
vt 0.50191600 0.23282400
vt 0.50191600 0.23282400
vt 0.50191600 0.23282400
vt 0.50191600 0.23282400
vt 0.50191600 0.23282400
vt 0.50447000 0.21755700
vt 0.50447000 0.21755700
vt 0.50447000 0.21755700
vt 0.50447000 0.21755700
vt 0.50447000 0.21755700
vt 0.48659000 0.22900800
vt 0.48659000 0.22900800
vt 0.48659000 0.22900800
vt 0.48659000 0.22900800
vt 0.48659000 0.22900800
vt 0.48659000 0.22900800
vt 0.53256700 0.20610700
vt 0.53256700 0.20610700
vt 0.53256700 0.20610700
vt 0.53256700 0.20610700
vt 0.53256700 0.20610700
vt 0.53256700 0.20610700
vt 0.52107300 0.19465600
vt 0.52107300 0.19465600
vt 0.52107300 0.19465600
vt 0.52107300 0.19465600
vt 0.52107300 0.19465600
vt 0.52107300 0.19465600
vt 0.52235000 0.17175600
vt 0.52235000 0.17175600
vt 0.52235000 0.17175600
vt 0.52235000 0.17175600
vt 0.52235000 0.17175600
vt 0.52235000 0.17175600
vt 0.53384400 0.20610700
vt 0.53384400 0.20610700
vt 0.53384400 0.20610700
vt 0.53384400 0.20610700
vt 0.53001300 0.24809200
vt 0.53001300 0.24809200
vt 0.53001300 0.24809200
vt 0.53001300 0.24809200
vt 0.53001300 0.24809200
vt 0.53001300 0.24809200
vt 0.53001300 0.24809200
vt 0.53001300 0.24809200
vt 0.53001300 0.24809200
vt 0.53384400 0.20610700
vt 0.53384400 0.20610700
vt 0.53384400 0.20610700
vt 0.53384400 0.20610700
vt 0.53384400 0.20610700
vt 0.51596400 0.24045800
vt 0.51596400 0.24045800
vt 0.51596400 0.24045800
vt 0.51596400 0.24045800
vt 0.50702400 0.18702300
vt 0.50702400 0.18702300
vt 0.50702400 0.18702300
vt 0.50702400 0.18702300
vt 0.50702400 0.18702300
vt 0.50702400 0.18702300
vt 0.50702400 0.18702300
vt 0.50702400 0.18702300
vt 0.53001300 0.29771000
vt 0.53001300 0.29771000
vt 0.53001300 0.29771000
vt 0.53001300 0.29771000
vt 0.53001300 0.29771000
vt 0.53001300 0.29771000
vt 0.53001300 0.29771000
vt 0.53001300 0.29771000
vt 0.52490400 0.29389300
vt 0.52490400 0.29389300
vt 0.52490400 0.29389300
vt 0.52490400 0.29389300
vt 0.52490400 0.28626000
vt 0.52490400 0.28626000
vt 0.52490400 0.28626000
vt 0.52490400 0.28626000
vt 0.52490400 0.28626000
vt 0.51085600 0.28626000
vt 0.51085600 0.28626000
vt 0.51085600 0.28626000
vt 0.51085600 0.28626000
vt 0.51085600 0.28626000
vt 0.51085600 0.28626000
vt 0.51085600 0.28626000
vt 0.51085600 0.28626000
vt 0.51085600 0.28626000
vt 0.51468700 0.25572500
vt 0.51468700 0.25572500
vt 0.51468700 0.25572500
vt 0.51468700 0.25572500
vt 0.51468700 0.25572500
vt 0.50830100 0.33206100
vt 0.50830100 0.33206100
vt 0.50830100 0.33206100
vt 0.50830100 0.33206100
vt 0.50830100 0.33206100
vt 0.50830100 0.33206100
vt 0.50574700 0.33206100
vt 0.50574700 0.33206100
vt 0.50574700 0.33206100
vt 0.50574700 0.33206100
vt 0.50574700 0.32442700
vt 0.50574700 0.32442700
vt 0.50574700 0.32442700
vt 0.50574700 0.32442700
vt 0.50574700 0.32442700
vt 0.51979600 0.33969500
vt 0.51979600 0.33969500
vt 0.51979600 0.33969500
vt 0.51979600 0.33969500
vt 0.51979600 0.33969500
vt 0.51979600 0.33969500
vt 0.51979600 0.33969500
vt 0.49425300 0.27862600
vt 0.49425300 0.27862600
vt 0.49425300 0.27862600
vt 0.49425300 0.27862600
vt 0.49425300 0.27862600
vt 0.49425300 0.27862600
vt 0.47892700 0.27862600
vt 0.47892700 0.27862600
vt 0.47892700 0.27862600
vt 0.47892700 0.27862600
vt 0.47892700 0.27862600
vt 0.47892700 0.27862600
vt 0.47892700 0.27862600
vt 0.48403600 0.24427500
vt 0.48403600 0.24427500
vt 0.48403600 0.24427500
vt 0.48403600 0.24427500
vt 0.48403600 0.24427500
vt 0.49553000 0.27862600
vt 0.49553000 0.27862600
vt 0.49553000 0.27862600
vt 0.49553000 0.27862600
vt 0.49553000 0.27862600
vt 0.48914400 0.32824400
vt 0.48914400 0.32824400
vt 0.48914400 0.32824400
vt 0.48914400 0.32824400
vt 0.48914400 0.32824400
vt 0.48914400 0.32824400
vt 0.48914400 0.32824400
vt 0.48914400 0.32824400
vt 0.49553000 0.28244300
vt 0.49553000 0.28244300
vt 0.49553000 0.28244300
vt 0.49553000 0.28244300
vt 0.49553000 0.28244300
vt 0.47381900 0.18320600
vt 0.47381900 0.18320600
vt 0.47381900 0.18320600
vt 0.47381900 0.18320600
vt 0.47254200 0.18320600
vt 0.47254200 0.18320600
vt 0.47254200 0.18320600
vt 0.47254200 0.18320600
vt 0.47254200 0.18320600
vt 0.47381900 0.18320600
vt 0.47381900 0.18320600
vt 0.47381900 0.18320600
vt 0.47381900 0.18320600
vt 0.47381900 0.18320600
vt 0.47381900 0.18320600
vt 0.47381900 0.18320600
vt 0.48020400 0.22519100
vt 0.48020400 0.22519100
vt 0.48020400 0.22519100
vt 0.48020400 0.22519100
vt 0.48020400 0.22519100
vt 0.48020400 0.22519100
vt 0.48020400 0.22519100
vt 0.48020400 0.22519100
vt 0.46743300 0.22900800
vt 0.46743300 0.22900800
vt 0.46743300 0.22900800
vt 0.46743300 0.22900800
vt 0.46743300 0.22900800
vt 0.46743300 0.22900800
vt 0.46871000 0.37404600
vt 0.46871000 0.37404600
vt 0.46871000 0.37404600
vt 0.46871000 0.37404600
vt 0.46871000 0.37404600
vt 0.46871000 0.37404600
vt 0.46615600 0.37404600
vt 0.46615600 0.37404600
vt 0.46615600 0.37404600
vt 0.46615600 0.37404600
vt 0.46615600 0.37404600
vt 0.46743300 0.35496200
vt 0.46743300 0.35496200
vt 0.46743300 0.35496200
vt 0.46743300 0.35496200
vt 0.46743300 0.35496200
vt 0.46743300 0.35496200
vt 0.48914400 0.37022900
vt 0.48914400 0.37022900
vt 0.48914400 0.37022900
vt 0.48914400 0.37022900
vt 0.48914400 0.37022900
vt 0.48531300 0.37022900
vt 0.48531300 0.37022900
vt 0.48531300 0.37022900
vt 0.48531300 0.37022900
vt 0.48659000 0.35496200
vt 0.48659000 0.35496200
vt 0.48659000 0.35496200
vt 0.48659000 0.35496200
vt 0.48659000 0.35496200
vt 0.48659000 0.35496200
vt 0.48659000 0.35496200
vt 0.48659000 0.35496200
vt 0.47126400 0.40839700
vt 0.47126400 0.40839700
vt 0.47126400 0.40839700
vt 0.47126400 0.40839700
vt 0.47126400 0.40839700
vt 0.47126400 0.40839700
vt 0.46360200 0.41221400
vt 0.46360200 0.41221400
vt 0.46360200 0.41221400
vt 0.46360200 0.41221400
vt 0.46360200 0.41221400
vt 0.46360200 0.41221400
vt 0.49169900 0.40458000
vt 0.49169900 0.40458000
vt 0.49169900 0.40458000
vt 0.49169900 0.40458000
vt 0.49169900 0.40458000
vt 0.49169900 0.40458000
vt 0.48531300 0.40458000
vt 0.48531300 0.40458000
vt 0.48531300 0.40458000
vt 0.48531300 0.40458000
vt 0.48531300 0.40458000
vt 0.48531300 0.40458000
vt 0.47126400 0.44274800
vt 0.47126400 0.44274800
vt 0.47126400 0.44274800
vt 0.47126400 0.44274800
vt 0.47126400 0.44274800
vt 0.47126400 0.44274800
vt 0.47126400 0.44274800
vt 0.46360200 0.44656500
vt 0.46360200 0.44656500
vt 0.46360200 0.44656500
vt 0.46360200 0.44656500
vt 0.46360200 0.44656500
vt 0.49297600 0.44274800
vt 0.49297600 0.44274800
vt 0.49297600 0.44274800
vt 0.49297600 0.44274800
vt 0.49297600 0.44274800
vt 0.49297600 0.44274800
vt 0.48403600 0.43893100
vt 0.48403600 0.43893100
vt 0.48403600 0.43893100
vt 0.48403600 0.43893100
vt 0.48403600 0.43893100
vt 0.48403600 0.43893100
vt 0.32822500 0.42748100
vt 0.44189000 0.40076300
vt 0.44189000 0.40076300
vt 0.44189000 0.40076300
vt 0.32822500 0.42748100
vt 0.44189000 0.40076300
vt 0.32822500 0.42748100
vt 0.33077900 0.39694700
vt 0.33077900 0.39694700
vt 0.33077900 0.39694700
vt 0.43933600 0.36641200
vt 0.43933600 0.36641200
vt 0.45466200 0.38549600
vt 0.45466200 0.38549600
vt 0.45466200 0.38549600
vt 0.45466200 0.38549600
vt 0.45466200 0.38549600
vt 0.45466200 0.38549600
vt 0.45466200 0.38549600
vt 0.45466200 0.38549600
vt 0.45466200 0.38549600
vt 0.44316700 0.43511500
vt 0.44316700 0.43511500
vt 0.44316700 0.43511500
vt 0.44316700 0.43511500
vt 0.44316700 0.43511500
vt 0.44316700 0.43511500
vt 0.45593900 0.41984700
vt 0.45593900 0.41984700
vt 0.45593900 0.41984700
vt 0.45593900 0.41984700
vt 0.45593900 0.41984700
vt 0.44316700 0.46564900
vt 0.44316700 0.46564900
vt 0.44316700 0.46564900
vt 0.32822500 0.49618300
vt 0.44316700 0.46564900
vt 0.44316700 0.46564900
vt 0.45593900 0.45419800
vt 0.45593900 0.45419800
vt 0.45593900 0.45419800
vt 0.45593900 0.45419800
vt 0.45593900 0.45419800
vt 0.45593900 0.45419800
vt 0.51979600 0.38167900
vt 0.51979600 0.38167900
vt 0.51979600 0.38167900
vt 0.51979600 0.38167900
vt 0.51979600 0.38167900
vt 0.51979600 0.38167900
vt 0.51979600 0.38167900
vt 0.51979600 0.38167900
vt 0.51724100 0.37786300
vt 0.51724100 0.37786300
vt 0.51724100 0.37786300
vt 0.51724100 0.37786300
vt 0.51724100 0.37022900
vt 0.51724100 0.37022900
vt 0.51724100 0.37022900
vt 0.51724100 0.37022900
vt 0.51724100 0.37022900
vt 0.50319300 0.37022900
vt 0.50319300 0.37022900
vt 0.50319300 0.37022900
vt 0.50319300 0.37022900
vt 0.50319300 0.37022900
vt 0.50319300 0.37022900
vt 0.50319300 0.37022900
vt 0.50319300 0.37022900
vt 0.50319300 0.37022900
vt 0.50319300 0.37022900
vt 0.51596400 0.41603100
vt 0.51596400 0.41603100
vt 0.51596400 0.41603100
vt 0.51596400 0.41603100
vt 0.51596400 0.41603100
vt 0.51596400 0.41603100
vt 0.51596400 0.41603100
vt 0.50191600 0.40839700
vt 0.50191600 0.40839700
vt 0.50191600 0.40839700
vt 0.50191600 0.40839700
vt 0.50191600 0.40839700
vt 0.50191600 0.40839700
vt 0.51468700 0.45038200
vt 0.51468700 0.45038200
vt 0.51468700 0.45038200
vt 0.51468700 0.45038200
vt 0.51468700 0.45038200
vt 0.51468700 0.45038200
vt 0.50063900 0.44274800
vt 0.50063900 0.44274800
vt 0.50063900 0.44274800
vt 0.50063900 0.44274800
vt 0.50063900 0.44274800
vt 0.50063900 0.44274800
vt 0.47254200 0.51145000
vt 0.47254200 0.51145000
vt 0.47254200 0.51145000
vt 0.47254200 0.51145000
vt 0.46487900 0.51526700
vt 0.46487900 0.51526700
vt 0.46487900 0.51526700
vt 0.46487900 0.51526700
vt 0.46487900 0.51526700
vt 0.46487900 0.51526700
vt 0.46487900 0.51526700
vt 0.49553000 0.51145000
vt 0.49553000 0.51145000
vt 0.49553000 0.51145000
vt 0.49553000 0.51145000
vt 0.49553000 0.51145000
vt 0.49553000 0.51145000
vt 0.48403600 0.51145000
vt 0.48403600 0.51145000
vt 0.48403600 0.51145000
vt 0.48403600 0.51145000
vt 0.48403600 0.51145000
vt 0.48403600 0.51145000
vt 0.48403600 0.51145000
vt 0.47254200 0.54580200
vt 0.47254200 0.54580200
vt 0.47254200 0.54580200
vt 0.47254200 0.54580200
vt 0.47254200 0.54580200
vt 0.47254200 0.54580200
vt 0.46487900 0.54580200
vt 0.46487900 0.54580200
vt 0.46487900 0.54580200
vt 0.46487900 0.54580200
vt 0.46487900 0.54580200
vt 0.49680700 0.54580200
vt 0.49680700 0.54580200
vt 0.49680700 0.54580200
vt 0.49680700 0.54580200
vt 0.49680700 0.54580200
vt 0.49680700 0.54580200
vt 0.48403600 0.54198500
vt 0.48403600 0.54198500
vt 0.48403600 0.54198500
vt 0.48403600 0.54198500
vt 0.48403600 0.54198500
vt 0.48403600 0.54198500
vt 0.47381900 0.58015300
vt 0.47381900 0.58015300
vt 0.47381900 0.58015300
vt 0.47381900 0.58015300
vt 0.47381900 0.58015300
vt 0.47381900 0.58015300
vt 0.46487900 0.58396900
vt 0.46487900 0.58396900
vt 0.46487900 0.58396900
vt 0.46487900 0.58396900
vt 0.46487900 0.58396900
vt 0.46487900 0.58396900
vt 0.49680700 0.58015300
vt 0.49680700 0.58015300
vt 0.49680700 0.58015300
vt 0.49680700 0.58015300
vt 0.49680700 0.58015300
vt 0.49680700 0.58015300
vt 0.48531300 0.57633600
vt 0.48531300 0.57633600
vt 0.48531300 0.57633600
vt 0.48531300 0.57633600
vt 0.48531300 0.57633600
vt 0.48531300 0.57633600
vt 0.47509600 0.61450400
vt 0.47509600 0.61450400
vt 0.47509600 0.61450400
vt 0.47509600 0.61450400
vt 0.47509600 0.61450400
vt 0.47509600 0.61450400
vt 0.47509600 0.61450400
vt 0.46360200 0.61832100
vt 0.46360200 0.61832100
vt 0.46360200 0.61832100
vt 0.46360200 0.61832100
vt 0.46360200 0.61832100
vt 0.49936100 0.61450400
vt 0.49936100 0.61450400
vt 0.49936100 0.61450400
vt 0.49936100 0.61450400
vt 0.49936100 0.61450400
vt 0.48403600 0.61450400
vt 0.48403600 0.61450400
vt 0.48403600 0.61450400
vt 0.48403600 0.61450400
vt 0.48403600 0.61450400
vt 0.48403600 0.61450400
vt 0.48403600 0.61450400
vt 0.32950200 0.56488500
vt 0.44316700 0.53435100
vt 0.44316700 0.53435100
vt 0.44316700 0.53435100
vt 0.44316700 0.53435100
vt 0.32950200 0.56488500
vt 0.45593900 0.51908400
vt 0.45593900 0.51908400
vt 0.45593900 0.51908400
vt 0.45593900 0.51908400
vt 0.45593900 0.51908400
vt 0.45593900 0.51908400
vt 0.45593900 0.51908400
vt 0.44444400 0.56870200
vt 0.44444400 0.56870200
vt 0.44444400 0.56870200
vt 0.44444400 0.56870200
vt 0.44444400 0.56870200
vt 0.44444400 0.56870200
vt 0.45721600 0.55343500
vt 0.45721600 0.55343500
vt 0.45721600 0.55343500
vt 0.45721600 0.55343500
vt 0.45721600 0.55343500
vt 0.45721600 0.55343500
vt 0.45721600 0.55343500
vt 0.44444400 0.60305300
vt 0.44444400 0.60305300
vt 0.44444400 0.60305300
vt 0.44444400 0.60305300
vt 0.44444400 0.60305300
vt 0.44444400 0.60305300
vt 0.45721600 0.58778600
vt 0.45721600 0.58778600
vt 0.45721600 0.58778600
vt 0.45721600 0.58778600
vt 0.45721600 0.58778600
vt 0.45721600 0.58778600
vt 0.44444400 0.63740500
vt 0.44444400 0.63740500
vt 0.44444400 0.63740500
vt 0.44444400 0.63740500
vt 0.44444400 0.63740500
vt 0.44444400 0.63740500
vt 0.44444400 0.63740500
vt 0.45849300 0.62213700
vt 0.45849300 0.62213700
vt 0.45849300 0.62213700
vt 0.45849300 0.62213700
vt 0.51468700 0.52290100
vt 0.51468700 0.52290100
vt 0.51468700 0.52290100
vt 0.51468700 0.52290100
vt 0.51468700 0.52290100
vt 0.51468700 0.52290100
vt 0.50063900 0.51526700
vt 0.50063900 0.51526700
vt 0.50063900 0.51526700
vt 0.50063900 0.51526700
vt 0.50063900 0.51526700
vt 0.50063900 0.51526700
vt 0.51468700 0.55725200
vt 0.51468700 0.55725200
vt 0.51468700 0.55725200
vt 0.51468700 0.55725200
vt 0.51468700 0.55725200
vt 0.51468700 0.55725200
vt 0.50063900 0.54580200
vt 0.50063900 0.54580200
vt 0.50063900 0.54580200
vt 0.50063900 0.54580200
vt 0.50063900 0.54580200
vt 0.50063900 0.54580200
vt 0.51468700 0.59160300
vt 0.51468700 0.59160300
vt 0.51468700 0.59160300
vt 0.51468700 0.59160300
vt 0.51468700 0.59160300
vt 0.51468700 0.59160300
vt 0.50063900 0.58015300
vt 0.50063900 0.58015300
vt 0.50063900 0.58015300
vt 0.50063900 0.58015300
vt 0.50063900 0.58015300
vt 0.50063900 0.58015300
vt 0.51341000 0.62595400
vt 0.51341000 0.62595400
vt 0.51341000 0.62595400
vt 0.51341000 0.62595400
vt 0.51341000 0.62595400
vt 0.51341000 0.62595400
vt 0.51341000 0.62595400
vt 0.51341000 0.62595400
vt 0.50063900 0.61832100
vt 0.50063900 0.61832100
vt 0.50063900 0.61832100
vt 0.50063900 0.61832100
vt 0.45977000 0.66030500
vt 0.45977000 0.66030500
vt 0.45977000 0.66030500
vt 0.45977000 0.66030500
vt 0.45977000 0.66030500
vt 0.45849300 0.66030500
vt 0.45849300 0.66030500
vt 0.45849300 0.66030500
vt 0.45849300 0.66030500
vt 0.45849300 0.66030500
vt 0.45977000 0.65267200
vt 0.45977000 0.65267200
vt 0.45977000 0.65267200
vt 0.45977000 0.65267200
vt 0.45977000 0.65267200
vt 0.45977000 0.65267200
vt 0.45977000 0.65267200
vt 0.45977000 0.65267200
vt 0.46360200 0.69847300
vt 0.46360200 0.69847300
vt 0.46360200 0.69847300
vt 0.46360200 0.69847300
vt 0.46360200 0.69847300
vt 0.46360200 0.69847300
vt 0.46360200 0.69847300
vt 0.46360200 0.69847300
vt 0.45338400 0.70610700
vt 0.45338400 0.70610700
vt 0.45338400 0.70610700
vt 0.45338400 0.70610700
vt 0.45338400 0.70610700
vt 0.50447000 0.65648900
vt 0.50447000 0.65648900
vt 0.50447000 0.65648900
vt 0.50447000 0.65648900
vt 0.50447000 0.65648900
vt 0.50447000 0.65648900
vt 0.49936100 0.65648900
vt 0.49936100 0.65648900
vt 0.49936100 0.65648900
vt 0.49936100 0.65648900
vt 0.49936100 0.65648900
vt 0.50063900 0.62977100
vt 0.50063900 0.62977100
vt 0.50063900 0.62977100
vt 0.50063900 0.62977100
vt 0.50063900 0.62977100
vt 0.50063900 0.62977100
vt 0.50063900 0.62977100
vt 0.51085600 0.70229000
vt 0.51085600 0.70229000
vt 0.51085600 0.70229000
vt 0.51085600 0.70229000
vt 0.51085600 0.70229000
vt 0.51085600 0.70229000
vt 0.51085600 0.68702300
vt 0.51085600 0.68702300
vt 0.51085600 0.68702300
vt 0.51085600 0.68702300
vt 0.51085600 0.68702300
vt 0.51085600 0.68702300
vt 0.49680700 0.69465600
vt 0.49680700 0.69465600
vt 0.49680700 0.69465600
vt 0.49680700 0.69465600
vt 0.49680700 0.69465600
vt 0.49680700 0.69465600
vt 0.49680700 0.69465600
vt 0.49680700 0.69465600
vt 0.49680700 0.69465600
vt 0.47892700 0.65267200
vt 0.47892700 0.65267200
vt 0.47892700 0.65267200
vt 0.47892700 0.65267200
vt 0.47892700 0.65267200
vt 0.47892700 0.65267200
vt 0.48275900 0.65267200
vt 0.48275900 0.65267200
vt 0.48275900 0.65267200
vt 0.48275900 0.65267200
vt 0.48275900 0.65267200
vt 0.48275900 0.69465600
vt 0.48275900 0.69465600
vt 0.48275900 0.69465600
vt 0.48275900 0.69465600
vt 0.48275900 0.69465600
vt 0.47892700 0.69465600
vt 0.47892700 0.69465600
vt 0.47892700 0.69465600
vt 0.47892700 0.69465600
vt 0.48020400 0.67175600
vt 0.48020400 0.67175600
vt 0.48020400 0.67175600
vt 0.48020400 0.67175600
vt 0.48020400 0.67175600
vt 0.48020400 0.67175600
vt 0.48020400 0.67175600
vt 0.48020400 0.67175600
vt 0.45210700 0.74809200
vt 0.45210700 0.74809200
vt 0.45210700 0.74809200
vt 0.45210700 0.74809200
vt 0.31928500 0.76717600
vt 0.44444400 0.75954200
vt 0.44444400 0.75954200
vt 0.44444400 0.75954200
vt 0.44444400 0.75954200
vt 0.44444400 0.75954200
vt 0.44444400 0.75954200
vt 0.45083000 0.72900800
vt 0.45083000 0.72900800
vt 0.45083000 0.72900800
vt 0.45083000 0.72900800
vt 0.45083000 0.72900800
vt 0.45083000 0.72900800
vt 0.45083000 0.72900800
vt 0.46743300 0.73664100
vt 0.46743300 0.73664100
vt 0.46743300 0.73664100
vt 0.46743300 0.73664100
vt 0.46743300 0.73664100
vt 0.46743300 0.73664100
vt 0.46743300 0.73664100
vt 0.45593900 0.79007600
vt 0.45593900 0.79007600
vt 0.45593900 0.79007600
vt 0.45593900 0.79007600
vt 0.45593900 0.79007600
vt 0.45593900 0.79007600
vt 0.45593900 0.79007600
vt 0.45593900 0.79007600
vt 0.45593900 0.79007600
vt 0.46998700 0.77480900
vt 0.46998700 0.77480900
vt 0.46998700 0.77480900
vt 0.46998700 0.77480900
vt 0.50830100 0.74045800
vt 0.50830100 0.74045800
vt 0.50830100 0.74045800
vt 0.50830100 0.74045800
vt 0.50830100 0.74045800
vt 0.50830100 0.74045800
vt 0.49425300 0.73664100
vt 0.49425300 0.73664100
vt 0.49425300 0.73664100
vt 0.49425300 0.73664100
vt 0.49425300 0.73664100
vt 0.49169900 0.77480900
vt 0.49169900 0.77480900
vt 0.49169900 0.77480900
vt 0.49169900 0.77480900
vt 0.49169900 0.77480900
vt 0.49042100 0.77480900
vt 0.49042100 0.77480900
vt 0.49042100 0.77480900
vt 0.49042100 0.77480900
vt 0.49042100 0.77480900
vt 0.49297600 0.76717600
vt 0.49297600 0.76717600
vt 0.49297600 0.76717600
vt 0.49297600 0.76717600
vt 0.49297600 0.76717600
vt 0.49297600 0.76717600
vt 0.49297600 0.76717600
vt 0.50574700 0.78244300
vt 0.50574700 0.78244300
vt 0.50574700 0.78244300
vt 0.50574700 0.78244300
vt 0.50574700 0.78244300
vt 0.50574700 0.78244300
vt 0.50574700 0.78244300
vt 0.48786700 0.73282400
vt 0.48786700 0.73282400
vt 0.48786700 0.73282400
vt 0.48786700 0.73282400
vt 0.48786700 0.73282400
vt 0.47509600 0.73282400
vt 0.47509600 0.73282400
vt 0.47509600 0.73282400
vt 0.47509600 0.73282400
vt 0.47509600 0.73282400
vt 0.47509600 0.73282400
vt 0.47509600 0.73282400
vt 0.47254200 0.77480900
vt 0.47254200 0.77480900
vt 0.47254200 0.77480900
vt 0.47254200 0.77480900
vt 0.47254200 0.77480900
vt 0.47254200 0.77480900
vt 0.44699900 0.67557300
vt 0.44699900 0.67557300
vt 0.44699900 0.67557300
vt 0.44699900 0.67557300
vt 0.44699900 0.67557300
vt 0.44699900 0.67557300
vt 0.44699900 0.67557300
vt 0.44955300 0.70992400
vt 0.44955300 0.70992400
vt 0.44955300 0.70992400
vt 0.44955300 0.70992400
vt 0.51213300 0.66412200
vt 0.51213300 0.66412200
vt 0.51213300 0.66412200
vt 0.51213300 0.66412200
vt 0.48403600 0.86259500
vt 0.48403600 0.86259500
vt 0.48403600 0.86259500
vt 0.48403600 0.86259500
vt 0.48403600 0.86259500
vt 0.48403600 0.86259500
vt 0.48148100 0.86259500
vt 0.48148100 0.86259500
vt 0.48148100 0.86259500
vt 0.48148100 0.86259500
vt 0.48275900 0.85877900
vt 0.48275900 0.85877900
vt 0.48275900 0.85877900
vt 0.48275900 0.85877900
vt 0.48275900 0.85877900
vt 0.45977000 0.82824400
vt 0.45977000 0.82824400
vt 0.45977000 0.82824400
vt 0.45977000 0.82824400
vt 0.47509600 0.81679400
vt 0.47509600 0.81679400
vt 0.47509600 0.81679400
vt 0.47509600 0.81679400
vt 0.47509600 0.81679400
vt 0.46743300 0.82061100
vt 0.46743300 0.82061100
vt 0.46743300 0.82061100
vt 0.46743300 0.82061100
vt 0.46743300 0.82061100
vt 0.46743300 0.82061100
vt 0.47126400 0.78626000
vt 0.47126400 0.78626000
vt 0.47126400 0.78626000
vt 0.47126400 0.78626000
vt 0.47126400 0.78626000
vt 0.47126400 0.78626000
vt 0.47126400 0.78626000
vt 0.46743300 0.87022900
vt 0.46743300 0.87022900
vt 0.46743300 0.87022900
vt 0.46743300 0.87022900
vt 0.46743300 0.87022900
vt 0.46743300 0.87022900
vt 0.46743300 0.87022900
vt 0.46743300 0.87022900
vt 0.46232400 0.84732800
vt 0.46232400 0.84732800
vt 0.46232400 0.84732800
vt 0.46232400 0.84732800
vt 0.46232400 0.84732800
vt 0.50574700 0.82442700
vt 0.50574700 0.82442700
vt 0.50574700 0.82442700
vt 0.50574700 0.82442700
vt 0.50574700 0.82442700
vt 0.50574700 0.82442700
vt 0.50574700 0.82442700
vt 0.50319300 0.82442700
vt 0.50319300 0.82442700
vt 0.50319300 0.82442700
vt 0.50319300 0.82442700
vt 0.50319300 0.82061100
vt 0.50319300 0.82061100
vt 0.50319300 0.82061100
vt 0.50319300 0.82061100
vt 0.50319300 0.82061100
vt 0.48786700 0.81679400
vt 0.48786700 0.81679400
vt 0.48786700 0.81679400
vt 0.48786700 0.81679400
vt 0.48786700 0.81679400
vt 0.48786700 0.81679400
vt 0.48786700 0.81679400
vt 0.48786700 0.81679400
vt 0.48786700 0.81679400
vt 0.65645000 0.90839700
vt 0.49680700 0.87022900
vt 0.49680700 0.87022900
vt 0.49680700 0.87022900
vt 0.49680700 0.87022900
vt 0.49680700 0.87022900
vt 0.49680700 0.87022900
vt 0.49680700 0.87022900
vt 0.10217100 0.89313000
vt 0.48403600 0.92748100
vt 0.48403600 0.92748100
vt 0.10217100 0.89313000
vt 0.10217100 0.89313000
vt 0.10217100 0.89313000
vt 0.47381900 0.90076300
vt 0.47381900 0.90076300
vt 0.47381900 0.90076300
vt 0.47381900 0.90076300
vt 0.10855700 0.87022900
vt 0.10855700 0.87022900
vt 0.47381900 0.90076300
vt 0.47381900 0.90076300
vt 0.10217100 0.90076300
vt 0.48531300 0.92748100
vt 0.10217100 0.90076300
vt 0.10217100 0.90076300
vt 0.48531300 0.92748100
vt 0.49425300 0.89313000
vt 0.49425300 0.89313000
vt 0.49425300 0.89313000
vt 0.49425300 0.89313000
vt 0.49425300 0.89313000
vt 0.49425300 0.89313000
vt 0.49425300 0.89313000
vt 0.10089400 0.89694700
vt 0.10089400 0.89694700
vt 0.10089400 0.89694700
vt 0.10089400 0.89694700
f 1057/1057 1069/1069 1059/1059
f 1073/1073 1082/1082 1075/1075
f 1231/1231 1079/1079 1084/1084
f 1232/1232 1086/1086 1090/1090
f 1243/1243 1089/1089 1070/1070
f 1066/1066 1053/1053 1249/1249
f 1091/1091 1244/1244 1235/1235
f 1096/1096 1107/1107 1102/1102
f 1103/1103 1106/1106 14/14
f 1099/1099 13/13 20/20
f 1373/1373 1060/1060 1065/1065
f 1377/1377 1063/1063 1115/1115
f 1363/1363 1376/1376 1113/1113
f 1116/1116 1110/1110 1364/1364
f 1401/1401 1112/1112 1117/1117
f 1400/1400 1114/1114 24/24
f 1403/1403 23/23 1/1
f 1100/1100 1118/1118 1068/1068
f 1093/1093 1101/1101 1067/1067
f 1064/1064 1087/1087 1095/1095
f 17/17 22/22 1119/1119
f 19/19 1120/1120 1104/1104
f 1123/1123 1134/1134 1126/1126
f 1125/1125 31/31 38/38
f 39/39 1135/1135 1124/1124
f 1475/1475 1137/1137 1146/1146
f 1149/1149 1085/1085 1471/1471
f 1083/1083 1072/1072 1468/1468
f 1127/1127 1092/1092 1081/1081
f 1132/1132 1080/1080 1141/1141
f 1128/1128 1148/1148 1122/1122
f 1526/1526 41/41 47/47
f 1525/1525 51/51 1147/1147
f 1142/1142 1138/1138 1535/1535
f 1145/1145 1536/1536 1524/1524
f 27/27 1121/1121 1144/1144
f 1143/1143 50/50 28/28
f 1131/1131 1136/1136 1152/1152
f 1098/1098 1130/1130 1151/1151
f 1154/1154 1105/1105 1097/1097
f 1156/1156 53/53 12/12
f 11/11 1108/1108 1157/1157
f 40/40 61/61 1153/1153
f 1150/1150 1133/1133 35/35
f 60/60 67/67 57/57
f 58/58 1155/1155 62/62
f 1094/1094 1088/1088 1129/1129
f 1164/1164 1160/1160 1056/1056
f 1055/1055 1061/1061 1168/1168
f 1174/1174 1186/1186 1179/1179
f 1190/1190 1177/1177 1182/1182
f 1181/1181 1159/1159 1166/1166
f 1183/1183 1165/1165 1191/1191
f 1203/1203 1071/1071 1077/1077
f 1200/1200 1078/1078 1206/1206
f 1210/1210 1218/1218 1213/1213
f 1219/1219 1229/1229 1196/1196
f 1201/1201 1204/1204 1224/1224
f 1225/1225 1222/1222 1211/1211
f 1238/1238 1236/1236 1245/1245
f 1241/1241 1246/1246 1250/1250
f 1158/1158 1253/1253 1247/1247
f 1248/1248 1054/1054 1161/1161
f 1205/1205 1076/1076 1234/1234
f 1208/1208 1233/1233 1237/1237
f 1176/1176 1214/1214 1221/1221
f 1185/1185 1220/1220 1242/1242
f 1239/1239 1252/1252 1184/1184
f 1223/1223 1187/1187 1172/1172
f 1162/1162 1188/1188 1251/1251
f 1240/1240 1217/1217 1207/1207
f 1180/1180 1257/1257 1173/1173
f 1270/1270 1263/1263 1260/1260
f 1255/1255 1178/1178 1189/1189
f 1256/1256 1192/1192 1269/1269
f 1277/1277 1265/1265 1272/1272
f 1278/1278 1271/1271 1284/1284
f 1216/1216 1294/1294 1212/1212
f 1293/1293 1301/1301 1227/1227
f 1228/1228 1209/1209 1295/1295
f 1298/1298 1289/1289 1307/1307
f 1320/1320 1313/1313 1297/1297
f 1300/1300 1308/1308 1316/1316
f 1258/1258 1324/1324 1291/1291
f 1292/1292 1215/1215 1171/1171
f 1290/1290 1175/1175 1259/1259
f 1323/1323 1261/1261 1331/1331
f 1328/1328 1254/1254 1264/1264
f 1306/1306 1288/1288 1325/1325
f 1333/1333 1326/1326 1330/1330
f 1335/1335 1329/1329 1341/1341
f 1342/1342 1327/1327 1266/1266
f 1340/1340 1262/1262 1279/1279
f 1332/1332 1321/1321 1304/1304
f 1305/1305 1322/1322 1334/1334
f 1345/1345 1356/1356 1350/1350
f 1371/1371 1349/1349 1353/1353
f 1357/1357 1362/1362 1372/1372
f 1361/1361 1109/1109 1366/1366
f 1358/1358 1170/1170 1058/1058
f 1062/1062 1375/1375 1355/1355
f 1169/1169 1359/1359 1347/1347
f 1360/1360 1354/1354 1374/1374
f 1391/1391 1382/1382 1344/1344
f 1346/1346 1351/1351 1385/1385
f 1384/1384 1352/1352 1370/1370
f 1386/1386 1365/1365 1395/1395
f 1381/1381 1193/1193 1167/1167
f 1163/1163 1348/1348 1378/1378
f 1369/1369 1111/1111 1402/1402
f 1367/1367 1398/1398 1405/1405
f 1406/1406 1399/1399 6/6
f 1407/1407 5/5 80/80
f 1393/1393 1368/1368 1404/1404
f 1396/1396 1408/1408 1414/1414
f 1412/1412 1409/1409 82/82
f 1415/1415 81/81 76/76
f 1416/1416 1383/1383 1390/1390
f 1417/1417 1388/1388 1425/1425
f 1432/1432 1426/1426 1389/1389
f 1387/1387 1397/1397 1431/1431
f 1267/1267 1194/1194 1379/1379
f 1268/1268 1380/1380 1421/1421
f 1423/1423 1435/1435 1420/1420
f 1446/1446 1439/1439 1434/1434
f 1447/1447 1437/1437 1424/1424
f 1422/1422 1429/1429 1449/1449
f 1280/1280 1273/1273 1419/1419
f 1281/1281 1418/1418 1433/1433
f 1287/1287 1438/1438 1454/1454
f 1455/1455 1436/1436 1441/1441
f 1459/1459 1427/1427 1394/1394
f 1392/1392 1410/1410 1458/1458
f 90/90 1461/1461 1411/1411
f 1413/1413 77/77 89/89
f 1467/1467 1448/1448 1430/1430
f 1428/1428 1460/1460 1463/1463
f 69/69 1462/1462 1456/1456
f 1457/1457 88/88 70/70
f 1198/1198 1478/1478 1474/1474
f 1469/1469 1074/1074 1199/1199
f 1485/1485 1492/1492 1489/1489
f 1473/1473 1488/1488 1495/1495
f 1496/1496 1140/1140 1472/1472
f 1490/1490 1470/1470 1479/1479
f 1501/1501 1511/1511 1509/1509
f 1202/1202 1506/1506 1512/1512
f 1513/1513 1477/1477 1195/1195
f 1508/1508 1197/1197 1230/1230
f 1500/1500 1517/1517 1480/1480
f 1481/1481 1491/1491 1510/1510
f 1482/1482 1514/1514 1503/1503
f 1476/1476 1515/1515 1487/1487
f 1533/1533 1522/1522 1539/1539
f 1484/1484 1528/1528 1538/1538
f 1534/1534 1494/1494 1483/1483
f 1139/1139 1493/1493 1537/1537
f 1529/1529 95/95 46/46
f 42/42 1523/1523 1532/1532
f 1520/1520 1543/1543 1530/1530
f 1531/1531 1486/1486 1519/1519
f 1542/1542 92/92 96/96
f 99/99 1527/1527 1541/1541
f 1554/1554 1548/1548 1499/1499
f 1498/1498 1507/1507 1550/1550
f 1296/1296 1553/1553 1505/1505
f 1504/1504 1226/1226 1302/1302
f 1555/1555 1518/1518 1497/1497
f 1558/1558 1502/1502 1549/1549
f 1552/1552 1563/1563 1546/1546
f 1315/1315 1573/1573 1568/1568
f 1567/1567 1551/1551 1303/1303
f 1566/1566 1299/1299 1309/1309
f 1569/1569 1575/1575 1557/1557
f 1560/1560 1547/1547 1564/1564
f 1576/1576 1565/1565 1584/1584
f 1582/1582 1562/1562 1572/1572
f 1586/1586 1545/1545 1521/1521
f 1587/1587 1516/1516 1559/1559
f 107/107 94/94 1544/1544
f 112/112 1540/1540 1585/1585
f 1595/1595 1590/1590 1561/1561
f 1594/1594 1556/1556 1577/1577
f 104/104 110/110 1588/1588
f 102/102 1589/1589 1596/1596
f 1599/1599 1274/1274 1286/1286
f 1598/1598 1285/1285 1606/1606
f 1603/1603 1610/1610 1602/1602
f 1618/1618 1616/1616 1312/1312
f 1310/1310 1317/1317 1620/1620
f 1619/1619 1627/1627 1615/1615
f 1635/1635 1628/1628 1336/1336
f 1337/1337 1339/1339 1638/1638
f 1636/1636 1343/1343 1276/1276
f 1637/1637 1275/1275 1600/1600
f 1630/1630 1617/1617 1318/1318
f 1319/1319 1338/1338 1629/1629
f 1642/1642 1643/1643 1633/1633
f 1655/1655 1651/1651 1646/1646
f 1645/1645 1640/1640 1660/1660
f 1641/1641 1601/1601 1607/1607
f 1639/1639 1609/1609 1654/1654
f 1632/1632 1666/1666 1625/1625
f 1624/1624 1621/1621 1634/1634
f 1664/1664 1631/1631 1648/1648
f 1665/1665 1644/1644 1671/1671
f 1670/1670 1647/1647 1650/1650
f 1659/1659 1675/1675 1649/1649
f 1673/1673 1679/1679 1668/1668
f 1688/1688 1684/1684 1680/1680
f 1681/1681 1672/1672 1691/1691
f 1690/1690 1674/1674 1653/1653
f 1652/1652 1678/1678 1689/1689
f 1695/1695 1702/1702 1685/1685
f 1445/1445 1706/1706 1440/1440
f 1715/1715 1604/1604 1283/1283
f 1282/1282 1452/1452 1713/1713
f 1716/1716 1453/1453 1443/1443
f 1712/1712 1442/1442 1705/1705
f 1717/1717 1704/1704 1718/1718
f 1708/1708 1722/1722 1611/1611
f 1608/1608 1605/1605 1709/1709
f 1724/1724 1714/1714 1730/1730
f 1738/1738 1728/1728 1711/1711
f 1710/1710 1721/1721 1737/1737
f 1741/1741 1707/1707 1451/1451
f 1749/1749 1745/1745 1444/1444
f 1450/1450 1464/1464 1747/1747
f 127/127 1748/1748 1466/1466
f 1465/1465 73/73 121/121
f 1719/1719 1703/1703 1742/1742
f 1751/1751 1756/1756 1744/1744
f 128/128 129/129 1757/1757
f 123/123 1754/1754 1750/1750
f 1732/1732 1720/1720 1743/1743
f 1733/1733 1746/1746 1755/1755
f 1734/1734 1753/1753 1762/1762
f 1763/1763 1752/1752 132/132
f 1759/1759 131/131 117/117
f 1661/1661 1612/1612 1727/1727
f 1731/1731 1765/1765 1726/1726
f 1739/1739 1774/1774 1769/1769
f 1735/1735 1768/1768 1729/1729
f 1780/1780 1773/1773 1740/1740
f 1778/1778 1736/1736 1758/1758
f 1776/1776 1764/1764 1785/1785
f 145/145 1783/1783 1760/1760
f 1761/1761 119/119 148/148
f 1784/1784 1790/1790 1777/1777
f 142/142 139/139 1789/1789
f 147/147 1787/1787 1786/1786
f 1797/1797 1677/1677 1656/1656
f 1798/1798 1793/1793 1658/1658
f 1657/1657 1725/1725 1803/1803
f 1723/1723 1766/1766 1802/1802
f 1804/1804 1767/1767 1771/1771
f 1800/1800 1770/1770 1805/1805
f 1692/1692 1676/1676 1795/1795
f 1801/1801 1813/1813 1796/1796
f 1806/1806 1818/1818 1812/1812
f 1811/1811 1799/1799 1810/1810
f 1817/1817 1807/1807 1823/1823
f 1833/1833 1828/1828 1701/1701
f 1838/1838 1700/1700 1694/1694
f 1835/1835 1693/1693 1794/1794
f 1792/1792 1815/1815 1830/1830
f 1834/1834 1814/1814 1820/1820
f 1808/1808 1772/1772 1779/1779
f 1824/1824 1809/1809 1775/1775
f 1843/1843 1822/1822 1782/1782
f 1781/1781 1791/1791 1847/1847
f 1844/1844 1788/1788 137/137
f 1840/1840 136/136 114/114
f 1851/1851 1570/1570 1311/1311
f 1850/1850 1314/1314 1613/1613
f 1580/1580 1859/1859 1574/1574
f 1853/1853 1866/1866 1862/1862
f 1856/1856 1860/1860 1581/1581
f 1583/1583 1571/1571 1849/1849
f 1875/1875 1867/1867 1857/1857
f 1848/1848 1614/1614 1626/1626
f 1852/1852 1623/1623 1871/1871
f 1882/1882 1864/1864 1855/1855
f 1877/1877 1854/1854 1868/1868
f 1872/1872 1622/1622 1669/1669
f 1892/1892 1884/1884 1592/1592
f 1889/1889 1593/1593 1579/1579
f 1578/1578 1861/1861 1890/1890
f 1894/1894 1858/1858 1863/1863
f 158/158 101/101 1591/1591
f 157/157 1597/1597 1887/1887
f 1895/1895 1898/1898 1886/1886
f 1908/1908 1896/1896 1891/1891
f 1880/1880 1901/1901 1893/1893
f 1888/1888 1865/1865 1879/1879
f 161/161 1885/1885 1900/1900
f 1897/1897 167/167 160/160
f 1902/1902 152/152 165/165
f 162/162 1899/1899 1907/1907
f 1876/1876 1912/1912 1870/1870
f 1878/1878 1869/1869 1909/1909
f 1913/1913 1914/1914 1881/1881
f 1924/1924 1911/1911 1873/1873
f 1923/1923 1874/1874 1662/1662
f 1933/1933 1926/1926 1667/1667
f 1663/1663 1683/1683 1931/1931
f 1928/1928 1682/1682 1686/1686
f 1920/1920 1937/1937 1918/1918
f 1917/1917 1910/1910 1925/1925
f 1932/1932 1943/1943 1922/1922
f 1947/1947 1942/1942 1927/1927
f 1698/1698 1950/1950 1930/1930
f 1929/1929 1687/1687 1697/1697
f 1948/1948 1696/1696 1956/1956
f 1938/1938 1921/1921 1945/1945
f 1944/1944 1962/1962 1935/1935
f 1951/1951 1967/1967 1961/1961
f 1964/1964 1946/1946 1955/1955
f 1905/1905 1883/1883 1915/1915
f 1916/1916 1974/1974 1903/1903
f 1906/1906 1973/1973 172/172
f 1904/1904 171/171 149/149
f 1939/1939 1979/1979 1970/1970
f 1975/1975 1919/1919 1940/1940
f 176/176 173/173 1972/1972
f 175/175 1971/1971 1978/1978
f 1985/1985 1980/1980 1934/1934
f 1986/1986 1982/1982 1941/1941
f 1936/1936 1965/1965 1990/1990
f 1988/1988 1963/1963 1968/1968
f 185/185 174/174 1977/1977
f 181/181 1976/1976 1983/1983
f 1957/1957 1699/1699 1829/1829
f 1821/1821 1995/1995 1819/1819
f 2004/2004 1827/1827 1831/1831
f 2000/2000 1837/1837 2010/2010
f 1996/1996 2009/2009 1832/1832
f 1836/1836 1816/1816 1994/1994
f 2007/2007 1992/1992 2015/2015
f 2021/2021 2003/2003 2012/2012
f 2018/2018 2011/2011 2026/2026
f 2030/2030 2025/2025 2008/2008
f 2006/2006 2013/2013 2035/2035
f 1845/1845 2038/2038 1993/1993
f 1998/1998 1825/1825 1841/1841
f 2041/2041 1842/1842 2047/2047
f 209/209 2046/2046 1846/1846
f 1839/1839 116/116 212/212
f 2014/2014 1997/1997 2039/2039
f 2050/2050 2042/2042 2048/2048
f 2054/2054 2044/2044 2056/2056
f 204/204 2055/2055 2043/2043
f 2045/2045 208/208 205/205
f 2031/2031 2016/2016 2040/2040
f 2036/2036 2037/2037 2051/2051
f 2065/2065 2020/2020 2029/2029
f 2064/2064 2027/2027 2067/2067
f 2076/2076 2066/2066 2028/2028
f 2024/2024 2034/2034 2075/2075
f 221/221 193/193 2060/2060
f 2062/2062 2068/2068 223/223
f 224/224 2069/2069 2071/2071
f 222/222 2070/2070 215/215
f 2083/2083 2079/2079 2053/2053
f 2049/2049 2057/2057 2085/2085
f 2084/2084 2058/2058 207/207
f 2087/2087 206/206 228/228
f 2077/2077 2074/2074 2033/2033
f 2032/2032 2052/2052 2082/2082
f 241/241 235/235 2081/2081
f 2080/2080 2086/2086 243/243
f 238/238 2088/2088 230/230
f 242/242 227/227 194/194
f 233/233 219/219 2072/2072
f 2073/2073 2078/2078 236/236
f 2093/2093 2092/2092 1954/1954
f 1949/1949 1960/1960 2097/2097
f 2098/2098 1966/1966 1952/1952
f 2105/2105 1953/1953 2089/2089
f 2094/2094 2113/2113 2091/2091
f 2107/2107 2115/2115 2104/2104
f 2106/2106 2090/2090 2112/2112
f 2119/2119 2111/2111 2124/2124
f 1987/1987 2129/2129 1984/1984
f 2103/2103 2132/2132 2127/2127
f 2128/2128 1991/1991 2099/2099
f 1989/1989 1969/1969 2100/2100
f 179/179 1981/1981 2130/2130
f 2126/2126 255/255 184/184
f 2136/2136 261/261 256/256
f 252/252 2125/2125 2135/2135
f 2139/2139 2131/2131 2102/2102
f 2141/2141 2101/2101 2118/2118
f 247/247 258/258 2133/2133
f 248/248 2134/2134 2137/2137
f 2144/2144 2116/2116 2122/2122
f 2149/2149 2120/2120 2153/2153
f 262/262 2160/2160 268/268
f 2156/2156 274/274 2143/2143
f 2148/2148 2150/2150 2157/2157
f 275/275 2158/2158 265/265
f 2145/2145 2164/2164 2140/2140
f 2142/2142 2117/2117 2147/2147
f 2168/2168 281/281 251/251
f 250/250 2138/2138 2163/2163
f 271/271 286/286 2166/2166
f 2165/2165 2146/2146 273/273
f 285/285 292/292 283/283
f 282/282 2167/2167 284/284
f 1999/1999 2096/2096 1959/1959
f 1958/1958 1826/1826 2005/2005
f 2019/2019 2169/2169 2114/2114
f 2110/2110 2095/2095 2002/2002
f 2108/2108 2001/2001 2017/2017
f 2123/2123 2109/2109 2171/2171
f 2177/2177 2170/2170 2023/2023
f 2176/2176 2022/2022 2059/2059
f 2151/2151 2121/2121 2173/2173
f 2154/2154 2172/2172 2178/2178
f 187/187 267/267 2162/2162
f 2161/2161 2174/2174 2061/2061
f 2159/2159 2063/2063 189/189
f 2175/2175 2155/2155 2152/2152
f 2191/2191 2182/2182 188/188
f 190/190 220/220 2184/2184
f 2190/2190 225/225 217/217
f 2185/2185 216/216 2195/2195
f 2202/2202 2179/2179 2186/2186
f 2201/2201 2187/2187 2206/2206
f 2209/2209 2207/2207 2188/2188
f 2189/2189 2193/2193 2213/2213
f 2223/2223 2216/2216 234/234
f 237/237 239/239 2224/2224
f 2226/2226 240/240 196/196
f 2225/2225 195/195 690/690
f 2215/2215 2192/2192 214/214
f 218/218 232/232 2214/2214
f 2227/2227 2218/2218 2220/2220
f 2231/2231 2221/2221 2234/2234
f 684/684 2235/2235 2219/2219
f 2222/2222 691/691 686/686
f 2232/2232 2211/2211 2196/2196
f 2194/2194 2217/2217 2233/2233
f 2244/2244 2200/2200 2203/2203
f 2246/2246 2205/2205 2250/2250
f 2254/2254 2251/2251 2204/2204
f 2208/2208 2210/2210 2255/2255
f 2247/2247 2259/2259 2245/2245
f 2275/2275 2268/2268 2262/2262
f 2272/2272 2261/2261 2248/2248
f 2249/2249 2257/2257 2273/2273
f 2279/2279 2230/2230 2236/2236
f 2278/2278 2237/2237 2288/2288
f 703/703 2284/2284 2239/2239
f 2238/2238 685/685 700/700
f 2253/2253 2212/2212 2229/2229
f 2256/2256 2228/2228 2277/2277
f 2292/2292 2282/2282 2287/2287
f 2291/2291 2283/2283 2297/2297
f 697/697 2300/2300 2286/2286
f 2285/2285 702/702 699/699
f 2270/2270 2252/2252 2281/2281
f 2271/2271 2280/2280 2289/2289
f 2307/2307 263/263 269/269
f 2304/2304 266/266 2313/2313
f 2305/2305 2315/2315 277/277
f 276/276 264/264 2303/2303
f 2323/2323 2306/2306 2312/2312
f 2324/2324 2308/2308 2326/2326
f 2335/2335 2318/2318 2302/2302
f 2336/2336 2301/2301 2322/2322
f 2319/2319 2338/2338 287/287
f 289/289 272/272 2316/2316
f 2339/2339 722/722 293/293
f 294/294 288/288 2337/2337
f 2343/2343 2342/2342 2314/2314
f 2344/2344 2317/2317 2334/2334
f 717/717 721/721 2340/2340
f 716/716 2341/2341 2348/2348
f 2325/2325 2351/2351 2321/2321
f 2354/2354 2363/2363 2331/2331
f 2330/2330 2320/2320 2353/2353
f 2362/2362 2352/2352 2366/2366
f 2376/2376 2371/2371 2360/2360
f 2361/2361 2367/2367 2380/2380
f 2384/2384 2347/2347 2333/2333
f 2385/2385 2332/2332 2359/2359
f 724/724 718/718 2346/2346
f 727/727 2345/2345 2383/2383
f 2391/2391 2386/2386 2357/2357
f 2388/2388 2358/2358 2370/2370
f 706/706 726/726 2381/2381
f 707/707 2382/2382 2389/2389
f 2309/2309 270/270 191/191
f 2311/2311 192/192 2181/2181
f 2327/2327 2310/2310 2180/2180
f 2328/2328 2183/2183 2197/2197
f 2242/2242 2394/2394 2355/2355
f 2350/2350 2329/2329 2199/2199
f 2356/2356 2198/2198 2240/2240
f 2368/2368 2349/2349 2395/2395
f 2399/2399 2392/2392 2243/2243
f 2401/2401 2241/2241 2260/2260
f 2400/2400 2263/2263 2407/2407
f 2406/2406 2258/2258 2265/2265
f 2402/2402 2375/2375 2365/2365
f 2364/2364 2393/2393 2403/2403
f 2413/2413 2266/2266 2269/2269
f 2411/2411 2276/2276 2416/2416
f 2426/2426 2410/2410 2414/2414
f 2424/2424 2415/2415 2428/2428
f 2435/2435 2290/2290 2299/2299
f 2433/2433 2296/2296 2437/2437
f 744/744 2440/2440 2295/2295
f 2298/2298 695/695 745/745
f 2421/2421 2274/2274 2294/2294
f 2420/2420 2293/2293 2436/2436
f 2438/2438 2445/2445 2434/2434
f 743/743 748/748 2441/2441
f 742/742 2446/2446 2439/2439
f 2453/2453 2431/2431 2417/2417
f 2418/2418 2432/2432 2442/2442
f 2419/2419 2444/2444 2447/2447
f 2450/2450 2443/2443 749/749
f 2452/2452 753/753 739/739
f 2430/2430 2460/2460 2425/2425
f 2466/2466 2463/2463 2457/2457
f 2468/2468 2456/2456 2429/2429
f 2427/2427 2449/2449 2470/2470
f 759/759 2471/2471 2448/2448
f 2451/2451 738/738 758/758
f 2469/2469 2475/2475 2465/2465
f 2482/2482 2474/2474 2467/2467
f 2483/2483 2472/2472 757/757
f 2478/2478 756/756 731/731
f 2493/2493 2485/2485 2369/2369
f 2372/2372 2377/2377 2490/2490
f 2495/2495 2499/2499 2488/2488
f 2507/2507 2387/2387 2373/2373
f 2503/2503 2374/2374 2487/2487
f 2504/2504 771/771 710/710
f 711/711 2390/2390 2506/2506
f 2514/2514 2505/2505 2486/2486
f 2512/2512 2489/2489 2498/2498
f 2513/2513 2501/2501 2520/2520
f 2515/2515 764/764 770/770
f 765/765 2502/2502 2510/2510
f 2518/2518 2524/2524 2509/2509
f 2511/2511 2521/2521 774/774
f 2508/2508 776/776 762/762
f 2533/2533 2532/2532 2396/2396
f 2397/2397 2405/2405 2537/2537
f 2538/2538 2404/2404 2267/2267
f 2535/2535 2264/2264 2408/2408
f 2529/2529 2491/2491 2378/2378
f 2379/2379 2398/2398 2530/2530
f 2547/2547 2542/2542 2531/2531
f 2527/2527 2536/2536 2552/2552
f 2550/2550 2534/2534 2412/2412
f 2553/2553 2409/2409 2422/2422
f 2541/2541 2554/2554 2496/2496
f 2543/2543 2497/2497 2492/2492
f 2494/2494 2528/2528 2540/2540
f 2519/2519 2500/2500 2556/2556
f 2565/2565 2558/2558 2544/2544
f 2545/2545 2551/2551 2566/2566
f 2458/2458 2564/2564 2549/2549
f 2548/2548 2423/2423 2454/2454
f 2567/2567 2459/2459 2573/2573
f 2582/2582 2557/2557 2539/2539
f 2583/2583 2546/2546 2560/2560
f 2563/2563 2588/2588 2561/2561
f 2572/2572 2594/2594 2585/2585
f 2586/2586 2562/2562 2571/2571
f 2593/2593 2569/2569 2599/2599
f 2612/2612 2604/2604 2578/2578
f 2580/2580 2559/2559 2584/2584
f 2579/2579 2587/2587 2610/2610
f 2611/2611 2589/2589 2592/2592
f 2568/2568 2455/2455 2464/2464
f 2601/2601 2570/2570 2462/2462
f 2600/2600 2461/2461 2473/2473
f 2598/2598 2477/2477 2615/2615
f 2614/2614 2476/2476 2480/2480
f 2576/2576 2618/2618 2525/2525
f 2526/2526 2516/2516 2575/2575
f 2517/2517 2555/2555 2574/2574
f 782/782 775/775 2523/2523
f 784/784 2522/2522 2617/2617
f 2625/2625 2620/2620 2581/2581
f 2621/2621 2577/2577 2605/2605
f 2627/2627 788/788 781/781
f 780/780 2619/2619 2626/2626
f 730/730 792/792 2481/2481
f 2596/2596 2632/2632 2595/2595
f 2608/2608 2638/2638 2606/2606
f 2643/2643 2635/2635 2607/2607
f 2639/2639 2609/2609 2591/2591
f 2641/2641 2590/2590 2630/2630
f 2647/2647 2629/2629 2649/2649
f 2651/2651 2654/2654 2646/2646
f 2668/2668 2661/2661 2628/2628
f 2633/2633 2597/2597 2665/2665
f 2602/2602 2613/2613 2664/2664
f 2669/2669 2616/2616 2484/2484
f 2666/2666 2479/2479 796/796
f 2670/2670 793/793 805/805
f 2648/2648 2631/2631 2662/2662
f 2671/2671 2672/2672 2663/2663
f 803/803 812/812 2675/2675
f 804/804 2674/2674 2667/2667
f 2684/2684 2681/2681 2658/2658
f 2656/2656 2650/2650 2659/2659
f 2655/2655 2660/2660 2673/2673
f 2653/2653 2678/2678 2688/2688
f 797/797 2683/2683 2677/2677
f 2676/2676 810/810 798/798
f 2623/2623 2603/2603 2634/2634
f 2636/2636 2694/2694 2624/2624
f 2644/2644 2696/2696 2695/2695
f 2689/2689 2637/2637 2642/2642
f 785/785 2622/2622 2693/2693
f 2690/2690 818/818 790/790
f 822/822 817/817 2691/2691
f 824/824 2692/2692 2697/2697
f 2708/2708 2703/2703 2698/2698
f 2701/2701 2640/2640 2710/2710
f 2645/2645 2652/2652 2711/2711
f 831/831 823/823 2700/2700
f 830/830 2699/2699 2705/2705
f 2709/2709 2657/2657 2680/2680
f 2685/2685 2713/2713 2679/2679
f 2686/2686 799/799 832/832
f 835/835 2720/2720 2687/2687
f 2712/2712 2724/2724 2704/2704
f 825/825 2702/2702 2726/2726
f 2727/2727 841/841 827/827
f 2706/2706 2682/2682 2716/2716
f 2715/2715 2729/2729 2725/2725
f 2714/2714 2722/2722 2707/2707
f 2732/2732 2730/2730 2718/2718
f 847/847 2734/2734 2719/2719
f 2717/2717 833/833 845/845
f 2739/2739 852/852 843/843
f 2738/2738 840/840 2721/2721
f 2723/2723 2728/2728 2743/2743
f 2744/2744 2731/2731 2733/2733
f 846/846 855/855 2736/2736
f 2737/2737 864/864 850/850
f 2741/2741 2735/2735 858/858
f 854/854 869/869 2740/2740
f 868/868 863/863 2742/2742
f 2747/2747 2751/2751 34/34
f 2746/2746 33/33 29/29
f 2757/2757 2753/2753 2749/2749
f 2864/2864 2763/2763 2771/2771
f 2847/2847 2773/2773 48/48
f 49/49 43/43 2849/2849
f 2772/2772 2848/2848 2863/2863
f 30/30 52/52 2766/2766
f 32/32 2767/2767 2745/2745
f 2894/2894 2776/2776 2770/2770
f 2765/2765 2762/2762 2895/2895
f 2777/2777 2780/2780 2790/2790
f 2775/2775 2787/2787 2755/2755
f 2759/2759 2748/2748 2769/2769
f 2756/2756 2768/2768 2778/2778
f 2793/2793 64/64 36/36
f 2800/2800 37/37 2752/2752
f 481/481 66/66 59/59
f 479/479 63/63 2796/2796
f 2804/2804 2811/2811 2795/2795
f 2758/2758 2801/2801 2797/2797
f 2798/2798 2750/2750 2760/2760
f 471/471 482/482 2794/2794
f 470/470 2799/2799 2809/2809
f 2754/2754 2788/2788 2806/2806
f 3038/3038 2813/2813 2785/2785
f 2789/2789 2783/2783 3029/3029
f 2792/2792 3026/3026 3039/3039
f 2819/2819 2810/2810 2807/2807
f 2822/2822 488/488 475/475
f 474/474 2808/2808 2818/2818
f 2805/2805 2827/2827 2836/2836
f 2834/2834 2820/2820 2803/2803
f 2823/2823 2802/2802 2786/2786
f 2829/2829 2791/2791 2812/2812
f 492/492 2821/2821 2831/2831
f 2830/2830 497/497 493/493
f 3145/3145 2843/2843 2837/2837
f 2833/2833 2828/2828 3146/3146
f 3205/3205 487/487 496/496
f 499/499 2832/2832 3195/3195
f 2835/2835 2844/2844 3192/3192
f 494/494 3194/3194 3201/3201
f 2850/2850 2846/2846 45/45
f 2855/2855 44/44 98/98
f 2854/2854 2859/2859 2871/2871
f 2869/2869 2862/2862 2853/2853
f 2866/2866 2845/2845 2852/2852
f 2865/2865 2868/2868 2764/2764
f 2874/2874 2856/2856 97/97
f 2873/2873 100/100 91/91
f 2883/2883 2861/2861 2857/2857
f 2885/2885 2851/2851 2875/2875
f 2889/2889 2872/2872 2860/2860
f 2892/2892 2903/2903 2898/2898
f 2899/2899 2761/2761 2870/2870
f 2896/2896 2867/2867 2891/2891
f 2902/2902 2908/2908 2912/2912
f 2913/2913 2774/2774 2900/2900
f 2915/2915 2897/2897 2904/2904
f 2884/2884 2919/2919 2924/2924
f 2887/2887 2925/2925 2890/2890
f 2888/2888 2858/2858 2882/2882
f 2893/2893 2926/2926 2906/2906
f 2929/2929 2927/2927 2921/2921
f 2940/2940 2909/2909 2905/2905
f 2941/2941 2901/2901 2928/2928
f 2937/2937 2923/2923 2932/2932
f 2779/2779 2918/2918 2782/2782
f 108/108 2944/2944 2879/2879
f 2877/2877 93/93 111/111
f 2950/2950 2886/2886 2876/2876
f 2951/2951 2878/2878 2946/2946
f 103/103 2957/2957 2943/2943
f 2945/2945 109/109 106/106
f 2956/2956 2964/2964 2948/2948
f 2947/2947 2942/2942 2954/2954
f 2971/2971 2922/2922 2881/2881
f 2968/2968 2880/2880 2953/2953
f 2967/2967 2977/2977 2931/2931
f 2930/2930 2920/2920 2969/2969
f 2974/2974 2983/2983 2936/2936
f 2935/2935 2933/2933 2975/2975
f 2963/2963 2988/2988 2991/2991
f 2990/2990 2970/2970 2949/2949
f 2997/2997 2952/2952 2965/2965
f 2998/2998 2996/2996 2985/2985
f 2972/2972 2992/2992 2973/2973
f 2993/2993 3005/3005 2979/2979
f 2978/2978 2976/2976 2994/2994
f 3003/3003 2995/2995 3001/3001
f 3009/3009 2911/2911 2907/2907
f 2938/2938 3018/3018 3011/3011
f 3012/3012 2910/2910 2934/2934
f 2917/2917 3022/3022 3033/3033
f 3032/3032 3028/3028 2784/2784
f 3031/3031 2781/2781 2916/2916
f 3023/3023 2914/2914 3008/3008
f 3027/3027 3034/3034 3037/3037
f 3043/3043 3036/3036 3020/3020
f 3044/3044 3050/3050 3053/3053
f 3045/3045 3055/3055 2816/2816
f 2817/2817 3040/3040 3035/3035
f 2814/2814 3030/3030 3042/3042
f 3014/3014 3059/3059 3025/3025
f 3024/3024 3010/3010 3016/3016
f 3066/3066 3047/3047 3019/3019
f 3069/3069 3021/3021 3060/3060
f 3075/3075 3049/3049 3041/3041
f 3074/3074 3046/3046 3065/3065
f 3079/3079 3056/3056 3051/3051
f 3081/3081 3078/3078 3052/3052
f 3080/3080 3048/3048 3072/3072
f 2981/2981 3092/3092 3017/3017
f 3015/3015 2939/2939 2980/2980
f 3096/3096 3093/3093 2982/2982
f 3095/3095 2984/2984 3002/3002
f 3088/3088 3100/3100 3062/3062
f 3064/3064 3013/3013 3089/3089
f 3104/3104 3067/3067 3063/3063
f 3106/3106 3061/3061 3099/3099
f 3107/3107 3114/3114 3070/3070
f 3071/3071 3068/3068 3103/3103
f 3120/3120 3101/3101 3090/3090
f 3121/3121 3091/3091 3098/3098
f 3122/3122 3125/3125 3108/3108
f 3109/3109 3102/3102 3119/3119
f 3126/3126 3130/3130 3111/3111
f 3112/3112 3105/3105 3127/3127
f 3115/3115 3135/3135 3085/3085
f 3087/3087 3073/3073 3110/3110
f 3131/3131 3142/3142 3137/3137
f 3136/3136 3113/3113 3132/3132
f 2815/2815 3057/3057 2825/2825
f 3154/3154 3148/3148 2824/2824
f 3155/3155 2826/2826 3054/3054
f 3156/3156 3058/3058 3077/3077
f 3159/3159 3166/3166 2838/2838
f 3152/3152 3162/3162 2842/2842
f 2840/2840 3147/3147 3151/3151
f 3170/3170 3168/3168 3163/3163
f 3086/3086 3176/3176 3150/3150
f 3157/3157 3076/3076 3082/3082
f 3179/3179 3161/3161 3149/3149
f 3177/3177 3153/3153 3173/3173
f 3188/3188 3171/3171 3158/3158
f 3187/3187 3160/3160 3178/3178
f 2841/2841 3165/3165 3199/3199
f 2839/2839 3198/3198 3191/3191
f 3193/3193 3196/3196 3203/3203
f 3212/3212 3197/3197 3164/3164
f 3209/3209 3167/3167 3169/3169
f 516/516 486/486 3204/3204
f 3213/3213 511/511 3206/3206
f 3202/3202 3200/3200 3207/3207
f 3183/3183 3218/3218 3211/3211
f 3210/3210 3172/3172 3184/3184
f 3219/3219 508/508 515/515
f 517/517 3208/3208 3217/3217
f 3225/3225 3175/3175 3084/3084
f 3223/3223 3083/3083 3140/3140
f 3222/3222 3229/3229 3182/3182
f 3180/3180 3174/3174 3221/3221
f 3227/3227 3235/3235 3186/3186
f 3185/3185 3181/3181 3226/3226
f 3239/3239 3224/3224 3138/3138
f 3246/3246 3139/3139 3141/3141
f 3242/3242 3248/3248 3231/3231
f 3230/3230 3220/3220 3238/3238
f 3251/3251 3253/3253 3233/3233
f 3232/3232 3228/3228 3249/3249
f 3258/3258 3214/3214 3190/3190
f 3260/3260 3189/3189 3234/3234
f 518/518 509/509 3216/3216
f 524/524 3215/3215 3257/3257
f 3263/3263 3259/3259 3236/3236
f 3269/3269 3237/3237 3254/3254
f 3270/3270 501/501 520/520
f 519/519 3261/3261 3262/3262
f 159/159 3271/3271 2958/2958
f 2955/2955 105/105 155/155
f 3279/3279 3285/3285 2966/2966
f 3280/3280 2962/2962 2959/2959
f 3278/3278 2960/2960 3273/3273
f 3290/3290 3286/3286 3275/3275
f 156/156 164/164 3293/3293
f 154/154 3295/3295 3272/3272
f 3302/3302 3296/3296 166/166
f 3298/3298 163/163 153/153
f 3274/3274 3292/3292 3282/3282
f 3309/3309 3291/3291 3281/3281
f 3297/3297 3305/3305 3276/3276
f 3277/3277 3294/3294 3299/3299
f 2961/2961 3284/3284 2987/2987
f 3316/3316 3000/3000 2986/2986
f 3314/3314 2989/2989 3283/3283
f 3315/3315 3287/3287 3289/3289
f 3318/3318 3322/3322 3329/3329
f 3312/3312 3330/3330 3007/3007
f 3006/3006 2999/2999 3313/3313
f 3338/3338 3341/3341 3319/3319
f 3306/3306 3337/3337 3310/3310
f 3317/3317 3288/3288 3308/3308
f 3311/3311 3342/3342 3323/3323
f 3350/3350 3332/3332 3321/3321
f 3352/3352 3344/3344 3335/3335
f 3358/3358 3365/3365 3349/3349
f 3357/3357 3347/3347 3320/3320
f 3353/3353 3356/3356 3324/3324
f 3325/3325 3343/3343 3354/3354
f 3368/3368 3362/3362 3360/3360
f 151/151 168/168 3376/3376
f 150/150 3377/3377 3300/3300
f 3301/3301 3374/3374 3382/3382
f 3303/3303 3383/3383 3304/3304
f 3386/3386 3373/3373 169/169
f 3385/3385 170/170 177/177
f 3395/3395 3379/3379 3378/3378
f 3397/3397 3375/3375 3387/3387
f 186/186 3400/3400 3389/3389
f 3391/3391 178/178 183/183
f 3390/3390 3407/3407 3413/3413
f 3411/3411 3393/3393 3384/3384
f 3408/3408 3388/3388 3398/3398
f 3417/3417 3410/3410 3404/3404
f 3307/3307 3380/3380 3340/3340
f 3339/3339 3423/3423 3431/3431
f 3432/3432 3351/3351 3336/3336
f 3396/3396 3424/3424 3333/3333
f 3334/3334 3381/3381 3392/3392
f 3438/3438 3433/3433 3425/3425
f 3355/3355 3430/3430 3359/3359
f 3437/3437 3444/3444 3449/3449
f 3434/3434 3448/3448 3366/3366
f 3367/3367 3361/3361 3428/3428
f 3452/3452 3429/3429 3440/3440
f 3394/3394 3412/3412 3427/3427
f 3418/3418 3456/3456 3441/3441
f 3420/3420 3435/3435 3422/3422
f 3426/3426 3409/3409 3416/3416
f 3459/3459 3443/3443 3436/3436
f 3463/3463 3439/3439 3457/3457
f 3467/3467 3447/3447 3442/3442
f 3474/3474 3466/3466 3445/3445
f 3475/3475 3446/3446 3461/3461
f 3004/3004 3331/3331 3097/3097
f 3346/3346 3480/3480 3487/3487
f 3327/3327 3484/3484 3117/3117
f 3116/3116 3094/3094 3328/3328
f 3482/3482 3326/3326 3348/3348
f 3491/3491 3485/3485 3478/3478
f 3118/3118 3486/3486 3129/3129
f 3128/3128 3497/3497 3505/3505
f 3502/3502 3133/3133 3124/3124
f 3496/3496 3123/3123 3483/3483
f 3498/3498 3481/3481 3489/3489
f 3345/3345 3363/3363 3479/3479
f 3510/3510 3515/3515 3490/3490
f 3371/3371 3511/3511 3492/3492
f 3370/3370 3493/3493 3476/3476
f 3477/3477 3364/3364 3372/3372
f 3488/3488 3513/3513 3499/3499
f 3134/3134 3503/3503 3143/3143
f 3369/3369 3451/3451 3509/3509
f 3520/3520 3506/3506 3501/3501
f 3528/3528 3516/3516 3508/3508
f 3533/3533 3541/3541 3521/3521
f 3532/3532 3522/3522 3494/3494
f 3527/3527 3536/3536 3495/3495
f 3500/3500 3514/3514 3523/3523
f 3545/3545 3539/3539 3534/3534
f 3519/3519 3548/3548 3241/3241
f 3247/3247 3144/3144 3504/3504
f 3243/3243 3507/3507 3517/3517
f 3240/3240 3553/3553 3562/3562
f 3563/3563 3252/3252 3245/3245
f 3559/3559 3244/3244 3549/3549
f 3250/3250 3565/3565 3256/3256
f 3518/3518 3537/3537 3550/3550
f 3543/3543 3569/3569 3556/3556
f 3555/3555 3551/3551 3538/3538
f 3554/3554 3540/3540 3542/3542
f 3557/3557 3574/3574 3577/3577
f 3576/3576 3564/3564 3558/3558
f 3582/3582 3579/3579 3572/3572
f 3264/3264 3255/3255 3566/3566
f 3561/3561 3575/3575 3267/3267
f 541/541 505/505 3265/3265
f 3584/3584 540/540 3266/3266
f 3268/3268 3578/3578 3583/3583
f 3589/3589 3573/3573 3560/3560
f 3588/3588 3552/3552 3568/3568
f 3587/3587 536/536 552/552
f 547/547 3581/3581 3586/3586
f 3580/3580 3571/3571 3590/3590
f 3585/3585 548/548 542/542
f 3464/3464 3599/3599 3605/3605
f 3602/3602 3526/3526 3453/3453
f 3524/3524 3512/3512 3450/3450
f 3601/3601 3454/3454 3465/3465
f 3611/3611 3604/3604 3598/3598
f 3525/3525 3603/3603 3529/3529
f 3616/3616 3622/3622 3547/3547
f 3617/3617 3544/3544 3531/3531
f 3610/3610 3619/3619 3530/3530
f 3535/3535 3600/3600 3607/3607
f 3471/3471 3630/3630 3597/3597
f 3595/3595 3468/3468 3473/3473
f 3628/3628 3633/3633 3639/3639
f 3626/3626 3638/3638 3609/3609
f 3608/3608 3596/3596 3629/3629
f 3606/3606 3636/3636 3613/3613
f 3618/3618 3645/3645 3649/3649
f 3648/3648 3624/3624 3614/3614
f 3655/3655 3647/3647 3644/3644
f 3659/3659 3637/3637 3634/3634
f 3670/3670 3642/3642 3615/3615
f 3668/3668 3612/3612 3640/3640
f 3667/3667 3641/3641 3660/3660
f 525/525 555/555 3653/3653
f 3666/3666 530/530 3656/3656
f 3654/3654 3643/3643 3669/3669
f 3546/3546 3623/3623 3567/3567
f 3592/3592 3570/3570 3621/3621
f 3620/3620 3646/3646 3591/3591
f 3658/3658 559/559 538/538
f 3652/3652 539/539 3593/3593
f 3594/3594 3650/3650 3657/3657
f 3651/3651 554/554 557/557
f 182/182 257/257 3675/3675
f 180/180 3674/3674 3401/3401
f 3678/3678 3673/3673 254/254
f 3676/3676 253/253 259/259
f 3399/3399 3672/3672 3402/3402
f 3686/3686 3419/3419 3403/3403
f 3681/3681 3684/3684 3405/3405
f 3406/3406 3671/3671 3679/3679
f 244/244 3692/3692 3682/3682
f 3680/3680 260/260 245/245
f 3691/3691 3698/3698 3685/3685
f 3687/3687 3677/3677 3690/3690
f 3421/3421 3705/3705 3706/3706
f 3707/3707 3458/3458 3415/3415
f 3701/3701 3414/3414 3688/3688
f 3455/3455 3712/3712 3460/3460
f 3717/3717 3704/3704 3689/3689
f 3718/3718 3683/3683 3699/3699
f 3719/3719 3695/3695 246/246
f 3724/3724 249/249 280/280
f 3728/3728 3697/3697 3693/3693
f 3727/3727 3694/3694 3722/3722
f 570/570 3720/3720 279/279
f 571/571 278/278 290/290
f 567/567 3725/3725 3723/3723
f 561/561 3721/3721 572/572
f 3726/3726 3735/3735 3713/3713
f 3715/3715 3696/3696 3729/3729
f 577/577 3733/3733 3731/3731
f 579/579 3730/3730 565/565
f 3740/3740 3708/3708 3700/3700
f 3741/3741 3743/3743 3751/3751
f 3711/3711 3754/3754 3470/3470
f 3469/3469 3462/3462 3709/3709
f 3752/3752 3710/3710 3739/3739
f 3758/3758 3753/3753 3746/3746
f 3762/3762 3738/3738 3703/3703
f 3761/3761 3702/3702 3714/3714
f 3768/3768 3744/3744 3737/3737
f 3771/3771 3742/3742 3760/3760
f 3770/3770 3776/3776 3755/3755
f 3756/3756 3745/3745 3769/3769
f 3736/3736 3783/3783 3765/3765
f 3764/3764 3716/3716 3732/3732
f 3790/3790 3767/3767 3766/3766
f 3786/3786 3763/3763 3780/3780
f 3785/3785 3795/3795 3775/3775
f 3774/3774 3772/3772 3787/3787
f 580/580 590/590 3781/3781
f 3782/3782 3734/3734 576/576
f 594/594 3789/3789 3784/3784
f 591/591 3779/3779 587/587
f 596/596 585/585 3793/3793
f 3794/3794 3788/3788 595/595
f 3472/3472 3750/3750 3627/3627
f 3747/3747 3799/3799 3631/3631
f 3635/3635 3625/3625 3749/3749
f 3804/3804 3748/3748 3757/3757
f 3777/3777 3810/3810 3800/3800
f 3802/3802 3759/3759 3778/3778
f 3798/3798 3813/3813 3816/3816
f 3797/3797 3821/3821 3662/3662
f 3663/3663 3632/3632 3803/3803
f 3824/3824 3818/3818 3812/3812
f 3661/3661 3819/3819 3664/3664
f 3827/3827 607/607 532/532
f 526/526 3665/3665 3820/3820
f 527/527 3817/3817 3828/3828
f 3832/3832 3815/3815 3801/3801
f 3833/3833 3805/3805 3809/3809
f 603/603 608/608 3825/3825
f 3829/3829 602/602 3826/3826
f 3823/3823 3814/3814 3830/3830
f 3822/3822 609/609 606/606
f 3792/3792 3836/3836 3807/3807
f 3808/3808 3773/3773 3791/3791
f 582/582 613/613 3837/3837
f 3841/3841 3796/3796 586/586
f 3846/3846 3835/3835 3806/3806
f 3847/3847 3811/3811 3838/3838
f 622/622 600/600 3831/3831
f 621/621 3834/3834 3842/3842
f 628/628 3843/3843 3839/3839
f 627/627 3840/3840 612/612
f 635/635 618/618 3845/3845
f 630/630 3844/3844 625/625
f 723/723 3850/3850 569/569
f 568/568 291/291 720/720
f 3851/3851 3855/3855 563/563
f 562/562 573/573 3848/3848
f 713/713 3861/3861 3849/3849
f 3852/3852 719/719 715/715
f 3864/3864 3871/3871 3854/3854
f 3858/3858 3853/3853 3860/3860
f 3874/3874 574/574 566/566
f 3877/3877 564/564 3857/3857
f 3878/3878 3876/3876 3856/3856
f 3881/3881 3859/3859 3870/3870
f 725/725 3884/3884 3865/3865
f 3863/3863 714/714 729/729
f 3886/3886 3893/3893 3869/3869
f 3868/3868 3862/3862 3887/3887
f 708/708 3898/3898 3888/3888
f 3889/3889 728/728 709/709
f 3895/3895 3906/3906 3908/3908
f 3909/3909 3891/3891 3899/3899
f 3892/3892 3885/3885 3896/3896
f 3915/3915 3880/3880 3867/3867
f 3918/3918 3866/3866 3894/3894
f 3890/3890 3912/3912 3919/3919
f 3923/3923 588/588 575/575
f 3922/3922 578/578 3875/3875
f 3921/3921 3926/3926 592/592
f 593/593 589/589 3924/3924
f 3931/3931 3934/3934 583/583
f 581/581 597/597 3930/3930
f 3941/3941 3920/3920 3873/3873
f 3942/3942 3872/3872 3879/3879
f 3939/3939 3949/3949 3929/3929
f 3928/3928 3925/3925 3938/3938
f 3944/3944 3955/3955 3936/3936
f 3935/3935 3927/3927 3950/3950
f 3959/3959 3913/3913 3903/3903
f 3961/3961 3940/3940 3883/3883
f 3962/3962 3882/3882 3916/3916
f 3966/3966 3968/3968 3945/3945
f 3947/3947 3943/3943 3967/3967
f 3971/3971 3975/3975 3983/3983
f 3981/3981 3954/3954 3946/3946
f 3982/3982 3948/3948 3969/3969
f 3914/3914 3988/3988 3965/3965
f 3963/3963 3917/3917 3911/3911
f 3991/3991 3910/3910 3957/3957
f 3987/3987 3994/3994 3970/3970
f 3974/3974 3964/3964 3990/3990
f 3999/3999 3977/3977 3973/3973
f 4000/4000 3972/3972 3996/3996
f 4008/4008 3986/3986 3978/3978
f 3998/3998 4010/4010 4007/4007
f 4006/4006 3976/3976 4001/4001
f 3937/3937 4015/4015 616/616
f 614/614 584/584 3933/3933
f 3952/3952 4023/4023 4019/4019
f 4017/4017 3932/3932 3951/3951
f 4029/4029 624/624 617/617
f 4030/4030 615/615 4018/4018
f 976/976 634/634 629/629
f 979/979 626/626 4025/4025
f 4032/4032 4026/4026 4020/4020
f 4033/4033 4016/4016 4021/4021
f 970/970 975/975 4027/4027
f 969/969 4028/4028 4037/4037
f 3953/3953 3984/3984 4022/4022
f 3985/3985 4038/4038 4034/4034
f 4035/4035 4024/4024 3980/3980
f 4040/4040 3979/3979 4004/4004
f 985/985 974/974 4031/4031
f 984/984 4036/4036 4039/4039
f 4011/4011 4047/4047 4041/4041
f 4043/4043 4005/4005 4014/4014
f 968/968 986/986 4042/4042
f 965/965 4044/4044 4046/4046
f 766/766 4050/4050 3900/3900
f 3897/3897 712/712 769/769
f 4055/4055 3907/3907 3902/3902
f 4054/4054 3901/3901 4052/4052
f 772/772 4060/4060 4067/4067
f 4068/4068 4049/4049 767/767
f 4058/4058 768/768 761/761
f 4051/4051 4066/4066 4053/4053
f 763/763 777/777 4064/4064
f 4077/4077 3956/3956 3905/3905
f 4076/4076 3904/3904 4057/4057
f 4082/4082 4069/4069 4059/4059
f 4065/4065 4089/4089 4079/4079
f 4075/4075 4056/4056 4070/4070
f 4084/4084 4071/4071 4083/4083
f 4078/4078 4091/4091 4094/4094
f 4096/4096 3989/3989 3960/3960
f 4100/4100 3958/3958 4072/4072
f 4102/4102 4101/4101 4092/4092
f 3992/3992 4099/4099 3995/3995
f 4095/4095 4108/4108 4003/4003
f 4002/4002 3993/3993 4098/4098
f 4109/4109 4097/4097 4106/4106
f 4120/4120 4093/4093 4074/4074
f 4121/4121 4073/4073 4088/4088
f 4117/4117 4127/4127 4104/4104
f 4105/4105 4090/4090 4118/4118
f 4124/4124 4130/4130 4114/4114
f 4112/4112 4103/4103 4123/4123
f 4107/4107 4134/4134 4137/4137
f 4113/4113 4136/4136 4009/4009
f 4013/4013 3997/3997 4115/4115
f 4147/4147 4140/4140 4132/4132
f 4154/4154 4135/4135 4110/4110
f 4155/4155 4111/4111 4128/4128
f 4148/4148 987/987 993/993
f 992/992 4146/4146 4156/4156
f 4145/4145 4133/4133 4153/4153
f 4162/4162 4081/4081 4063/4063
f 779/779 4161/4161 4061/4061
f 4062/4062 773/773 778/778
f 4163/4163 4166/4166 4174/4174
f 4160/4160 4176/4176 4087/4087
f 4086/4086 4080/4080 4165/4165
f 4178/4178 4172/4172 4168/4168
f 787/787 4186/4186 4158/4158
f 4157/4157 783/783 789/789
f 4188/4188 4169/4169 4159/4159
f 4191/4191 4164/4164 4183/4183
f 4196/4196 4179/4179 4167/4167
f 4198/4198 4170/4170 4187/4187
f 4085/4085 4173/4173 4116/4116
f 4177/4177 4199/4199 4205/4205
f 4204/4204 4125/4125 4119/4119
f 4210/4210 4122/4122 4175/4175
f 4207/4207 4171/4171 4182/4182
f 4126/4126 4211/4211 4131/4131
f 4217/4217 4200/4200 4181/4181
f 4215/4215 4180/4180 4197/4197
f 4221/4221 4203/4203 4202/4202
f 4206/4206 4227/4227 4151/4151
f 4149/4149 4129/4129 4208/4208
f 4229/4229 4209/4209 4222/4222
f 1008/1008 990/990 4150/4150
f 1010/1010 4152/4152 4225/4225
f 4212/4212 4232/4232 4223/4223
f 4224/4224 4201/4201 4216/4216
f 4233/4233 4239/4239 4228/4228
f 4231/4231 4220/4220 4234/4234
f 997/997 1009/1009 4230/4230
f 1000/1000 4226/4226 4238/4238
f 4012/4012 4139/4139 4048/4048
f 4141/4141 1016/1016 962/962
f 963/963 4045/4045 4138/4138
f 1015/1015 4142/4142 4143/4143
f 4144/4144 995/995 1012/1012
f 786/786 816/816 4246/4246
f 791/791 4243/4243 4185/4185
f 4253/4253 4242/4242 815/815
f 4249/4249 819/819 820/820
f 4184/4184 4245/4245 4190/4190
f 4254/4254 4258/4258 4262/4262
f 4263/4263 4193/4193 4250/4250
f 4194/4194 4189/4189 4244/4244
f 4195/4195 4241/4241 4248/4248
f 4270/4270 4273/4273 4247/4247
f 828/828 4267/4267 4251/4251
f 4252/4252 821/821 826/826
f 4255/4255 4274/4274 4259/4259
f 4280/4280 4264/4264 4257/4257
f 4283/4283 4272/4272 4266/4266
f 4275/4275 4293/4293 4282/4282
f 4278/4278 4256/4256 4276/4276
f 4289/4289 4277/4277 4285/4285
f 4192/4192 4265/4265 4213/4213
f 4214/4214 4297/4297 4303/4303
f 4304/4304 4236/4236 4218/4218
f 4296/4296 4219/4219 4261/4261
f 4298/4298 4260/4260 4279/4279
f 4310/4310 4302/4302 4295/4295
f 4235/4235 4307/4307 4237/4237
f 4312/4312 1026/1026 998/998
f 1001/1001 4240/4240 4305/4305
f 1004/1004 4306/4306 4313/4313
f 4287/4287 4316/4316 4301/4301
f 4294/4294 4281/4281 4291/4291
f 1023/1023 1033/1033 4308/4308
f 1022/1022 4311/4311 4300/4300
f 1019/1019 4299/4299 4315/4315
f 4309/4309 1034/1034 1028/1028
f 829/829 839/839 4269/4269
f 842/842 4318/4318 4331/4331
f 4326/4326 4286/4286 4268/4268
f 4330/4330 4271/4271 838/838
f 4323/4323 837/837 853/853
f 4336/4336 4325/4325 4322/4322
f 4292/4292 4284/4284 4324/4324
f 4327/4327 4341/4341 4288/4288
f 4334/4334 1036/1036 1043/1043
f 1044/1044 4338/4338 4328/4328
f 1045/1045 4329/4329 4333/4333
f 851/851 861/861 4320/4320
f 4319/4319 862/862 871/871
f 4335/4335 4321/4321 870/870
f 867/867 1047/1047 4332/4332
f 4337/4337 1048/1048 1038/1038
f 4290/4290 4340/4340 4317/4317
f 1020/1020 4314/4314 4342/4342
f 4339/4339 1046/1046 1021/1021
f 4343/4343 15/15 8/8
f 7/7 4350/4350 4347/4347
f 4346/4346 4349/4349 4357/4357
f 4447/4447 2/2 26/26
f 4448/4448 25/25 4371/4371
f 4449/4449 4367/4367 4359/4359
f 4368/4368 4501/4501 4480/4480
f 4479/4479 4362/4362 4369/4369
f 4497/4497 4370/4370 4382/4382
f 4498/4498 4383/4383 4373/4373
f 18/18 4345/4345 4366/4366
f 4363/4363 21/21 16/16
f 4353/4353 4391/4391 4380/4380
f 4354/4354 4379/4379 4364/4364
f 4355/4355 4365/4365 4344/4344
f 4372/4372 4377/4377 4393/4393
f 4388/4388 4625/4625 4614/4614
f 4615/4615 4392/4392 4381/4381
f 4613/4613 4378/4378 4389/4389
f 4624/4624 4390/4390 4398/4398
f 4408/4408 4348/4348 10/10
f 4404/4404 9/9 56/56
f 4358/4358 4351/4351 4406/4406
f 4412/4412 4352/4352 4403/4403
f 4402/4402 4417/4417 4409/4409
f 306/306 4401/4401 55/55
f 305/305 54/54 65/65
f 298/298 4415/4415 4407/4407
f 295/295 4405/4405 304/304
f 4410/4410 4385/4385 4356/4356
f 4414/4414 4416/4416 4420/4420
f 4421/4421 4418/4418 297/297
f 4419/4419 296/296 315/315
f 4427/4427 4397/4397 4387/4387
f 4386/4386 4413/4413 4435/4435
f 4411/4411 4422/4422 4438/4438
f 4384/4384 4432/4432 4424/4424
f 4740/4740 4425/4425 4436/4436
f 4739/4739 4431/4431 4442/4442
f 316/316 321/321 4437/4437
f 314/314 4430/4430 4423/4423
f 322/322 4804/4804 4789/4789
f 4788/4788 4443/4443 4433/4433
f 4790/4790 4434/4434 324/324
f 4808/4808 320/320 309/309
f 4454/4454 83/83 3/3
f 4/4 4446/4446 4450/4450
f 4461/4461 4455/4455 4444/4444
f 4445/4445 4361/4361 4460/4460
f 4466/4466 78/78 84/84
f 79/79 4452/4452 4467/4467
f 4474/4474 4468/4468 4451/4451
f 4453/4453 4457/4457 4473/4473
f 4456/4456 4360/4360 4476/4476
f 4463/4463 4478/4478 4486/4486
f 4462/4462 4490/4490 4481/4481
f 4484/4484 4489/4489 4495/4495
f 4499/4499 4488/4488 4477/4477
f 4502/4502 4492/4492 4487/4487
f 4485/4485 4500/4500 4374/4374
f 4491/4491 4375/4375 4505/4505
f 4510/4510 4475/4475 4459/4459
f 4458/4458 4482/4482 4515/4515
f 4516/4516 4483/4483 4496/4496
f 4511/4511 4493/4493 4522/4522
f 4518/4518 4494/4494 4507/4507
f 4521/4521 4504/4504 4525/4525
f 86/86 75/75 4464/4464
f 87/87 4469/4469 4534/4534
f 4530/4530 4465/4465 4471/4471
f 4531/4531 4472/4472 4540/4540
f 72/72 85/85 4533/4533
f 71/71 4532/4532 4545/4545
f 4544/4544 4535/4535 4536/4536
f 4546/4546 4537/4537 4552/4552
f 4541/4541 4470/4470 4513/4513
f 4538/4538 4512/4512 4560/4560
f 4567/4567 4561/4561 4514/4514
f 4517/4517 4520/4520 4563/4563
f 4568/4568 4519/4519 4524/4524
f 4562/4562 4527/4527 4571/4571
f 4553/4553 4539/4539 4558/4558
f 4555/4555 4559/4559 4576/4576
f 4579/4579 4578/4578 4557/4557
f 4556/4556 4566/4566 4582/4582
f 4590/4590 4581/4581 4565/4565
f 4564/4564 4572/4572 4587/4587
f 4506/4506 4376/4376 4396/4396
f 4508/4508 4394/4394 4596/4596
f 4604/4604 4523/4523 4509/4509
f 4503/4503 4592/4592 4608/4608
f 4526/4526 4603/4603 4597/4597
f 4600/4600 4601/4601 4610/4610
f 4594/4594 4395/4395 4619/4619
f 4593/4593 4618/4618 4620/4620
f 4636/4636 4621/4621 4617/4617
f 4616/4616 4627/4627 4634/4634
f 4640/4640 4635/4635 4628/4628
f 4629/4629 4400/4400 4647/4647
f 4626/4626 4644/4644 4641/4641
f 4622/4622 4602/4602 4595/4595
f 4653/4653 4612/4612 4605/4605
f 4607/4607 4623/4623 4632/4632
f 4606/4606 4633/4633 4652/4652
f 4655/4655 4650/4650 4631/4631
f 4630/4630 4637/4637 4659/4659
f 4639/4639 4645/4645 4664/4664
f 4673/4673 4656/4656 4642/4642
f 4638/4638 4663/4663 4668/4668
f 4678/4678 4573/4573 4528/4528
f 4529/4529 4598/4598 4684/4684
f 4574/4574 4685/4685 4675/4675
f 4611/4611 4682/4682 4599/4599
f 4688/4688 4591/4591 4569/4569
f 4570/4570 4674/4674 4686/4686
f 4676/4676 4680/4680 4695/4695
f 4701/4701 4692/4692 4681/4681
f 4679/4679 4609/4609 4649/4649
f 4683/4683 4648/4648 4699/4699
f 4703/4703 4651/4651 4657/4657
f 4700/4700 4654/4654 4705/4705
f 4691/4691 4677/4677 4696/4696
f 4690/4690 4694/4694 4710/4710
f 4712/4712 4693/4693 4698/4698
f 4715/4715 4702/4702 4722/4722
f 4723/4723 4697/4697 4709/4709
f 4721/4721 4707/4707 4725/4725
f 4708/4708 4658/4658 4672/4672
f 4704/4704 4670/4670 4734/4734
f 4728/4728 4706/4706 4733/4733
f 4726/4726 4732/4732 4737/4737
f 4426/4426 4643/4643 4399/4399
f 4665/4665 4646/4646 4428/4428
f 4662/4662 4429/4429 4741/4741
f 4661/4661 4743/4743 4748/4748
f 4759/4759 4750/4750 4742/4742
f 4744/4744 4440/4440 4758/4758
f 4751/4751 4761/4761 4753/4753
f 4754/4754 4762/4762 4765/4765
f 4671/4671 4660/4660 4745/4745
f 4669/4669 4747/4747 4769/4769
f 4775/4775 4770/4770 4749/4749
f 4746/4746 4756/4756 4777/4777
f 4779/4779 4776/4776 4755/4755
f 4752/4752 4764/4764 4781/4781
f 4441/4441 4787/4787 4794/4794
f 4793/4793 4757/4757 4439/4439
f 4802/4802 4767/4767 4763/4763
f 4760/4760 4791/4791 4799/4799
f 4807/4807 4792/4792 4786/4786
f 4800/4800 4795/4795 4806/4806
f 341/341 4797/4797 4803/4803
f 4805/4805 310/310 342/342
f 4780/4780 4766/4766 4796/4796
f 4782/4782 4801/4801 4814/4814
f 4809/4809 4798/4798 339/339
f 4811/4811 345/345 335/335
f 4817/4817 4729/4729 4666/4666
f 4667/4667 4768/4768 4821/4821
f 4820/4820 4771/4771 4772/4772
f 4818/4818 4774/4774 4825/4825
f 4824/4824 4773/4773 4785/4785
f 4826/4826 4778/4778 4827/4827
f 4834/4834 4738/4738 4731/4731
f 4730/4730 4819/4819 4838/4838
f 4846/4846 4833/4833 4816/4816
f 4815/4815 4822/4822 4845/4845
f 4837/4837 4849/4849 4843/4843
f 4830/4830 4850/4850 4823/4823
f 4852/4852 4828/4828 4784/4784
f 4783/4783 4812/4812 4855/4855
f 350/350 4854/4854 4810/4810
f 4813/4813 338/338 348/348
f 4841/4841 4847/4847 4863/4863
f 4857/4857 4864/4864 4844/4844
f 4848/4848 4829/4829 4853/4853
f 4860/4860 4856/4856 4865/4865
f 333/333 4868/4868 4851/4851
f 4858/4858 347/347 330/330
f 122/122 74/74 4543/4543
f 125/125 4547/4547 4874/4874
f 4871/4871 4542/4542 4551/4551
f 4873/4873 4550/4550 4876/4876
f 124/124 4870/4870 4884/4884
f 4880/4880 130/130 126/126
f 4872/4872 4877/4877 4887/4887
f 4886/4886 4879/4879 4869/4869
f 4895/4895 118/118 134/134
f 133/133 4881/4881 4891/4891
f 4903/4903 4892/4892 4882/4882
f 4883/4883 4888/4888 4905/4905
f 4909/4909 4878/4878 4554/4554
f 4548/4548 4575/4575 4916/4916
f 4549/4549 4914/4914 4906/4906
f 4580/4580 4912/4912 4577/4577
f 4910/4910 4915/4915 4923/4923
f 4585/4585 4925/4925 4913/4913
f 4917/4917 4583/4583 4586/4586
f 4924/4924 4584/4584 4928/4928
f 4907/4907 4885/4885 4875/4875
f 4897/4897 4889/4889 4911/4911
f 4902/4902 4908/4908 4918/4918
f 4901/4901 4919/4919 4930/4930
f 4936/4936 4932/4932 4920/4920
f 4921/4921 4927/4927 4946/4946
f 4922/4922 4940/4940 4939/4939
f 4937/4937 4945/4945 4952/4952
f 143/143 120/120 4893/4893
f 146/146 4890/4890 4953/4953
f 4956/4956 4894/4894 4899/4899
f 4955/4955 4904/4904 4962/4962
f 141/141 4958/4958 4964/4964
f 4963/4963 135/135 144/144
f 4954/4954 4959/4959 4971/4971
f 4969/4969 4966/4966 4957/4957
f 4976/4976 4961/4961 4896/4896
f 4898/4898 4931/4931 4983/4983
f 4900/4900 4982/4982 4979/4979
f 4938/4938 4981/4981 4933/4933
f 4978/4978 4972/4972 4960/4960
f 4991/4991 115/115 140/140
f 138/138 4967/4967 4987/4987
f 4997/4997 4988/4988 4968/4968
f 4965/4965 4970/4970 4994/4994
f 4974/4974 4980/4980 4999/4999
f 5001/5001 4984/4984 4935/4935
f 5006/5006 4934/4934 4951/4951
f 5008/5008 5005/5005 4949/4949
f 4950/4950 5013/5013 5012/5012
f 5011/5011 5014/5014 5022/5022
f 4993/4993 4973/4973 4977/4977
f 4998/4998 4975/4975 5002/5002
f 5027/5027 4992/4992 5004/5004
f 5003/5003 5029/5029 5023/5023
f 5007/5007 5030/5030 5000/5000
f 5024/5024 5028/5028 5036/5036
f 5039/5039 5035/5035 5032/5032
f 5031/5031 5009/5009 5040/5040
f 5010/5010 5020/5020 5041/5041
f 5021/5021 5048/5048 5038/5038
f 5057/5057 4929/4929 4588/4588
f 4589/4589 4689/4689 5053/5053
f 5055/5055 4942/4942 4926/4926
f 5056/5056 4687/4687 4713/4713
f 5054/5054 4714/4714 5061/5061
f 5062/5062 4711/4711 4717/4717
f 5059/5059 4716/4716 5064/5064
f 5070/5070 5066/5066 4720/4720
f 4718/4718 4724/4724 5077/5077
f 4719/4719 5075/5075 5069/5069
f 5082/5082 4948/4948 4943/4943
f 5087/5087 4941/4941 5051/5051
f 5052/5052 5058/5058 5091/5091
f 4944/4944 5090/5090 5080/5080
f 5063/5063 5088/5088 5060/5060
f 5085/5085 5089/5089 5094/5094
f 5071/5071 5096/5096 5092/5092
f 5093/5093 5065/5065 5067/5067
f 5098/5098 5072/5072 5102/5102
f 4735/4735 5076/5076 4727/4727
f 5081/5081 5015/5015 4947/4947
f 5019/5019 5016/5016 5086/5086
f 5109/5109 5017/5017 5084/5084
f 5083/5083 5097/5097 5111/5111
f 5099/5099 5119/5119 5110/5110
f 5104/5104 5114/5114 5095/5095
f 5108/5108 5050/5050 5018/5018
f 5043/5043 5047/5047 5120/5120
f 5073/5073 5078/5078 5127/5127
f 5100/5100 5068/5068 5130/5130
f 5103/5103 5125/5125 5140/5140
f 5105/5105 5141/5141 5136/5136
f 5135/5135 5139/5139 5145/5145
f 4832/4832 5126/5126 5074/5074
f 5079/5079 4736/4736 4836/4836
f 5128/5128 4835/4835 5150/5150
f 5160/5160 5151/5151 4839/4839
f 4831/4831 4840/4840 5156/5156
f 5153/5153 5138/5138 5129/5129
f 5154/5154 5144/5144 5142/5142
f 5143/5143 5152/5152 5158/5158
f 5149/5149 5155/5155 5165/5165
f 5159/5159 4842/4842 4861/4861
f 5161/5161 4862/4862 5177/5177
f 5157/5157 5178/5178 5171/5171
f 4866/4866 5175/5175 4859/4859
f 5169/5169 5176/5176 372/372
f 5170/5170 376/376 369/369
f 329/329 377/377 5174/5174
f 328/328 5179/5179 4867/4867
f 5184/5184 5167/5167 5162/5162
f 5163/5163 5168/5168 5185/5185
f 362/362 5180/5180 5172/5172
f 5173/5173 368/368 364/364
f 5186/5186 5106/5106 5116/5116
f 5118/5118 5192/5192 5187/5187
f 5131/5131 5193/5193 5117/5117
f 5137/5137 5115/5115 5101/5101
f 5188/5188 5191/5191 5198/5198
f 5197/5197 5194/5194 5132/5132
f 5203/5203 5196/5196 5134/5134
f 5133/5133 5146/5146 5205/5205
f 5147/5147 5212/5212 5204/5204
f 5124/5124 5049/5049 5113/5113
f 5217/5217 5121/5121 5107/5107
f 5112/5112 5189/5189 5219/5219
f 5218/5218 5190/5190 5199/5199
f 5216/5216 5195/5195 5230/5230
f 5213/5213 5232/5232 5222/5222
f 5201/5201 5229/5229 5200/5200
f 5166/5166 5210/5210 5148/5148
f 5206/5206 5211/5211 5243/5243
f 5202/5202 5241/5241 5238/5238
f 5240/5240 5242/5242 381/381
f 5239/5239 378/378 385/385
f 5225/5225 5228/5228 5249/5249
f 5233/5233 5247/5247 5227/5227
f 5231/5231 5207/5207 5235/5235
f 5248/5248 5234/5234 5254/5254
f 352/352 5255/5255 5237/5237
f 5236/5236 384/384 357/357
f 5183/5183 5244/5244 5209/5209
f 5182/5182 5208/5208 5164/5164
f 363/363 379/379 5245/5245
f 365/365 5246/5246 5181/5181
f 210/210 113/113 4986/4986
f 211/211 4985/4985 5259/5259
f 5271/5271 5262/5262 4989/4989
f 4990/4990 4995/4995 5272/5272
f 5257/5257 5270/5270 5267/5267
f 5264/5264 5269/5269 5277/5277
f 202/202 213/213 5258/5258
f 203/203 5260/5260 5285/5285
f 5291/5291 5282/5282 5263/5263
f 5261/5261 5265/5265 5287/5287
f 5298/5298 5290/5290 5268/5268
f 5266/5266 5281/5281 5299/5299
f 5025/5025 5275/5275 4996/4996
f 5309/5309 5278/5278 5276/5276
f 5273/5273 5026/5026 5034/5034
f 5274/5274 5033/5033 5310/5310
f 5279/5279 5311/5311 5303/5303
f 5046/5046 5312/5312 5037/5037
f 5293/5293 5280/5280 5304/5304
f 5296/5296 5302/5302 5313/5313
f 5323/5323 226/226 201/201
f 200/200 5284/5284 5322/5322
f 5317/5317 5283/5283 5289/5289
f 5320/5320 5286/5286 5326/5326
f 5325/5325 5288/5288 5297/5297
f 5327/5327 5294/5294 5331/5331
f 395/395 197/197 229/229
f 231/231 5321/5321 394/394
f 5341/5341 397/397 5318/5318
f 5319/5319 5324/5324 5336/5336
f 396/396 5338/5338 390/390
f 5329/5329 5337/5337 5328/5328
f 5355/5355 5332/5332 5292/5292
f 5295/5295 5316/5316 5354/5354
f 5333/5333 5352/5352 5346/5346
f 5342/5342 5353/5353 5357/5357
f 389/389 5335/5335 400/400
f 410/410 399/399 5334/5334
f 5339/5339 5330/5330 5344/5344
f 5340/5340 5343/5343 408/408
f 415/415 409/409 5345/5345
f 5347/5347 5358/5358 413/413
f 5300/5300 5306/5306 5364/5364
f 5365/5365 5360/5360 5307/5307
f 5366/5366 5308/5308 5045/5045
f 5044/5044 5122/5122 5374/5374
f 5042/5042 5372/5372 5370/5370
f 5369/5369 5376/5376 5382/5382
f 5383/5383 5315/5315 5301/5301
f 5305/5305 5361/5361 5385/5385
f 5391/5391 5387/5387 5363/5363
f 5362/5362 5367/5367 5389/5389
f 5388/5388 5368/5368 5377/5377
f 5390/5390 5378/5378 5399/5399
f 5386/5386 5350/5350 5314/5314
f 5408/5408 5359/5359 5349/5349
f 5348/5348 5384/5384 5394/5394
f 5351/5351 5395/5395 5405/5405
f 5409/5409 5406/5406 5393/5393
f 5392/5392 5398/5398 5414/5414
f 412/412 5356/5356 5403/5403
f 414/414 5402/5402 424/424
f 421/421 425/425 5407/5407
f 5404/5404 5412/5412 422/422
f 5215/5215 5375/5375 5123/5123
f 5220/5220 5379/5379 5371/5371
f 5373/5373 5214/5214 5226/5226
f 5380/5380 5223/5223 5420/5420
f 5401/5401 5381/5381 5416/5416
f 5397/5397 5417/5417 5423/5423
f 5427/5427 5415/5415 5221/5221
f 5224/5224 5252/5252 5431/5431
f 5251/5251 5436/5436 5425/5425
f 5253/5253 5437/5437 5250/5250
f 5429/5429 5434/5434 440/440
f 5428/5428 443/443 437/437
f 358/358 442/442 5435/5435
f 353/353 5433/5433 5256/5256
f 5439/5439 5422/5422 5419/5419
f 5418/5418 5426/5426 5438/5438
f 430/430 5441/5441 5430/5430
f 5432/5432 438/438 427/427
f 5445/5445 5413/5413 5400/5400
f 5396/5396 5421/5421 5447/5447
f 446/446 420/420 5411/5411
f 5410/5410 5448/5448 445/445
f 5446/5446 5424/5424 5440/5440
f 5449/5449 5442/5442 5453/5453
f 5452/5452 5443/5443 429/429
f 5450/5450 428/428 456/456
f 451/451 5444/5444 5451/5451
f 447/447 5455/5455 462/462
f 461/461 5454/5454 454/454
f 460/460 457/457 465/465
f 5456/5456 693/693 199/199
f 198/198 392/392 5459/5459
f 5464/5464 5457/5457 398/398
f 393/393 388/388 5463/5463
f 689/689 692/692 5461/5461
f 688/688 5458/5458 5473/5473
f 5470/5470 5460/5460 5468/5468
f 5471/5471 5469/5469 5480/5480
f 5466/5466 391/391 402/402
f 5462/5462 403/403 5485/5485
f 5486/5486 401/401 407/407
f 5484/5484 406/406 5489/5489
f 5494/5494 5487/5487 405/405
f 404/404 411/411 5497/5497
f 5503/5503 5479/5479 5465/5465
f 5467/5467 5481/5481 5501/5501
f 5506/5506 5504/5504 5483/5483
f 5482/5482 5488/5488 5505/5505
f 5507/5507 5490/5490 5496/5496
f 5508/5508 5495/5495 5512/5512
f 704/704 687/687 5475/5475
f 701/701 5474/5474 5524/5524
f 5521/5521 5472/5472 5476/5476
f 5520/5520 5477/5477 5529/5529
f 696/696 705/705 5523/5523
f 694/694 5518/5518 5531/5531
f 5547/5547 5530/5530 5522/5522
f 5519/5519 5527/5527 5544/5544
f 5533/5533 5546/5546 5538/5538
f 5539/5539 5549/5549 5552/5552
f 5525/5525 5478/5478 5499/5499
f 5528/5528 5500/5500 5555/5555
f 5563/5563 5554/5554 5498/5498
f 5502/5502 5510/5510 5561/5561
f 5560/5560 5509/5509 5513/5513
f 5562/5562 5511/5511 5567/5567
f 5557/5557 5545/5545 5526/5526
f 5577/5577 5553/5553 5543/5543
f 5542/5542 5556/5556 5559/5559
f 5548/5548 5558/5558 5573/5573
f 5572/5572 5564/5564 5569/5569
f 5576/5576 5566/5566 5583/5583
f 5595/5595 5493/5493 416/416
f 417/417 423/423 5591/5591
f 5492/5492 5594/5594 5588/5588
f 418/418 5593/5593 426/426
f 5517/5517 5491/5491 5587/5587
f 5516/5516 5585/5585 5599/5599
f 5609/5609 5565/5565 5514/5514
f 5515/5515 5602/5602 5612/5612
f 5570/5570 5611/5611 5604/5604
f 5605/5605 5614/5614 5619/5619
f 5623/5623 5579/5579 5571/5571
f 5568/5568 5603/5603 5625/5625
f 5621/5621 5606/5606 5617/5617
f 5622/5622 5615/5615 5630/5630
f 5586/5586 5592/5592 5636/5636
f 5638/5638 5637/5637 5596/5596
f 5597/5597 419/419 449/449
f 5590/5590 448/448 5641/5641
f 5600/5600 5589/5589 5633/5633
f 5601/5601 5634/5634 5646/5646
f 5653/5653 5647/5647 5632/5632
f 5635/5635 5639/5639 5648/5648
f 5643/5643 450/450 459/459
f 5640/5640 458/458 5662/5662
f 5661/5661 463/463 466/466
f 5659/5659 464/464 886/886
f 5654/5654 5642/5642 5660/5660
f 5655/5655 5656/5656 5667/5667
f 880/880 5663/5663 5658/5658
f 5657/5657 887/887 881/881
f 5644/5644 5613/5613 5598/5598
f 5671/5671 5616/5616 5610/5610
f 5607/5607 5645/5645 5652/5652
f 5608/5608 5650/5650 5672/5672
f 5626/5626 5618/5618 5668/5668
f 5629/5629 5669/5669 5677/5677
f 5686/5686 5670/5670 5649/5649
f 5651/5651 5664/5664 5681/5681
f 893/893 5682/5682 5665/5665
f 5666/5666 879/879 890/890
f 5687/5687 5680/5680 5673/5673
f 5674/5674 5685/5685 5691/5691
f 877/877 5688/5688 5683/5683
f 5684/5684 892/892 876/876
f 741/741 698/698 5535/5535
f 740/740 5536/5536 5695/5695
f 5698/5698 5696/5696 5534/5534
f 5532/5532 5540/5540 5702/5702
f 5706/5706 5701/5701 5537/5537
f 5541/5541 5550/5550 5703/5703
f 746/746 5693/5693 5714/5714
f 5715/5715 750/750 747/747
f 5700/5700 5712/5712 5694/5694
f 5721/5721 736/736 752/752
f 751/751 5711/5711 5720/5720
f 5726/5726 5718/5718 5710/5710
f 5728/5728 5713/5713 5699/5699
f 5697/5697 5705/5705 5724/5724
f 5704/5704 5551/5551 5578/5578
f 5707/5707 5574/5574 5733/5733
f 5734/5734 5575/5575 5582/5582
f 5731/5731 5581/5581 5737/5737
f 5747/5747 5722/5722 5708/5708
f 5709/5709 5732/5732 5746/5746
f 5725/5725 5748/5748 5740/5740
f 5736/5736 5745/5745 5735/5735
f 755/755 737/737 5716/5716
f 760/760 5719/5719 5758/5758
f 5757/5757 5717/5717 5727/5727
f 5755/5755 5723/5723 5764/5764
f 734/734 754/754 5759/5759
f 733/733 5754/5754 5768/5768
f 5770/5770 5767/5767 5760/5760
f 5756/5756 5761/5761 5779/5779
f 5753/5753 5777/5777 5775/5775
f 5787/5787 5763/5763 5729/5729
f 5730/5730 5741/5741 5784/5784
f 5785/5785 5778/5778 5762/5762
f 5792/5792 5738/5738 5580/5580
f 5584/5584 5620/5620 5791/5791
f 5789/5789 5624/5624 5627/5627
f 5794/5794 5631/5631 5799/5799
f 5744/5744 5749/5749 5803/5803
f 5813/5813 5804/5804 5751/5751
f 5750/5750 5739/5739 5793/5793
f 5752/5752 5788/5788 5811/5811
f 5810/5810 5790/5790 5800/5800
f 5805/5805 5796/5796 5818/5818
f 5769/5769 5781/5781 5819/5819
f 5829/5829 5786/5786 5743/5743
f 5742/5742 5802/5802 5831/5831
f 5828/5828 5801/5801 5809/5809
f 5827/5827 5808/5808 5835/5835
f 5842/5842 5834/5834 5812/5812
f 5807/5807 5816/5816 5847/5847
f 5806/5806 5843/5843 5841/5841
f 5853/5853 5821/5821 5780/5780
f 5782/5782 5783/5783 5825/5825
f 5776/5776 5830/5830 5859/5859
f 5824/5824 5855/5855 5852/5852
f 5833/5833 5854/5854 5826/5826
f 5850/5850 5856/5856 5864/5864
f 5867/5867 5861/5861 5858/5858
f 5872/5872 5857/5857 5832/5832
f 5836/5836 5840/5840 5870/5870
f 5837/5837 5848/5848 5878/5878
f 5879/5879 5871/5871 5839/5839
f 5838/5838 5877/5877 5882/5882
f 5873/5873 5891/5891 5881/5881
f 5880/5880 5890/5890 899/899
f 5883/5883 903/903 896/896
f 5795/5795 5628/5628 5676/5676
f 5798/5798 5679/5679 5895/5895
f 5814/5814 5797/5797 5894/5894
f 5817/5817 5893/5893 5899/5899
f 5907/5907 5892/5892 5678/5678
f 5675/5675 5692/5692 5902/5902
f 916/916 5903/5903 5689/5689
f 5690/5690 874/874 917/917
f 5912/5912 5900/5900 5897/5897
f 5896/5896 5906/5906 5909/5909
f 908/908 5910/5910 5905/5905
f 5904/5904 912/912 909/909
f 5898/5898 5845/5845 5815/5815
f 5915/5915 5874/5874 5846/5846
f 5844/5844 5901/5901 5914/5914
f 5876/5876 5913/5913 5917/5917
f 923/923 5918/5918 5911/5911
f 5908/5908 910/910 918/918
f 5919/5919 5887/5887 5875/5875
f 919/919 900/900 5889/5889
f 922/922 5888/5888 5916/5916
f 735/735 5766/5766 5920/5920
f 5924/5924 794/794 732/732
f 5774/5774 5923/5923 5765/5765
f 807/807 795/795 5922/5922
f 806/806 5925/5925 5931/5931
f 5927/5927 5921/5921 5773/5773
f 5934/5934 5929/5929 5772/5772
f 5771/5771 5823/5823 5933/5933
f 809/809 5930/5930 5940/5940
f 5941/5941 814/814 808/808
f 5926/5926 5935/5935 5944/5944
f 5946/5946 5939/5939 5928/5928
f 5953/5953 800/800 813/813
f 811/811 5937/5937 5948/5948
f 5949/5949 5938/5938 5947/5947
f 5952/5952 5945/5945 5958/5958
f 5967/5967 5932/5932 5822/5822
f 5820/5820 5849/5849 5966/5966
f 5961/5961 5851/5851 5860/5860
f 5964/5964 5862/5862 5973/5973
f 5965/5965 5974/5974 5970/5970
f 5865/5865 5976/5976 5863/5863
f 5960/5960 5943/5943 5936/5936
f 5959/5959 5942/5942 5968/5968
f 5978/5978 5956/5956 5963/5963
f 5962/5962 5972/5972 5979/5979
f 5971/5971 5977/5977 5990/5990
f 5991/5991 5975/5975 5866/5866
f 5992/5992 5987/5987 5868/5868
f 5869/5869 5886/5886 5994/5994
f 937/937 5996/5996 5885/5885
f 5884/5884 898/898 930/930
f 5984/5984 5969/5969 5986/5986
f 5982/5982 5989/5989 6006/6006
f 5983/5983 6007/6007 5999/5999
f 5993/5993 6004/6004 5988/5988
f 5997/5997 6003/6003 939/939
f 6000/6000 941/941 926/926
f 932/932 938/938 6002/6002
f 936/936 6005/6005 5995/5995
f 801/801 5951/5951 6011/6011
f 6013/6013 834/834 802/802
f 5954/5954 6017/6017 6008/6008
f 5955/5955 6015/6015 5950/5950
f 5985/5985 6016/6016 5957/5957
f 848/848 836/836 6012/6012
f 844/844 6009/6009 6023/6023
f 6034/6034 6024/6024 6014/6014
f 6010/6010 6018/6018 6033/6033
f 6021/6021 6032/6032 6027/6027
f 950/950 6028/6028 6036/6036
f 6035/6035 945/945 952/952
f 6022/6022 6042/6042 857/857
f 6025/6025 860/860 849/849
f 6030/6030 6043/6043 6020/6020
f 957/957 865/865 859/859
f 856/856 6041/6041 956/956
f 6026/6026 951/951 958/958
f 961/961 6040/6040 6029/6029
f 5980/5980 6001/6001 6037/6037
f 6038/6038 6019/6019 5981/5981
f 929/929 944/944 6039/6039
f 928/928 6031/6031 5998/5998
f 478/478 6047/6047 303/303
f 307/307 68/68 483/483
f 6046/6046 6055/6055 301/301
f 302/302 308/308 6044/6044
f 476/476 6059/6059 6051/6051
f 6048/6048 480/480 477/477
f 6075/6075 6053/6053 6049/6049
f 6061/6061 6074/6074 6045/6045
f 6050/6050 6056/6056 6062/6062
f 6063/6063 6080/6080 6069/6069
f 6085/6085 319/319 299/299
f 300/300 6052/6052 6084/6084
f 6086/6086 6054/6054 6068/6068
f 318/318 6082/6082 6095/6095
f 6092/6092 323/323 317/317
f 6138/6138 313/313 325/325
f 6140/6140 326/326 6087/6087
f 6154/6154 6141/6141 6094/6094
f 6093/6093 6097/6097 6155/6155
f 6073/6073 6108/6108 6091/6091
f 6090/6090 6083/6083 6072/6072
f 6102/6102 6109/6109 6070/6070
f 6071/6071 6076/6076 6101/6101
f 6193/6193 6099/6099 6088/6088
f 6192/6192 6089/6089 6106/6106
f 6111/6111 6058/6058 473/473
f 6112/6112 472/472 491/491
f 6065/6065 6057/6057 6113/6113
f 489/489 495/495 6115/6115
f 490/490 6116/6116 6114/6114
f 6131/6131 6081/6081 6060/6060
f 6128/6128 6129/6129 6066/6066
f 6067/6067 6110/6110 6118/6118
f 6064/6064 6120/6120 6127/6127
f 6304/6304 6135/6135 6119/6119
f 6311/6311 6303/6303 6122/6122
f 6117/6117 500/500 6313/6313
f 498/498 484/484 6314/6314
f 6353/6353 6126/6126 6121/6121
f 6123/6123 6137/6137 6352/6352
f 6458/6458 6104/6104 6077/6077
f 6486/6486 6459/6459 6079/6079
f 6078/6078 6132/6132 6480/6480
f 6147/6147 340/340 312/312
f 311/311 6139/6139 6146/6146
f 6096/6096 6159/6159 6153/6153
f 6148/6148 6142/6142 6152/6152
f 6149/6149 6151/6151 6162/6162
f 6144/6144 6161/6161 6163/6163
f 6171/6171 336/336 343/343
f 344/344 6143/6143 6167/6167
f 6173/6173 6168/6168 6150/6150
f 6145/6145 6166/6166 6174/6174
f 6100/6100 6181/6181 6105/6105
f 6198/6198 6207/6207 6160/6160
f 6156/6156 6098/6098 6191/6191
f 6157/6157 6190/6190 6195/6195
f 6165/6165 6158/6158 6205/6205
f 6183/6183 6196/6196 6194/6194
f 6189/6189 6107/6107 6182/6182
f 6197/6197 6185/6185 6210/6210
f 6219/6219 6206/6206 6199/6199
f 6216/6216 6200/6200 6215/6215
f 6178/6178 6164/6164 6203/6203
f 6175/6175 6204/6204 6221/6221
f 6224/6224 6214/6214 6201/6201
f 6202/6202 6211/6211 6223/6223
f 346/346 337/337 6169/6169
f 349/349 6172/6172 6231/6231
f 6233/6233 6170/6170 6180/6180
f 6232/6232 6176/6176 6238/6238
f 334/334 351/351 6237/6237
f 327/327 6230/6230 6243/6243
f 6254/6254 6256/6256 6249/6249
f 6250/6250 6244/6244 6236/6236
f 6234/6234 6241/6241 6258/6258
f 6235/6235 6257/6257 6251/6251
f 6269/6269 6272/6272 6220/6220
f 6218/6218 6212/6212 6268/6268
f 6271/6271 6240/6240 6179/6179
f 6177/6177 6217/6217 6270/6270
f 6265/6265 6213/6213 6228/6228
f 6264/6264 6227/6227 6280/6280
f 6282/6282 6246/6246 6259/6259
f 6260/6260 6274/6274 6263/6263
f 6262/6262 6267/6267 6286/6286
f 6273/6273 6261/6261 6239/6239
f 6285/6285 6266/6266 6279/6279
f 6281/6281 6277/6277 6290/6290
f 6125/6125 6294/6294 6130/6130
f 6301/6301 6307/6307 6136/6136
f 512/512 6317/6317 6312/6312
f 6315/6315 485/485 514/514
f 6324/6324 6309/6309 6302/6302
f 6319/6319 6330/6330 6300/6300
f 6305/6305 6316/6316 6320/6320
f 510/510 6332/6332 6321/6321
f 6323/6323 513/513 507/507
f 6341/6341 6328/6328 6322/6322
f 6339/6339 6318/6318 6331/6331
f 6346/6346 6356/6356 6347/6347
f 6354/6354 6134/6134 6310/6310
f 6349/6349 6306/6306 6344/6344
f 6351/6351 6364/6364 6299/6299
f 6296/6296 6124/6124 6350/6350
f 6359/6359 6348/6348 6357/6357
f 6342/6342 6308/6308 6326/6326
f 6345/6345 6367/6367 6358/6358
f 6376/6376 6379/6379 6361/6361
f 6362/6362 6355/6355 6368/6368
f 6360/6360 6366/6366 6377/6377
f 6325/6325 6384/6384 6370/6370
f 6369/6369 6343/6343 6327/6327
f 6386/6386 6329/6329 6340/6340
f 6375/6375 6371/6371 6385/6385
f 523/523 6391/6391 6334/6334
f 6333/6333 506/506 521/521
f 6393/6393 6400/6400 6337/6337
f 6338/6338 6335/6335 6392/6392
f 503/503 6409/6409 6390/6390
f 6395/6395 522/522 502/502
f 6408/6408 6414/6414 6398/6398
f 6396/6396 6394/6394 6405/6405
f 6426/6426 6382/6382 6372/6372
f 6428/6428 6373/6373 6419/6419
f 6401/6401 6433/6433 6383/6383
f 6388/6388 6336/6336 6399/6399
f 6420/6420 6374/6374 6387/6387
f 6417/6417 6389/6389 6431/6431
f 6444/6444 6448/6448 6434/6434
f 6441/6441 6454/6454 6427/6427
f 6425/6425 6418/6418 6447/6447
f 6429/6429 6449/6449 6443/6443
f 6402/6402 6438/6438 6446/6446
f 6451/6451 6430/6430 6403/6403
f 6439/6439 6397/6397 6412/6412
f 6432/6432 6450/6450 6416/6416
f 6467/6467 6472/6472 6186/6186
f 6188/6188 6103/6103 6456/6456
f 6187/6187 6457/6457 6464/6464
f 6473/6473 6487/6487 6482/6482
f 6485/6485 6133/6133 6295/6295
f 6484/6484 6298/6298 6479/6479
f 6466/6466 6460/6460 6483/6483
f 6463/6463 6481/6481 6490/6490
f 6497/6497 6468/6468 6462/6462
f 6499/6499 6461/6461 6494/6494
f 6512/6512 6489/6489 6477/6477
f 6513/6513 6474/6474 6505/6505
f 6496/6496 6465/6465 6491/6491
f 6495/6495 6488/6488 6511/6511
f 6209/6209 6184/6184 6469/6469
f 6222/6222 6208/6208 6470/6470
f 6225/6225 6471/6471 6501/6501
f 6475/6475 6297/6297 6363/6363
f 6380/6380 6503/6503 6476/6476
f 6478/6478 6365/6365 6381/6381
f 6516/6516 6523/6523 6502/6502
f 6498/6498 6493/6493 6517/6517
f 6536/6536 6510/6510 6508/6508
f 6533/6533 6504/6504 6532/6532
f 6521/6521 6492/6492 6509/6509
f 6519/6519 6514/6514 6534/6534
f 6538/6538 6547/6547 6522/6522
f 6526/6526 6515/6515 6541/6541
f 6555/6555 6535/6535 6531/6531
f 6557/6557 6530/6530 6553/6553
f 6559/6559 6540/6540 6520/6520
f 6518/6518 6537/6537 6558/6558
f 6525/6525 6275/6275 6229/6229
f 6226/6226 6500/6500 6524/6524
f 6546/6546 6291/6291 6276/6276
f 6278/6278 6527/6527 6548/6548
f 6424/6424 6528/6528 6506/6506
f 6507/6507 6378/6378 6423/6423
f 6551/6551 6529/6529 6422/6422
f 6552/6552 6421/6421 6452/6452
f 6572/6572 6574/6574 6565/6565
f 6577/6577 370/370 374/374
f 375/375 6587/6587 6578/6578
f 332/332 6242/6242 6588/6588
f 6586/6586 373/373 331/331
f 6592/6592 6579/6579 6583/6583
f 6585/6585 6253/6253 6590/6590
f 6252/6252 6247/6247 6591/6591
f 6255/6255 6584/6584 6245/6245
f 361/361 371/371 6582/6582
f 366/366 6581/6581 6603/6603
f 6599/6599 6580/6580 6594/6594
f 6600/6600 6589/6589 6606/6606
f 6616/6616 6627/6627 6615/6615
f 6636/6636 6644/6644 6629/6629
f 6650/6650 6632/6632 6646/6646
f 6649/6649 6645/6645 6618/6618
f 6617/6617 6612/6612 6652/6652
f 6596/6596 6248/6248 6289/6289
f 6595/6595 6287/6287 6654/6654
f 6621/6621 6655/6655 6288/6288
f 6284/6284 6293/6293 6624/6624
f 6283/6283 6622/6622 6619/6619
f 6635/6635 6608/6608 6593/6593
f 6597/6597 6656/6656 6643/6643
f 6598/6598 6642/6642 6634/6634
f 6620/6620 6641/6641 6653/6653
f 6658/6658 387/387 380/380
f 383/383 6668/6668 6657/6657
f 6672/6672 6660/6660 6667/6667
f 6669/6669 6678/6678 6671/6671
f 355/355 386/386 6662/6662
f 354/354 6663/6663 6686/6686
f 6693/6693 6702/6702 6689/6689
f 6692/6692 6684/6684 6661/6661
f 6698/6698 6659/6659 6673/6673
f 6675/6675 6700/6700 6697/6697
f 360/360 6604/6604 6664/6664
f 6665/6665 382/382 367/367
f 6601/6601 6607/6607 6679/6679
f 6680/6680 6666/6666 6602/6602
f 6674/6674 6681/6681 6640/6640
f 6708/6708 6676/6676 6639/6639
f 6638/6638 6631/6631 6706/6706
f 6719/6719 6727/6727 6716/6716
f 6717/6717 6705/6705 6628/6628
f 6630/6630 6648/6648 6725/6725
f 6633/6633 6724/6724 6718/6718
f 6733/6733 6688/6688 6699/6699
f 6703/6703 6740/6740 6728/6728
f 6670/6670 6704/6704 6738/6738
f 6737/6737 6701/6701 6677/6677
f 6732/6732 6736/6736 6722/6722
f 6731/6731 6721/6721 6712/6712
f 6569/6569 6734/6734 6713/6713
f 6715/6715 6576/6576 6571/6571
f 6720/6720 6739/6739 6707/6707
f 6637/6637 6682/6682 6605/6605
f 6751/6751 6756/6756 6741/6741
f 6770/6770 6777/6777 6767/6767
f 6783/6783 6748/6748 6745/6745
f 6784/6784 6744/6744 6776/6776
f 6781/6781 6778/6778 6771/6771
f 6791/6791 6801/6801 6788/6788
f 545/545 6803/6803 6411/6411
f 6404/6404 504/504 544/544
f 6407/6407 6785/6785 6802/6802
f 6800/6800 6413/6413 6410/6410
f 6786/6786 6406/6406 6805/6805
f 6810/6810 6816/6816 549/549
f 6809/6809 550/550 537/537
f 6811/6811 6822/6822 6796/6796
f 6794/6794 6789/6789 6812/6812
f 6790/6790 6817/6817 6808/6808
f 546/546 551/551 6818/6818
f 543/543 6819/6819 6804/6804
f 6806/6806 6820/6820 6787/6787
f 6827/6827 6440/6440 6437/6437
f 6825/6825 6435/6435 6798/6798
f 6826/6826 6797/6797 6793/6793
f 6832/6832 6742/6742 6759/6759
f 6758/6758 6453/6453 6445/6445
f 6757/6757 6442/6442 6828/6828
f 6415/6415 6799/6799 6436/6436
f 6760/6760 6775/6775 6830/6830
f 6761/6761 6829/6829 6795/6795
f 6762/6762 6792/6792 6823/6823
f 6831/6831 6774/6774 6743/6743
f 6844/6844 6847/6847 6839/6839
f 6856/6856 6859/6859 6845/6845
f 6858/6858 6846/6846 6843/6843
f 6870/6870 6874/6874 6869/6869
f 6880/6880 6842/6842 6835/6835
f 531/531 6879/6879 6834/6834
f 6833/6833 556/556 529/529
f 6866/6866 6878/6878 6854/6854
f 6883/6883 6867/6867 6857/6857
f 6855/6855 6841/6841 6882/6882
f 6897/6897 6902/6902 6889/6889
f 6904/6904 6772/6772 6766/6766
f 6853/6853 6907/6907 6765/6765
f 6764/6764 6862/6862 6850/6850
f 6769/6769 6886/6886 6900/6900
f 6899/6899 6779/6779 6768/6768
f 6888/6888 6773/6773 6905/6905
f 6916/6916 6919/6919 6877/6877
f 6912/6912 6875/6875 6872/6872
f 6563/6563 6575/6575 6895/6895
f 6910/6910 6566/6566 6892/6892
f 6893/6893 6890/6890 6913/6913
f 6891/6891 6920/6920 6911/6911
f 6851/6851 6876/6876 6918/6918
f 6852/6852 6917/6917 6908/6908
f 6906/6906 6921/6921 6887/6887
f 6840/6840 6849/6849 6815/6815
f 6838/6838 6814/6814 535/535
f 6836/6836 534/534 560/560
f 6807/6807 6848/6848 6860/6860
f 6813/6813 6861/6861 6821/6821
f 558/558 553/553 6837/6837
f 6824/6824 6863/6863 6763/6763
f 6930/6930 6935/6935 6922/6922
f 6542/6542 6611/6611 6626/6626
f 6623/6623 6549/6549 6539/6539
f 6609/6609 6544/6544 6933/6933
f 6610/6610 6934/6934 6929/6929
f 6750/6750 6923/6923 6936/6936
f 6752/6752 6931/6931 6556/6556
f 6561/6561 6554/6554 6753/6753
f 6932/6932 6754/6754 6746/6746
f 6560/6560 6937/6937 6543/6543
f 6941/6941 6948/6948 6926/6926
f 6927/6927 6924/6924 6940/6940
f 6950/6950 6647/6647 6613/6613
f 6614/6614 6928/6928 6951/6951
f 6945/6945 6925/6925 6749/6749
f 6938/6938 6747/6747 6780/6780
f 6545/6545 6625/6625 6292/6292
f 6455/6455 6755/6755 6550/6550
f 6714/6714 6726/6726 6946/6946
f 6709/6709 6947/6947 6942/6942
f 6894/6894 6711/6711 6943/6943
f 6939/6939 6901/6901 6898/6898
f 6949/6949 6723/6723 6651/6651
f 6782/6782 6903/6903 6944/6944
f 6896/6896 6573/6573 6710/6710
f 6959/6959 6968/6968 6956/6956
f 6977/6977 6985/6985 6971/6971
f 6979/6979 6953/6953 6965/6965
f 6981/6981 6964/6964 6567/6567
f 6568/6568 6564/6564 6982/6982
f 6954/6954 6978/6978 6975/6975
f 6991/6991 6992/6992 6958/6958
f 6960/6960 6955/6955 6986/6986
f 7008/7008 6976/6976 6972/6972
f 7006/7006 6973/6973 7002/7002
f 7004/7004 6987/6987 6952/6952
f 6957/6957 6974/6974 7009/7009
f 7010/7010 7019/7019 6996/6996
f 6997/6997 6989/6989 7015/7015
f 7028/7028 7005/7005 7001/7001
f 7030/7030 6999/6999 7025/7025
f 7031/7031 7016/7016 6988/6988
f 6990/6990 7007/7007 7029/7029
f 647/647 7017/7017 7011/7011
f 644/644 7012/7012 654/654
f 656/656 7032/7032 7026/7026
f 657/657 7027/7027 641/641
f 655/655 652/652 7014/7014
f 7013/7013 7033/7033 658/658
f 7040/7040 436/436 439/439
f 444/444 7041/7041 7034/7034
f 356/356 6683/6683 7043/7043
f 7042/7042 441/441 359/359
f 7039/7039 7044/7044 6694/6694
f 7050/7050 7037/7037 6696/6696
f 6691/6691 6690/6690 7054/7054
f 6695/6695 7045/7045 6685/6685
f 431/431 435/435 7038/7038
f 434/434 7035/7035 7059/7059
f 7056/7056 7036/7036 7048/7048
f 7055/7055 7049/7049 7064/7064
f 7047/7047 6687/6687 6735/6735
f 7051/7051 6730/6730 6966/6966
f 7052/7052 6967/6967 6962/6962
f 6570/6570 6963/6963 6729/6729
f 6994/6994 7061/7061 7053/7053
f 7046/7046 6961/6961 6995/6995
f 7069/7069 452/452 432/432
f 433/433 7060/7060 7071/7071
f 7077/7077 7068/7068 7058/7058
f 7057/7057 7062/7062 7074/7074
f 669/669 467/467 455/455
f 453/453 7066/7066 671/671
f 662/662 670/670 7070/7070
f 7067/7067 7073/7073 663/663
f 7020/7020 7072/7072 7065/7065
f 7063/7063 6993/6993 7018/7018
f 646/646 661/661 7076/7076
f 7075/7075 7021/7021 645/645
f 7088/7088 7093/7093 7078/7078
f 7100/7100 6873/6873 6865/6865
f 7103/7103 6864/6864 7092/7092
f 7104/7104 7091/7091 7087/7087
f 7085/7085 7090/7090 6884/6884
f 7081/7081 6885/6885 533/533
f 7084/7084 528/528 604/604
f 6881/6881 7094/7094 6868/6868
f 7105/7105 7086/7086 7080/7080
f 598/598 7106/7106 7083/7083
f 7082/7082 610/610 601/601
f 7107/7107 7114/7114 7101/7101
f 7099/7099 7089/7089 7108/7108
f 605/605 611/611 7079/7079
f 7102/7102 6970/6970 6984/6984
f 7096/7096 6980/6980 6915/6915
f 6914/6914 6871/6871 7095/7095
f 6909/6909 6983/6983 6562/6562
f 7003/7003 6969/6969 7097/7097
f 7000/7000 7098/7098 7117/7117
f 620/620 7123/7123 7109/7109
f 7110/7110 599/599 619/619
f 7119/7119 7128/7128 7115/7115
f 7116/7116 7111/7111 7120/7120
f 631/631 683/683 7122/7122
f 7121/7121 623/623 633/633
f 678/678 675/675 7129/7129
f 7124/7124 7118/7118 681/681
f 7024/7024 6998/6998 7112/7112
f 7022/7022 7113/7113 7125/7125
f 640/640 7023/7023 7127/7127
f 638/638 7126/7126 673/673
f 7140/7140 643/643 650/650
f 7137/7137 649/649 7131/7131
f 7153/7153 659/659 636/636
f 7151/7151 639/639 7145/7145
f 7152/7152 7132/7132 651/651
f 653/653 660/660 7149/7149
f 7158/7158 7161/7161 7139/7139
f 7138/7138 7130/7130 7154/7154
f 7173/7173 7150/7150 7141/7141
f 7171/7171 7143/7143 7167/7167
f 7159/7159 7133/7133 7148/7148
f 7157/7157 7147/7147 7175/7175
f 7182/7182 7184/7184 7160/7160
f 7163/7163 7156/7156 7177/7177
f 7195/7195 7176/7176 7170/7170
f 7196/7196 7166/7166 7189/7189
f 7179/7179 7155/7155 7172/7172
f 7178/7178 7174/7174 7197/7197
f 7206/7206 7212/7212 7183/7183
f 7185/7185 7180/7180 7202/7202
f 7222/7222 7200/7200 7193/7193
f 7224/7224 7194/7194 7213/7213
f 7201/7201 7181/7181 7199/7199
f 7203/7203 7198/7198 7221/7221
f 7225/7225 885/885 468/468
f 469/469 666/666 7229/7229
f 7235/7235 7226/7226 667/667
f 668/668 664/664 7237/7237
f 883/883 884/884 7230/7230
f 882/882 7227/7227 7242/7242
f 7241/7241 7228/7228 7233/7233
f 7240/7240 7236/7236 7245/7245
f 7234/7234 665/665 648/648
f 7231/7231 642/642 7134/7134
f 7250/7250 7232/7232 7135/7135
f 7244/7244 7136/7136 7162/7162
f 889/889 878/878 7239/7239
f 891/891 7238/7238 7254/7254
f 7255/7255 7243/7243 7249/7249
f 7256/7256 7246/7246 7262/7262
f 872/872 888/888 7253/7253
f 875/875 7252/7252 7266/7266
f 7263/7263 7251/7251 7260/7260
f 7268/7268 7258/7258 7272/7272
f 7186/7186 7257/7257 7248/7248
f 7247/7247 7164/7164 7187/7187
f 7210/7210 7273/7273 7261/7261
f 7259/7259 7188/7188 7211/7211
f 980/980 7275/7275 680/680
f 679/679 632/632 977/977
f 7276/7276 7283/7283 674/674
f 672/672 682/682 7274/7274
f 972/972 7286/7286 7277/7277
f 7279/7279 978/978 973/973
f 7287/7287 7292/7292 7285/7285
f 7284/7284 7278/7278 7289/7289
f 7142/7142 637/637 676/676
f 7144/7144 677/677 7282/7282
f 7169/7169 7146/7146 7280/7280
f 7168/7168 7281/7281 7297/7297
f 983/983 7302/7302 7291/7291
f 7288/7288 971/971 982/982
f 7301/7301 7308/7308 7295/7295
f 7293/7293 7290/7290 7303/7303
f 967/967 7312/7312 7300/7300
f 7298/7298 981/981 964/964
f 7311/7311 7319/7319 7305/7305
f 7304/7304 7299/7299 7317/7317
f 7190/7190 7165/7165 7294/7294
f 7192/7192 7296/7296 7309/7309
f 7217/7217 7191/7191 7306/7306
f 7216/7216 7307/7307 7320/7320
f 7329/7329 7339/7339 7322/7322
f 7340/7340 7351/7351 7327/7327
f 7328/7328 7325/7325 7341/7341
f 7362/7362 7364/7364 7356/7356
f 7371/7371 7377/7377 991/991
f 7373/7373 996/996 989/989
f 7387/7387 7363/7363 7353/7353
f 7391/7391 7357/7357 7381/7381
f 7388/7388 7380/7380 7372/7372
f 7395/7395 7324/7324 7333/7333
f 7332/7332 7208/7208 7207/7207
f 7335/7335 7204/7204 7396/7396
f 7365/7365 7402/7402 7218/7218
f 7219/7219 7214/7214 7369/7369
f 7398/7398 7366/7366 7360/7360
f 7393/7393 7205/7205 7220/7220
f 7392/7392 7223/7223 7399/7399
f 7411/7411 7413/7413 7407/7407
f 7412/7412 7346/7346 7323/7323
f 7326/7326 7397/7397 7416/7416
f 7344/7344 7419/7419 7408/7408
f 7389/7389 7406/7406 7415/7415
f 7417/7417 7400/7400 7359/7359
f 7418/7418 7361/7361 7390/7390
f 7401/7401 7414/7414 7394/7394
f 7425/7425 7432/7432 7420/7420
f 7441/7441 7422/7422 7437/7437
f 7435/7435 7348/7348 7343/7343
f 7433/7433 7347/7347 7438/7438
f 894/894 901/901 7426/7426
f 7450/7450 897/897 7427/7427
f 7430/7430 7421/7421 7446/7446
f 7451/7451 7423/7423 7440/7440
f 7449/7449 7442/7442 7454/7454
f 1007/1007 7458/7458 7374/7374
f 7375/7375 988/988 1006/1006
f 7460/7460 7464/7464 7386/7386
f 7385/7385 7376/7376 7462/7462
f 7478/7478 7481/7481 7469/7469
f 1005/1005 7490/7490 7461/7461
f 7463/7463 1011/1011 1002/1002
f 7492/7492 7470/7470 7480/7480
f 7491/7491 7482/7482 7467/7467
f 7468/7468 7459/7459 7487/7487
f 7501/7501 7409/7409 7404/7404
f 7498/7498 7403/7403 7495/7495
f 7502/7502 7443/7443 7342/7342
f 7345/7345 7410/7410 7499/7499
f 7493/7493 7405/7405 7383/7383
f 7497/7497 7384/7384 7465/7465
f 7479/7479 7509/7509 7504/7504
f 7503/7503 7496/7496 7485/7485
f 7508/7508 7484/7484 7474/7474
f 7507/7507 7455/7455 7439/7439
f 7444/7444 7500/7500 7506/7506
f 7466/7466 7483/7483 7494/7494
f 913/913 873/873 7269/7269
f 914/914 7264/7264 7515/7515
f 7336/7336 7513/7513 7267/7267
f 7265/7265 7270/7270 7338/7338
f 7516/7516 7334/7334 7331/7331
f 911/911 915/915 7517/7517
f 906/906 7514/7514 7518/7518
f 7352/7352 7521/7521 7512/7512
f 7511/7511 7330/7330 7349/7349
f 7209/7209 7337/7337 7271/7271
f 7428/7428 921/921 907/907
f 905/905 7519/7519 7436/7436
f 904/904 7431/7431 7429/7429
f 7350/7350 7434/7434 7520/7520
f 7424/7424 902/902 920/920
f 1018/1018 7523/7523 7310/7310
f 7313/7313 966/966 1013/1013
f 7315/7315 7358/7358 7367/7367
f 7368/7368 7321/7321 7316/7316
f 7354/7354 7314/7314 7522/7522
f 1014/1014 994/994 7382/7382
f 1017/1017 7378/7378 7524/7524
f 7525/7525 7379/7379 7355/7355
f 7318/7318 7370/7370 7215/7215
f 7535/7535 7539/7539 7526/7526
f 931/931 895/895 7448/7448
f 933/933 7452/7452 7542/7542
f 7554/7554 7558/7558 7546/7546
f 7551/7551 7543/7543 7447/7447
f 7453/7453 7457/7457 7559/7559
f 7445/7445 7560/7560 7553/7553
f 7564/7564 927/927 942/942
f 940/940 7571/7571 7565/7565
f 934/934 7541/7541 7573/7573
f 7575/7575 943/943 935/935
f 7568/7568 7572/7572 7550/7550
f 7563/7563 7552/7552 7549/7549
f 7569/7569 7545/7545 7537/7537
f 7570/7570 7536/7536 7534/7534
f 7555/7555 7574/7574 7544/7544
f 7584/7584 7587/7587 7577/7577
f 7597/7597 7477/7477 7473/7473
f 7598/7598 7472/7472 7590/7590
f 7596/7596 7589/7589 7585/7585
f 7578/7578 7591/7591 7488/7488
f 7582/7582 7486/7486 999/999
f 7581/7581 1003/1003 1027/1027
f 7489/7489 7588/7588 7471/7471
f 7608/7608 7586/7586 7580/7580
f 7607/7607 7579/7579 1032/1032
f 7603/7603 1030/1030 1025/1025
f 7529/7529 7538/7538 7594/7594
f 7605/7605 7531/7531 7593/7593
f 7595/7595 7583/7583 7606/7606
f 1029/1029 1031/1031 7576/7576
f 7600/7600 7548/7548 7557/7557
f 7561/7561 7505/7505 7476/7476
f 7562/7562 7475/7475 7599/7599
f 7510/7510 7556/7556 7456/7456
f 7592/7592 7540/7540 7547/7547
f 953/953 946/946 7619/7619
f 949/949 7620/7620 7613/7613
f 1039/1039 7627/7627 7632/7632
f 7631/7631 1040/1040 1035/1035
f 7634/7634 7611/7611 7616/7616
f 7621/7621 7533/7533 7528/7528
f 7622/7622 7530/7530 7629/7629
f 7610/7610 7628/7628 7624/7624
f 1049/1049 866/866 959/959
f 1050/1050 955/955 7635/7635
f 7614/7614 7638/7638 954/954
f 7612/7612 960/960 948/948
f 7626/7626 1037/1037 1051/1051
f 1052/1052 7636/7636 7623/7623
f 7625/7625 7637/7637 7609/7609
f 925/925 7567/7567 7615/7615
f 7617/7617 947/947 924/924
f 7532/7532 7618/7618 7566/7566
f 7601/7601 1024/1024 1042/1042
f 1041/1041 7630/7630 7604/7604
f 7602/7602 7633/7633 7527/7527

