# https://github.com/mikedh/trimesh

o geometry_1
v 0.04795194 0.01546762 0.01280459
v 0.04788389 0.01536762 0.01271371
v 0.04783488 0.01536762 0.01271612
v 0.04793243 0.01536762 0.01270651
v 0.04798002 0.01536762 0.01269459
v 0.04806449 0.01546762 0.01277045
v 0.04802622 0.01536762 0.01267806
v 0.04807058 0.01536762 0.01265708
v 0.04797144 0.01556762 0.01290267
v 0.04799095 0.01566762 0.01300075
v 0.04806711 0.01566762 0.01298167
v 0.04791329 0.01566762 0.01301227
v 0.04783488 0.01566762 0.01301612
v 0.04816822 0.01546762 0.01271500
v 0.04811267 0.01536762 0.01263185
v 0.04815208 0.01536762 0.01260262
v 0.04810276 0.01556762 0.01286283
v 0.04814103 0.01566762 0.01295522
v 0.04821200 0.01566762 0.01292165
v 0.04825914 0.01546762 0.01264038
v 0.04818843 0.01536762 0.01256967
v 0.04822139 0.01536762 0.01253331
v 0.04822378 0.01556762 0.01279815
v 0.04827934 0.01566762 0.01288129
v 0.04834240 0.01566762 0.01283453
v 0.04833376 0.01546762 0.01254946
v 0.04825062 0.01536762 0.01249390
v 0.04827584 0.01536762 0.01245182
v 0.04832986 0.01556762 0.01271109
v 0.04840057 0.01566762 0.01278180
v 0.04845329 0.01566762 0.01272363
v 0.04838921 0.01546762 0.01244573
v 0.04829682 0.01536762 0.01240746
v 0.04831335 0.01536762 0.01236126
v 0.04841691 0.01556762 0.01260502
v 0.04850006 0.01566762 0.01266057
v 0.04854042 0.01566762 0.01259324
v 0.04842335 0.01546762 0.01233317
v 0.04832527 0.01536762 0.01231366
v 0.04833247 0.01536762 0.01226513
v 0.04833488 0.01536762 0.01221612
v 0.04848160 0.01556762 0.01248400
v 0.04857398 0.01566762 0.01252226
v 0.04860043 0.01566762 0.01244835
v 0.04852143 0.01556762 0.01235268
v 0.04863488 0.01566762 0.01221612
v 0.04863103 0.01566762 0.01229453
v 0.04861951 0.01566762 0.01237219
v 0.04795194 0.01546762 0.04280459
v 0.04783488 0.01536762 0.04271612
v 0.04783488 0.01566762 0.04301612
v 0.04788389 0.01536762 0.04271371
v 0.04793243 0.01536762 0.04270651
v 0.04798002 0.01536762 0.04269459
v 0.04806449 0.01546762 0.04277045
v 0.04802622 0.01536762 0.04267806
v 0.04807058 0.01536762 0.04265708
v 0.04797144 0.01556762 0.04290267
v 0.04799095 0.01566762 0.04300075
v 0.04806711 0.01566762 0.04298167
v 0.04791329 0.01566762 0.04301227
v 0.04816822 0.01546762 0.04271500
v 0.04811267 0.01536762 0.04263185
v 0.04815208 0.01536762 0.04260262
v 0.04810276 0.01556762 0.04286283
v 0.04814103 0.01566762 0.04295522
v 0.04821200 0.01566762 0.04292165
v 0.04825914 0.01546762 0.04264038
v 0.04818843 0.01536762 0.04256967
v 0.04822139 0.01536762 0.04253331
v 0.04822378 0.01556762 0.04279815
v 0.04827934 0.01566762 0.04288129
v 0.04834240 0.01566762 0.04283453
v 0.04833376 0.01546762 0.04254946
v 0.04825062 0.01536762 0.04249390
v 0.04827584 0.01536762 0.04245182
v 0.04832986 0.01556762 0.04271109
v 0.04840057 0.01566762 0.04278180
v 0.04845329 0.01566762 0.04272363
v 0.04838921 0.01546762 0.04244573
v 0.04829682 0.01536762 0.04240746
v 0.04831335 0.01536762 0.04236126
v 0.04841691 0.01556762 0.04260502
v 0.04850006 0.01566762 0.04266057
v 0.04854042 0.01566762 0.04259324
v 0.04842335 0.01546762 0.04233317
v 0.04832527 0.01536762 0.04231366
v 0.04833247 0.01536762 0.04226513
v 0.04833488 0.01536762 0.04221612
v 0.04848160 0.01556762 0.04248400
v 0.04857398 0.01566762 0.04252226
v 0.04860043 0.01566762 0.04244835
v 0.04852143 0.01556762 0.04235268
v 0.04863488 0.01566762 0.04221612
v 0.04863103 0.01566762 0.04229453
v 0.04861951 0.01566762 0.04237219
v 0.04189519 0.01546762 0.05794543
v 0.04199488 0.01566762 0.05813231
v 0.04193488 0.01536762 0.05783837
v 0.04186842 0.01536762 0.05784734
v 0.04183488 0.01536762 0.05784847
v 0.04190180 0.01536762 0.05784397
v 0.04190524 0.01556762 0.05804492
v 0.04194195 0.01566762 0.05814127
v 0.04188854 0.01566762 0.05814667
v 0.04183488 0.01566762 0.05814847
v 0.03979579 0.01536762 0.03952648
v 0.04033488 0.01536762 0.03950000
v 0.04033488 0.01566762 0.03920000
v 0.03976638 0.01566762 0.03922793
v 0.03926188 0.01536762 0.03960568
v 0.03920336 0.01566762 0.03931145
v 0.03873832 0.01536762 0.03973683
v 0.03865123 0.01566762 0.03944975
v 0.03823012 0.01536762 0.03991866
v 0.03811532 0.01566762 0.03964150
v 0.03774220 0.01536762 0.04014943
v 0.03760078 0.01566762 0.03988486
v 0.03727924 0.01536762 0.04042692
v 0.03711257 0.01566762 0.04017748
v 0.03684572 0.01536762 0.04074844
v 0.03665540 0.01566762 0.04051654
v 0.03644579 0.01536762 0.04111091
v 0.03623366 0.01566762 0.04089878
v 0.03608332 0.01536762 0.04151084
v 0.03585142 0.01566762 0.04132052
v 0.03576180 0.01536762 0.04194436
v 0.03551236 0.01566762 0.04177769
v 0.03548431 0.01536762 0.04240732
v 0.03521974 0.01566762 0.04226590
v 0.03525354 0.01536762 0.04289524
v 0.03497638 0.01566762 0.04278044
v 0.03507171 0.01536762 0.04340343
v 0.03478463 0.01566762 0.04331635
v 0.03494056 0.01536762 0.04392700
v 0.03464633 0.01566762 0.04386848
v 0.03486136 0.01536762 0.04446091
v 0.03456281 0.01566762 0.04443150
v 0.03483488 0.01536762 0.04500000
v 0.03453488 0.01566762 0.04500000
v 0.03486136 0.01536762 0.04553909
v 0.03456281 0.01566762 0.04556850
v 0.03494056 0.01536762 0.04607300
v 0.03464633 0.01566762 0.04613152
v 0.03507171 0.01536762 0.04659657
v 0.03478463 0.01566762 0.04668365
v 0.03497638 0.01566762 0.04721956
v 0.03525354 0.01536762 0.04710476
v 0.03548431 0.01536762 0.04759268
v 0.03521974 0.01566762 0.04773410
v 0.03576180 0.01536762 0.04805564
v 0.03551236 0.01566762 0.04822231
v 0.03608332 0.01536762 0.04848916
v 0.03585142 0.01566762 0.04867948
v 0.03644579 0.01536762 0.04888909
v 0.03623366 0.01566762 0.04910122
v 0.03684572 0.01536762 0.04925156
v 0.03665540 0.01566762 0.04948346
v 0.03727924 0.01536762 0.04957308
v 0.03711257 0.01566762 0.04982252
v 0.03774220 0.01536762 0.04985057
v 0.03760078 0.01566762 0.05011514
v 0.03811532 0.01566762 0.05035850
v 0.03823012 0.01536762 0.05008134
v 0.03865123 0.01566762 0.05055025
v 0.03873832 0.01536762 0.05026317
v 0.03920336 0.01566762 0.05068855
v 0.03926188 0.01536762 0.05039432
v 0.03976638 0.01566762 0.05077207
v 0.03979579 0.01536762 0.05047352
v 0.04033488 0.01566762 0.05080000
v 0.04033488 0.01536762 0.05050000
v 0.03979579 0.01536762 0.00952648
v 0.04033488 0.01536762 0.00950000
v 0.04033488 0.01566762 0.00920000
v 0.03976638 0.01566762 0.00922793
v 0.03926188 0.01536762 0.00960568
v 0.03920336 0.01566762 0.00931145
v 0.03873832 0.01536762 0.00973683
v 0.03865123 0.01566762 0.00944975
v 0.03823012 0.01536762 0.00991866
v 0.03811532 0.01566762 0.00964150
v 0.03774220 0.01536762 0.01014943
v 0.03760078 0.01566762 0.00988486
v 0.03727924 0.01536762 0.01042692
v 0.03711257 0.01566762 0.01017748
v 0.03684572 0.01536762 0.01074844
v 0.03665540 0.01566762 0.01051654
v 0.03644579 0.01536762 0.01111091
v 0.03623366 0.01566762 0.01089878
v 0.03608332 0.01536762 0.01151084
v 0.03585142 0.01566762 0.01132052
v 0.03576180 0.01536762 0.01194436
v 0.03551236 0.01566762 0.01177769
v 0.03548431 0.01536762 0.01240732
v 0.03521974 0.01566762 0.01226590
v 0.03525354 0.01536762 0.01289524
v 0.03497638 0.01566762 0.01278044
v 0.03507171 0.01536762 0.01340343
v 0.03478463 0.01566762 0.01331635
v 0.03494056 0.01536762 0.01392700
v 0.03464633 0.01566762 0.01386848
v 0.03486136 0.01536762 0.01446091
v 0.03456281 0.01566762 0.01443150
v 0.03483488 0.01536762 0.01500000
v 0.03453488 0.01566762 0.01500000
v 0.03486136 0.01536762 0.01553909
v 0.03456281 0.01566762 0.01556850
v 0.03494056 0.01536762 0.01607300
v 0.03464633 0.01566762 0.01613152
v 0.03507171 0.01536762 0.01659657
v 0.03478463 0.01566762 0.01668365
v 0.03525354 0.01536762 0.01710476
v 0.03497638 0.01566762 0.01721956
v 0.03548431 0.01536762 0.01759268
v 0.03521974 0.01566762 0.01773410
v 0.03576180 0.01536762 0.01805564
v 0.03551236 0.01566762 0.01822231
v 0.03608332 0.01536762 0.01848916
v 0.03585142 0.01566762 0.01867948
v 0.03623366 0.01566762 0.01910122
v 0.03644579 0.01536762 0.01888909
v 0.03684572 0.01536762 0.01925156
v 0.03665540 0.01566762 0.01948346
v 0.03727924 0.01536762 0.01957308
v 0.03711257 0.01566762 0.01982252
v 0.03774220 0.01536762 0.01985057
v 0.03760078 0.01566762 0.02011514
v 0.03823012 0.01536762 0.02008134
v 0.03811532 0.01566762 0.02035850
v 0.03865123 0.01566762 0.02055025
v 0.03873832 0.01536762 0.02026317
v 0.03920336 0.01566762 0.02068855
v 0.03926188 0.01536762 0.02039432
v 0.03976638 0.01566762 0.02077207
v 0.03979579 0.01536762 0.02047352
v 0.04033488 0.01566762 0.02080000
v 0.04033488 0.01536762 0.02050000
v 0.00701070 0.01830112 0.00170000
v 0.00703345 0.01783919 0.00170000
v 0.00733345 0.01783919 0.00200000
v 0.00730924 0.01833061 0.00200000
v 0.00694265 0.01875858 0.00170000
v 0.00723686 0.01881727 0.00200000
v 0.00682998 0.01920714 0.00170000
v 0.00711699 0.01929445 0.00200000
v 0.00667376 0.01964245 0.00170000
v 0.00695080 0.01975755 0.00200000
v 0.00647552 0.02006030 0.00170000
v 0.00673990 0.02020207 0.00200000
v 0.00648634 0.02062371 0.00200000
v 0.00623716 0.02045664 0.00170000
v 0.00596101 0.02082764 0.00170000
v 0.00619256 0.02101839 0.00200000
v 0.00608611 0.02099732 0.00190000
v 0.00617067 0.02105104 0.00200000
v 0.00616223 0.02106882 0.00200000
v 0.00618081 0.02103418 0.00200000
v 0.00606456 0.02104423 0.00190000
v 0.00615558 0.02108735 0.00200000
v 0.00605136 0.02109413 0.00190000
v 0.00614789 0.02112590 0.00200000
v 0.00614692 0.02114556 0.00200000
v 0.00615079 0.02110643 0.00200000
v 0.00599917 0.02094791 0.00180000
v 0.00593164 0.02086710 0.00170000
v 0.00590628 0.02090927 0.00170000
v 0.00588519 0.02095372 0.00170000
v 0.00597043 0.02101045 0.00180000
v 0.00586857 0.02100003 0.00170000
v 0.00595284 0.02107699 0.00180000
v 0.00584692 0.02114556 0.00170000
v 0.00585658 0.02104775 0.00170000
v 0.00584934 0.02109641 0.00170000
v 0.00730924 0.01833061 0.06000000
v 0.00703345 0.01783919 0.05970000
v 0.00733345 0.01783919 0.06000000
v 0.00701070 0.01830112 0.05970000
v 0.00723686 0.01881727 0.06000000
v 0.00694265 0.01875858 0.05970000
v 0.00711699 0.01929445 0.06000000
v 0.00682998 0.01920714 0.05970000
v 0.00695080 0.01975755 0.06000000
v 0.00667376 0.01964245 0.05970000
v 0.00673990 0.02020207 0.06000000
v 0.00647552 0.02006030 0.05970000
v 0.00648634 0.02062371 0.06000000
v 0.00623716 0.02045664 0.05970000
v 0.00619256 0.02101839 0.06000000
v 0.00596101 0.02082764 0.05970000
v 0.00608611 0.02099732 0.05990000
v 0.00617067 0.02105104 0.06000000
v 0.00616223 0.02106882 0.06000000
v 0.00618081 0.02103418 0.06000000
v 0.00606456 0.02104423 0.05990000
v 0.00615558 0.02108735 0.06000000
v 0.00605136 0.02109413 0.05990000
v 0.00614789 0.02112590 0.06000000
v 0.00614692 0.02114556 0.06000000
v 0.00615079 0.02110643 0.06000000
v 0.00584692 0.02114556 0.05970000
v 0.00599917 0.02094791 0.05980000
v 0.00593164 0.02086710 0.05970000
v 0.00590628 0.02090927 0.05970000
v 0.00588519 0.02095372 0.05970000
v 0.00597043 0.02101045 0.05980000
v 0.00586857 0.02100003 0.05970000
v 0.00595284 0.02107699 0.05980000
v 0.00585658 0.02104775 0.05970000
v 0.00584934 0.02109641 0.05970000
v 0.00701070 0.01830112 0.05830000
v 0.00703345 0.01783919 0.05830000
v 0.00694265 0.01875858 0.05830000
v 0.00682998 0.01920714 0.05830000
v 0.00667376 0.01964245 0.05830000
v 0.00647552 0.02006030 0.05830000
v 0.00623716 0.02045664 0.05830000
v 0.00596101 0.02082764 0.05830000
v 0.00593164 0.02086710 0.00030000
v 0.00596101 0.02082764 0.00030000
v 0.00590628 0.02090927 0.00030000
v 0.00588519 0.02095372 0.00030000
v 0.00586857 0.02100003 0.00030000
v 0.00585658 0.02104775 0.00030000
v 0.00584934 0.02109641 0.00030000
v 0.00584692 0.02114556 0.00030000
v 0.03486136 0.00200000 0.04446091
v 0.03483488 0.00200000 0.04500000
v 0.03494056 0.00200000 0.04392700
v 0.03507171 0.00200000 0.04340343
v 0.03525354 0.00200000 0.04289524
v 0.03548431 0.00200000 0.04240732
v 0.03576180 0.00200000 0.04194436
v 0.03608332 0.00200000 0.04151084
v 0.03644579 0.00200000 0.04111091
v 0.03684572 0.00200000 0.04074844
v 0.03727924 0.00200000 0.04042692
v 0.03774220 0.00200000 0.04014943
v 0.03823012 0.00200000 0.03991866
v 0.03873832 0.00200000 0.03973683
v 0.03926188 0.00200000 0.03960568
v 0.03979579 0.00200000 0.03952648
v 0.04033488 0.00200000 0.03950000
v 0.04087398 0.00200000 0.03952648
v 0.04087398 0.01536762 0.03952648
v 0.04140788 0.00200000 0.03960568
v 0.04140788 0.01536762 0.03960568
v 0.04193145 0.00200000 0.03973683
v 0.04193145 0.01536762 0.03973683
v 0.04243964 0.00200000 0.03991866
v 0.04292756 0.01536762 0.04014943
v 0.04243964 0.01536762 0.03991866
v 0.04292756 0.00200000 0.04014943
v 0.04339052 0.01536762 0.04042692
v 0.04339052 0.00200000 0.04042692
v 0.04382404 0.00200000 0.04074844
v 0.04382404 0.01536762 0.04074844
v 0.04422397 0.00200000 0.04111091
v 0.04422397 0.01536762 0.04111091
v 0.04458644 0.00200000 0.04151084
v 0.04458644 0.01536762 0.04151084
v 0.04490796 0.00200000 0.04194436
v 0.04490796 0.01536762 0.04194436
v 0.04518545 0.00200000 0.04240732
v 0.04518545 0.01536762 0.04240732
v 0.04541622 0.00200000 0.04289524
v 0.04541622 0.01536762 0.04289524
v 0.04559805 0.00200000 0.04340343
v 0.04559805 0.01536762 0.04340343
v 0.04572920 0.00200000 0.04392700
v 0.04572920 0.01536762 0.04392700
v 0.04580840 0.00200000 0.04446091
v 0.04580840 0.01536762 0.04446091
v 0.04583488 0.00200000 0.04500000
v 0.04583488 0.01536762 0.04500000
v 0.03486136 0.00200000 0.01446091
v 0.03483488 0.00200000 0.01500000
v 0.03494056 0.00200000 0.01392700
v 0.03507171 0.00200000 0.01340343
v 0.03525354 0.00200000 0.01289524
v 0.03548431 0.00200000 0.01240732
v 0.03576180 0.00200000 0.01194436
v 0.03608332 0.00200000 0.01151084
v 0.03644579 0.00200000 0.01111091
v 0.03684572 0.00200000 0.01074844
v 0.03727924 0.00200000 0.01042692
v 0.03774220 0.00200000 0.01014943
v 0.03823012 0.00200000 0.00991866
v 0.03873832 0.00200000 0.00973683
v 0.03926188 0.00200000 0.00960568
v 0.03979579 0.00200000 0.00952648
v 0.04033488 0.00200000 0.00950000
v 0.04087398 0.00200000 0.00952648
v 0.04087398 0.01536762 0.00952648
v 0.04140788 0.00200000 0.00960568
v 0.04140788 0.01536762 0.00960568
v 0.04193145 0.00200000 0.00973683
v 0.04193145 0.01536762 0.00973683
v 0.04243964 0.00200000 0.00991866
v 0.04292756 0.01536762 0.01014943
v 0.04243964 0.01536762 0.00991866
v 0.04292756 0.00200000 0.01014943
v 0.04339052 0.01536762 0.01042692
v 0.04339052 0.00200000 0.01042692
v 0.04382404 0.00200000 0.01074844
v 0.04382404 0.01536762 0.01074844
v 0.04422397 0.00200000 0.01111091
v 0.04422397 0.01536762 0.01111091
v 0.04458644 0.00200000 0.01151084
v 0.04458644 0.01536762 0.01151084
v 0.04490796 0.00200000 0.01194436
v 0.04490796 0.01536762 0.01194436
v 0.04518545 0.00200000 0.01240732
v 0.04518545 0.01536762 0.01240732
v 0.04541622 0.00200000 0.01289524
v 0.04541622 0.01536762 0.01289524
v 0.04559805 0.00200000 0.01340343
v 0.04559805 0.01536762 0.01340343
v 0.04572920 0.00200000 0.01392700
v 0.04572920 0.01536762 0.01392700
v 0.04580840 0.00200000 0.01446091
v 0.04580840 0.01536762 0.01446091
v 0.04583488 0.00200000 0.01500000
v 0.04583488 0.01536762 0.01500000
v 0.04363488 0.00200000 0.01500000
v 0.04361899 0.00000000 0.01467654
v 0.04363488 0.00000000 0.01500000
v 0.04361899 0.00200000 0.01467654
v 0.04357147 0.00000000 0.01435620
v 0.04357147 0.00200000 0.01435620
v 0.04349278 0.00000000 0.01404206
v 0.04349278 0.00200000 0.01404206
v 0.04338368 0.00000000 0.01373714
v 0.04338368 0.00200000 0.01373714
v 0.04324522 0.00000000 0.01344439
v 0.04324522 0.00200000 0.01344439
v 0.04307873 0.00000000 0.01316662
v 0.04307873 0.00200000 0.01316662
v 0.04288582 0.00000000 0.01290650
v 0.04288582 0.00200000 0.01290650
v 0.04266833 0.00000000 0.01266655
v 0.04266833 0.00200000 0.01266655
v 0.04242838 0.00200000 0.01244907
v 0.04242838 0.00000000 0.01244907
v 0.04216826 0.00200000 0.01225615
v 0.04189049 0.00000000 0.01208966
v 0.04216826 0.00000000 0.01225615
v 0.04189049 0.00200000 0.01208966
v 0.04159774 0.00200000 0.01195120
v 0.04159774 0.00000000 0.01195120
v 0.04129282 0.00200000 0.01184210
v 0.04129282 0.00000000 0.01184210
v 0.04097868 0.00200000 0.01176341
v 0.04065834 0.00000000 0.01171589
v 0.04097868 0.00000000 0.01176341
v 0.04065834 0.00200000 0.01171589
v 0.04033488 0.00000000 0.01170000
v 0.04033488 0.00200000 0.01170000
v 0.04001142 0.00200000 0.01171589
v 0.03969108 0.00000000 0.01176341
v 0.04001142 0.00000000 0.01171589
v 0.03969108 0.00200000 0.01176341
v 0.03937694 0.00000000 0.01184210
v 0.03937694 0.00200000 0.01184210
v 0.03907203 0.00200000 0.01195120
v 0.03877927 0.00000000 0.01208966
v 0.03907203 0.00000000 0.01195120
v 0.03877927 0.00200000 0.01208966
v 0.03850150 0.00200000 0.01225615
v 0.03824138 0.00000000 0.01244907
v 0.03850150 0.00000000 0.01225615
v 0.03824138 0.00200000 0.01244907
v 0.03800143 0.00200000 0.01266655
v 0.03800143 0.00000000 0.01266655
v 0.03778395 0.00200000 0.01290650
v 0.03778395 0.00000000 0.01290650
v 0.03759103 0.00200000 0.01316662
v 0.03742454 0.00000000 0.01344439
v 0.03759103 0.00000000 0.01316662
v 0.03742454 0.00200000 0.01344439
v 0.03728608 0.00000000 0.01373714
v 0.03728608 0.00200000 0.01373714
v 0.03717698 0.00200000 0.01404206
v 0.03717698 0.00000000 0.01404206
v 0.03709829 0.00200000 0.01435620
v 0.03705077 0.00000000 0.01467654
v 0.03709829 0.00000000 0.01435620
v 0.03705077 0.00200000 0.01467654
v 0.03703488 0.00000000 0.01500000
v 0.03703488 0.00200000 0.01500000
v 0.04363488 0.00200000 0.04500000
v 0.04361899 0.00000000 0.04467654
v 0.04363488 0.00000000 0.04500000
v 0.04361899 0.00200000 0.04467654
v 0.04357147 0.00000000 0.04435620
v 0.04357147 0.00200000 0.04435620
v 0.04349278 0.00000000 0.04404206
v 0.04349278 0.00200000 0.04404206
v 0.04338368 0.00000000 0.04373714
v 0.04338368 0.00200000 0.04373714
v 0.04324522 0.00000000 0.04344439
v 0.04324522 0.00200000 0.04344439
v 0.04307873 0.00000000 0.04316662
v 0.04307873 0.00200000 0.04316662
v 0.04288582 0.00000000 0.04290650
v 0.04288582 0.00200000 0.04290650
v 0.04266833 0.00000000 0.04266655
v 0.04266833 0.00200000 0.04266655
v 0.04242838 0.00200000 0.04244907
v 0.04242838 0.00000000 0.04244907
v 0.04216826 0.00200000 0.04225615
v 0.04189049 0.00000000 0.04208966
v 0.04216826 0.00000000 0.04225615
v 0.04189049 0.00200000 0.04208966
v 0.04159774 0.00200000 0.04195120
v 0.04159774 0.00000000 0.04195120
v 0.04129282 0.00200000 0.04184210
v 0.04129282 0.00000000 0.04184210
v 0.04097868 0.00200000 0.04176341
v 0.04065834 0.00000000 0.04171589
v 0.04097868 0.00000000 0.04176341
v 0.04065834 0.00200000 0.04171589
v 0.04033488 0.00000000 0.04170000
v 0.04033488 0.00200000 0.04170000
v 0.04001142 0.00200000 0.04171589
v 0.03969108 0.00000000 0.04176341
v 0.04001142 0.00000000 0.04171589
v 0.03969108 0.00200000 0.04176341
v 0.03937694 0.00000000 0.04184210
v 0.03937694 0.00200000 0.04184210
v 0.03907203 0.00200000 0.04195120
v 0.03877927 0.00000000 0.04208966
v 0.03907203 0.00000000 0.04195120
v 0.03877927 0.00200000 0.04208966
v 0.03850150 0.00200000 0.04225615
v 0.03824138 0.00000000 0.04244907
v 0.03850150 0.00000000 0.04225615
v 0.03824138 0.00200000 0.04244907
v 0.03800143 0.00200000 0.04266655
v 0.03800143 0.00000000 0.04266655
v 0.03778395 0.00200000 0.04290650
v 0.03778395 0.00000000 0.04290650
v 0.03759103 0.00200000 0.04316662
v 0.03742454 0.00000000 0.04344439
v 0.03759103 0.00000000 0.04316662
v 0.03742454 0.00200000 0.04344439
v 0.03728608 0.00000000 0.04373714
v 0.03728608 0.00200000 0.04373714
v 0.03717698 0.00200000 0.04404206
v 0.03717698 0.00000000 0.04404206
v 0.03709829 0.00200000 0.04435620
v 0.03705077 0.00000000 0.04467654
v 0.03709829 0.00000000 0.04435620
v 0.03705077 0.00200000 0.04467654
v 0.03703488 0.00000000 0.04500000
v 0.03703488 0.00200000 0.04500000
v 0.00120208 0.01020244 0.00750000
v 0.00261051 0.00878244 0.00733337
v 0.00261630 0.00878823 0.00750000
v 0.00119629 0.01019665 0.00733337
v 0.00259320 0.00876513 0.00716835
v 0.00117898 0.01017934 0.00716835
v 0.00256453 0.00873646 0.00700652
v 0.00115032 0.01015068 0.00700652
v 0.00252479 0.00869672 0.00684944
v 0.00111058 0.01011094 0.00684944
v 0.00247435 0.00864628 0.00669863
v 0.00106014 0.01006050 0.00669863
v 0.00241371 0.00858564 0.00655553
v 0.00099949 0.00999985 0.00655553
v 0.00234344 0.00851537 0.00642153
v 0.00092922 0.00992958 0.00642153
v 0.00226421 0.00843614 0.00629792
v 0.00085000 0.00985036 0.00629792
v 0.00217681 0.00834874 0.00618588
v 0.00076259 0.00976295 0.00618588
v 0.00208205 0.00825398 0.00608650
v 0.00066784 0.00966820 0.00608650
v 0.00198087 0.00815280 0.00600073
v 0.00056666 0.00956701 0.00600073
v 0.00046002 0.00946037 0.00592940
v 0.00176316 0.00793509 0.00587320
v 0.00187423 0.00804616 0.00592940
v 0.00034895 0.00934930 0.00587320
v 0.00164873 0.00782066 0.00583267
v 0.00023451 0.00923487 0.00583267
v 0.00011782 0.00911818 0.00580819
v 0.00153204 0.00770397 0.00580819
v 0.00000000 0.00900036 0.00580000
v 0.00141421 0.00758614 0.00580000
v -0.00011782 0.00888253 0.00580819
v 0.00129639 0.00746832 0.00580819
v -0.00023451 0.00876584 0.00583267
v 0.00117970 0.00735163 0.00583267
v -0.00034895 0.00865141 0.00587320
v 0.00106527 0.00723720 0.00587320
v -0.00046002 0.00854034 0.00592940
v 0.00095420 0.00712613 0.00592940
v -0.00056666 0.00843370 0.00600073
v 0.00084756 0.00701949 0.00600073
v -0.00066784 0.00833252 0.00608650
v 0.00074637 0.00691830 0.00608650
v -0.00076259 0.00823776 0.00618588
v 0.00065162 0.00682355 0.00618588
v -0.00085000 0.00815036 0.00629792
v 0.00056421 0.00673614 0.00629792
v -0.00092922 0.00807114 0.00642153
v 0.00048499 0.00665692 0.00642153
v -0.00099949 0.00800086 0.00655553
v 0.00041472 0.00658665 0.00655553
v -0.00106014 0.00794022 0.00669863
v 0.00035407 0.00652600 0.00669863
v -0.00111058 0.00788978 0.00684944
v 0.00030364 0.00647557 0.00684944
v -0.00115032 0.00785004 0.00700652
v 0.00026389 0.00643582 0.00700652
v -0.00117898 0.00782137 0.00716835
v 0.00023523 0.00640716 0.00716835
v -0.00119629 0.00780406 0.00733337
v 0.00021792 0.00638985 0.00733337
v -0.00120208 0.00779828 0.00750000
v 0.00021213 0.00638406 0.00750000
v 0.00120208 0.01020244 0.05250000
v 0.00261051 0.00878244 0.05233337
v 0.00261630 0.00878823 0.05250000
v 0.00119629 0.01019665 0.05233337
v 0.00259320 0.00876513 0.05216835
v 0.00117898 0.01017934 0.05216835
v 0.00256453 0.00873646 0.05200652
v 0.00115032 0.01015068 0.05200652
v 0.00252479 0.00869672 0.05184944
v 0.00111058 0.01011094 0.05184944
v 0.00247435 0.00864628 0.05169863
v 0.00106014 0.01006050 0.05169863
v 0.00241371 0.00858564 0.05155553
v 0.00099949 0.00999985 0.05155553
v 0.00234344 0.00851537 0.05142153
v 0.00092922 0.00992958 0.05142153
v 0.00226421 0.00843614 0.05129792
v 0.00085000 0.00985036 0.05129792
v 0.00217681 0.00834874 0.05118588
v 0.00076259 0.00976295 0.05118588
v 0.00066784 0.00966820 0.05108650
v 0.00198087 0.00815280 0.05100073
v 0.00208205 0.00825398 0.05108650
v 0.00056666 0.00956701 0.05100073
v 0.00046002 0.00946037 0.05092940
v 0.00176316 0.00793509 0.05087320
v 0.00187423 0.00804616 0.05092940
v 0.00034895 0.00934930 0.05087320
v 0.00164873 0.00782066 0.05083267
v 0.00023451 0.00923487 0.05083267
v 0.00153204 0.00770397 0.05080819
v 0.00011782 0.00911818 0.05080819
v 0.00141421 0.00758614 0.05080000
v 0.00000000 0.00900036 0.05080000
v -0.00011782 0.00888253 0.05080819
v 0.00117970 0.00735163 0.05083267
v 0.00129639 0.00746832 0.05080819
v -0.00023451 0.00876584 0.05083267
v 0.00106527 0.00723720 0.05087320
v -0.00034895 0.00865141 0.05087320
v -0.00046002 0.00854034 0.05092940
v 0.00084756 0.00701949 0.05100073
v 0.00095420 0.00712613 0.05092940
v -0.00056666 0.00843370 0.05100073
v -0.00066784 0.00833252 0.05108650
v 0.00065162 0.00682355 0.05118588
v 0.00074637 0.00691830 0.05108650
v -0.00076259 0.00823776 0.05118588
v -0.00085000 0.00815036 0.05129792
v 0.00048499 0.00665692 0.05142153
v 0.00056421 0.00673614 0.05129792
v -0.00092922 0.00807114 0.05142153
v -0.00099949 0.00800086 0.05155553
v 0.00035407 0.00652600 0.05169863
v 0.00041472 0.00658665 0.05155553
v -0.00106014 0.00794022 0.05169863
v 0.00030364 0.00647557 0.05184944
v -0.00111058 0.00788978 0.05184944
v -0.00115032 0.00785004 0.05200652
v 0.00023523 0.00640716 0.05216835
v 0.00026389 0.00643582 0.05200652
v -0.00117898 0.00782137 0.05216835
v 0.00021792 0.00638985 0.05233337
v -0.00119629 0.00780406 0.05233337
v -0.00120208 0.00779828 0.05250000
v 0.00021213 0.00638406 0.05250000
v 0.00989949 0.01889985 0.00200000
v 0.00989949 0.01889985 0.05800000
v 0.01008057 0.01906403 0.05800000
v 0.01008057 0.01906403 0.00200000
v 0.01027680 0.01920973 0.05800000
v 0.01027680 0.01920973 0.00200000
v 0.01048633 0.01933558 0.05800000
v 0.01048633 0.01933558 0.00200000
v 0.01070714 0.01944037 0.00200000
v 0.01070714 0.01944037 0.05800000
v 0.01093714 0.01952309 0.00200000
v 0.01093714 0.01952309 0.05800000
v 0.01117411 0.01958296 0.00200000
v 0.01117411 0.01958296 0.05800000
v 0.01141579 0.01961941 0.00200000
v 0.01141579 0.01961941 0.05800000
v 0.01165988 0.01963207 0.00200000
v 0.01165988 0.01963207 0.05800000
v 0.01190404 0.01962085 0.00200000
v 0.01190404 0.01962085 0.05800000
v 0.01214593 0.01958583 0.00200000
v 0.01214593 0.01958583 0.05800000
v 0.01238325 0.01952736 0.00200000
v 0.01238325 0.01952736 0.05800000
v 0.01249421 0.01949135 0.00194700
v 0.01257709 0.01946065 0.05808989
v 0.01260388 0.01945000 0.00189869
v 0.01274744 0.01938668 0.05815805
v 0.01275676 0.01938219 0.00183854
v 0.01289618 0.01930919 0.05820842
v 0.01290519 0.01930407 0.00178882
v 0.01303949 0.01922182 0.05824798
v 0.01304814 0.01921611 0.00174994
v 0.01317643 0.01912518 0.05827647
v 0.01318465 0.01911892 0.00172214
v 0.01330612 0.01901998 0.05829379
v 0.01331387 0.01901323 0.00170551
v 0.01337175 0.01896094 0.05829845
v 0.01343503 0.01889985 0.00170000
v 0.01343503 0.01889985 0.05830000
v -0.00332242 0.00567794 0.00065777
v -0.00361725 0.00538311 0.00085497
v -0.00389699 0.00510336 0.00109209
v -0.00415895 0.00484140 0.00136685
v -0.00440061 0.00459975 0.00167660
v -0.00461963 0.00438072 0.00201835
v -0.00481392 0.00418644 0.00238882
v -0.00498159 0.00401877 0.00278444
v -0.00512103 0.00387932 0.00320139
v -0.00205061 0.00694975 0.00030000
v -0.00237636 0.00662400 0.00032263
v -0.00269897 0.00630138 0.00039031
v -0.00301534 0.00598501 0.00050238
v -0.00523091 0.00376945 0.00363566
v -0.00531015 0.00369020 0.00408308
v -0.00535801 0.00364235 0.00453932
v -0.00537401 0.00362635 0.00500000
v -0.00119629 0.00780406 0.00766663
v -0.00117898 0.00782137 0.00783165
v -0.00115032 0.00785004 0.00799348
v -0.00111058 0.00788978 0.00815056
v -0.00106014 0.00794022 0.00830137
v -0.00099949 0.00800086 0.00844447
v -0.00092922 0.00807114 0.00857847
v -0.00085000 0.00815036 0.00870208
v -0.00076259 0.00823776 0.00881412
v 0.00626805 0.01526841 0.00030000
v 0.00626805 0.01526841 0.00170000
v 0.00666348 0.01566384 0.00184572
v 0.00646728 0.01546763 0.00176577
v 0.00697178 0.01597214 0.00200000
v 0.00111058 0.01011094 0.00815056
v 0.00106014 0.01006050 0.00830137
v 0.00115032 0.01015068 0.00799348
v 0.00117898 0.01017934 0.00783165
v 0.00119629 0.01019665 0.00766663
v 0.00092922 0.00992958 0.00857847
v 0.00085000 0.00985036 0.00870208
v 0.00099949 0.00999985 0.00844447
v -0.00537401 0.00362635 0.05500000
v -0.00066784 0.00833252 0.00891350
v -0.00056666 0.00843370 0.00899927
v -0.00046002 0.00854034 0.00907060
v -0.00034895 0.00865141 0.00912680
v -0.00023451 0.00876584 0.00916733
v -0.00011782 0.00888253 0.00919181
v -0.00000000 0.00900036 0.00920000
v 0.00011782 0.00911818 0.00919181
v -0.00119629 0.00780406 0.05266663
v -0.00117898 0.00782137 0.05283165
v 0.00023451 0.00923487 0.00916733
v -0.00115032 0.00785004 0.05299348
v 0.00034895 0.00934930 0.00912680
v -0.00111058 0.00788978 0.05315056
v 0.00046002 0.00946037 0.00907060
v -0.00106014 0.00794022 0.05330137
v -0.00535801 0.00364235 0.05546068
v 0.00056666 0.00956701 0.00899927
v -0.00099949 0.00800086 0.05344447
v -0.00531015 0.00369020 0.05591692
v -0.00523091 0.00376945 0.05636434
v -0.00512103 0.00387932 0.05679861
v 0.00066784 0.00966820 0.00891350
v -0.00092922 0.00807114 0.05357847
v -0.00498159 0.00401877 0.05721556
v -0.00481392 0.00418644 0.05761118
v -0.00461963 0.00438072 0.05798165
v -0.00440061 0.00459975 0.05832340
v 0.00076259 0.00976295 0.00881412
v -0.00085000 0.00815036 0.05370208
v -0.00415895 0.00484140 0.05863315
v -0.00389699 0.00510336 0.05890791
v -0.00361725 0.00538311 0.05914503
v -0.00332242 0.00567794 0.05934223
v -0.00076259 0.00823776 0.05381412
v -0.00301534 0.00598501 0.05949762
v -0.00269897 0.00630138 0.05960969
v -0.00237636 0.00662400 0.05967737
v -0.00205061 0.00694975 0.05970000
v -0.00066784 0.00833252 0.05391350
v -0.00056666 0.00843370 0.05399927
v -0.00046002 0.00854034 0.05407060
v -0.00034895 0.00865141 0.05412680
v -0.00023451 0.00876584 0.05416733
v -0.00011782 0.00888253 0.05419181
v 0.00000000 0.00900036 0.05420000
v 0.00011782 0.00911818 0.05419181
v 0.00023451 0.00923487 0.05416733
v 0.00034895 0.00934930 0.05412680
v 0.00046002 0.00946037 0.05407060
v 0.00626805 0.01526841 0.05830000
v 0.00076259 0.00976295 0.05381412
v 0.00066784 0.00966820 0.05391350
v 0.00085000 0.00985036 0.05370208
v 0.00092922 0.00992958 0.05357847
v 0.00099949 0.00999985 0.05344447
v 0.00106014 0.01006050 0.05330137
v 0.00111058 0.01011094 0.05315056
v 0.00115032 0.01015068 0.05299348
v 0.00117898 0.01017934 0.05283165
v 0.00119629 0.01019665 0.05266663
v 0.00056666 0.00956701 0.05399927
v 0.00674117 0.01574153 0.05811861
v 0.00650675 0.01550711 0.05821933
v 0.00697178 0.01597214 0.05800000
v 0.00626805 0.01526841 0.05970000
v 0.03924969 0.00200000 0.02257896
v 0.03922016 0.00200000 0.02253943
v 0.03918687 0.00200000 0.02250300
v 0.03929640 0.00200000 0.02266575
v 0.03927519 0.00200000 0.02262120
v 0.03915015 0.00200000 0.02247004
v 0.03262270 0.00200000 0.01602177
v 0.03279545 0.00200000 0.01611472
v 0.03275593 0.00200000 0.01608519
v 0.03271368 0.00200000 0.01605969
v 0.03266913 0.00200000 0.01603848
v 0.03295626 0.00200000 0.01635830
v 0.03293996 0.00200000 0.01631172
v 0.03291915 0.00200000 0.01626699
v 0.03289403 0.00200000 0.01622452
v 0.03286484 0.00200000 0.01618473
v 0.03283188 0.00200000 0.01614801
v 0.03897658 0.00200000 0.02237862
v 0.03931311 0.00200000 0.02271218
v 0.03911037 0.00200000 0.02244085
v 0.03906790 0.00200000 0.02241573
v 0.03902316 0.00200000 0.02239492
v 0.03252605 0.00200000 0.01600243
v 0.03257485 0.00200000 0.01600972
v 0.03933245 0.00200000 0.02280883
v 0.03932517 0.00200000 0.02276003
v 0.03247676 0.00200000 0.01600000
v 0.03296790 0.00200000 0.01640625
v 0.03933488 0.00200000 0.02285812
v 0.03892863 0.00200000 0.02236698
v 0.03314395 0.00200000 0.01713084
v 0.03820404 0.00200000 0.02219093
v 0.03750052 0.00200000 0.02194380
v 0.03054199 0.00200000 0.01600000
v 0.03339108 0.00200000 0.01783437
v 0.03370685 0.00200000 0.01850987
v 0.03408814 0.00200000 0.01915069
v 0.03453118 0.00200000 0.01975047
v 0.03933488 0.00200000 0.03714188
v 0.03929640 0.00200000 0.03733425
v 0.03931311 0.00200000 0.03728782
v 0.03932517 0.00200000 0.03723997
v 0.03933245 0.00200000 0.03719117
v 0.03927519 0.00200000 0.03737880
v 0.03924969 0.00200000 0.03742104
v 0.03918687 0.00200000 0.03749700
v 0.03922016 0.00200000 0.03746057
v 0.03906790 0.00200000 0.03758427
v 0.03911037 0.00200000 0.03755915
v 0.03915015 0.00200000 0.03752996
v 0.03892863 0.00200000 0.03763302
v 0.03897658 0.00200000 0.03762138
v 0.03902316 0.00200000 0.03760508
v 0.03820404 0.00200000 0.03780907
v 0.03750052 0.00200000 0.03805620
v 0.03682501 0.00200000 0.03837197
v 0.03682501 0.00200000 0.02162803
v 0.03618419 0.00200000 0.03875326
v 0.03618419 0.00200000 0.02124674
v 0.03558441 0.00200000 0.03919629
v 0.03558441 0.00200000 0.02080371
v 0.03503158 0.00200000 0.02030330
v 0.03503158 0.00200000 0.03969670
v 0.03453118 0.00200000 0.04024953
v 0.03291915 0.00200000 0.04373301
v 0.03293996 0.00200000 0.04368828
v 0.03295626 0.00200000 0.04364170
v 0.03283188 0.00200000 0.04385199
v 0.03286484 0.00200000 0.04381527
v 0.03289403 0.00200000 0.04377548
v 0.03279545 0.00200000 0.04388528
v 0.03296790 0.00200000 0.04359375
v 0.03275593 0.00200000 0.04391481
v 0.03262270 0.00200000 0.04397823
v 0.03266913 0.00200000 0.04396152
v 0.03271368 0.00200000 0.04394031
v 0.03257485 0.00200000 0.04399028
v 0.03247676 0.00200000 0.04400000
v 0.03252605 0.00200000 0.04399757
v 0.03314395 0.00200000 0.04286916
v 0.03054199 0.00200000 0.04400000
v 0.03339108 0.00200000 0.04216563
v 0.03370685 0.00200000 0.04149013
v 0.03408814 0.00200000 0.04084931
v 0.04814742 0.00200000 0.01739360
v 0.04821841 0.00200000 0.01746310
v 0.04818465 0.00200000 0.01742658
v 0.04810711 0.00200000 0.01736449
v 0.04829580 0.00200000 0.01759008
v 0.04827426 0.00200000 0.01754525
v 0.04824838 0.00200000 0.01750279
v 0.04801882 0.00200000 0.01731894
v 0.04806410 0.00200000 0.01733952
v 0.04831277 0.00200000 0.01763683
v 0.04797172 0.00200000 0.01730297
v 0.04832501 0.00200000 0.01768503
v 0.04833488 0.00200000 0.01778388
v 0.04833241 0.00200000 0.01773421
v 0.04782423 0.00200000 0.01728400
v 0.04792327 0.00200000 0.01729176
v 0.04787394 0.00200000 0.01728541
v 0.04772561 0.00200000 0.01729597
v 0.04777462 0.00200000 0.01728753
v 0.04767768 0.00200000 0.01730924
v 0.04754504 0.00200000 0.01737646
v 0.04763131 0.00200000 0.01732720
v 0.04758695 0.00200000 0.01734968
v 0.04747021 0.00200000 0.01744180
v 0.04750600 0.00200000 0.01740727
v 0.04738573 0.00200000 0.01756418
v 0.04743803 0.00200000 0.01747972
v 0.04740978 0.00200000 0.01752065
v 0.04736613 0.00200000 0.01760989
v 0.04709226 0.00200000 0.01825388
v 0.04675957 0.00200000 0.01886955
v 0.04637093 0.00200000 0.01945153
v 0.04592975 0.00200000 0.01999475
v 0.04164661 0.00200000 0.02239492
v 0.04174113 0.00200000 0.02236698
v 0.04169318 0.00200000 0.02237862
v 0.04160187 0.00200000 0.02241573
v 0.04155940 0.00200000 0.02244085
v 0.04148289 0.00200000 0.02250300
v 0.04151961 0.00200000 0.02247004
v 0.04142007 0.00200000 0.02257896
v 0.04144961 0.00200000 0.02253943
v 0.04139457 0.00200000 0.02262120
v 0.04137337 0.00200000 0.02266575
v 0.04134460 0.00200000 0.02276003
v 0.04135665 0.00200000 0.02271218
v 0.04133488 0.00200000 0.02285812
v 0.04133732 0.00200000 0.02280883
v 0.04242166 0.00200000 0.02220384
v 0.04308402 0.00200000 0.02197798
v 0.04832501 0.00200000 0.04231497
v 0.04833241 0.00200000 0.04226579
v 0.04833488 0.00200000 0.04221612
v 0.04592975 0.00200000 0.04000525
v 0.04543985 0.00200000 0.02049448
v 0.04543985 0.00200000 0.03950552
v 0.04829580 0.00200000 0.04240992
v 0.04831277 0.00200000 0.04236317
v 0.04490551 0.00200000 0.03905363
v 0.04490551 0.00200000 0.02094637
v 0.04637093 0.00200000 0.04054847
v 0.04824838 0.00200000 0.04249721
v 0.04827426 0.00200000 0.04245475
v 0.04433137 0.00200000 0.03865350
v 0.04433137 0.00200000 0.02134650
v 0.04372244 0.00200000 0.02169137
v 0.04675957 0.00200000 0.04113045
v 0.04818465 0.00200000 0.04257342
v 0.04821841 0.00200000 0.04253690
v 0.04814742 0.00200000 0.04260640
v 0.04810711 0.00200000 0.04263551
v 0.04372244 0.00200000 0.03830863
v 0.04806410 0.00200000 0.04266048
v 0.04709226 0.00200000 0.04174612
v 0.04801882 0.00200000 0.04268106
v 0.04792327 0.00200000 0.04270824
v 0.04797172 0.00200000 0.04269703
v 0.04782423 0.00200000 0.04271600
v 0.04787394 0.00200000 0.04271459
v 0.04308402 0.00200000 0.03802202
v 0.04772561 0.00200000 0.04270403
v 0.04777462 0.00200000 0.04271247
v 0.04736613 0.00200000 0.04239011
v 0.04763131 0.00200000 0.04267280
v 0.04767768 0.00200000 0.04269076
v 0.04738573 0.00200000 0.04243582
v 0.04758695 0.00200000 0.04265032
v 0.04740978 0.00200000 0.04247935
v 0.04754504 0.00200000 0.04262354
v 0.04743803 0.00200000 0.04252028
v 0.04747021 0.00200000 0.04255820
v 0.04750600 0.00200000 0.04259273
v 0.04133488 0.00200000 0.03714188
v 0.04242166 0.00200000 0.03779616
v 0.04174113 0.00200000 0.03763302
v 0.04135665 0.00200000 0.03728782
v 0.04133732 0.00200000 0.03719117
v 0.04134460 0.00200000 0.03723997
v 0.04137337 0.00200000 0.03733425
v 0.04160187 0.00200000 0.03758427
v 0.04164661 0.00200000 0.03760508
v 0.04169318 0.00200000 0.03762138
v 0.04139457 0.00200000 0.03737880
v 0.04155940 0.00200000 0.03755915
v 0.04148289 0.00200000 0.03749700
v 0.04142007 0.00200000 0.03742104
v 0.04144961 0.00200000 0.03746057
v 0.04151961 0.00200000 0.03752996
v 0.04810711 0.00200000 0.04736449
v 0.04818465 0.00200000 0.04742658
v 0.04814742 0.00200000 0.04739360
v 0.04827426 0.00200000 0.04754525
v 0.04824838 0.00200000 0.04750279
v 0.04821841 0.00200000 0.04746310
v 0.04806410 0.00200000 0.04733952
v 0.04832501 0.00200000 0.04768503
v 0.04831277 0.00200000 0.04763683
v 0.04829580 0.00200000 0.04759008
v 0.04792327 0.00200000 0.04729176
v 0.04801882 0.00200000 0.04731894
v 0.04797172 0.00200000 0.04730297
v 0.04833488 0.00200000 0.04778388
v 0.04833241 0.00200000 0.04773421
v 0.04772561 0.00200000 0.04729597
v 0.04782423 0.00200000 0.04728400
v 0.04777462 0.00200000 0.04728753
v 0.04787394 0.00200000 0.04728541
v 0.04763131 0.00200000 0.04732720
v 0.04767768 0.00200000 0.04730924
v 0.04747021 0.00200000 0.04744180
v 0.04754504 0.00200000 0.04737646
v 0.04750600 0.00200000 0.04740727
v 0.04736613 0.00200000 0.04760989
v 0.04740978 0.00200000 0.04752065
v 0.04738573 0.00200000 0.04756418
v 0.04743803 0.00200000 0.04747972
v 0.04758695 0.00200000 0.04734968
v 0.04709226 0.00200000 0.04825388
v 0.04833488 0.00200000 0.05000000
v 0.04675957 0.00200000 0.04886955
v 0.04637093 0.00200000 0.04945153
v 0.04829664 0.00200000 0.05078129
v 0.04592975 0.00200000 0.04999475
v 0.04818228 0.00200000 0.05155511
v 0.04543985 0.00200000 0.05049448
v 0.04799289 0.00200000 0.05231406
v 0.04490551 0.00200000 0.05094637
v 0.04773029 0.00200000 0.05305089
v 0.04739699 0.00200000 0.05375855
v 0.04433137 0.00200000 0.05134650
v 0.04699616 0.00200000 0.05443027
v 0.04372244 0.00200000 0.05169137
v 0.04653165 0.00200000 0.05505964
v 0.04600790 0.00200000 0.05564064
v 0.04308402 0.00200000 0.05197798
v 0.04542991 0.00200000 0.05616771
v 0.04151961 0.00200000 0.05247004
v 0.04174113 0.00200000 0.05236698
v 0.04169318 0.00200000 0.05237862
v 0.04164661 0.00200000 0.05239492
v 0.04160187 0.00200000 0.05241573
v 0.04155940 0.00200000 0.05244085
v 0.04144961 0.00200000 0.05253943
v 0.04148289 0.00200000 0.05250300
v 0.04137337 0.00200000 0.05266575
v 0.04142007 0.00200000 0.05257896
v 0.04139457 0.00200000 0.05262120
v 0.04133732 0.00200000 0.05280883
v 0.04135665 0.00200000 0.05271218
v 0.04134460 0.00200000 0.05276003
v 0.04133488 0.00200000 0.05285812
v 0.04242166 0.00200000 0.05220384
v 0.04480321 0.00200000 0.05663581
v 0.04413379 0.00200000 0.05704048
v 0.04342805 0.00200000 0.05737783
v 0.04183711 0.00200000 0.05784846
v 0.04188624 0.00200000 0.05784582
v 0.04193488 0.00200000 0.05783837
v 0.04133488 0.00200000 0.05734847
v 0.04269274 0.00200000 0.05764464
v 0.04169147 0.00200000 0.05782746
v 0.04173925 0.00200000 0.05783924
v 0.04178795 0.00200000 0.05784626
v 0.04164508 0.00200000 0.05781105
v 0.04137315 0.00200000 0.05754032
v 0.04133730 0.00200000 0.05739762
v 0.04134454 0.00200000 0.05744629
v 0.04135653 0.00200000 0.05749401
v 0.04160053 0.00200000 0.05779015
v 0.04141961 0.00200000 0.05762695
v 0.04139425 0.00200000 0.05758478
v 0.04148212 0.00200000 0.05770281
v 0.04144899 0.00200000 0.05766642
v 0.04151865 0.00200000 0.05773577
v 0.04155825 0.00200000 0.05776498
v 0.03911037 0.00200000 0.05244085
v 0.03922016 0.00200000 0.05253943
v 0.03918687 0.00200000 0.05250300
v 0.03915015 0.00200000 0.05247004
v 0.03927519 0.00200000 0.05262120
v 0.03924969 0.00200000 0.05257896
v 0.03291915 0.00200000 0.04626699
v 0.03289403 0.00200000 0.04622452
v 0.03286484 0.00200000 0.04618473
v 0.03283188 0.00200000 0.04614801
v 0.03279545 0.00200000 0.04611472
v 0.03906790 0.00200000 0.05241573
v 0.03262270 0.00200000 0.04602177
v 0.03271368 0.00200000 0.04605969
v 0.03266913 0.00200000 0.04603848
v 0.03931311 0.00200000 0.05271218
v 0.03929640 0.00200000 0.05266575
v 0.03902316 0.00200000 0.05239492
v 0.03295626 0.00200000 0.04635830
v 0.03293996 0.00200000 0.04631172
v 0.03275593 0.00200000 0.04608519
v 0.03897658 0.00200000 0.05237862
v 0.03257485 0.00200000 0.04600972
v 0.03296790 0.00200000 0.04640625
v 0.03933245 0.00200000 0.05280883
v 0.03932517 0.00200000 0.05276003
v 0.03247676 0.00200000 0.04600000
v 0.03252605 0.00200000 0.04600243
v 0.03933488 0.00200000 0.05285812
v 0.03892863 0.00200000 0.05236698
v 0.03314395 0.00200000 0.04713084
v 0.03820404 0.00200000 0.05219093
v 0.03054199 0.00200000 0.04600000
v 0.03370685 0.00200000 0.04850987
v 0.03339108 0.00200000 0.04783437
v 0.03933488 0.00200000 0.05750000
v 0.03750052 0.00200000 0.05194380
v 0.03929682 0.00200000 0.05769134
v 0.03931335 0.00200000 0.05764514
v 0.03932527 0.00200000 0.05759755
v 0.03927584 0.00200000 0.05773570
v 0.03925062 0.00200000 0.05777779
v 0.03933247 0.00200000 0.05754901
v 0.03918843 0.00200000 0.05785355
v 0.03922139 0.00200000 0.05781720
v 0.03911267 0.00200000 0.05791573
v 0.03915208 0.00200000 0.05788651
v 0.03898002 0.00200000 0.05797847
v 0.03902622 0.00200000 0.05796194
v 0.03907058 0.00200000 0.05794096
v 0.03893243 0.00200000 0.05799039
v 0.03883488 0.00200000 0.05800000
v 0.03888389 0.00200000 0.05799759
v 0.03682501 0.00200000 0.05162803
v 0.03054199 0.00200000 0.05800000
v 0.03618419 0.00200000 0.05124674
v 0.03558441 0.00200000 0.05080371
v 0.03503158 0.00200000 0.05030330
v 0.03453118 0.00200000 0.04975047
v 0.03408814 0.00200000 0.04915069
v 0.04736613 0.01536762 0.04760989
v 0.04709226 0.01536762 0.04825388
v 0.04675957 0.01536762 0.04886955
v 0.04637093 0.01536762 0.04945153
v 0.04592975 0.01536762 0.04999475
v 0.04543985 0.01536762 0.05049448
v 0.04490551 0.01536762 0.05094637
v 0.04433137 0.01536762 0.05134650
v 0.04372244 0.01536762 0.05169137
v 0.04308402 0.01536762 0.05197798
v 0.04242166 0.01536762 0.05220384
v 0.04174113 0.01536762 0.05236698
v 0.03892863 0.01536762 0.05236698
v 0.03820404 0.01536762 0.05219093
v 0.03750052 0.01536762 0.05194380
v 0.03682501 0.01536762 0.05162803
v 0.03618419 0.01536762 0.05124674
v 0.03558441 0.01536762 0.05080371
v 0.03503158 0.01536762 0.05030330
v 0.03453118 0.01536762 0.04975047
v 0.03408814 0.01536762 0.04915069
v 0.03370685 0.01536762 0.04850987
v 0.03339108 0.01536762 0.04783437
v 0.03314395 0.01536762 0.04713084
v 0.03296790 0.01536762 0.04640625
v 0.03296790 0.01536762 0.04359375
v 0.03314395 0.01536762 0.04286916
v 0.03339108 0.01536762 0.04216563
v 0.03370685 0.01536762 0.04149013
v 0.03408814 0.01536762 0.04084931
v 0.03453118 0.01536762 0.04024953
v 0.03503158 0.01536762 0.03969670
v 0.03558441 0.01536762 0.03919629
v 0.03618419 0.01536762 0.03875326
v 0.03682501 0.01536762 0.03837197
v 0.03750052 0.01536762 0.03805620
v 0.03820404 0.01536762 0.03780907
v 0.03892863 0.01536762 0.03763302
v 0.04174113 0.01536762 0.03763302
v 0.04242166 0.01536762 0.03779616
v 0.04308402 0.01536762 0.03802202
v 0.04372244 0.01536762 0.03830863
v 0.04433137 0.01536762 0.03865350
v 0.04490551 0.01536762 0.03905363
v 0.04543985 0.01536762 0.03950552
v 0.04592975 0.01536762 0.04000525
v 0.04637093 0.01536762 0.04054847
v 0.04675957 0.01536762 0.04113045
v 0.04709226 0.01536762 0.04174612
v 0.04736613 0.01536762 0.04239011
v 0.03026420 0.00208427 0.05800000
v 0.03022479 0.00211349 0.05800000
v 0.03018843 0.00214645 0.05800000
v 0.03030629 0.00205904 0.05800000
v 0.03035065 0.00203806 0.05800000
v 0.03039685 0.00202153 0.05800000
v 0.03049298 0.00200241 0.05800000
v 0.03044444 0.00200961 0.05800000
v 0.03883488 0.01536762 0.05800000
v 0.01696726 0.01536762 0.05800000
v 0.04833488 0.01536762 0.05000000
v 0.04829664 0.01536762 0.05078129
v 0.04818228 0.01536762 0.05155511
v 0.04799289 0.01536762 0.05231406
v 0.04773029 0.01536762 0.05305089
v 0.04739699 0.01536762 0.05375855
v 0.04653165 0.01536762 0.05505964
v 0.04699616 0.01536762 0.05443027
v 0.04600790 0.01536762 0.05564064
v 0.04542991 0.01536762 0.05616771
v 0.04480321 0.01536762 0.05663581
v 0.04413379 0.01536762 0.05704048
v 0.04342805 0.01536762 0.05737783
v 0.04269274 0.01536762 0.05764464
v 0.03892863 0.01536762 0.02236698
v 0.03820404 0.01536762 0.02219093
v 0.03750052 0.01536762 0.02194380
v 0.03682501 0.01536762 0.02162803
v 0.03618419 0.01536762 0.02124674
v 0.03558441 0.01536762 0.02080371
v 0.03503158 0.01536762 0.02030330
v 0.03453118 0.01536762 0.01975047
v 0.03408814 0.01536762 0.01915069
v 0.03370685 0.01536762 0.01850987
v 0.03339108 0.01536762 0.01783437
v 0.03314395 0.01536762 0.01713084
v 0.03296790 0.01536762 0.01640625
v 0.04173925 0.00200000 0.00216076
v 0.04188624 0.00200000 0.00215418
v 0.04183711 0.00200000 0.00215154
v 0.04178795 0.00200000 0.00215374
v 0.04160053 0.00200000 0.00220985
v 0.04169147 0.00200000 0.00217254
v 0.04164508 0.00200000 0.00218895
v 0.04155825 0.00200000 0.00223502
v 0.04151865 0.00200000 0.00226423
v 0.04148212 0.00200000 0.00229719
v 0.04141961 0.00200000 0.00237305
v 0.04144899 0.00200000 0.00233358
v 0.04139425 0.00200000 0.00241522
v 0.04137315 0.00200000 0.00245968
v 0.04134454 0.00200000 0.00255371
v 0.04135653 0.00200000 0.00250599
v 0.04133730 0.00200000 0.00260238
v 0.04133488 0.00200000 0.00265153
v 0.04269274 0.00200000 0.00235536
v 0.04193488 0.00200000 0.00216163
v 0.04342805 0.00200000 0.00262217
v 0.04831277 0.00200000 0.01236317
v 0.04832501 0.00200000 0.01231497
v 0.04833241 0.00200000 0.01226579
v 0.04833488 0.00200000 0.01221612
v 0.04543985 0.00200000 0.00950552
v 0.04818228 0.00200000 0.00844489
v 0.04799289 0.00200000 0.00768594
v 0.04592975 0.00200000 0.01000525
v 0.04829664 0.00200000 0.00921871
v 0.04490551 0.00200000 0.00905363
v 0.04773029 0.00200000 0.00694911
v 0.04739699 0.00200000 0.00624145
v 0.04637093 0.00200000 0.01054847
v 0.04833488 0.00200000 0.01000000
v 0.04827426 0.00200000 0.01245475
v 0.04829580 0.00200000 0.01240992
v 0.04824838 0.00200000 0.01249721
v 0.04433137 0.00200000 0.00865350
v 0.04699616 0.00200000 0.00556973
v 0.04675957 0.00200000 0.01113045
v 0.04818465 0.00200000 0.01257342
v 0.04821841 0.00200000 0.01253690
v 0.04814742 0.00200000 0.01260640
v 0.04810711 0.00200000 0.01263551
v 0.04372244 0.00200000 0.00830863
v 0.04653165 0.00200000 0.00494036
v 0.04600790 0.00200000 0.00435936
v 0.04709226 0.00200000 0.01174612
v 0.04797172 0.00200000 0.01269703
v 0.04801882 0.00200000 0.01268106
v 0.04806410 0.00200000 0.01266048
v 0.04787394 0.00200000 0.01271459
v 0.04792327 0.00200000 0.01270824
v 0.04777462 0.00200000 0.01271247
v 0.04782423 0.00200000 0.01271600
v 0.04308402 0.00200000 0.00802202
v 0.04542991 0.00200000 0.00383229
v 0.04480321 0.00200000 0.00336419
v 0.04767768 0.00200000 0.01269076
v 0.04772561 0.00200000 0.01270403
v 0.04736613 0.00200000 0.01239011
v 0.04763131 0.00200000 0.01267280
v 0.04738573 0.00200000 0.01243582
v 0.04758695 0.00200000 0.01265032
v 0.04750600 0.00200000 0.01259273
v 0.04754504 0.00200000 0.01262354
v 0.04747021 0.00200000 0.01255820
v 0.04740978 0.00200000 0.01247935
v 0.04743803 0.00200000 0.01252028
v 0.04242166 0.00200000 0.00779616
v 0.04133488 0.00200000 0.00714188
v 0.04413379 0.00200000 0.00295952
v 0.04174113 0.00200000 0.00763302
v 0.04135665 0.00200000 0.00728782
v 0.04133732 0.00200000 0.00719117
v 0.04134460 0.00200000 0.00723997
v 0.04160187 0.00200000 0.00758427
v 0.04164661 0.00200000 0.00760508
v 0.04169318 0.00200000 0.00762138
v 0.04139457 0.00200000 0.00737880
v 0.04137337 0.00200000 0.00733425
v 0.04151961 0.00200000 0.00752996
v 0.04155940 0.00200000 0.00755915
v 0.04148289 0.00200000 0.00749700
v 0.04142007 0.00200000 0.00742104
v 0.04144961 0.00200000 0.00746057
v 0.04174113 0.01536762 0.00763302
v 0.04242166 0.01536762 0.00779616
v 0.04308402 0.01536762 0.00802202
v 0.04372244 0.01536762 0.00830863
v 0.04433137 0.01536762 0.00865350
v 0.04490551 0.01536762 0.00905363
v 0.04543985 0.01536762 0.00950552
v 0.04592975 0.01536762 0.01000525
v 0.04637093 0.01536762 0.01054847
v 0.04675957 0.01536762 0.01113045
v 0.04709226 0.01536762 0.01174612
v 0.04736613 0.01536762 0.01239011
v 0.04833488 0.01536762 0.01778388
v 0.03049298 0.00200241 0.04600000
v 0.03044444 0.00200961 0.04600000
v 0.03039685 0.00202153 0.04600000
v 0.03035065 0.00203806 0.04600000
v 0.03030629 0.00205904 0.04600000
v 0.03026420 0.00208427 0.04600000
v 0.03022479 0.00211349 0.04600000
v 0.03018843 0.00214645 0.04600000
v 0.03049298 0.00200241 0.04400000
v 0.03049298 0.00200241 0.01600000
v 0.03044444 0.00200961 0.04400000
v 0.03044444 0.00200961 0.01600000
v 0.03039685 0.00202153 0.04400000
v 0.03039685 0.00202153 0.01600000
v 0.03035065 0.00203806 0.04400000
v 0.03035065 0.00203806 0.01600000
v 0.03030629 0.00205904 0.04400000
v 0.03030629 0.00205904 0.01600000
v 0.03026420 0.00208427 0.04400000
v 0.03026420 0.00208427 0.01600000
v 0.03022479 0.00211349 0.04400000
v 0.03022479 0.00211349 0.01600000
v 0.03018843 0.00214645 0.01600000
v 0.03018843 0.00214645 0.04400000
v 0.00876812 0.02356676 0.00030000
v 0.00876812 0.02356676 0.00170000
v 0.01652082 0.01581407 0.00030000
v 0.01652082 0.01581407 0.00170000
v 0.01658626 0.01574862 0.00170878
v 0.01655366 0.01578122 0.00170227
v 0.01662530 0.01570958 0.00172169
v 0.01666021 0.01567467 0.00173764
v 0.01670866 0.01562622 0.00176619
v 0.01676573 0.01556915 0.00180812
v 0.01687437 0.01546051 0.00190711
v 0.01696726 0.01536762 0.00200000
v 0.01696726 0.01536762 0.01400000
v 0.01666726 0.01566762 0.01430000
v 0.03018843 0.00214645 0.01400000
v 0.03018843 0.00214645 0.00200000
v 0.01696726 0.01536762 0.04400000
v 0.01696726 0.01536762 0.01600000
v 0.01666726 0.01566762 0.01570000
v 0.01666726 0.01566762 0.04430000
v 0.01696726 0.01536762 0.04600000
v 0.01666726 0.01566762 0.04570000
v 0.00876812 0.02356676 0.05830000
v 0.00876812 0.02356676 0.05970000
v 0.01658547 0.01574941 0.05829143
v 0.01652082 0.01581407 0.05830000
v 0.01655326 0.01578162 0.05829778
v 0.01661727 0.01571761 0.05828140
v 0.01664852 0.01568636 0.05826815
v 0.01667904 0.01565584 0.05825213
v 0.01671834 0.01561654 0.05822727
v 0.01676106 0.01557382 0.05819561
v 0.01681852 0.01551636 0.05814648
v 0.01687437 0.01546051 0.05809289
v 0.01652082 0.01581407 0.05970000
v 0.04833488 0.01536762 0.04778388
v 0.04736613 0.01536762 0.01760989
v 0.04709226 0.01536762 0.01825388
v 0.04675957 0.01536762 0.01886955
v 0.04637093 0.01536762 0.01945153
v 0.04592975 0.01536762 0.01999475
v 0.04543985 0.01536762 0.02049448
v 0.04490551 0.01536762 0.02094637
v 0.04433137 0.01536762 0.02134650
v 0.04372244 0.01536762 0.02169137
v 0.04308402 0.01536762 0.02197798
v 0.04242166 0.01536762 0.02220384
v 0.04174113 0.01536762 0.02236698
v 0.00152082 0.00769275 0.00170000
v 0.00187437 0.00804630 0.00190711
v 0.00196726 0.00813919 0.00200000
v 0.00155326 0.00772519 0.00170222
v 0.00158547 0.00775740 0.00170857
v 0.00161727 0.00778920 0.00171860
v 0.00164852 0.00782045 0.00173185
v 0.00167904 0.00785097 0.00174787
v 0.00171834 0.00789027 0.00177273
v 0.00176106 0.00793299 0.00180439
v 0.00181852 0.00799045 0.00185352
v -0.00063640 0.00553553 0.00030000
v 0.00152082 0.00769275 0.00030000
v 0.01131371 0.01748564 0.00200000
v 0.00261051 0.00878244 0.00766663
v 0.00259320 0.00876513 0.00783165
v 0.00256453 0.00873646 0.00799348
v 0.00252479 0.00869672 0.00815056
v 0.00247435 0.00864628 0.00830137
v 0.00241371 0.00858564 0.00844447
v -0.00190821 0.00426372 0.00065777
v -0.00160113 0.00457080 0.00050238
v -0.00128476 0.00488717 0.00039031
v -0.00096215 0.00520978 0.00032263
v 0.00234344 0.00851537 0.00857847
v 0.00226421 0.00843614 0.00870208
v -0.00274474 0.00342719 0.00136685
v -0.00248278 0.00368915 0.00109209
v -0.00220304 0.00396889 0.00085497
v -0.00298640 0.00318553 0.00167660
v -0.00320542 0.00296651 0.00201835
v -0.00339970 0.00277223 0.00238882
v -0.00356737 0.00260456 0.00278444
v -0.00370682 0.00246511 0.00320139
v -0.00381669 0.00235524 0.00363566
v -0.00389594 0.00227599 0.00408308
v -0.00394379 0.00222814 0.00453932
v -0.00395980 0.00221213 0.00500000
v 0.00056421 0.00673614 0.00870208
v 0.00065162 0.00682355 0.00881412
v 0.00048499 0.00665692 0.00857847
v 0.00041472 0.00658665 0.00844447
v 0.00035407 0.00652600 0.00830137
v 0.00030364 0.00647557 0.00815056
v 0.00026389 0.00643582 0.00799348
v 0.00023523 0.00640716 0.00783165
v 0.00021792 0.00638985 0.00766663
v 0.01131371 0.01748564 0.05800000
v 0.00217681 0.00834874 0.00881412
v 0.00208205 0.00825398 0.00891350
v 0.00198087 0.00815280 0.00899927
v 0.00187423 0.00804616 0.00907060
v 0.00176316 0.00793509 0.00912680
v 0.00164873 0.00782066 0.00916733
v 0.00153204 0.00770397 0.00919181
v 0.00141421 0.00758614 0.00920000
v 0.00129639 0.00746832 0.00919181
v 0.00261051 0.00878244 0.05266663
v 0.00117970 0.00735163 0.00916733
v 0.00259320 0.00876513 0.05283165
v 0.00106527 0.00723720 0.00912680
v 0.00095420 0.00712613 0.00907060
v 0.00256453 0.00873646 0.05299348
v 0.00252479 0.00869672 0.05315056
v 0.00247435 0.00864628 0.05330137
v 0.00084756 0.00701949 0.00899927
v 0.00074637 0.00691830 0.00891350
v 0.00196726 0.00813919 0.05800000
v 0.00241371 0.00858564 0.05344447
v 0.00234344 0.00851537 0.05357847
v 0.00226421 0.00843614 0.05370208
v 0.00217681 0.00834874 0.05381412
v 0.00208205 0.00825398 0.05391350
v 0.00198087 0.00815280 0.05399927
v 0.00187423 0.00804616 0.05407060
v 0.00176316 0.00793509 0.05412680
v 0.00164873 0.00782066 0.05416733
v 0.00153204 0.00770397 0.05419181
v 0.00141421 0.00758614 0.05420000
v 0.00129639 0.00746832 0.05419181
v 0.00152082 0.00769275 0.05830000
v 0.00187437 0.00804630 0.05809289
v 0.00176573 0.00793766 0.05819188
v 0.00170866 0.00788059 0.05823381
v 0.00166021 0.00783214 0.05826236
v 0.00162530 0.00779723 0.05827831
v 0.00158626 0.00775819 0.05829122
v 0.00155366 0.00772559 0.05829773
v 0.00117970 0.00735163 0.05416733
v 0.00106527 0.00723720 0.05412680
v 0.00095420 0.00712613 0.05407060
v 0.00084756 0.00701949 0.05399927
v -0.00395980 0.00221213 0.05500000
v 0.00030364 0.00647557 0.05315056
v 0.00035407 0.00652600 0.05330137
v 0.00026389 0.00643582 0.05299348
v 0.00023523 0.00640716 0.05283165
v 0.00021792 0.00638985 0.05266663
v -0.00063640 0.00553553 0.05970000
v 0.00152082 0.00769275 0.05970000
v 0.00074637 0.00691830 0.05391350
v 0.00065162 0.00682355 0.05381412
v -0.00096215 0.00520978 0.05967737
v -0.00394379 0.00222814 0.05546068
v 0.00041472 0.00658665 0.05344447
v -0.00128476 0.00488717 0.05960969
v -0.00389594 0.00227599 0.05591692
v -0.00160113 0.00457080 0.05949762
v -0.00381669 0.00235524 0.05636434
v -0.00190821 0.00426372 0.05934223
v 0.00056421 0.00673614 0.05370208
v -0.00370682 0.00246511 0.05679861
v 0.00048499 0.00665692 0.05357847
v -0.00220304 0.00396889 0.05914503
v -0.00356737 0.00260456 0.05721556
v -0.00248278 0.00368915 0.05890791
v -0.00339970 0.00277223 0.05761118
v -0.00274474 0.00342719 0.05863315
v -0.00320542 0.00296651 0.05798165
v -0.00298640 0.00318553 0.05832340
v 0.02181371 0.00769275 0.00170000
v 0.02181371 0.00769275 0.00030000
v 0.02877422 0.00073223 0.00030000
v 0.02174826 0.00775819 0.00170878
v 0.02178086 0.00772559 0.00170227
v 0.02170922 0.00779723 0.00172169
v 0.02167431 0.00783214 0.00173764
v 0.02162586 0.00788059 0.00176619
v 0.02156879 0.00793766 0.00180812
v 0.02146016 0.00804630 0.00190711
v 0.02136726 0.00813919 0.00200000
v 0.02174906 0.00775740 0.05829143
v 0.02181371 0.00769275 0.05830000
v 0.02178127 0.00772519 0.05829778
v 0.02171725 0.00778920 0.05828140
v 0.02168600 0.00782045 0.05826815
v 0.02165549 0.00785097 0.05825213
v 0.02161619 0.00789027 0.05822727
v 0.02157346 0.00793299 0.05819561
v 0.02151600 0.00799045 0.05814648
v 0.02146016 0.00804630 0.05809289
v 0.02136726 0.00813919 0.05800000
v 0.02877422 0.00073223 0.05970000
v 0.02181371 0.00769275 0.05970000
v 0.01202082 0.01748564 0.05800000
v 0.01202082 0.01748564 0.00200000
v 0.05033488 0.01536762 0.05000000
v 0.05033488 0.00030000 0.01000000
v 0.05033488 0.01536762 0.01000000
v 0.05033488 0.00030000 0.05000000
v -0.00537401 0.00320208 0.05500000
v -0.00438406 0.00221213 0.00500000
v -0.00438406 0.00221213 0.05500000
v -0.00537401 0.00320208 0.00500000
v 0.04998817 0.00000000 0.00904923
v 0.05003488 0.00000000 0.01000000
v 0.04961720 0.00000000 0.00718424
v 0.04984850 0.00000000 0.00810762
v 0.04888952 0.00000000 0.00542745
v 0.04929651 0.00000000 0.00628797
v 0.04840014 0.00000000 0.00461097
v 0.04719382 0.00000000 0.00314106
v 0.04783308 0.00000000 0.00384639
v 0.04572391 0.00000000 0.00193474
v 0.04648850 0.00000000 0.00250180
v 0.04315064 0.00000000 0.00071768
v 0.04404691 0.00000000 0.00103837
v 0.04490743 0.00000000 0.00144536
v 0.04128565 0.00000000 0.00034671
v 0.04222726 0.00000000 0.00048638
v 0.04033488 0.00000000 0.00030000
v 0.04361899 0.00000000 0.01532346
v 0.04357147 0.00000000 0.01564380
v 0.04349278 0.00000000 0.01595794
v 0.04338368 0.00000000 0.01626286
v 0.03054199 -0.00000000 0.00030000
v 0.04324522 0.00000000 0.01655561
v 0.04307873 0.00000000 0.01683338
v 0.03705077 0.00000000 0.01532346
v 0.03709829 0.00000000 0.01564380
v 0.03717698 0.00000000 0.01595794
v 0.04266833 0.00000000 0.01733345
v 0.04288582 0.00000000 0.01709350
v 0.04242838 0.00000000 0.01755093
v 0.04216826 0.00000000 0.01774385
v 0.04189049 0.00000000 0.01791034
v 0.05003488 0.00000000 0.05000000
v 0.04159774 0.00000000 0.01804880
v 0.04129282 0.00000000 0.01815790
v 0.04097868 0.00000000 0.01823659
v 0.04065834 0.00000000 0.01828411
v 0.04033488 0.00000000 0.01830000
v 0.04001142 0.00000000 0.01828411
v 0.04361899 0.00000000 0.04532346
v 0.03969108 0.00000000 0.01823659
v 0.04357147 0.00000000 0.04564380
v 0.03937694 0.00000000 0.01815790
v 0.03907203 0.00000000 0.01804880
v 0.04349278 0.00000000 0.04595794
v 0.04338368 0.00000000 0.04626286
v 0.03877927 0.00000000 0.01791034
v 0.04324522 0.00000000 0.04655561
v 0.04307873 0.00000000 0.04683338
v 0.03850150 0.00000000 0.01774385
v 0.03824138 0.00000000 0.01755093
v 0.04288582 0.00000000 0.04709350
v 0.03800143 0.00000000 0.01733345
v 0.04266833 0.00000000 0.04733345
v 0.04998817 0.00000000 0.05095077
v 0.03778395 0.00000000 0.01709350
v 0.04242838 0.00000000 0.04755093
v 0.04984850 0.00000000 0.05189238
v 0.04961720 0.00000000 0.05281576
v 0.03759103 0.00000000 0.01683338
v 0.04216826 0.00000000 0.04774385
v 0.04929651 0.00000000 0.05371203
v 0.04888952 0.00000000 0.05457255
v 0.04189049 0.00000000 0.04791034
v 0.03742454 0.00000000 0.01655561
v 0.03728608 0.00000000 0.01626286
v 0.04840014 0.00000000 0.05538903
v 0.04159774 0.00000000 0.04804880
v 0.04783308 0.00000000 0.05615361
v 0.04719382 0.00000000 0.05685894
v 0.04129282 0.00000000 0.04815790
v 0.04648850 0.00000000 0.05749820
v 0.04572391 0.00000000 0.05806526
v 0.04097868 0.00000000 0.04823659
v 0.04490743 0.00000000 0.05855464
v 0.04404691 0.00000000 0.05896163
v 0.04315064 0.00000000 0.05928232
v 0.04065834 0.00000000 0.04828411
v 0.04222726 0.00000000 0.05951362
v 0.04128565 0.00000000 0.05965329
v 0.04033488 0.00000000 0.04830000
v 0.04033488 0.00000000 0.05970000
v 0.04001142 0.00000000 0.04828411
v 0.03969108 0.00000000 0.04823659
v 0.03937694 0.00000000 0.04815790
v 0.03907203 0.00000000 0.04804880
v 0.03877927 0.00000000 0.04791034
v 0.03054199 -0.00000000 0.05970000
v 0.03850150 0.00000000 0.04774385
v 0.03824138 0.00000000 0.04755093
v 0.03800143 0.00000000 0.04733345
v 0.03778395 0.00000000 0.04709350
v 0.03759103 0.00000000 0.04683338
v 0.03742454 0.00000000 0.04655561
v 0.03728608 0.00000000 0.04626286
v 0.03717698 0.00000000 0.04595794
v 0.03709829 0.00000000 0.04564380
v 0.03705077 0.00000000 0.04532346
v 0.00130868 0.00790488 0.06000000
v -0.00183848 0.00673762 0.06000000
v -0.00084853 0.00574767 0.06000000
v 0.00136685 0.00795760 0.06000000
v 0.00142991 0.00800437 0.06000000
v 0.00149725 0.00804473 0.06000000
v 0.00650184 0.01507793 0.06000000
v 0.00156822 0.00807830 0.06000000
v 0.00164214 0.00810474 0.06000000
v 0.00171830 0.00812382 0.06000000
v 0.00179595 0.00813534 0.06000000
v 0.00187437 0.00813919 0.06000000
v 0.00615077 0.02118457 0.06000000
v 0.00614789 0.02116516 0.06000000
v 0.00615554 0.02120361 0.06000000
v 0.00617054 0.02123984 0.06000000
v 0.00616215 0.02122209 0.06000000
v 0.00619232 0.02127244 0.06000000
v 0.00618063 0.02125667 0.06000000
v 0.00620550 0.02128698 0.06000000
v 0.02146016 0.00813919 0.06000000
v 0.02931973 0.00067077 0.06000000
v 0.02898635 0.00094437 0.06000000
v 0.02914632 0.00079938 0.06000000
v 0.02970008 0.00046747 0.06000000
v 0.02950491 0.00055977 0.06000000
v 0.02990336 0.00039473 0.06000000
v 0.03054199 0.00030000 0.06000000
v 0.03011279 0.00034227 0.06000000
v 0.03032635 0.00031059 0.06000000
v 0.00827315 0.02335462 0.06000000
v 0.00832029 0.02338959 0.06000000
v 0.00830346 0.02337950 0.06000000
v 0.00828769 0.02336781 0.06000000
v 0.00833803 0.02339798 0.06000000
v 0.00837555 0.02340936 0.06000000
v 0.00835651 0.02340459 0.06000000
v 0.00841457 0.02341320 0.06000000
v 0.00839497 0.02341224 0.06000000
v 0.00845359 0.02340936 0.06000000
v 0.00843417 0.02341224 0.06000000
v 0.00850885 0.02338959 0.06000000
v 0.00849111 0.02339798 0.06000000
v 0.00847263 0.02340459 0.06000000
v 0.00854145 0.02336781 0.06000000
v 0.00852568 0.02337950 0.06000000
v 0.00855599 0.02335462 0.06000000
v 0.01630868 0.01560193 0.06000000
v 0.00730970 0.01735241 0.06000000
v 0.00723867 0.01687026 0.06000000
v 0.00712104 0.01639731 0.06000000
v 0.00695792 0.01593805 0.06000000
v 0.00675086 0.01549687 0.06000000
v 0.01636685 0.01554921 0.06000000
v 0.01642991 0.01550244 0.06000000
v 0.01649725 0.01546208 0.06000000
v 0.01656822 0.01542852 0.06000000
v 0.01664214 0.01540207 0.06000000
v 0.01671830 0.01538299 0.06000000
v 0.01679595 0.01537147 0.06000000
v 0.01687437 0.01536762 0.06000000
v 0.02153857 0.00813534 0.06000000
v 0.02161623 0.00812382 0.06000000
v 0.02169238 0.00810474 0.06000000
v 0.02176630 0.00807830 0.06000000
v 0.02183727 0.00804473 0.06000000
v 0.02190461 0.00800437 0.06000000
v 0.04033488 0.01536762 0.06000000
v 0.04033488 0.00030000 0.06000000
v 0.02196767 0.00795760 0.06000000
v 0.02202584 0.00790488 0.06000000
v 0.00130868 0.00790488 0.00000000
v -0.00084853 0.00574767 0.00000000
v -0.00183848 0.00673762 0.00000000
v 0.00136685 0.00795760 0.00000000
v 0.00142991 0.00800437 0.00000000
v 0.00149725 0.00804473 0.00000000
v 0.00650184 0.01507793 0.00000000
v 0.00187437 0.00813919 0.00000000
v 0.00179595 0.00813534 0.00000000
v 0.00171830 0.00812382 0.00000000
v 0.00164214 0.00810474 0.00000000
v 0.00156822 0.00807830 0.00000000
v 0.00615082 0.02110629 0.00000000
v 0.00619256 0.02101839 0.00000000
v 0.00618082 0.02103415 0.00000000
v 0.00617069 0.02105099 0.00000000
v 0.00616226 0.02106874 0.00000000
v 0.00615562 0.02108724 0.00000000
v 0.00614791 0.02112573 0.00000000
v 0.00615074 0.02118443 0.00000000
v 0.00614692 0.02114536 0.00000000
v 0.00614787 0.02116499 0.00000000
v 0.00617050 0.02123977 0.00000000
v 0.00615550 0.02120349 0.00000000
v 0.00616211 0.02122200 0.00000000
v 0.00618060 0.02125663 0.00000000
v 0.00620550 0.02128698 0.00000000
v 0.00619231 0.02127242 0.00000000
v 0.00648514 0.02062550 0.00000000
v 0.02146016 0.00813919 0.00000000
v 0.02931973 0.00067077 0.00000000
v 0.02914632 0.00079938 0.00000000
v 0.02898635 0.00094437 0.00000000
v 0.02970008 0.00046747 0.00000000
v 0.02950491 0.00055977 0.00000000
v 0.02990336 0.00039473 0.00000000
v 0.03011279 0.00034227 0.00000000
v 0.03054199 0.00030000 0.00000000
v 0.03032635 0.00031059 0.00000000
v 0.00827315 0.02335462 0.00000000
v 0.00673787 0.02020586 0.00000000
v 0.00832029 0.02338959 0.00000000
v 0.00828769 0.02336781 0.00000000
v 0.00830346 0.02337950 0.00000000
v 0.00835651 0.02340459 0.00000000
v 0.00833803 0.02339798 0.00000000
v 0.00837555 0.02340936 0.00000000
v 0.00841457 0.02341320 0.00000000
v 0.00839497 0.02341224 0.00000000
v 0.00849111 0.02339798 0.00000000
v 0.00843417 0.02341224 0.00000000
v 0.00845359 0.02340936 0.00000000
v 0.00847263 0.02340459 0.00000000
v 0.00850885 0.02338959 0.00000000
v 0.00854145 0.02336781 0.00000000
v 0.00852568 0.02337950 0.00000000
v 0.00855599 0.02335462 0.00000000
v 0.00723474 0.01882781 0.00000000
v 0.00711448 0.01930268 0.00000000
v 0.00694832 0.01976350 0.00000000
v 0.01630868 0.01560193 0.00000000
v 0.00675204 0.01549908 0.00000000
v 0.00695982 0.01594270 0.00000000
v 0.00712320 0.01640451 0.00000000
v 0.00724060 0.01688010 0.00000000
v 0.00731091 0.01736489 0.00000000
v 0.00733343 0.01785424 0.00000000
v 0.00730796 0.01834344 0.00000000
v 0.01636685 0.01554921 0.00000000
v 0.01642991 0.01550244 0.00000000
v 0.01649725 0.01546208 0.00000000
v 0.01656822 0.01542852 0.00000000
v 0.01664214 0.01540207 0.00000000
v 0.01671830 0.01538299 0.00000000
v 0.01679595 0.01537147 0.00000000
v 0.01687437 0.01536762 0.00000000
v 0.02190461 0.00800437 0.00000000
v 0.02183727 0.00804473 0.00000000
v 0.02176630 0.00807830 0.00000000
v 0.02169238 0.00810474 0.00000000
v 0.02161623 0.00812382 0.00000000
v 0.02153857 0.00813534 0.00000000
v 0.04033488 0.01536762 0.00000000
v 0.02202584 0.00790488 0.00000000
v 0.02196767 0.00795760 0.00000000
v 0.04033488 0.00030000 0.00000000
v 0.03705077 0.00200000 0.04532346
v 0.03709829 0.00200000 0.04564380
v 0.03717698 0.00200000 0.04595794
v 0.03728608 0.00200000 0.04626286
v 0.03742454 0.00200000 0.04655561
v 0.03759103 0.00200000 0.04683338
v 0.03778395 0.00200000 0.04709350
v 0.03800143 0.00200000 0.04733345
v 0.03824138 0.00200000 0.04755093
v 0.03850150 0.00200000 0.04774385
v 0.03877927 0.00200000 0.04791034
v 0.03907203 0.00200000 0.04804880
v 0.03937694 0.00200000 0.04815790
v 0.03969108 0.00200000 0.04823659
v 0.04001142 0.00200000 0.04828411
v 0.04033488 0.00200000 0.04830000
v 0.04065834 0.00200000 0.04828411
v 0.04097868 0.00200000 0.04823659
v 0.04129282 0.00200000 0.04815790
v 0.04159774 0.00200000 0.04804880
v 0.04189049 0.00200000 0.04791034
v 0.04216826 0.00200000 0.04774385
v 0.04242838 0.00200000 0.04755093
v 0.04266833 0.00200000 0.04733345
v 0.04288582 0.00200000 0.04709350
v 0.04307873 0.00200000 0.04683338
v 0.04324522 0.00200000 0.04655561
v 0.04338368 0.00200000 0.04626286
v 0.04349278 0.00200000 0.04595794
v 0.04357147 0.00200000 0.04564380
v 0.04361899 0.00200000 0.04532346
v 0.03705077 0.00200000 0.01532346
v 0.03709829 0.00200000 0.01564380
v 0.03717698 0.00200000 0.01595794
v 0.03728608 0.00200000 0.01626286
v 0.03742454 0.00200000 0.01655561
v 0.03759103 0.00200000 0.01683338
v 0.03778395 0.00200000 0.01709350
v 0.03800143 0.00200000 0.01733345
v 0.03824138 0.00200000 0.01755093
v 0.03850150 0.00200000 0.01774385
v 0.03877927 0.00200000 0.01791034
v 0.03907203 0.00200000 0.01804880
v 0.03937694 0.00200000 0.01815790
v 0.03969108 0.00200000 0.01823659
v 0.04001142 0.00200000 0.01828411
v 0.04033488 0.00200000 0.01830000
v 0.04065834 0.00200000 0.01828411
v 0.04097868 0.00200000 0.01823659
v 0.04129282 0.00200000 0.01815790
v 0.04159774 0.00200000 0.01804880
v 0.04189049 0.00200000 0.01791034
v 0.04216826 0.00200000 0.01774385
v 0.04242838 0.00200000 0.01755093
v 0.04266833 0.00200000 0.01733345
v 0.04288582 0.00200000 0.01709350
v 0.04307873 0.00200000 0.01683338
v 0.04324522 0.00200000 0.01655561
v 0.04338368 0.00200000 0.01626286
v 0.04349278 0.00200000 0.01595794
v 0.04357147 0.00200000 0.01564380
v 0.04361899 0.00200000 0.01532346
v 0.04622064 0.01566762 0.00414783
v 0.04783308 0.01566762 0.00384639
v 0.04719382 0.01566762 0.00314106
v 0.04562098 0.01566762 0.00360100
v 0.04648850 0.01566762 0.00250180
v 0.04676403 0.01566762 0.00475062
v 0.04840014 0.01566762 0.00461097
v 0.04497077 0.01566762 0.00311534
v 0.04572391 0.01566762 0.00193474
v 0.04724596 0.01566762 0.00540359
v 0.04888952 0.01566762 0.00542745
v 0.04427625 0.01566762 0.00269551
v 0.04490743 0.01566762 0.00144536
v 0.04766181 0.01566762 0.00610051
v 0.04929651 0.01566762 0.00628797
v 0.04354404 0.01566762 0.00234551
v 0.04404691 0.01566762 0.00103837
v 0.04800762 0.01566762 0.00683470
v 0.04961720 0.01566762 0.00718424
v 0.04278116 0.01566762 0.00206869
v 0.04315064 0.01566762 0.00071768
v 0.04828007 0.01566762 0.00759916
v 0.04984850 0.01566762 0.00810762
v 0.04199488 0.01566762 0.00186769
v 0.04222726 0.01566762 0.00048638
v 0.04847656 0.01566762 0.00838658
v 0.04998817 0.01566762 0.00904923
v 0.04191706 0.01566762 0.00185576
v 0.04183844 0.01566762 0.00185154
v 0.04175979 0.01566762 0.00185506
v 0.04128565 0.01566762 0.00034671
v 0.04168187 0.01566762 0.00186630
v 0.04160542 0.01566762 0.00188514
v 0.04153120 0.01566762 0.00191141
v 0.04145992 0.01566762 0.00194484
v 0.04139228 0.01566762 0.00198512
v 0.04033488 0.01566762 0.00030000
v 0.04859520 0.01566762 0.00918941
v 0.05003488 0.01566762 0.01000000
v 0.04132892 0.01566762 0.00203185
v 0.04127046 0.01566762 0.00208459
v 0.04121746 0.01566762 0.00214281
v 0.04863488 0.01566762 0.01000000
v 0.03934240 0.01566762 0.00188159
v 0.03940057 0.01566762 0.00193431
v 0.03945329 0.01566762 0.00199249
v 0.03927934 0.01566762 0.00183482
v 0.03950006 0.01566762 0.00205554
v 0.03921200 0.01566762 0.00179446
v 0.03954042 0.01566762 0.00212288
v 0.04117045 0.01566762 0.00220596
v 0.03957398 0.01566762 0.00219385
v 0.04112987 0.01566762 0.00227343
v 0.03914103 0.01566762 0.00176090
v 0.03906711 0.01566762 0.00173445
v 0.03960043 0.01566762 0.00226777
v 0.04109612 0.01566762 0.00234456
v 0.03899095 0.01566762 0.00171537
v 0.03961951 0.01566762 0.00234393
v 0.04106952 0.01566762 0.00241866
v 0.03963103 0.01566762 0.00242159
v 0.04105034 0.01566762 0.00249502
v 0.03891329 0.01566762 0.00170385
v 0.03963488 0.01566762 0.00250000
v 0.04103488 0.01566762 0.00265153
v 0.04103875 0.01566762 0.00257290
v 0.03883488 0.01566762 0.00170000
v 0.04443610 0.01566762 0.01089878
v 0.04570595 0.01566762 0.01020504
v 0.04523565 0.01566762 0.00972530
v 0.04401436 0.01566762 0.01051654
v 0.04472268 0.01566762 0.00929148
v 0.04481834 0.01566762 0.01132052
v 0.04612949 0.01566762 0.01072654
v 0.04515740 0.01566762 0.01177769
v 0.04650258 0.01566762 0.01128523
v 0.04355719 0.01566762 0.01017748
v 0.04417151 0.01566762 0.00890736
v 0.04306898 0.01566762 0.00988486
v 0.04358694 0.01566762 0.00857628
v 0.04545002 0.01566762 0.01226590
v 0.04682197 0.01566762 0.01187627
v 0.04255444 0.01566762 0.00964150
v 0.04297405 0.01566762 0.00830114
v 0.04569338 0.01566762 0.01278044
v 0.04711414 0.01566762 0.01256331
v 0.04708488 0.01566762 0.01249451
v 0.04201853 0.01566762 0.00944975
v 0.04233819 0.01566762 0.00808431
v 0.04588513 0.01566762 0.01331635
v 0.04729079 0.01566762 0.01280260
v 0.04723841 0.01566762 0.01274925
v 0.04719125 0.01566762 0.01269123
v 0.04714970 0.01566762 0.01262907
v 0.03963488 0.01566762 0.00714188
v 0.04103878 0.01566762 0.00722074
v 0.04103488 0.01566762 0.00714188
v 0.03963099 0.01566762 0.00722074
v 0.03961934 0.01566762 0.00729882
v 0.04105043 0.01566762 0.00729882
v 0.03960005 0.01566762 0.00737538
v 0.04106971 0.01566762 0.00737538
v 0.04146640 0.01566762 0.00931145
v 0.04168488 0.01566762 0.00792769
v 0.04160816 0.01566762 0.00790908
v 0.04153364 0.01566762 0.00788300
v 0.04602344 0.01566762 0.01386848
v 0.04754264 0.01566762 0.01296083
v 0.04747439 0.01566762 0.01293029
v 0.04740929 0.01566762 0.01289352
v 0.04734791 0.01566762 0.01285083
v 0.03957331 0.01566762 0.00744966
v 0.04109646 0.01566762 0.00744966
v 0.03953937 0.01566762 0.00752095
v 0.04113039 0.01566762 0.00752095
v 0.03949858 0.01566762 0.00758854
v 0.04117118 0.01566762 0.00758854
v 0.04090338 0.01566762 0.00922793
v 0.04146206 0.01566762 0.00784970
v 0.04139411 0.01566762 0.00780950
v 0.04133045 0.01566762 0.00776281
v 0.04127170 0.01566762 0.00771006
v 0.04610695 0.01566762 0.01443150
v 0.04776020 0.01566762 0.01301262
v 0.04768617 0.01566762 0.01300217
v 0.04761343 0.01566762 0.01298486
v 0.04839451 0.01566762 0.01721220
v 0.04844853 0.01566762 0.01727063
v 0.04833495 0.01566762 0.01715944
v 0.04849649 0.01566762 0.01733413
v 0.04827044 0.01566762 0.01711285
v 0.04853789 0.01566762 0.01740208
v 0.04121844 0.01566762 0.00765179
v 0.03945132 0.01566762 0.00765179
v 0.03939806 0.01566762 0.00771006
v 0.04613488 0.01566762 0.01500000
v 0.04820163 0.01566762 0.01707290
v 0.04857234 0.01566762 0.01747380
v 0.04812918 0.01566762 0.01703998
v 0.04859950 0.01566762 0.01754860
v 0.04805382 0.01566762 0.01701443
v 0.04861909 0.01566762 0.01762572
v 0.04797630 0.01566762 0.01699648
v 0.04863092 0.01566762 0.01770441
v 0.04789738 0.01566762 0.01698633
v 0.04863488 0.01566762 0.01778388
v 0.04781784 0.01566762 0.01698406
v 0.04610695 0.01566762 0.01556850
v 0.04758336 0.01566762 0.01702445
v 0.04766005 0.01566762 0.01700322
v 0.04773847 0.01566762 0.01698971
v 0.03933931 0.01566762 0.00776281
v 0.03927566 0.01566762 0.00780950
v 0.03920770 0.01566762 0.00784970
v 0.03913612 0.01566762 0.00788300
v 0.04750916 0.01566762 0.01705319
v 0.04602344 0.01566762 0.01613152
v 0.04730867 0.01566762 0.01718130
v 0.04737114 0.01566762 0.01713201
v 0.04743819 0.01566762 0.01708916
v 0.03906161 0.01566762 0.00790908
v 0.03898488 0.01566762 0.00792769
v 0.03828928 0.01566762 0.00809670
v 0.04588513 0.01566762 0.01668365
v 0.04711625 0.01566762 0.01743236
v 0.04715472 0.01566762 0.01736271
v 0.04719993 0.01566762 0.01729723
v 0.04725141 0.01566762 0.01723656
v 0.03761389 0.01566762 0.00833395
v 0.04569338 0.01566762 0.01721956
v 0.04682197 0.01566762 0.01812373
v 0.04708488 0.01566762 0.01750549
v 0.03696540 0.01566762 0.00863709
v 0.04545002 0.01566762 0.01773410
v 0.04650258 0.01566762 0.01871477
v 0.03635022 0.01566762 0.00900313
v 0.04515740 0.01566762 0.01822231
v 0.04612949 0.01566762 0.01927346
v 0.03577443 0.01566762 0.00942844
v 0.04481834 0.01566762 0.01867948
v 0.04570595 0.01566762 0.01979496
v 0.03524371 0.01566762 0.00990883
v 0.04443610 0.01566762 0.01910122
v 0.04523565 0.01566762 0.02027470
v 0.04401436 0.01566762 0.01948346
v 0.03476332 0.01566762 0.01043955
v 0.04472268 0.01566762 0.02070852
v 0.04355719 0.01566762 0.01982252
v 0.03433801 0.01566762 0.01101534
v 0.04417151 0.01566762 0.02109264
v 0.04306898 0.01566762 0.02011514
v 0.03397197 0.01566762 0.01163052
v 0.04358694 0.01566762 0.02142372
v 0.04255444 0.01566762 0.02035850
v 0.03366883 0.01566762 0.01227901
v 0.04297405 0.01566762 0.02169886
v 0.04201853 0.01566762 0.02055025
v 0.03343158 0.01566762 0.01295439
v 0.04233819 0.01566762 0.02191569
v 0.04146640 0.01566762 0.02068855
v 0.03326258 0.01566762 0.01365000
v 0.04168488 0.01566762 0.02207231
v 0.03324396 0.01566762 0.01372672
v 0.04160816 0.01566762 0.02209092
v 0.03321788 0.01566762 0.01380124
v 0.04153364 0.01566762 0.02211700
v 0.04090338 0.01566762 0.02077207
v 0.03318458 0.01566762 0.01387282
v 0.04146206 0.01566762 0.02215030
v 0.03314438 0.01566762 0.01394078
v 0.04139411 0.01566762 0.02219050
v 0.03309769 0.01566762 0.01400443
v 0.04133045 0.01566762 0.02223719
v 0.03304494 0.01566762 0.01406318
v 0.04127170 0.01566762 0.02228994
v 0.03298667 0.01566762 0.01411644
v 0.04121844 0.01566762 0.02234821
v 0.03292342 0.01566762 0.01416370
v 0.04117118 0.01566762 0.02241146
v 0.03304494 0.01566762 0.01593682
v 0.03939806 0.01566762 0.02228994
v 0.03298667 0.01566762 0.01588356
v 0.03945132 0.01566762 0.02234821
v 0.03309769 0.01566762 0.01599557
v 0.03933931 0.01566762 0.02223719
v 0.03292342 0.01566762 0.01583630
v 0.03949858 0.01566762 0.02241146
v 0.03314438 0.01566762 0.01605922
v 0.03927566 0.01566762 0.02219050
v 0.03285583 0.01566762 0.01579551
v 0.03285583 0.01566762 0.01420449
v 0.03953937 0.01566762 0.02247905
v 0.04109646 0.01566762 0.02255034
v 0.04113039 0.01566762 0.02247905
v 0.03318458 0.01566762 0.01612718
v 0.03920770 0.01566762 0.02215030
v 0.03278454 0.01566762 0.01576157
v 0.03278454 0.01566762 0.01423843
v 0.03957331 0.01566762 0.02255034
v 0.03321788 0.01566762 0.01619876
v 0.03913612 0.01566762 0.02211700
v 0.03271026 0.01566762 0.01573483
v 0.03271026 0.01566762 0.01426517
v 0.03263370 0.01566762 0.01428446
v 0.03960005 0.01566762 0.02262462
v 0.04106971 0.01566762 0.02262462
v 0.03324396 0.01566762 0.01627328
v 0.03906161 0.01566762 0.02209092
v 0.03263370 0.01566762 0.01571554
v 0.03255562 0.01566762 0.01429610
v 0.03961934 0.01566762 0.02270118
v 0.04103878 0.01566762 0.02277926
v 0.04105043 0.01566762 0.02270118
v 0.03326258 0.01566762 0.01635000
v 0.03898488 0.01566762 0.02207231
v 0.03255562 0.01566762 0.01570390
v 0.03963099 0.01566762 0.02277926
v 0.03247676 0.01566762 0.01570000
v 0.03247676 0.01566762 0.01430000
v 0.03963488 0.01566762 0.02285812
v 0.04103488 0.01566762 0.02285812
v 0.01687437 0.01566762 0.00030000
v 0.03343158 0.01566762 0.01704561
v 0.03828928 0.01566762 0.02190330
v 0.03366883 0.01566762 0.01772099
v 0.03761389 0.01566762 0.02166605
v 0.03397197 0.01566762 0.01836948
v 0.03696540 0.01566762 0.02136291
v 0.03433801 0.01566762 0.01898466
v 0.03635022 0.01566762 0.02099687
v 0.03476332 0.01566762 0.01956045
v 0.03577443 0.01566762 0.02057156
v 0.01687437 0.01566762 0.00170000
v 0.03524371 0.01566762 0.02009117
v 0.04443610 0.01566762 0.04089878
v 0.04570595 0.01566762 0.04020504
v 0.04523565 0.01566762 0.03972530
v 0.04401436 0.01566762 0.04051654
v 0.04472268 0.01566762 0.03929148
v 0.04481834 0.01566762 0.04132052
v 0.04612949 0.01566762 0.04072654
v 0.04355719 0.01566762 0.04017748
v 0.04417151 0.01566762 0.03890736
v 0.04515740 0.01566762 0.04177769
v 0.04650258 0.01566762 0.04128523
v 0.04545002 0.01566762 0.04226590
v 0.04682197 0.01566762 0.04187627
v 0.04306898 0.01566762 0.03988486
v 0.04358694 0.01566762 0.03857628
v 0.04255444 0.01566762 0.03964150
v 0.04297405 0.01566762 0.03830114
v 0.04569338 0.01566762 0.04278044
v 0.04711414 0.01566762 0.04256331
v 0.04708488 0.01566762 0.04249451
v 0.04201853 0.01566762 0.03944975
v 0.04233819 0.01566762 0.03808431
v 0.04588513 0.01566762 0.04331635
v 0.04729079 0.01566762 0.04280260
v 0.04723841 0.01566762 0.04274925
v 0.04719125 0.01566762 0.04269123
v 0.04714970 0.01566762 0.04262907
v 0.03963488 0.01566762 0.03714188
v 0.04103878 0.01566762 0.03722074
v 0.04103488 0.01566762 0.03714188
v 0.03963099 0.01566762 0.03722074
v 0.03961934 0.01566762 0.03729882
v 0.04106971 0.01566762 0.03737538
v 0.04105043 0.01566762 0.03729882
v 0.03960005 0.01566762 0.03737538
v 0.04146640 0.01566762 0.03931145
v 0.04168488 0.01566762 0.03792769
v 0.04160816 0.01566762 0.03790908
v 0.04153364 0.01566762 0.03788300
v 0.04602344 0.01566762 0.04386848
v 0.04754264 0.01566762 0.04296083
v 0.04747439 0.01566762 0.04293029
v 0.04740929 0.01566762 0.04289352
v 0.04734791 0.01566762 0.04285083
v 0.03957331 0.01566762 0.03744966
v 0.04109646 0.01566762 0.03744966
v 0.03953937 0.01566762 0.03752095
v 0.04117118 0.01566762 0.03758854
v 0.04113039 0.01566762 0.03752095
v 0.03949858 0.01566762 0.03758854
v 0.04090338 0.01566762 0.03922793
v 0.04146206 0.01566762 0.03784970
v 0.04139411 0.01566762 0.03780950
v 0.04133045 0.01566762 0.03776281
v 0.04127170 0.01566762 0.03771006
v 0.04610695 0.01566762 0.04443150
v 0.04776020 0.01566762 0.04301262
v 0.04768617 0.01566762 0.04300217
v 0.04761343 0.01566762 0.04298486
v 0.04839451 0.01566762 0.04721220
v 0.04844853 0.01566762 0.04727063
v 0.04833495 0.01566762 0.04715944
v 0.04849649 0.01566762 0.04733413
v 0.04827044 0.01566762 0.04711285
v 0.04853789 0.01566762 0.04740208
v 0.03945132 0.01566762 0.03765179
v 0.03939806 0.01566762 0.03771006
v 0.04121844 0.01566762 0.03765179
v 0.04613488 0.01566762 0.04500000
v 0.04820163 0.01566762 0.04707290
v 0.04857234 0.01566762 0.04747380
v 0.04812918 0.01566762 0.04703998
v 0.04859950 0.01566762 0.04754860
v 0.04805382 0.01566762 0.04701443
v 0.04797630 0.01566762 0.04699648
v 0.04789738 0.01566762 0.04698633
v 0.04781784 0.01566762 0.04698406
v 0.04610695 0.01566762 0.04556850
v 0.04758336 0.01566762 0.04702445
v 0.04766005 0.01566762 0.04700322
v 0.04773847 0.01566762 0.04698971
v 0.03933931 0.01566762 0.03776281
v 0.03927566 0.01566762 0.03780950
v 0.03920770 0.01566762 0.03784970
v 0.03913612 0.01566762 0.03788300
v 0.04750916 0.01566762 0.04705319
v 0.05003488 0.01566762 0.05000000
v 0.04861909 0.01566762 0.04762572
v 0.04863092 0.01566762 0.04770441
v 0.04863488 0.01566762 0.04778388
v 0.04602344 0.01566762 0.04613152
v 0.04730867 0.01566762 0.04718130
v 0.04737114 0.01566762 0.04713201
v 0.04743819 0.01566762 0.04708916
v 0.03906161 0.01566762 0.03790908
v 0.03898488 0.01566762 0.03792769
v 0.03828928 0.01566762 0.03809670
v 0.04588513 0.01566762 0.04668365
v 0.04711625 0.01566762 0.04743236
v 0.04715472 0.01566762 0.04736271
v 0.04719993 0.01566762 0.04729723
v 0.04725141 0.01566762 0.04723656
v 0.03761389 0.01566762 0.03833395
v 0.04863488 0.01566762 0.05000000
v 0.04569338 0.01566762 0.04721956
v 0.04682197 0.01566762 0.04812373
v 0.04708488 0.01566762 0.04750549
v 0.03696540 0.01566762 0.03863709
v 0.04859520 0.01566762 0.05081059
v 0.04998817 0.01566762 0.05095077
v 0.04545002 0.01566762 0.04773410
v 0.04650258 0.01566762 0.04871477
v 0.03635022 0.01566762 0.03900313
v 0.04515740 0.01566762 0.04822231
v 0.04847656 0.01566762 0.05161342
v 0.04984850 0.01566762 0.05189238
v 0.04612949 0.01566762 0.04927346
v 0.03577443 0.01566762 0.03942844
v 0.04481834 0.01566762 0.04867948
v 0.04570595 0.01566762 0.04979496
v 0.04828007 0.01566762 0.05240084
v 0.04961720 0.01566762 0.05281576
v 0.04443610 0.01566762 0.04910122
v 0.03524371 0.01566762 0.03990883
v 0.04523565 0.01566762 0.05027470
v 0.04800762 0.01566762 0.05316530
v 0.04929651 0.01566762 0.05371203
v 0.04401436 0.01566762 0.04948346
v 0.03476332 0.01566762 0.04043955
v 0.04472268 0.01566762 0.05070852
v 0.04766181 0.01566762 0.05389949
v 0.04888952 0.01566762 0.05457255
v 0.04355719 0.01566762 0.04982252
v 0.03433801 0.01566762 0.04101534
v 0.04417151 0.01566762 0.05109264
v 0.04306898 0.01566762 0.05011514
v 0.04724596 0.01566762 0.05459641
v 0.04840014 0.01566762 0.05538903
v 0.03397197 0.01566762 0.04163052
v 0.04358694 0.01566762 0.05142372
v 0.04255444 0.01566762 0.05035850
v 0.04676403 0.01566762 0.05524938
v 0.04783308 0.01566762 0.05615361
v 0.03366883 0.01566762 0.04227901
v 0.04297405 0.01566762 0.05169886
v 0.04201853 0.01566762 0.05055025
v 0.03343158 0.01566762 0.04295439
v 0.04233819 0.01566762 0.05191569
v 0.04146640 0.01566762 0.05068855
v 0.04622064 0.01566762 0.05585217
v 0.04719382 0.01566762 0.05685894
v 0.03326258 0.01566762 0.04365000
v 0.04168488 0.01566762 0.05207231
v 0.03324396 0.01566762 0.04372672
v 0.04160816 0.01566762 0.05209092
v 0.03321788 0.01566762 0.04380124
v 0.04153364 0.01566762 0.05211700
v 0.04090338 0.01566762 0.05077207
v 0.03318458 0.01566762 0.04387282
v 0.04146206 0.01566762 0.05215030
v 0.04562098 0.01566762 0.05639900
v 0.03314438 0.01566762 0.04394078
v 0.04139411 0.01566762 0.05219050
v 0.03309769 0.01566762 0.04400443
v 0.04133045 0.01566762 0.05223719
v 0.04648850 0.01566762 0.05749820
v 0.03304494 0.01566762 0.04406318
v 0.04127170 0.01566762 0.05228994
v 0.03298667 0.01566762 0.04411644
v 0.04121844 0.01566762 0.05234821
v 0.03292342 0.01566762 0.04416370
v 0.04117118 0.01566762 0.05241146
v 0.04497077 0.01566762 0.05688466
v 0.04572391 0.01566762 0.05806526
v 0.03304494 0.01566762 0.04593682
v 0.03939806 0.01566762 0.05228994
v 0.03298667 0.01566762 0.04588356
v 0.03945132 0.01566762 0.05234821
v 0.03309769 0.01566762 0.04599557
v 0.03933931 0.01566762 0.05223719
v 0.03292342 0.01566762 0.04583630
v 0.03949858 0.01566762 0.05241146
v 0.03314438 0.01566762 0.04605922
v 0.03927566 0.01566762 0.05219050
v 0.03285583 0.01566762 0.04579551
v 0.03285583 0.01566762 0.04420449
v 0.03278454 0.01566762 0.04423843
v 0.03953937 0.01566762 0.05247905
v 0.04113039 0.01566762 0.05247905
v 0.03318458 0.01566762 0.04612718
v 0.03920770 0.01566762 0.05215030
v 0.03278454 0.01566762 0.04576157
v 0.03957331 0.01566762 0.05255034
v 0.04106971 0.01566762 0.05262462
v 0.04109646 0.01566762 0.05255034
v 0.03321788 0.01566762 0.04619876
v 0.03913612 0.01566762 0.05211700
v 0.03271026 0.01566762 0.04573483
v 0.03271026 0.01566762 0.04426517
v 0.03263370 0.01566762 0.04428446
v 0.03960005 0.01566762 0.05262462
v 0.04427625 0.01566762 0.05730449
v 0.03324396 0.01566762 0.04627328
v 0.03906161 0.01566762 0.05209092
v 0.03263370 0.01566762 0.04571554
v 0.03961934 0.01566762 0.05270118
v 0.04105043 0.01566762 0.05270118
v 0.03326258 0.01566762 0.04635000
v 0.03898488 0.01566762 0.05207231
v 0.03255562 0.01566762 0.04570390
v 0.03255562 0.01566762 0.04429610
v 0.03963099 0.01566762 0.05277926
v 0.04103488 0.01566762 0.05285812
v 0.04103878 0.01566762 0.05277926
v 0.03247676 0.01566762 0.04570000
v 0.03247676 0.01566762 0.04430000
v 0.03963488 0.01566762 0.05285812
v 0.03343158 0.01566762 0.04704561
v 0.03828928 0.01566762 0.05190330
v 0.04490743 0.01566762 0.05855464
v 0.03366883 0.01566762 0.04772099
v 0.03761389 0.01566762 0.05166605
v 0.04354404 0.01566762 0.05765449
v 0.03397197 0.01566762 0.04836948
v 0.03696540 0.01566762 0.05136291
v 0.03433801 0.01566762 0.04898466
v 0.03635022 0.01566762 0.05099687
v 0.03476332 0.01566762 0.04956045
v 0.03577443 0.01566762 0.05057156
v 0.03524371 0.01566762 0.05009117
v 0.04404691 0.01566762 0.05896163
v 0.04278116 0.01566762 0.05793131
v 0.04315064 0.01566762 0.05928232
v 0.04103488 0.01566762 0.05734847
v 0.04222726 0.01566762 0.05951362
v 0.04175647 0.01566762 0.05814462
v 0.03963488 0.01566762 0.05750000
v 0.04105025 0.01566762 0.05750454
v 0.04103873 0.01566762 0.05742688
v 0.03963103 0.01566762 0.05757841
v 0.04106933 0.01566762 0.05758070
v 0.03961951 0.01566762 0.05765607
v 0.04109578 0.01566762 0.05765462
v 0.03960043 0.01566762 0.05773223
v 0.04112934 0.01566762 0.05772559
v 0.03957398 0.01566762 0.05780615
v 0.04116971 0.01566762 0.05779293
v 0.03954042 0.01566762 0.05787712
v 0.04121647 0.01566762 0.05785598
v 0.04128565 0.01566762 0.05965329
v 0.04167881 0.01566762 0.05813310
v 0.04160265 0.01566762 0.05811402
v 0.04152873 0.01566762 0.05808757
v 0.04145776 0.01566762 0.05805401
v 0.04139042 0.01566762 0.05801364
v 0.03950006 0.01566762 0.05794446
v 0.04033488 0.01566762 0.05970000
v 0.04132737 0.01566762 0.05796688
v 0.04126920 0.01566762 0.05791415
v 0.03945329 0.01566762 0.05800751
v 0.03940057 0.01566762 0.05806569
v 0.03934240 0.01566762 0.05811841
v 0.03927934 0.01566762 0.05816518
v 0.03921200 0.01566762 0.05820554
v 0.03914103 0.01566762 0.05823910
v 0.03906711 0.01566762 0.05826555
v 0.03899095 0.01566762 0.05828463
v 0.03891329 0.01566762 0.05829615
v 0.03883488 0.01566762 0.05830000
v 0.01687437 0.01566762 0.05970000
v 0.01687437 0.01566762 0.05830000
v 0.03486136 0.00200000 0.01553909
v 0.03494056 0.00200000 0.01607300
v 0.03507171 0.00200000 0.01659657
v 0.03525354 0.00200000 0.01710476
v 0.03548431 0.00200000 0.01759268
v 0.03576180 0.00200000 0.01805564
v 0.03608332 0.00200000 0.01848916
v 0.03644579 0.00200000 0.01888909
v 0.03684572 0.00200000 0.01925156
v 0.03727924 0.00200000 0.01957308
v 0.03774220 0.00200000 0.01985057
v 0.03823012 0.00200000 0.02008134
v 0.03873832 0.00200000 0.02026317
v 0.03926188 0.00200000 0.02039432
v 0.03979579 0.00200000 0.02047352
v 0.04033488 0.00200000 0.02050000
v 0.04087398 0.00200000 0.02047352
v 0.04580840 0.00200000 0.01553909
v 0.04572920 0.00200000 0.01607300
v 0.04140788 0.00200000 0.02039432
v 0.04559805 0.00200000 0.01659657
v 0.04193145 0.00200000 0.02026317
v 0.04541622 0.00200000 0.01710476
v 0.04243964 0.00200000 0.02008134
v 0.04518545 0.00200000 0.01759268
v 0.04292756 0.00200000 0.01985057
v 0.04490796 0.00200000 0.01805564
v 0.04339052 0.00200000 0.01957308
v 0.04458644 0.00200000 0.01848916
v 0.04382404 0.00200000 0.01925156
v 0.04422397 0.00200000 0.01888909
v 0.04580840 0.01536762 0.01553909
v 0.04572920 0.01536762 0.01607300
v 0.04559805 0.01536762 0.01659657
v 0.04541622 0.01536762 0.01710476
v 0.04518545 0.01536762 0.01759268
v 0.04490796 0.01536762 0.01805564
v 0.04422397 0.01536762 0.01888909
v 0.04458644 0.01536762 0.01848916
v 0.04382404 0.01536762 0.01925156
v 0.04292756 0.01536762 0.01985057
v 0.04339052 0.01536762 0.01957308
v 0.04243964 0.01536762 0.02008134
v 0.04193145 0.01536762 0.02026317
v 0.04087398 0.01536762 0.02047352
v 0.04140788 0.01536762 0.02039432
v 0.03486136 0.00200000 0.04553909
v 0.03494056 0.00200000 0.04607300
v 0.03507171 0.00200000 0.04659657
v 0.03525354 0.00200000 0.04710476
v 0.03548431 0.00200000 0.04759268
v 0.03576180 0.00200000 0.04805564
v 0.03608332 0.00200000 0.04848916
v 0.03644579 0.00200000 0.04888909
v 0.03684572 0.00200000 0.04925156
v 0.03727924 0.00200000 0.04957308
v 0.03774220 0.00200000 0.04985057
v 0.03823012 0.00200000 0.05008134
v 0.03873832 0.00200000 0.05026317
v 0.03926188 0.00200000 0.05039432
v 0.03979579 0.00200000 0.05047352
v 0.04033488 0.00200000 0.05050000
v 0.04087398 0.00200000 0.05047352
v 0.04580840 0.00200000 0.04553909
v 0.04572920 0.00200000 0.04607300
v 0.04140788 0.00200000 0.05039432
v 0.04559805 0.00200000 0.04659657
v 0.04193145 0.00200000 0.05026317
v 0.04541622 0.00200000 0.04710476
v 0.04243964 0.00200000 0.05008134
v 0.04518545 0.00200000 0.04759268
v 0.04292756 0.00200000 0.04985057
v 0.04490796 0.00200000 0.04805564
v 0.04339052 0.00200000 0.04957308
v 0.04458644 0.00200000 0.04848916
v 0.04382404 0.00200000 0.04925156
v 0.04422397 0.00200000 0.04888909
v 0.04580840 0.01536762 0.04553909
v 0.04572920 0.01536762 0.04607300
v 0.04559805 0.01536762 0.04659657
v 0.04541622 0.01536762 0.04710476
v 0.04518545 0.01536762 0.04759268
v 0.04490796 0.01536762 0.04805564
v 0.04422397 0.01536762 0.04888909
v 0.04458644 0.01536762 0.04848916
v 0.04382404 0.01536762 0.04925156
v 0.04292756 0.01536762 0.04985057
v 0.04339052 0.01536762 0.04957308
v 0.04243964 0.01536762 0.05008134
v 0.04193145 0.01536762 0.05026317
v 0.04087398 0.01536762 0.05047352
v 0.04140788 0.01536762 0.05039432
v 0.05028673 0.00030000 0.00901983
v 0.05028673 0.01536762 0.00901983
v 0.05014273 0.00030000 0.00804910
v 0.05014273 0.01536762 0.00804910
v 0.04990428 0.00030000 0.00709715
v 0.04990428 0.01536762 0.00709715
v 0.04957368 0.00030000 0.00617317
v 0.04957368 0.01536762 0.00617317
v 0.04915409 0.01536762 0.00528603
v 0.04915409 0.00030000 0.00528603
v 0.04864958 0.01536762 0.00444430
v 0.04864958 0.00030000 0.00444430
v 0.04806499 0.01536762 0.00365607
v 0.04806499 0.00030000 0.00365607
v 0.04740595 0.01536762 0.00292893
v 0.04740595 0.00030000 0.00292893
v 0.04667881 0.01536762 0.00226990
v 0.04667881 0.00030000 0.00226990
v 0.04589058 0.01536762 0.00168530
v 0.04589058 0.00030000 0.00168530
v 0.04504885 0.01536762 0.00118079
v 0.04504885 0.00030000 0.00118079
v 0.04416172 0.01536762 0.00076120
v 0.04416172 0.00030000 0.00076120
v 0.04323773 0.01536762 0.00043060
v 0.04323773 0.00030000 0.00043060
v 0.04228578 0.01536762 0.00019215
v 0.04228578 0.00030000 0.00019215
v 0.04131505 0.01536762 0.00004815
v 0.04131505 0.00030000 0.00004815
v 0.05028673 0.01536762 0.05098017
v 0.05028673 0.00030000 0.05098017
v 0.05014273 0.01536762 0.05195090
v 0.05014273 0.00030000 0.05195090
v 0.04990428 0.01536762 0.05290285
v 0.04990428 0.00030000 0.05290285
v 0.04957368 0.01536762 0.05382683
v 0.04957368 0.00030000 0.05382683
v 0.04915409 0.01536762 0.05471397
v 0.04915409 0.00030000 0.05471397
v 0.04864958 0.01536762 0.05555570
v 0.04864958 0.00030000 0.05555570
v 0.04806499 0.01536762 0.05634393
v 0.04806499 0.00030000 0.05634393
v 0.04740595 0.01536762 0.05707107
v 0.04740595 0.00030000 0.05707107
v 0.04667881 0.01536762 0.05773010
v 0.04667881 0.00030000 0.05773010
v 0.04589058 0.01536762 0.05831470
v 0.04589058 0.00030000 0.05831470
v 0.04504885 0.01536762 0.05881921
v 0.04504885 0.00030000 0.05881921
v 0.04416172 0.01536762 0.05923880
v 0.04416172 0.00030000 0.05923880
v 0.04323773 0.01536762 0.05956940
v 0.04323773 0.00030000 0.05956940
v 0.04228578 0.01536762 0.05980785
v 0.04228578 0.00030000 0.05980785
v 0.04131505 0.01536762 0.05995185
v 0.04131505 0.00030000 0.05995185
v -0.00535699 0.00321911 0.00450991
v -0.00436704 0.00222916 0.00450991
v -0.00530608 0.00327002 0.00402455
v -0.00431613 0.00228007 0.00402455
v -0.00522177 0.00335432 0.00354858
v -0.00423182 0.00236437 0.00354858
v -0.00510489 0.00347121 0.00308658
v -0.00411494 0.00248126 0.00308658
v -0.00495654 0.00361955 0.00264302
v -0.00396659 0.00262960 0.00264302
v -0.00477817 0.00379793 0.00222215
v -0.00378822 0.00280798 0.00222215
v -0.00457148 0.00400461 0.00182803
v -0.00358153 0.00301466 0.00182803
v -0.00433848 0.00423762 0.00146447
v -0.00334853 0.00324767 0.00146447
v -0.00408140 0.00449470 0.00113495
v -0.00309145 0.00350475 0.00113495
v -0.00281277 0.00378343 0.00084265
v -0.00380272 0.00477338 0.00084265
v -0.00350512 0.00507098 0.00059039
v -0.00251517 0.00408103 0.00059039
v -0.00319147 0.00538463 0.00038060
v -0.00220152 0.00439468 0.00038060
v -0.00286479 0.00571130 0.00021530
v -0.00187484 0.00472135 0.00021530
v -0.00252823 0.00604787 0.00009607
v -0.00153828 0.00505792 0.00009607
v -0.00119507 0.00540112 0.00002408
v -0.00218502 0.00639107 0.00002408
v -0.00535699 0.00321911 0.05549009
v -0.00436704 0.00222916 0.05549009
v -0.00530608 0.00327002 0.05597545
v -0.00431613 0.00228007 0.05597545
v -0.00522177 0.00335432 0.05645142
v -0.00423182 0.00236437 0.05645142
v -0.00510489 0.00347121 0.05691342
v -0.00411494 0.00248126 0.05691342
v -0.00495654 0.00361955 0.05735698
v -0.00396659 0.00262960 0.05735698
v -0.00477817 0.00379793 0.05777785
v -0.00378822 0.00280798 0.05777785
v -0.00457148 0.00400461 0.05817197
v -0.00358153 0.00301466 0.05817197
v -0.00433848 0.00423762 0.05853553
v -0.00334853 0.00324767 0.05853553
v -0.00408140 0.00449470 0.05886505
v -0.00309145 0.00350475 0.05886505
v -0.00380272 0.00477338 0.05915735
v -0.00281277 0.00378343 0.05915735
v -0.00350512 0.00507098 0.05940961
v -0.00251517 0.00408103 0.05940961
v -0.00319147 0.00538463 0.05961940
v -0.00220152 0.00439468 0.05961940
v -0.00286479 0.00571130 0.05978470
v -0.00187484 0.00472135 0.05978470
v -0.00252823 0.00604787 0.05990393
v -0.00153828 0.00505792 0.05990393
v -0.00218502 0.00639107 0.05997592
v -0.00119507 0.00540112 0.05997592
v 0.03911267 0.00200000 0.00208427
v 0.03922139 0.00200000 0.00218280
v 0.03918843 0.00200000 0.00214645
v 0.03915208 0.00200000 0.00211349
v 0.03927584 0.00200000 0.00226430
v 0.03925062 0.00200000 0.00222221
v 0.03907058 0.00200000 0.00205904
v 0.03898002 0.00200000 0.00202153
v 0.03902622 0.00200000 0.00203806
v 0.03893243 0.00200000 0.00200961
v 0.03933247 0.00200000 0.00245099
v 0.03932527 0.00200000 0.00240245
v 0.03931335 0.00200000 0.00235486
v 0.03929682 0.00200000 0.00230866
v 0.03933488 0.00200000 0.00250000
v 0.03888389 0.00200000 0.00200241
v 0.03883488 0.00200000 0.00200000
v 0.03929640 0.00200000 0.00733425
v 0.03931311 0.00200000 0.00728782
v 0.03932517 0.00200000 0.00723997
v 0.03927519 0.00200000 0.00737880
v 0.03933245 0.00200000 0.00719117
v 0.03924969 0.00200000 0.00742104
v 0.03918687 0.00200000 0.00749700
v 0.03922016 0.00200000 0.00746057
v 0.03915015 0.00200000 0.00752996
v 0.03911037 0.00200000 0.00755915
v 0.03902316 0.00200000 0.00760508
v 0.03906790 0.00200000 0.00758427
v 0.03892863 0.00200000 0.00763302
v 0.03897658 0.00200000 0.00762138
v 0.03933488 0.00200000 0.00714188
v 0.03820404 0.00200000 0.00780907
v 0.03750052 0.00200000 0.00805620
v 0.03682501 0.00200000 0.00837197
v 0.03054199 0.00200000 0.00200000
v 0.03618419 0.00200000 0.00875326
v 0.03558441 0.00200000 0.00919629
v 0.03503158 0.00200000 0.00969670
v 0.03453118 0.00200000 0.01024953
v 0.03408814 0.00200000 0.01084931
v 0.03370685 0.00200000 0.01149013
v 0.03293996 0.00200000 0.01368828
v 0.03295626 0.00200000 0.01364170
v 0.03296790 0.00200000 0.01359375
v 0.03291915 0.00200000 0.01373301
v 0.03289403 0.00200000 0.01377548
v 0.03286484 0.00200000 0.01381527
v 0.03271368 0.00200000 0.01394031
v 0.03275593 0.00200000 0.01391481
v 0.03279545 0.00200000 0.01388528
v 0.03283188 0.00200000 0.01385199
v 0.03266913 0.00200000 0.01396152
v 0.03262270 0.00200000 0.01397823
v 0.03252605 0.00200000 0.01399757
v 0.03257485 0.00200000 0.01399028
v 0.03247676 0.00200000 0.01400000
v 0.03314395 0.00200000 0.01286916
v 0.03054199 0.00200000 0.01400000
v 0.03339108 0.00200000 0.01216563
v 0.04833488 0.01536762 0.01000000
v 0.03026420 0.00208427 0.00200000
v 0.03022479 0.00211349 0.00200000
v 0.03035065 0.00203806 0.00200000
v 0.03030629 0.00205904 0.00200000
v 0.03039685 0.00202153 0.00200000
v 0.03049298 0.00200241 0.00200000
v 0.03044444 0.00200961 0.00200000
v 0.03883488 0.01536762 0.00200000
v 0.03296790 0.01536762 0.01359375
v 0.03314395 0.01536762 0.01286916
v 0.03339108 0.01536762 0.01216563
v 0.03370685 0.01536762 0.01149013
v 0.03408814 0.01536762 0.01084931
v 0.03453118 0.01536762 0.01024953
v 0.03503158 0.01536762 0.00969670
v 0.03558441 0.01536762 0.00919629
v 0.03618419 0.01536762 0.00875326
v 0.03682501 0.01536762 0.00837197
v 0.03750052 0.01536762 0.00805620
v 0.03820404 0.01536762 0.00780907
v 0.03892863 0.01536762 0.00763302
v 0.04829664 0.01536762 0.00921871
v 0.04818228 0.01536762 0.00844489
v 0.04799289 0.01536762 0.00768594
v 0.04773029 0.01536762 0.00694911
v 0.04739699 0.01536762 0.00624145
v 0.04699616 0.01536762 0.00556973
v 0.04653165 0.01536762 0.00494036
v 0.04600790 0.01536762 0.00435936
v 0.04542991 0.01536762 0.00383229
v 0.04480321 0.01536762 0.00336419
v 0.04413379 0.01536762 0.00295952
v 0.04342805 0.01536762 0.00262217
v 0.04269274 0.01536762 0.00235536
v 0.04193488 0.01536762 0.00216163
v 0.02146016 0.00783919 0.05830000
v 0.00187437 0.00783919 0.05970000
v 0.00187437 0.00783919 0.05830000
v 0.02146016 0.00783919 0.05970000
v 0.01194505 0.01754782 0.05800000
v 0.01198446 0.01751859 0.05800000
v 0.01190296 0.01757305 0.05800000
v 0.01171627 0.01762968 0.05800000
v 0.01176481 0.01762248 0.05800000
v 0.01181240 0.01761056 0.05800000
v 0.01156972 0.01762248 0.05800000
v 0.01161825 0.01762968 0.05800000
v 0.01166726 0.01763209 0.05800000
v 0.01152212 0.01761056 0.05800000
v 0.01185860 0.01759402 0.05800000
v 0.01143156 0.01757305 0.05800000
v 0.01147592 0.01759402 0.05800000
v 0.01135007 0.01751859 0.05800000
v 0.01138948 0.01754782 0.05800000
v 0.00187437 0.00783919 0.00030000
v 0.02146016 0.00783919 0.00030000
v 0.02146016 0.00783919 0.00170000
v 0.00187437 0.00783919 0.00170000
v 0.01190296 0.01757305 0.00200000
v 0.01198446 0.01751859 0.00200000
v 0.01194505 0.01754782 0.00200000
v 0.01185860 0.01759402 0.00200000
v 0.01176481 0.01762248 0.00200000
v 0.01181240 0.01761056 0.00200000
v 0.01171627 0.01762968 0.00200000
v 0.01166726 0.01763209 0.00200000
v 0.01152212 0.01761056 0.00200000
v 0.01161825 0.01762968 0.00200000
v 0.01156972 0.01762248 0.00200000
v 0.01143156 0.01757305 0.00200000
v 0.01147592 0.01759402 0.00200000
v 0.01135007 0.01751859 0.00200000
v 0.01138948 0.01754782 0.00200000
v 0.03049298 0.00200241 0.01400000
v 0.03044444 0.00200961 0.01400000
v 0.03039685 0.00202153 0.01400000
v 0.03035065 0.00203806 0.01400000
v 0.03030629 0.00205904 0.01400000
v 0.03026420 0.00208427 0.01400000
v 0.03022479 0.00211349 0.01400000
v 0.01655717 0.01578111 0.00170000
v 0.01655717 0.01578111 0.00030000
v 0.01659658 0.01575188 0.00170000
v 0.01659658 0.01575188 0.00030000
v 0.01663867 0.01572666 0.00170000
v 0.01663867 0.01572666 0.00030000
v 0.01668303 0.01570568 0.00170000
v 0.01668303 0.01570568 0.00030000
v 0.01672923 0.01568915 0.00170000
v 0.01672923 0.01568915 0.00030000
v 0.01677682 0.01567723 0.00170000
v 0.01677682 0.01567723 0.00030000
v 0.01682536 0.01567003 0.00170000
v 0.01682536 0.01567003 0.00030000
v 0.01655717 0.01578111 0.05970000
v 0.01655717 0.01578111 0.05830000
v 0.01659658 0.01575188 0.05970000
v 0.01659658 0.01575188 0.05830000
v 0.01663867 0.01572666 0.05970000
v 0.01663867 0.01572666 0.05830000
v 0.01668303 0.01570568 0.05970000
v 0.01668303 0.01570568 0.05830000
v 0.01672923 0.01568915 0.05970000
v 0.01672923 0.01568915 0.05830000
v 0.01677682 0.01567723 0.05970000
v 0.01677682 0.01567723 0.05830000
v 0.01682536 0.01567003 0.05970000
v 0.01682536 0.01567003 0.05830000
v 0.00182536 0.00783678 0.00170000
v 0.00182536 0.00783678 0.00030000
v 0.00177682 0.00782958 0.00170000
v 0.00177682 0.00782958 0.00030000
v 0.00172923 0.00781766 0.00170000
v 0.00172923 0.00781766 0.00030000
v 0.00168303 0.00780113 0.00170000
v 0.00168303 0.00780113 0.00030000
v 0.00163867 0.00778015 0.00170000
v 0.00163867 0.00778015 0.00030000
v 0.00159658 0.00775493 0.00170000
v 0.00159658 0.00775493 0.00030000
v 0.00155717 0.00772570 0.00170000
v 0.00155717 0.00772570 0.00030000
v 0.02177735 0.00772570 0.00030000
v 0.02177735 0.00772570 0.00170000
v 0.02173794 0.00775493 0.00030000
v 0.02173794 0.00775493 0.00170000
v 0.02169585 0.00778015 0.00030000
v 0.02169585 0.00778015 0.00170000
v 0.02165150 0.00780113 0.00030000
v 0.02165150 0.00780113 0.00170000
v 0.02160530 0.00781766 0.00030000
v 0.02160530 0.00781766 0.00170000
v 0.02155770 0.00782958 0.00170000
v 0.02155770 0.00782958 0.00030000
v 0.02150916 0.00783678 0.00170000
v 0.02150916 0.00783678 0.00030000
v 0.00182536 0.00783678 0.05970000
v 0.00182536 0.00783678 0.05830000
v 0.00177682 0.00782958 0.05970000
v 0.00177682 0.00782958 0.05830000
v 0.00172923 0.00781766 0.05970000
v 0.00172923 0.00781766 0.05830000
v 0.00168303 0.00780113 0.05970000
v 0.00168303 0.00780113 0.05830000
v 0.00163867 0.00778015 0.05970000
v 0.00163867 0.00778015 0.05830000
v 0.00159658 0.00775493 0.05970000
v 0.00159658 0.00775493 0.05830000
v 0.00155717 0.00772570 0.05970000
v 0.00155717 0.00772570 0.05830000
v 0.02177735 0.00772570 0.05970000
v 0.02177735 0.00772570 0.05830000
v 0.02173794 0.00775493 0.05970000
v 0.02173794 0.00775493 0.05830000
v 0.02169585 0.00778015 0.05970000
v 0.02169585 0.00778015 0.05830000
v 0.02165150 0.00780113 0.05970000
v 0.02165150 0.00780113 0.05830000
v 0.02160530 0.00781766 0.05970000
v 0.02160530 0.00781766 0.05830000
v 0.02155770 0.00782958 0.05970000
v 0.02155770 0.00782958 0.05830000
v 0.02150916 0.00783678 0.05970000
v 0.02150916 0.00783678 0.05830000
v 0.03029694 0.00001204 0.05970000
v 0.03029694 0.00001204 0.00030000
v 0.03005426 0.00004804 0.05970000
v 0.03005426 0.00004804 0.00030000
v 0.02981628 0.00010765 0.05970000
v 0.02981628 0.00010765 0.00030000
v 0.02958528 0.00019030 0.05970000
v 0.02958528 0.00019030 0.00030000
v 0.02936350 0.00029520 0.05970000
v 0.02936350 0.00029520 0.00030000
v 0.02915306 0.00042133 0.00030000
v 0.02915306 0.00042133 0.05970000
v 0.02895600 0.00056747 0.00030000
v 0.02895600 0.00056747 0.05970000
v 0.03247676 0.01536762 0.01400000
v 0.03247676 0.01536762 0.01600000
v 0.04738442 0.01536762 0.01243311
v 0.04740665 0.01536762 0.01247422
v 0.04743261 0.01536762 0.01251307
v 0.04746209 0.01536762 0.01254932
v 0.04749482 0.01536762 0.01258267
v 0.04753053 0.01536762 0.01261281
v 0.04756889 0.01536762 0.01263949
v 0.04760957 0.01536762 0.01266248
v 0.04765223 0.01536762 0.01268156
v 0.04769648 0.01536762 0.01269658
v 0.04774193 0.01536762 0.01270740
v 0.04778820 0.01536762 0.01271393
v 0.04833241 0.01536762 0.01773421
v 0.04832501 0.01536762 0.01768503
v 0.04831277 0.01536762 0.01763683
v 0.04829580 0.01536762 0.01759008
v 0.04827426 0.01536762 0.01754525
v 0.04824838 0.01536762 0.01750279
v 0.04821841 0.01536762 0.01746310
v 0.04818465 0.01536762 0.01742658
v 0.04814742 0.01536762 0.01739360
v 0.04810711 0.01536762 0.01736449
v 0.04806410 0.01536762 0.01733952
v 0.04801882 0.01536762 0.01731894
v 0.04797172 0.01536762 0.01730297
v 0.04792327 0.01536762 0.01729176
v 0.04787394 0.01536762 0.01728541
v 0.04782423 0.01536762 0.01728400
v 0.04777462 0.01536762 0.01728753
v 0.04772561 0.01536762 0.01729597
v 0.04767768 0.01536762 0.01730924
v 0.04763131 0.01536762 0.01732720
v 0.04758695 0.01536762 0.01734968
v 0.04754504 0.01536762 0.01737646
v 0.04750600 0.01536762 0.01740727
v 0.04747021 0.01536762 0.01744180
v 0.04743803 0.01536762 0.01747972
v 0.04740978 0.01536762 0.01752065
v 0.04738573 0.01536762 0.01756418
v 0.03247676 0.01536762 0.04400000
v 0.03247676 0.01536762 0.04600000
v 0.04833241 0.01536762 0.04773421
v 0.04832501 0.01536762 0.04768503
v 0.04831277 0.01536762 0.04763683
v 0.04829580 0.01536762 0.04759008
v 0.04827426 0.01536762 0.04754525
v 0.04824838 0.01536762 0.04750279
v 0.04821841 0.01536762 0.04746310
v 0.04818465 0.01536762 0.04742658
v 0.04814742 0.01536762 0.04739360
v 0.04810711 0.01536762 0.04736449
v 0.04806410 0.01536762 0.04733952
v 0.04801882 0.01536762 0.04731894
v 0.04797172 0.01536762 0.04730297
v 0.04792327 0.01536762 0.04729176
v 0.04787394 0.01536762 0.04728541
v 0.04782423 0.01536762 0.04728400
v 0.04777462 0.01536762 0.04728753
v 0.04772561 0.01536762 0.04729597
v 0.04767768 0.01536762 0.04730924
v 0.04763131 0.01536762 0.04732720
v 0.04758695 0.01536762 0.04734968
v 0.04754504 0.01536762 0.04737646
v 0.04750600 0.01536762 0.04740727
v 0.04747021 0.01536762 0.04744180
v 0.04743803 0.01536762 0.04747972
v 0.04740978 0.01536762 0.04752065
v 0.04738573 0.01536762 0.04756418
v 0.04738442 0.01536762 0.04243311
v 0.04740665 0.01536762 0.04247422
v 0.04743261 0.01536762 0.04251307
v 0.04746209 0.01536762 0.04254932
v 0.04749482 0.01536762 0.04258267
v 0.04753053 0.01536762 0.04261281
v 0.04756889 0.01536762 0.04263949
v 0.04760957 0.01536762 0.04266248
v 0.04765223 0.01536762 0.04268156
v 0.04769648 0.01536762 0.04269658
v 0.04774193 0.01536762 0.04270740
v 0.04778820 0.01536762 0.04271393
v 0.04133488 0.01536762 0.00265153
v 0.04133488 0.01536762 0.00714188
v 0.03933488 0.01536762 0.00714188
v 0.03933488 0.01536762 0.00250000
v 0.03933488 0.01536762 0.03714188
v 0.03933488 0.01536762 0.02285812
v 0.04133488 0.01536762 0.03714188
v 0.04133488 0.01536762 0.02285812
v 0.04133488 0.01536762 0.05285812
v 0.04133488 0.01536762 0.05734847
v 0.03933488 0.01536762 0.05750000
v 0.03933488 0.01536762 0.05285812
v 0.03933247 0.01536762 0.05754901
v 0.03932527 0.01536762 0.05759755
v 0.03931335 0.01536762 0.05764514
v 0.03929682 0.01536762 0.05769134
v 0.03927584 0.01536762 0.05773570
v 0.03925062 0.01536762 0.05777779
v 0.03922139 0.01536762 0.05781720
v 0.03918843 0.01536762 0.05785355
v 0.03915208 0.01536762 0.05788651
v 0.03911267 0.01536762 0.05791573
v 0.03907058 0.01536762 0.05794096
v 0.03902622 0.01536762 0.05796194
v 0.03898002 0.01536762 0.05797847
v 0.03893243 0.01536762 0.05799039
v 0.03888389 0.01536762 0.05799759
v 0.04178587 0.01536762 0.05784606
v 0.04173734 0.01536762 0.05783886
v 0.04168974 0.01536762 0.05782694
v 0.04164354 0.01536762 0.05781041
v 0.04159918 0.01536762 0.05778943
v 0.04155710 0.01536762 0.05776420
v 0.04151768 0.01536762 0.05773497
v 0.04148133 0.01536762 0.05770202
v 0.04144838 0.01536762 0.05766567
v 0.04141915 0.01536762 0.05762625
v 0.04139392 0.01536762 0.05758417
v 0.04137294 0.01536762 0.05753981
v 0.04135641 0.01536762 0.05749361
v 0.04134449 0.01536762 0.05744601
v 0.04133729 0.01536762 0.05739748
v 0.04133732 0.01536762 0.05280883
v 0.04134460 0.01536762 0.05276003
v 0.04135665 0.01536762 0.05271218
v 0.04139457 0.01536762 0.05262120
v 0.04137337 0.01536762 0.05266575
v 0.04142007 0.01536762 0.05257896
v 0.04148289 0.01536762 0.05250300
v 0.04144961 0.01536762 0.05253943
v 0.04151961 0.01536762 0.05247004
v 0.04155940 0.01536762 0.05244085
v 0.04160187 0.01536762 0.05241573
v 0.04169318 0.01536762 0.05237862
v 0.04164661 0.01536762 0.05239492
v 0.03897658 0.01536762 0.05237862
v 0.03902316 0.01536762 0.05239492
v 0.03906790 0.01536762 0.05241573
v 0.03911037 0.01536762 0.05244085
v 0.03915015 0.01536762 0.05247004
v 0.03922016 0.01536762 0.05253943
v 0.03918687 0.01536762 0.05250300
v 0.03927519 0.01536762 0.05262120
v 0.03924969 0.01536762 0.05257896
v 0.03929640 0.01536762 0.05266575
v 0.03932517 0.01536762 0.05276003
v 0.03931311 0.01536762 0.05271218
v 0.03933245 0.01536762 0.05280883
v 0.03252605 0.01536762 0.04600243
v 0.03257485 0.01536762 0.04600972
v 0.03262270 0.01536762 0.04602177
v 0.03266913 0.01536762 0.04603848
v 0.03271368 0.01536762 0.04605969
v 0.03275593 0.01536762 0.04608519
v 0.03279545 0.01536762 0.04611472
v 0.03286484 0.01536762 0.04618473
v 0.03283188 0.01536762 0.04614801
v 0.03289403 0.01536762 0.04622452
v 0.03291915 0.01536762 0.04626699
v 0.03295626 0.01536762 0.04635830
v 0.03293996 0.01536762 0.04631172
v 0.03295626 0.01536762 0.04364170
v 0.03293996 0.01536762 0.04368828
v 0.03291915 0.01536762 0.04373301
v 0.03289403 0.01536762 0.04377548
v 0.03286484 0.01536762 0.04381527
v 0.03283188 0.01536762 0.04385199
v 0.03279545 0.01536762 0.04388528
v 0.03275593 0.01536762 0.04391481
v 0.03271368 0.01536762 0.04394031
v 0.03262270 0.01536762 0.04397823
v 0.03266913 0.01536762 0.04396152
v 0.03257485 0.01536762 0.04399028
v 0.03252605 0.01536762 0.04399757
v 0.03933245 0.01536762 0.03719117
v 0.03932517 0.01536762 0.03723997
v 0.03931311 0.01536762 0.03728782
v 0.03929640 0.01536762 0.03733425
v 0.03927519 0.01536762 0.03737880
v 0.03924969 0.01536762 0.03742104
v 0.03922016 0.01536762 0.03746057
v 0.03915015 0.01536762 0.03752996
v 0.03918687 0.01536762 0.03749700
v 0.03906790 0.01536762 0.03758427
v 0.03911037 0.01536762 0.03755915
v 0.03902316 0.01536762 0.03760508
v 0.03897658 0.01536762 0.03762138
v 0.04169318 0.01536762 0.03762138
v 0.04164661 0.01536762 0.03760508
v 0.04160187 0.01536762 0.03758427
v 0.04155940 0.01536762 0.03755915
v 0.04151961 0.01536762 0.03752996
v 0.04148289 0.01536762 0.03749700
v 0.04144961 0.01536762 0.03746057
v 0.04142007 0.01536762 0.03742104
v 0.04139457 0.01536762 0.03737880
v 0.04135665 0.01536762 0.03728782
v 0.04137337 0.01536762 0.03733425
v 0.04134460 0.01536762 0.03723997
v 0.04133732 0.01536762 0.03719117
v 0.03888389 0.01536762 0.00200241
v 0.03893243 0.01536762 0.00200961
v 0.03898002 0.01536762 0.00202153
v 0.03902622 0.01536762 0.00203806
v 0.03907058 0.01536762 0.00205904
v 0.03911267 0.01536762 0.00208427
v 0.03915208 0.01536762 0.00211349
v 0.03918843 0.01536762 0.00214645
v 0.03922139 0.01536762 0.00218280
v 0.03925062 0.01536762 0.00222221
v 0.03927584 0.01536762 0.00226430
v 0.03929682 0.01536762 0.00230866
v 0.03931335 0.01536762 0.00235486
v 0.03932527 0.01536762 0.00240245
v 0.03933247 0.01536762 0.00245099
v 0.04188624 0.01536762 0.00215418
v 0.04183711 0.01536762 0.00215154
v 0.04178795 0.01536762 0.00215374
v 0.04173925 0.01536762 0.00216076
v 0.04169147 0.01536762 0.00217254
v 0.04164508 0.01536762 0.00218895
v 0.04160053 0.01536762 0.00220985
v 0.04155825 0.01536762 0.00223502
v 0.04151865 0.01536762 0.00226423
v 0.04148212 0.01536762 0.00229719
v 0.04144899 0.01536762 0.00233358
v 0.04141961 0.01536762 0.00237305
v 0.04139425 0.01536762 0.00241522
v 0.04137315 0.01536762 0.00245968
v 0.04135653 0.01536762 0.00250599
v 0.04134454 0.01536762 0.00255371
v 0.04133730 0.01536762 0.00260238
v 0.04169318 0.01536762 0.00762138
v 0.04164661 0.01536762 0.00760508
v 0.04160187 0.01536762 0.00758427
v 0.04155940 0.01536762 0.00755915
v 0.04151961 0.01536762 0.00752996
v 0.04144961 0.01536762 0.00746057
v 0.04148289 0.01536762 0.00749700
v 0.04142007 0.01536762 0.00742104
v 0.04139457 0.01536762 0.00737880
v 0.04137337 0.01536762 0.00733425
v 0.04135665 0.01536762 0.00728782
v 0.04134460 0.01536762 0.00723997
v 0.04133732 0.01536762 0.00719117
v 0.03933245 0.01536762 0.00719117
v 0.03932517 0.01536762 0.00723997
v 0.03931311 0.01536762 0.00728782
v 0.03929640 0.01536762 0.00733425
v 0.03924969 0.01536762 0.00742104
v 0.03927519 0.01536762 0.00737880
v 0.03918687 0.01536762 0.00749700
v 0.03922016 0.01536762 0.00746057
v 0.03915015 0.01536762 0.00752996
v 0.03906790 0.01536762 0.00758427
v 0.03911037 0.01536762 0.00755915
v 0.03902316 0.01536762 0.00760508
v 0.03897658 0.01536762 0.00762138
v 0.03295626 0.01536762 0.01364170
v 0.03293996 0.01536762 0.01368828
v 0.03291915 0.01536762 0.01373301
v 0.03289403 0.01536762 0.01377548
v 0.03286484 0.01536762 0.01381527
v 0.03283188 0.01536762 0.01385199
v 0.03279545 0.01536762 0.01388528
v 0.03275593 0.01536762 0.01391481
v 0.03271368 0.01536762 0.01394031
v 0.03266913 0.01536762 0.01396152
v 0.03262270 0.01536762 0.01397823
v 0.03257485 0.01536762 0.01399028
v 0.03252605 0.01536762 0.01399757
v 0.03252605 0.01536762 0.01600243
v 0.03257485 0.01536762 0.01600972
v 0.03262270 0.01536762 0.01602177
v 0.03266913 0.01536762 0.01603848
v 0.03275593 0.01536762 0.01608519
v 0.03271368 0.01536762 0.01605969
v 0.03279545 0.01536762 0.01611472
v 0.03286484 0.01536762 0.01618473
v 0.03283188 0.01536762 0.01614801
v 0.03289403 0.01536762 0.01622452
v 0.03291915 0.01536762 0.01626699
v 0.03293996 0.01536762 0.01631172
v 0.03295626 0.01536762 0.01635830
v 0.03897658 0.01536762 0.02237862
v 0.03902316 0.01536762 0.02239492
v 0.03906790 0.01536762 0.02241573
v 0.03911037 0.01536762 0.02244085
v 0.03915015 0.01536762 0.02247004
v 0.03918687 0.01536762 0.02250300
v 0.03924969 0.01536762 0.02257896
v 0.03922016 0.01536762 0.02253943
v 0.03927519 0.01536762 0.02262120
v 0.03929640 0.01536762 0.02266575
v 0.03931311 0.01536762 0.02271218
v 0.03933245 0.01536762 0.02280883
v 0.03932517 0.01536762 0.02276003
v 0.04133732 0.01536762 0.02280883
v 0.04134460 0.01536762 0.02276003
v 0.04135665 0.01536762 0.02271218
v 0.04137337 0.01536762 0.02266575
v 0.04139457 0.01536762 0.02262120
v 0.04142007 0.01536762 0.02257896
v 0.04144961 0.01536762 0.02253943
v 0.04148289 0.01536762 0.02250300
v 0.04151961 0.01536762 0.02247004
v 0.04155940 0.01536762 0.02244085
v 0.04160187 0.01536762 0.02241573
v 0.04164661 0.01536762 0.02239492
v 0.04169318 0.01536762 0.02237862
v 0.00623477 0.02046021 0.00030000
v 0.00647144 0.02006788 0.00030000
v 0.00666879 0.01965437 0.00030000
v 0.00682493 0.01922360 0.00030000
v 0.00693839 0.01877968 0.00030000
v 0.00700809 0.01832682 0.00030000
v 0.00703336 0.01786933 0.00030000
v 0.00701396 0.01741154 0.00030000
v 0.00701160 0.01738654 0.00170000
v 0.00695007 0.01695783 0.00030000
v 0.00694626 0.01693810 0.00170000
v 0.00684232 0.01651249 0.00030000
v 0.00683804 0.01649804 0.00170000
v 0.00669171 0.01607976 0.00030000
v 0.00668794 0.01607045 0.00170000
v 0.00649968 0.01566374 0.00030000
v 0.00649735 0.01565929 0.00170000
v 0.00599337 0.02149911 0.00170000
v 0.00806102 0.02356676 0.00170000
v 0.00806102 0.02356676 0.00030000
v 0.00599337 0.02149911 0.00030000
v 0.00712892 0.01642375 0.00200000
v 0.00724220 0.01688831 0.00200000
v 0.00731059 0.01736157 0.00200000
v 0.00855599 0.02335462 0.00200000
v 0.00849111 0.02339798 0.00200000
v 0.00854145 0.02336781 0.00200000
v 0.00852568 0.02337950 0.00200000
v 0.00850885 0.02338959 0.00200000
v 0.00841457 0.02341320 0.00200000
v 0.00847263 0.02340459 0.00200000
v 0.00845359 0.02340936 0.00200000
v 0.00843417 0.02341224 0.00200000
v 0.00837555 0.02340936 0.00200000
v 0.00839497 0.02341224 0.00200000
v 0.00615077 0.02118457 0.00200000
v 0.00614789 0.02116516 0.00200000
v 0.00835651 0.02340459 0.00200000
v 0.00616215 0.02122209 0.00200000
v 0.00615554 0.02120361 0.00200000
v 0.00833803 0.02339798 0.00200000
v 0.00832029 0.02338959 0.00200000
v 0.00618063 0.02125667 0.00200000
v 0.00617054 0.02123984 0.00200000
v 0.00827315 0.02335462 0.00200000
v 0.00830346 0.02337950 0.00200000
v 0.00828769 0.02336781 0.00200000
v 0.00620550 0.02128698 0.00200000
v 0.00619232 0.02127244 0.00200000
v 0.00873177 0.02359971 0.00030000
v 0.00873177 0.02359971 0.00170000
v 0.00869236 0.02362894 0.00030000
v 0.00869236 0.02362894 0.00170000
v 0.00865027 0.02365416 0.00030000
v 0.00865027 0.02365416 0.00170000
v 0.00860591 0.02367514 0.00030000
v 0.00860591 0.02367514 0.00170000
v 0.00855971 0.02369167 0.00030000
v 0.00855971 0.02369167 0.00170000
v 0.00851212 0.02370360 0.00030000
v 0.00851212 0.02370360 0.00170000
v 0.00846358 0.02371080 0.00030000
v 0.00846358 0.02371080 0.00170000
v 0.00841457 0.02371320 0.00030000
v 0.00841457 0.02371320 0.00170000
v 0.00836556 0.02371080 0.00030000
v 0.00836556 0.02371080 0.00170000
v 0.00831703 0.02370360 0.00030000
v 0.00831703 0.02370360 0.00170000
v 0.00826943 0.02369167 0.00030000
v 0.00826943 0.02369167 0.00170000
v 0.00822323 0.02367514 0.00030000
v 0.00822323 0.02367514 0.00170000
v 0.00817887 0.02365416 0.00030000
v 0.00817887 0.02365416 0.00170000
v 0.00813679 0.02362894 0.00170000
v 0.00813679 0.02362894 0.00030000
v 0.00809737 0.02359971 0.00030000
v 0.00809737 0.02359971 0.00170000
v 0.00584933 0.02119457 0.00030000
v 0.00584933 0.02119457 0.00170000
v 0.00585653 0.02124310 0.00030000
v 0.00585653 0.02124310 0.00170000
v 0.00586845 0.02129070 0.00030000
v 0.00586845 0.02129070 0.00170000
v 0.00588498 0.02133690 0.00030000
v 0.00588498 0.02133690 0.00170000
v 0.00590596 0.02138125 0.00030000
v 0.00590596 0.02138125 0.00170000
v 0.00593119 0.02142334 0.00030000
v 0.00593119 0.02142334 0.00170000
v 0.00596042 0.02146275 0.00030000
v 0.00596042 0.02146275 0.00170000
v 0.00649735 0.01565929 0.05970000
v 0.00649735 0.01565929 0.05830000
v 0.00668794 0.01607045 0.05970000
v 0.00668794 0.01607045 0.05830000
v 0.00683804 0.01649804 0.05970000
v 0.00683804 0.01649804 0.05830000
v 0.00694626 0.01693810 0.05970000
v 0.00694626 0.01693810 0.05830000
v 0.00701160 0.01738654 0.05970000
v 0.00701160 0.01738654 0.05830000
v 0.00806102 0.02356676 0.05970000
v 0.00599337 0.02149911 0.05830000
v 0.00599337 0.02149911 0.05970000
v 0.00806102 0.02356676 0.05830000
v 0.00847263 0.02340459 0.05800000
v 0.00849111 0.02339798 0.05800000
v 0.00850885 0.02338959 0.05800000
v 0.00852568 0.02337950 0.05800000
v 0.00854145 0.02336781 0.05800000
v 0.00855599 0.02335462 0.05800000
v 0.00843417 0.02341224 0.05800000
v 0.00845359 0.02340936 0.05800000
v 0.00841457 0.02341320 0.05800000
v 0.00839497 0.02341224 0.05800000
v 0.00837555 0.02340936 0.05800000
v 0.00830346 0.02337950 0.05800000
v 0.00832029 0.02338959 0.05800000
v 0.00833803 0.02339798 0.05800000
v 0.00835651 0.02340459 0.05800000
v 0.00827315 0.02335462 0.05800000
v 0.00828769 0.02336781 0.05800000
v 0.00617050 0.02123977 0.05800000
v 0.00618060 0.02125663 0.05800000
v 0.00619231 0.02127242 0.05800000
v 0.00620550 0.02128698 0.05800000
v 0.00616211 0.02122200 0.05800000
v 0.00615074 0.02118443 0.05800000
v 0.00615550 0.02120349 0.05800000
v 0.00614692 0.02114536 0.05800000
v 0.00614787 0.02116499 0.05800000
v 0.00615562 0.02108724 0.05800000
v 0.00615082 0.02110629 0.05800000
v 0.00614791 0.02112573 0.05800000
v 0.00616226 0.02106874 0.05800000
v 0.00619256 0.02101839 0.05800000
v 0.00618082 0.02103415 0.05800000
v 0.00617069 0.02105099 0.05800000
v 0.00648353 0.02062789 0.05800000
v 0.00673513 0.02021095 0.05800000
v 0.00694498 0.01977150 0.05800000
v 0.00711108 0.01931373 0.05800000
v 0.00723187 0.01884196 0.05800000
v 0.00730618 0.01836069 0.05800000
v 0.00733333 0.01787447 0.05800000
v 0.00731305 0.01738791 0.05800000
v 0.00724553 0.01690563 0.05800000
v 0.00713141 0.01643221 0.05800000
v 0.00873177 0.02359971 0.05830000
v 0.00873177 0.02359971 0.05970000
v 0.00869236 0.02362894 0.05830000
v 0.00869236 0.02362894 0.05970000
v 0.00865027 0.02365416 0.05830000
v 0.00865027 0.02365416 0.05970000
v 0.00860591 0.02367514 0.05830000
v 0.00860591 0.02367514 0.05970000
v 0.00855971 0.02369167 0.05830000
v 0.00855971 0.02369167 0.05970000
v 0.00851212 0.02370360 0.05830000
v 0.00851212 0.02370360 0.05970000
v 0.00846358 0.02371080 0.05830000
v 0.00846358 0.02371080 0.05970000
v 0.00841457 0.02371320 0.05830000
v 0.00841457 0.02371320 0.05970000
v 0.00836556 0.02371080 0.05830000
v 0.00836556 0.02371080 0.05970000
v 0.00831703 0.02370360 0.05830000
v 0.00831703 0.02370360 0.05970000
v 0.00826943 0.02369167 0.05830000
v 0.00826943 0.02369167 0.05970000
v 0.00822323 0.02367514 0.05830000
v 0.00822323 0.02367514 0.05970000
v 0.00817887 0.02365416 0.05830000
v 0.00817887 0.02365416 0.05970000
v 0.00813679 0.02362894 0.05970000
v 0.00813679 0.02362894 0.05830000
v 0.00809737 0.02359971 0.05830000
v 0.00809737 0.02359971 0.05970000
v 0.00596042 0.02146275 0.05970000
v 0.00596038 0.02146270 0.05830000
v 0.00593119 0.02142334 0.05970000
v 0.00593112 0.02142324 0.05830000
v 0.00590596 0.02138125 0.05970000
v 0.00590587 0.02138109 0.05830000
v 0.00588498 0.02133690 0.05970000
v 0.00588489 0.02133667 0.05830000
v 0.00586845 0.02129070 0.05970000
v 0.00586836 0.02129040 0.05830000
v 0.00585653 0.02124310 0.05970000
v 0.00585646 0.02124273 0.05830000
v 0.00584933 0.02119457 0.05970000
v 0.00584929 0.02119413 0.05830000
v 0.00584692 0.02114506 0.05830000
v 0.00584939 0.02109599 0.05830000
v 0.00585665 0.02104740 0.05830000
v 0.00586865 0.02099976 0.05830000
v 0.00588527 0.02095352 0.05830000
v 0.00590635 0.02090914 0.05830000
v 0.00593168 0.02086705 0.05830000
v 0.02157117 0.00789729 0.00176904
v 0.00176336 0.00789729 0.00176904
v 0.02157117 0.00789729 0.05823096
v 0.00176336 0.00789729 0.05823096
v 0.00154103 0.00783807 0.00020000
v 0.00164476 0.00789352 0.00020000
v 0.00148547 0.00792122 0.00010000
v 0.00175731 0.00792766 0.00020000
v 0.00160649 0.00798591 0.00010000
v 0.00173781 0.00802574 0.00010000
v 0.02157721 0.00792766 0.00020000
v 0.02168977 0.00789352 0.00020000
v 0.02159672 0.00802574 0.00010000
v 0.02179350 0.00783807 0.00020000
v 0.02172803 0.00798591 0.00010000
v 0.02184905 0.00792122 0.00010000
v 0.00175731 0.00792766 0.05980000
v 0.00164476 0.00789352 0.05980000
v 0.00173781 0.00802574 0.05990000
v 0.00154103 0.00783807 0.05980000
v 0.00160649 0.00798591 0.05990000
v 0.00148547 0.00792122 0.05990000
v 0.02179350 0.00783807 0.05980000
v 0.02168977 0.00789352 0.05980000
v 0.02184905 0.00792122 0.05990000
v 0.02157721 0.00792766 0.05980000
v 0.02172803 0.00798591 0.05990000
v 0.02159672 0.00802574 0.05990000
v 0.01654103 0.01566874 0.05980000
v 0.01664476 0.01561329 0.05980000
v 0.01648547 0.01558559 0.05990000
v 0.01675731 0.01557915 0.05980000
v 0.01660649 0.01552090 0.05990000
v 0.01673781 0.01548107 0.05990000
v 0.00824790 0.02346264 0.05990000
v 0.00829977 0.02349037 0.05990000
v 0.00835604 0.02350744 0.05990000
v 0.00819234 0.02354579 0.05980000
v 0.00841457 0.02351320 0.05990000
v 0.00826150 0.02358276 0.05980000
v 0.00847310 0.02350744 0.05990000
v 0.00833653 0.02360552 0.05980000
v 0.00852938 0.02349037 0.05990000
v 0.00841457 0.02361320 0.05980000
v 0.00858124 0.02346264 0.05990000
v 0.00849261 0.02360552 0.05980000
v 0.00856764 0.02358276 0.05980000
v 0.00863680 0.02354579 0.05980000
v 0.01675731 0.01557915 0.00020000
v 0.01664476 0.01561329 0.00020000
v 0.01673781 0.01548107 0.00010000
v 0.01654103 0.01566874 0.00020000
v 0.01660649 0.01552090 0.00010000
v 0.01648547 0.01558559 0.00010000
v 0.00605269 0.02120408 0.05990000
v 0.00606976 0.02126036 0.05990000
v 0.00609748 0.02131223 0.05990000
v 0.00595461 0.02122359 0.05980000
v 0.00597737 0.02129863 0.05980000
v 0.00601434 0.02136778 0.05980000
v 0.00858124 0.02346264 0.00010000
v 0.00852938 0.02349037 0.00010000
v 0.00847310 0.02350744 0.00010000
v 0.00863680 0.02354579 0.00020000
v 0.00841457 0.02351320 0.00010000
v 0.00856764 0.02358276 0.00020000
v 0.00835604 0.02350744 0.00010000
v 0.00849261 0.02360552 0.00020000
v 0.00829977 0.02349037 0.00010000
v 0.00841457 0.02361320 0.00020000
v 0.00824790 0.02346264 0.00010000
v 0.00833653 0.02360552 0.00020000
v 0.00826150 0.02358276 0.00020000
v 0.00819234 0.02354579 0.00020000
v 0.00609951 0.02131522 0.00010000
v 0.00607260 0.02126700 0.00010000
v 0.00605499 0.02121467 0.00010000
v 0.00601704 0.02137177 0.00020000
v 0.00604727 0.02116000 0.00010000
v 0.00598116 0.02130748 0.00020000
v 0.00604970 0.02110483 0.00010000
v 0.00595768 0.02123771 0.00020000
v 0.00606220 0.02105105 0.00010000
v 0.00594739 0.02116481 0.00020000
v 0.00608434 0.02100047 0.00010000
v 0.00595063 0.02109126 0.00020000
v 0.00596729 0.02101955 0.00020000
v 0.00599681 0.02095211 0.00020000
v 0.00858124 0.02346264 0.05810000
v 0.00852938 0.02349037 0.05810000
v 0.00847310 0.02350744 0.05810000
v 0.00863680 0.02354579 0.05820000
v 0.00841457 0.02351320 0.05810000
v 0.00856764 0.02358276 0.05820000
v 0.00835604 0.02350744 0.05810000
v 0.00849261 0.02360552 0.05820000
v 0.00829977 0.02349037 0.05810000
v 0.00841457 0.02361320 0.05820000
v 0.00824790 0.02346264 0.05810000
v 0.00833653 0.02360552 0.05820000
v 0.00826150 0.02358276 0.05820000
v 0.00819234 0.02354579 0.05820000
v 0.00609951 0.02131522 0.05810000
v 0.00607260 0.02126700 0.05810000
v 0.00605499 0.02121467 0.05810000
v 0.00601704 0.02137177 0.05820000
v 0.00604727 0.02116000 0.05810000
v 0.00598116 0.02130748 0.05820000
v 0.00604970 0.02110483 0.05810000
v 0.00595768 0.02123771 0.05820000
v 0.00606220 0.02105105 0.05810000
v 0.00594739 0.02116481 0.05820000
v 0.00608434 0.02100047 0.05810000
v 0.00595063 0.02109126 0.05820000
v 0.00596729 0.02101955 0.05820000
v 0.00599681 0.02095211 0.05820000
v 0.00824790 0.02346264 0.00190000
v 0.00829977 0.02349037 0.00190000
v 0.00835604 0.02350744 0.00190000
v 0.00819234 0.02354579 0.00180000
v 0.00841457 0.02351320 0.00190000
v 0.00826150 0.02358276 0.00180000
v 0.00847310 0.02350744 0.00190000
v 0.00833653 0.02360552 0.00180000
v 0.00852938 0.02349037 0.00190000
v 0.00841457 0.02361320 0.00180000
v 0.00858124 0.02346264 0.00190000
v 0.00849261 0.02360552 0.00180000
v 0.00856764 0.02358276 0.00180000
v 0.00863680 0.02354579 0.00180000
v 0.00605269 0.02120408 0.00190000
v 0.00606976 0.02126036 0.00190000
v 0.00609748 0.02131223 0.00190000
v 0.00595461 0.02122359 0.00180000
v 0.00597737 0.02129863 0.00180000
v 0.00601434 0.02136778 0.00180000
v 0.03259447 0.01546762 0.01408834
v 0.03270760 0.01546762 0.01405382
v 0.03261409 0.01556762 0.01418640
v 0.03281176 0.01546762 0.01399777
v 0.03274607 0.01556762 0.01414612
v 0.03290290 0.01546762 0.01392239
v 0.03286759 0.01556762 0.01408074
v 0.03297748 0.01546762 0.01383058
v 0.03297392 0.01556762 0.01399278
v 0.03303260 0.01546762 0.01372593
v 0.03306093 0.01556762 0.01388568
v 0.03312524 0.01556762 0.01376359
v 0.03906081 0.01546762 0.00769772
v 0.03916546 0.01546762 0.00764260
v 0.03909847 0.01556762 0.00779036
v 0.03925727 0.01546762 0.00756802
v 0.03922056 0.01556762 0.00772605
v 0.03933266 0.01546762 0.00747688
v 0.03932766 0.01556762 0.00763904
v 0.03938870 0.01546762 0.00737272
v 0.03941562 0.01556762 0.00753271
v 0.03942322 0.01546762 0.00725959
v 0.03948100 0.01556762 0.00741119
v 0.03952128 0.01556762 0.00727920
v 0.03942335 0.01546762 0.00238295
v 0.03938921 0.01546762 0.00227039
v 0.03952143 0.01556762 0.00236344
v 0.03933376 0.01546762 0.00216666
v 0.03948160 0.01556762 0.00223212
v 0.03925914 0.01546762 0.00207574
v 0.03941691 0.01556762 0.00211110
v 0.03916822 0.01546762 0.00200112
v 0.03932986 0.01556762 0.00200503
v 0.03906449 0.01546762 0.00194567
v 0.03922378 0.01556762 0.00191797
v 0.03895194 0.01546762 0.00191153
v 0.03910276 0.01556762 0.00185328
v 0.03897144 0.01556762 0.00181345
v 0.01676336 0.01560952 0.00176904
v 0.03303260 0.01546762 0.04627407
v 0.03297748 0.01546762 0.04616942
v 0.03312524 0.01556762 0.04623641
v 0.03290290 0.01546762 0.04607761
v 0.03306093 0.01556762 0.04611432
v 0.03281176 0.01546762 0.04600223
v 0.03297392 0.01556762 0.04600722
v 0.03270760 0.01546762 0.04594618
v 0.03286759 0.01556762 0.04591926
v 0.03259447 0.01546762 0.04591166
v 0.03274607 0.01556762 0.04585388
v 0.03261409 0.01556762 0.04581360
v 0.03942322 0.01546762 0.05274041
v 0.03938870 0.01546762 0.05262728
v 0.03952128 0.01556762 0.05272080
v 0.03933266 0.01546762 0.05252312
v 0.03948100 0.01556762 0.05258881
v 0.03925727 0.01546762 0.05243198
v 0.03941562 0.01556762 0.05246729
v 0.03916546 0.01546762 0.05235740
v 0.03932766 0.01556762 0.05236096
v 0.03906081 0.01546762 0.05230228
v 0.03922056 0.01556762 0.05227395
v 0.03909847 0.01556762 0.05220964
v 0.03895194 0.01546762 0.05808847
v 0.03906449 0.01546762 0.05805433
v 0.03897144 0.01556762 0.05818655
v 0.03916822 0.01546762 0.05799888
v 0.03910276 0.01556762 0.05814672
v 0.03925914 0.01546762 0.05792426
v 0.03922378 0.01556762 0.05808203
v 0.03933376 0.01546762 0.05783334
v 0.03932986 0.01556762 0.05799497
v 0.03938921 0.01546762 0.05772961
v 0.03941691 0.01556762 0.05788890
v 0.03942335 0.01546762 0.05761705
v 0.03948160 0.01556762 0.05776788
v 0.03952143 0.01556762 0.05763656
v 0.01676336 0.01560952 0.05823096
v 0.03303260 0.01546762 0.01627407
v 0.03297748 0.01546762 0.01616942
v 0.03312524 0.01556762 0.01623641
v 0.03290290 0.01546762 0.01607761
v 0.03306093 0.01556762 0.01611432
v 0.03281176 0.01546762 0.01600223
v 0.03297392 0.01556762 0.01600722
v 0.03270760 0.01546762 0.01594618
v 0.03286759 0.01556762 0.01591926
v 0.03259447 0.01546762 0.01591166
v 0.03274607 0.01556762 0.01585388
v 0.03261409 0.01556762 0.01581360
v 0.03942322 0.01546762 0.02274041
v 0.03938870 0.01546762 0.02262728
v 0.03952128 0.01556762 0.02272080
v 0.03933266 0.01546762 0.02252312
v 0.03948100 0.01556762 0.02258881
v 0.03925727 0.01546762 0.02243198
v 0.03941562 0.01556762 0.02246729
v 0.03916546 0.01546762 0.02235740
v 0.03932766 0.01556762 0.02236096
v 0.03906081 0.01546762 0.02230228
v 0.03922056 0.01556762 0.02227395
v 0.03909847 0.01556762 0.02220964
v 0.03906081 0.01546762 0.03769772
v 0.03916546 0.01546762 0.03764260
v 0.03909847 0.01556762 0.03779036
v 0.03925727 0.01546762 0.03756802
v 0.03922056 0.01556762 0.03772605
v 0.03933266 0.01546762 0.03747688
v 0.03932766 0.01556762 0.03763904
v 0.03938870 0.01546762 0.03737272
v 0.03941562 0.01556762 0.03753271
v 0.03942322 0.01546762 0.03725959
v 0.03948100 0.01556762 0.03741119
v 0.03952128 0.01556762 0.03727920
v 0.03259447 0.01546762 0.04408834
v 0.03270760 0.01546762 0.04405382
v 0.03261409 0.01556762 0.04418640
v 0.03281176 0.01546762 0.04399777
v 0.03274607 0.01556762 0.04414612
v 0.03290290 0.01546762 0.04392239
v 0.03286759 0.01556762 0.04408074
v 0.03297748 0.01546762 0.04383058
v 0.03297392 0.01556762 0.04399278
v 0.03303260 0.01546762 0.04372593
v 0.03306093 0.01556762 0.04388568
v 0.03312524 0.01556762 0.04376359
v 0.04124641 0.01546762 0.05746552
v 0.04128055 0.01546762 0.05757808
v 0.04114833 0.01556762 0.05748503
v 0.04133600 0.01546762 0.05768181
v 0.04118817 0.01556762 0.05761635
v 0.04141062 0.01546762 0.05777273
v 0.04125285 0.01556762 0.05773737
v 0.04150154 0.01546762 0.05784735
v 0.04133991 0.01556762 0.05784344
v 0.04160527 0.01546762 0.05790280
v 0.04144598 0.01556762 0.05793050
v 0.04171783 0.01546762 0.05793694
v 0.04156700 0.01556762 0.05799518
v 0.04169832 0.01556762 0.05803502
v 0.04842304 0.01546762 0.04766526
v 0.04838798 0.01546762 0.04755132
v 0.04852106 0.01556762 0.04764549
v 0.04833108 0.01546762 0.04744657
v 0.04848016 0.01556762 0.04751256
v 0.04825460 0.01546762 0.04735512
v 0.04841378 0.01556762 0.04739035
v 0.04816155 0.01546762 0.04728061
v 0.04832456 0.01556762 0.04728366
v 0.04805561 0.01546762 0.04722596
v 0.04821600 0.01556762 0.04719673
v 0.04794095 0.01546762 0.04719333
v 0.04809239 0.01556762 0.04713297
v 0.04782210 0.01546762 0.04718402
v 0.04795862 0.01556762 0.04709491
v 0.04770376 0.01546762 0.04719838
v 0.04781997 0.01556762 0.04708404
v 0.04759059 0.01546762 0.04723586
v 0.04768191 0.01556762 0.04710080
v 0.04748707 0.01546762 0.04729498
v 0.04754988 0.01556762 0.04714453
v 0.04739728 0.01546762 0.04737339
v 0.04742910 0.01556762 0.04721349
v 0.04732476 0.01546762 0.04746801
v 0.04732435 0.01556762 0.04730497
v 0.04723974 0.01556762 0.04741536
v 0.04160895 0.01546762 0.05230228
v 0.04150430 0.01546762 0.05235740
v 0.04157130 0.01556762 0.05220964
v 0.04141250 0.01546762 0.05243198
v 0.04144920 0.01556762 0.05227395
v 0.04133711 0.01546762 0.05252312
v 0.04134210 0.01556762 0.05236096
v 0.04128106 0.01546762 0.05262728
v 0.04125414 0.01556762 0.05246729
v 0.04124654 0.01546762 0.05274041
v 0.04118876 0.01556762 0.05258881
v 0.04114848 0.01556762 0.05272080
v 0.04731691 0.01546762 0.04251894
v 0.04737701 0.01546762 0.04260387
v 0.04723058 0.01556762 0.04256941
v 0.04745088 0.01546762 0.04267714
v 0.04730070 0.01556762 0.04266850
v 0.04753630 0.01546762 0.04273655
v 0.04738688 0.01556762 0.04275398
v 0.04763069 0.01546762 0.04278031
v 0.04748653 0.01556762 0.04282329
v 0.04773123 0.01546762 0.04280710
v 0.04759666 0.01556762 0.04287434
v 0.04771395 0.01556762 0.04290559
v 0.04842304 0.01546762 0.01766526
v 0.04838798 0.01546762 0.01755132
v 0.04852106 0.01556762 0.01764549
v 0.04833108 0.01546762 0.01744657
v 0.04848016 0.01556762 0.01751256
v 0.04825460 0.01546762 0.01735512
v 0.04841378 0.01556762 0.01739035
v 0.04816155 0.01546762 0.01728061
v 0.04832456 0.01556762 0.01728366
v 0.04805561 0.01546762 0.01722596
v 0.04821600 0.01556762 0.01719673
v 0.04794095 0.01546762 0.01719333
v 0.04809239 0.01556762 0.01713297
v 0.04782210 0.01546762 0.01718402
v 0.04795862 0.01556762 0.01709491
v 0.04770376 0.01546762 0.01719838
v 0.04781997 0.01556762 0.01708404
v 0.04759059 0.01546762 0.01723586
v 0.04768191 0.01556762 0.01710080
v 0.04748707 0.01546762 0.01729498
v 0.04754988 0.01556762 0.01714453
v 0.04739728 0.01546762 0.01737339
v 0.04742910 0.01556762 0.01721349
v 0.04732476 0.01546762 0.01746801
v 0.04732435 0.01556762 0.01730497
v 0.04723974 0.01556762 0.01741536
v 0.04124654 0.01546762 0.03725959
v 0.04128106 0.01546762 0.03737272
v 0.04114848 0.01556762 0.03727920
v 0.04133711 0.01546762 0.03747688
v 0.04118876 0.01556762 0.03741119
v 0.04141250 0.01546762 0.03756802
v 0.04125414 0.01556762 0.03753271
v 0.04150430 0.01546762 0.03764260
v 0.04134210 0.01556762 0.03763904
v 0.04160895 0.01546762 0.03769772
v 0.04144920 0.01556762 0.03772605
v 0.04157130 0.01556762 0.03779036
v 0.04160895 0.01546762 0.02230228
v 0.04150430 0.01546762 0.02235740
v 0.04157130 0.01556762 0.02220964
v 0.04141250 0.01546762 0.02243198
v 0.04144920 0.01556762 0.02227395
v 0.04133711 0.01546762 0.02252312
v 0.04134210 0.01556762 0.02236096
v 0.04128106 0.01546762 0.02262728
v 0.04125414 0.01556762 0.02246729
v 0.04124654 0.01546762 0.02274041
v 0.04118876 0.01556762 0.02258881
v 0.04114848 0.01556762 0.02272080
v 0.04183755 0.01546762 0.00205154
v 0.04172012 0.01546762 0.00206261
v 0.04183800 0.01556762 0.00195154
v 0.04160712 0.01546762 0.00209644
v 0.04170099 0.01556762 0.00196445
v 0.04150293 0.01546762 0.00215172
v 0.04156916 0.01556762 0.00200392
v 0.04141156 0.01546762 0.00222632
v 0.04144760 0.01556762 0.00206842
v 0.04133656 0.01546762 0.00231736
v 0.04134101 0.01556762 0.00215546
v 0.04128081 0.01546762 0.00242130
v 0.04125350 0.01556762 0.00226166
v 0.04124647 0.01546762 0.00253415
v 0.04118846 0.01556762 0.00238293
v 0.04114841 0.01556762 0.00251459
v 0.04124654 0.01546762 0.00725959
v 0.04128106 0.01546762 0.00737272
v 0.04114848 0.01556762 0.00727920
v 0.04133711 0.01546762 0.00747688
v 0.04118876 0.01556762 0.00741119
v 0.04141250 0.01546762 0.00756802
v 0.04125414 0.01556762 0.00753271
v 0.04150430 0.01546762 0.00764260
v 0.04134210 0.01556762 0.00763904
v 0.04160895 0.01546762 0.00769772
v 0.04144920 0.01556762 0.00772605
v 0.04157130 0.01556762 0.00779036
v 0.04731691 0.01546762 0.01251894
v 0.04737701 0.01546762 0.01260387
v 0.04723058 0.01556762 0.01256941
v 0.04745088 0.01546762 0.01267714
v 0.04730070 0.01556762 0.01266850
v 0.04753630 0.01546762 0.01273655
v 0.04738688 0.01556762 0.01275398
v 0.04763069 0.01546762 0.01278031
v 0.04748653 0.01556762 0.01282329
v 0.04773123 0.01546762 0.01280710
v 0.04759666 0.01556762 0.01287434
v 0.04771395 0.01556762 0.01290559
f 1 2 3
f 1 4 2
f 1 5 4
f 6 7 5
f 6 8 7
f 6 5 1
f 9 10 11
f 9 12 10
f 9 13 12
f 9 3 13
f 9 1 3
f 14 15 8
f 14 16 15
f 14 8 6
f 17 18 19
f 17 11 18
f 17 6 1
f 17 9 11
f 17 1 9
f 20 21 16
f 20 22 21
f 20 16 14
f 23 24 25
f 23 19 24
f 23 6 17
f 23 14 6
f 23 17 19
f 26 27 22
f 26 28 27
f 26 22 20
f 29 30 31
f 29 25 30
f 29 23 25
f 29 14 23
f 29 20 14
f 32 28 26
f 32 33 28
f 32 34 33
f 35 36 37
f 35 31 36
f 35 20 29
f 35 26 20
f 35 29 31
f 38 34 32
f 38 39 34
f 38 40 39
f 38 41 40
f 42 43 44
f 42 37 43
f 42 35 37
f 42 26 35
f 42 32 26
f 45 46 41
f 45 47 46
f 45 48 47
f 45 44 48
f 45 41 38
f 45 38 32
f 45 42 44
f 45 32 42
f 49 50 51
f 49 52 50
f 49 53 52
f 49 54 53
f 55 56 54
f 55 57 56
f 55 54 49
f 58 59 60
f 58 61 59
f 58 51 61
f 58 49 51
f 62 63 57
f 62 64 63
f 62 57 55
f 65 66 67
f 65 60 66
f 65 55 49
f 65 58 60
f 65 49 58
f 68 69 64
f 68 70 69
f 68 64 62
f 71 72 73
f 71 67 72
f 71 55 65
f 71 62 55
f 71 65 67
f 74 75 70
f 74 76 75
f 74 70 68
f 77 78 79
f 77 73 78
f 77 71 73
f 77 68 62
f 77 62 71
f 80 81 76
f 80 82 81
f 80 76 74
f 83 84 85
f 83 79 84
f 83 68 77
f 83 74 68
f 83 77 79
f 86 87 82
f 86 88 87
f 86 89 88
f 86 82 80
f 90 83 85
f 90 91 92
f 90 85 91
f 90 80 74
f 90 74 83
f 93 94 89
f 93 95 94
f 93 90 92
f 93 96 95
f 93 92 96
f 93 80 90
f 93 86 80
f 93 89 86
f 97 98 99
f 97 100 101
f 97 102 100
f 97 99 102
f 103 104 98
f 103 105 104
f 103 106 105
f 103 101 106
f 103 97 101
f 103 98 97
f 107 108 109
f 110 107 109
f 111 107 110
f 112 111 110
f 113 111 112
f 114 113 112
f 115 113 114
f 116 115 114
f 117 115 116
f 118 117 116
f 119 117 118
f 120 119 118
f 121 119 120
f 122 121 120
f 123 121 122
f 124 123 122
f 125 123 124
f 126 125 124
f 127 125 126
f 128 127 126
f 129 127 128
f 130 129 128
f 131 129 130
f 132 131 130
f 133 131 132
f 134 133 132
f 135 133 134
f 136 135 134
f 137 135 136
f 138 137 136
f 139 137 138
f 140 139 138
f 141 139 140
f 142 141 140
f 143 141 142
f 144 143 142
f 145 143 144
f 146 145 144
f 147 148 145
f 147 145 146
f 149 148 147
f 150 149 147
f 151 149 150
f 152 151 150
f 153 151 152
f 154 153 152
f 155 153 154
f 156 155 154
f 157 155 156
f 158 157 156
f 159 157 158
f 160 159 158
f 161 159 160
f 162 161 160
f 163 164 161
f 163 161 162
f 165 166 164
f 165 164 163
f 167 168 166
f 167 166 165
f 169 170 168
f 169 168 167
f 171 172 170
f 171 170 169
f 173 174 175
f 176 173 175
f 177 173 176
f 178 177 176
f 179 177 178
f 180 179 178
f 181 179 180
f 182 181 180
f 183 181 182
f 184 183 182
f 185 183 184
f 186 185 184
f 187 185 186
f 188 187 186
f 189 187 188
f 190 189 188
f 191 189 190
f 192 191 190
f 193 191 192
f 194 193 192
f 195 193 194
f 196 195 194
f 197 195 196
f 198 197 196
f 199 197 198
f 200 199 198
f 201 199 200
f 202 201 200
f 203 201 202
f 204 203 202
f 205 203 204
f 206 205 204
f 207 205 206
f 208 207 206
f 209 207 208
f 210 209 208
f 211 209 210
f 212 211 210
f 213 211 212
f 214 213 212
f 215 213 214
f 216 215 214
f 217 215 216
f 218 217 216
f 219 217 218
f 220 219 218
f 221 222 219
f 221 219 220
f 223 222 221
f 224 223 221
f 225 223 224
f 226 225 224
f 227 225 226
f 228 227 226
f 229 227 228
f 230 229 228
f 231 232 229
f 231 229 230
f 233 234 232
f 233 232 231
f 235 236 234
f 235 234 233
f 237 238 236
f 237 236 235
f 239 240 241
f 242 239 241
f 243 239 242
f 244 243 242
f 245 243 244
f 246 245 244
f 247 245 246
f 248 247 246
f 249 247 248
f 250 249 248
f 251 252 249
f 251 249 250
f 253 252 251
f 254 253 251
f 255 256 257
f 255 258 256
f 255 254 258
f 255 253 254
f 259 257 260
f 259 255 257
f 261 262 263
f 261 264 262
f 261 260 264
f 261 259 260
f 265 266 253
f 265 267 266
f 265 268 267
f 265 253 255
f 269 270 268
f 269 255 259
f 269 268 265
f 269 265 255
f 271 263 272
f 271 273 270
f 271 274 273
f 271 272 274
f 271 270 269
f 271 269 259
f 271 261 263
f 271 259 261
f 275 276 277
f 275 278 276
f 279 280 278
f 279 278 275
f 281 282 280
f 281 280 279
f 283 284 282
f 283 282 281
f 285 286 284
f 285 284 283
f 287 288 286
f 287 286 285
f 289 290 288
f 289 288 287
f 291 292 293
f 291 294 292
f 291 289 294
f 295 293 296
f 295 291 293
f 297 298 299
f 297 300 298
f 297 296 300
f 297 299 301
f 297 295 296
f 302 303 290
f 302 304 303
f 302 305 304
f 302 290 289
f 302 289 291
f 306 307 305
f 306 291 295
f 306 302 291
f 306 305 302
f 308 309 307
f 308 310 309
f 308 301 310
f 308 307 306
f 308 306 295
f 308 295 297
f 308 297 301
f 276 311 312
f 278 313 311
f 278 311 276
f 280 314 313
f 280 313 278
f 282 315 314
f 282 314 280
f 284 316 315
f 284 315 282
f 286 317 316
f 286 316 284
f 288 317 286
f 290 318 317
f 290 317 288
f 319 253 266
f 319 320 253
f 321 266 267
f 321 319 266
f 322 267 268
f 322 321 267
f 323 268 270
f 323 322 268
f 324 270 273
f 324 273 274
f 324 323 270
f 325 274 272
f 325 324 274
f 326 325 272
f 327 139 328
f 327 137 139
f 329 135 137
f 329 137 327
f 330 133 135
f 330 135 329
f 331 129 131
f 331 131 133
f 331 133 330
f 332 127 129
f 332 129 331
f 333 125 127
f 333 127 332
f 334 123 125
f 334 125 333
f 335 121 123
f 335 123 334
f 336 121 335
f 336 119 121
f 337 119 336
f 337 117 119
f 338 117 337
f 339 117 338
f 339 113 115
f 339 115 117
f 340 113 339
f 340 111 113
f 341 111 340
f 342 111 341
f 342 107 111
f 343 108 107
f 343 107 342
f 344 108 343
f 344 345 108
f 346 345 344
f 346 347 345
f 348 347 346
f 348 349 347
f 350 349 348
f 350 351 352
f 350 352 349
f 353 351 350
f 353 354 351
f 355 354 353
f 356 357 354
f 356 354 355
f 358 359 357
f 358 357 356
f 360 361 359
f 360 359 358
f 362 363 361
f 362 361 360
f 364 365 363
f 364 363 362
f 366 367 365
f 366 365 364
f 368 369 367
f 368 367 366
f 370 371 369
f 370 369 368
f 372 373 371
f 372 371 370
f 374 375 373
f 374 373 372
f 376 205 377
f 376 203 205
f 378 201 203
f 378 203 376
f 379 199 201
f 379 201 378
f 380 195 197
f 380 197 199
f 380 199 379
f 381 193 195
f 381 195 380
f 382 191 193
f 382 193 381
f 383 189 191
f 383 191 382
f 384 187 189
f 384 189 383
f 385 187 384
f 385 185 187
f 386 185 385
f 386 183 185
f 387 183 386
f 388 183 387
f 388 179 181
f 388 181 183
f 389 179 388
f 389 177 179
f 390 177 389
f 391 177 390
f 391 173 177
f 392 174 173
f 392 173 391
f 393 174 392
f 393 394 174
f 395 394 393
f 395 396 394
f 397 396 395
f 397 398 396
f 399 398 397
f 399 400 401
f 399 401 398
f 402 400 399
f 402 403 400
f 404 403 402
f 405 406 403
f 405 403 404
f 407 408 406
f 407 406 405
f 409 410 408
f 409 408 407
f 411 412 410
f 411 410 409
f 413 414 412
f 413 412 411
f 415 416 414
f 415 414 413
f 417 418 416
f 417 416 415
f 419 420 418
f 419 418 417
f 421 422 420
f 421 420 419
f 423 424 422
f 423 422 421
f 425 426 427
f 428 429 426
f 428 426 425
f 430 431 429
f 430 429 428
f 432 433 431
f 432 431 430
f 434 435 433
f 434 433 432
f 436 437 435
f 436 435 434
f 438 439 437
f 438 437 436
f 440 441 439
f 440 439 438
f 442 441 440
f 443 441 442
f 443 444 441
f 445 444 443
f 445 446 447
f 445 447 444
f 448 446 445
f 449 446 448
f 449 450 446
f 451 450 449
f 451 452 450
f 453 452 451
f 453 454 455
f 453 455 452
f 456 454 453
f 456 457 454
f 458 457 456
f 459 457 458
f 459 460 461
f 459 461 457
f 462 460 459
f 462 463 460
f 464 463 462
f 465 466 467
f 465 467 463
f 465 463 464
f 468 466 465
f 469 470 471
f 469 471 466
f 469 466 468
f 472 470 469
f 473 470 472
f 473 474 470
f 475 476 474
f 475 474 473
f 477 478 479
f 477 479 476
f 477 476 475
f 480 481 478
f 480 478 477
f 482 481 480
f 483 484 481
f 483 481 482
f 485 486 487
f 485 487 484
f 485 484 483
f 488 489 486
f 488 486 485
f 490 489 488
f 491 492 493
f 494 495 492
f 494 492 491
f 496 497 495
f 496 495 494
f 498 499 497
f 498 497 496
f 500 501 499
f 500 499 498
f 502 503 501
f 502 501 500
f 504 505 503
f 504 503 502
f 506 507 505
f 506 505 504
f 508 507 506
f 509 507 508
f 509 510 507
f 511 510 509
f 511 512 513
f 511 513 510
f 514 512 511
f 515 512 514
f 515 516 512
f 517 516 515
f 517 518 516
f 519 518 517
f 519 520 521
f 519 521 518
f 522 520 519
f 522 523 520
f 524 523 522
f 525 523 524
f 525 526 527
f 525 527 523
f 528 526 525
f 528 529 526
f 530 529 528
f 531 532 533
f 531 533 529
f 531 529 530
f 534 532 531
f 535 536 537
f 535 537 532
f 535 532 534
f 538 536 535
f 539 536 538
f 539 540 536
f 541 542 540
f 541 540 539
f 543 544 545
f 543 545 542
f 543 542 541
f 546 547 544
f 546 544 543
f 548 547 546
f 549 550 547
f 549 547 548
f 551 552 553
f 551 553 550
f 551 550 549
f 554 555 552
f 554 552 551
f 556 555 554
f 557 558 559
f 560 561 558
f 560 558 557
f 562 563 561
f 562 561 560
f 564 565 563
f 564 563 562
f 566 567 565
f 566 565 564
f 568 569 567
f 568 567 566
f 570 571 569
f 570 569 568
f 572 573 571
f 572 571 570
f 574 575 573
f 574 573 572
f 576 575 574
f 576 577 575
f 578 577 576
f 578 579 577
f 580 579 578
f 581 579 580
f 581 582 583
f 581 583 579
f 584 582 581
f 584 585 582
f 586 585 584
f 587 585 586
f 587 588 585
f 589 588 587
f 589 590 588
f 591 590 589
f 591 592 590
f 593 592 591
f 593 594 592
f 595 596 594
f 595 594 593
f 597 598 596
f 597 596 595
f 599 598 597
f 599 600 598
f 601 602 600
f 601 600 599
f 603 602 601
f 603 604 602
f 605 606 604
f 605 604 603
f 607 608 606
f 607 606 605
f 609 610 608
f 609 608 607
f 611 612 610
f 611 610 609
f 613 614 612
f 613 612 611
f 615 616 614
f 615 614 613
f 617 618 616
f 617 616 615
f 619 620 618
f 619 618 617
f 621 622 620
f 621 620 619
f 623 624 625
f 626 627 624
f 626 624 623
f 628 629 627
f 628 627 626
f 630 631 629
f 630 629 628
f 632 633 631
f 632 631 630
f 634 635 633
f 634 633 632
f 636 637 635
f 636 635 634
f 638 639 637
f 638 637 636
f 640 641 639
f 640 639 638
f 642 641 640
f 643 641 642
f 643 644 645
f 643 645 641
f 646 644 643
f 647 644 646
f 647 648 649
f 647 649 644
f 650 648 647
f 650 651 648
f 652 651 650
f 652 653 651
f 654 653 652
f 654 655 653
f 656 655 654
f 657 655 656
f 657 658 659
f 657 659 655
f 660 658 657
f 660 661 658
f 662 661 660
f 663 664 665
f 663 665 661
f 663 661 662
f 666 664 663
f 667 668 669
f 667 669 664
f 667 664 666
f 670 668 667
f 671 668 670
f 671 672 673
f 671 673 668
f 674 672 671
f 675 676 677
f 675 677 672
f 675 672 674
f 678 679 676
f 678 676 675
f 680 679 678
f 681 682 683
f 681 683 679
f 681 679 680
f 684 685 682
f 684 682 681
f 686 685 684
f 687 688 685
f 687 685 686
f 689 690 691
f 692 691 693
f 692 689 691
f 694 693 695
f 694 692 693
f 696 694 695
f 697 695 698
f 697 696 695
f 699 698 700
f 699 697 698
f 701 700 702
f 701 699 700
f 703 702 704
f 703 701 702
f 705 704 706
f 705 703 704
f 707 706 708
f 707 705 706
f 709 708 710
f 709 707 708
f 711 710 712
f 711 709 710
f 713 712 714
f 713 711 712
f 715 714 716
f 715 713 714
f 717 715 716
f 717 716 718
f 719 717 718
f 719 718 720
f 721 719 720
f 721 720 722
f 723 721 722
f 723 722 724
f 725 723 724
f 725 724 726
f 727 726 728
f 727 725 726
f 605 729 730
f 605 730 731
f 605 731 732
f 605 732 733
f 607 733 734
f 607 734 735
f 607 735 736
f 607 736 737
f 607 605 733
f 603 729 605
f 603 738 739
f 603 739 740
f 603 740 741
f 603 741 729
f 609 737 742
f 609 742 743
f 609 743 744
f 609 607 737
f 601 738 603
f 611 609 744
f 611 744 745
f 599 738 601
f 613 611 745
f 597 738 599
f 615 613 745
f 595 738 597
f 617 615 745
f 593 738 595
f 619 617 745
f 591 738 593
f 621 619 745
f 589 738 591
f 587 738 589
f 746 621 745
f 747 746 745
f 586 738 587
f 748 747 745
f 584 738 586
f 749 748 745
f 581 738 584
f 750 749 745
f 751 750 745
f 752 751 745
f 753 752 745
f 754 753 745
f 755 581 580
f 755 738 581
f 756 560 557
f 756 562 560
f 756 564 562
f 756 566 564
f 756 568 566
f 756 570 568
f 756 572 570
f 756 574 572
f 756 576 574
f 756 578 576
f 756 580 578
f 756 755 580
f 757 758 756
f 757 756 557
f 759 757 557
f 759 760 761
f 759 762 760
f 759 763 762
f 759 764 763
f 759 557 764
f 689 759 761
f 689 765 766
f 689 767 765
f 689 761 767
f 768 754 745
f 674 671 768
f 670 768 671
f 670 754 768
f 667 769 754
f 667 754 670
f 675 674 768
f 666 770 769
f 666 769 667
f 678 675 768
f 663 771 770
f 663 772 771
f 663 770 666
f 680 678 768
f 681 680 768
f 662 773 772
f 662 772 663
f 660 773 662
f 684 681 768
f 657 774 773
f 657 773 660
f 686 684 768
f 687 686 768
f 656 774 657
f 656 775 774
f 654 776 775
f 654 775 656
f 777 687 768
f 778 777 768
f 652 776 654
f 652 779 776
f 780 778 768
f 650 779 652
f 650 781 779
f 782 780 768
f 647 783 781
f 647 781 650
f 784 782 768
f 784 768 785
f 646 783 647
f 646 786 783
f 787 785 788
f 787 788 789
f 787 789 790
f 787 784 785
f 643 791 786
f 643 786 646
f 792 787 790
f 792 790 793
f 792 793 794
f 792 794 795
f 792 795 796
f 642 791 643
f 642 797 791
f 642 766 797
f 798 792 796
f 640 766 642
f 799 798 796
f 800 798 799
f 801 798 800
f 802 798 801
f 802 803 798
f 804 803 802
f 805 803 804
f 806 803 805
f 807 808 803
f 807 803 806
f 807 809 808
f 807 810 809
f 807 811 810
f 807 812 811
f 807 813 812
f 807 814 813
f 807 815 814
f 807 816 815
f 807 817 816
f 807 818 817
f 819 820 821
f 819 822 820
f 819 823 822
f 819 824 823
f 819 825 824
f 819 826 825
f 819 827 826
f 819 828 827
f 819 829 828
f 819 623 829
f 819 821 830
f 831 819 832
f 831 623 819
f 833 623 831
f 833 626 623
f 833 628 626
f 833 630 628
f 833 632 630
f 833 634 632
f 834 818 807
f 834 819 830
f 834 830 818
f 690 634 833
f 690 766 640
f 690 689 766
f 690 636 634
f 690 638 636
f 690 640 638
f 835 836 837
f 838 835 837
f 838 839 835
f 838 837 840
f 841 842 843
f 841 843 844
f 841 844 845
f 846 847 848
f 846 848 849
f 846 849 850
f 846 850 851
f 846 851 842
f 846 842 841
f 852 838 840
f 852 853 838
f 852 840 854
f 852 854 855
f 852 855 856
f 857 846 841
f 857 841 858
f 859 860 853
f 861 846 857
f 861 862 846
f 863 853 852
f 863 859 853
f 863 852 864
f 865 862 861
f 866 863 864
f 867 863 866
f 868 865 861
f 868 869 865
f 868 870 869
f 868 871 870
f 868 872 871
f 873 863 867
f 874 875 876
f 874 876 877
f 874 877 873
f 878 874 873
f 879 878 873
f 880 881 879
f 880 879 873
f 882 883 884
f 885 886 887
f 885 887 882
f 885 884 880
f 885 882 884
f 885 880 873
f 888 885 873
f 889 873 867
f 889 888 873
f 890 889 867
f 890 867 891
f 892 890 891
f 892 891 893
f 894 892 893
f 894 895 896
f 894 893 895
f 897 896 872
f 897 894 896
f 898 897 872
f 899 900 901
f 902 903 904
f 905 904 899
f 905 901 906
f 905 899 901
f 905 902 904
f 907 905 906
f 908 909 910
f 908 910 907
f 908 907 906
f 911 908 906
f 912 913 911
f 912 906 914
f 912 911 906
f 915 914 916
f 915 916 917
f 915 917 918
f 915 918 898
f 915 912 914
f 915 872 868
f 915 898 872
f 919 920 921
f 922 920 919
f 923 924 925
f 926 922 927
f 928 923 925
f 929 922 926
f 930 928 925
f 931 932 930
f 933 920 922
f 933 922 929
f 933 930 925
f 933 925 920
f 933 929 934
f 933 934 935
f 936 933 937
f 938 933 936
f 939 933 938
f 939 938 940
f 939 940 941
f 942 939 943
f 944 942 945
f 944 945 946
f 947 930 933
f 947 933 939
f 947 931 930
f 947 939 942
f 947 942 944
f 948 931 947
f 949 931 948
f 950 931 949
f 951 931 950
f 952 953 954
f 955 953 952
f 956 953 955
f 957 956 958
f 957 953 956
f 959 957 960
f 959 953 957
f 961 953 959
f 962 953 961
f 963 962 964
f 963 953 962
f 965 963 966
f 965 953 963
f 965 967 953
f 965 968 967
f 969 970 971
f 972 973 974
f 972 971 931
f 972 931 951
f 972 951 973
f 975 976 969
f 977 974 973
f 977 973 978
f 979 971 972
f 980 969 971
f 980 981 975
f 980 975 969
f 982 977 978
f 982 983 984
f 982 978 983
f 985 971 979
f 986 987 980
f 988 986 980
f 989 980 971
f 989 988 980
f 990 982 984
f 991 989 971
f 992 971 985
f 993 991 971
f 994 995 993
f 994 993 971
f 996 997 994
f 996 994 971
f 998 990 984
f 998 984 968
f 999 1000 996
f 1001 971 992
f 1002 1003 999
f 1002 999 996
f 1004 971 1001
f 1005 1002 996
f 1006 971 1004
f 1007 1005 996
f 1008 971 1006
f 1009 1010 1007
f 1009 996 971
f 1009 971 1008
f 1009 1007 996
f 1011 968 965
f 1011 1012 998
f 1011 998 968
f 1013 1012 1011
f 1014 1015 1016
f 1017 1015 1014
f 1018 1019 1020
f 1021 1011 1015
f 1021 1015 1017
f 1022 1018 1020
f 1022 1020 1013
f 1022 1013 1011
f 1023 1021 1024
f 1023 1024 1025
f 1023 1026 1022
f 1023 1022 1011
f 1023 1011 1021
f 1027 1028 1029
f 1030 1031 1032
f 1033 1028 1027
f 1034 1035 1036
f 1037 1038 1039
f 1037 1033 1038
f 1040 1034 1036
f 1040 1032 1028
f 1040 1036 1030
f 1040 1041 1034
f 1040 1030 1032
f 1042 1043 1044
f 1042 1045 1043
f 1046 1042 1047
f 1048 1049 1050
f 1051 1028 1033
f 1051 1033 1037
f 1051 1040 1028
f 1051 1045 1042
f 1051 1042 1046
f 1051 1052 1053
f 1051 1054 1052
f 1051 1048 1054
f 1051 1049 1048
f 1051 1055 1049
f 1051 1046 1055
f 1051 1037 1045
f 1056 1040 1051
f 1057 1040 1056
f 1058 1057 1056
f 1059 1060 1057
f 1059 1057 1058
f 1061 1062 1060
f 1061 1060 1059
f 1063 1064 1062
f 1063 1062 1061
f 1065 1066 1064
f 1065 1064 1063
f 1067 1066 1065
f 1068 1067 1065
f 1069 1067 1068
f 1070 1069 1068
f 1071 1069 1070
f 1072 1070 1073
f 1072 1071 1070
f 1074 1072 1073
f 1075 1076 1077
f 1075 1077 1078
f 1075 1078 1079
f 1075 1079 1080
f 1081 1075 1082
f 1083 1076 1075
f 1083 1081 1084
f 1083 1084 1085
f 1083 1075 1081
f 1086 1087 1088
f 1089 1076 1083
f 1089 1087 1086
f 1089 1090 1076
f 1089 1083 1087
f 1091 1090 1089
f 1091 1073 1090
f 1091 1074 1073
f 1092 1091 1089
f 1093 1092 1089
f 1094 1095 1096
f 1097 1093 1089
f 1097 1098 1093
f 1097 1096 1098
f 1099 1100 1101
f 1099 1101 1094
f 1099 1094 1096
f 1102 1099 1096
f 1103 1097 1104
f 1103 1104 1105
f 1103 1105 1106
f 1103 1096 1097
f 1107 1102 1096
f 1108 1103 1109
f 1108 1096 1103
f 1110 1108 1111
f 1110 1112 1113
f 1110 1113 1107
f 1110 1107 1096
f 1110 1096 1108
f 1114 1115 1116
f 1114 1116 1117
f 1118 1119 1115
f 1118 1115 1114
f 1120 1121 1122
f 1120 1122 1123
f 1120 1123 1124
f 1125 1118 1114
f 1126 1127 1128
f 1129 1130 1118
f 1129 1125 1131
f 1129 1118 1125
f 1132 1133 1120
f 1132 1124 1134
f 1132 1120 1124
f 1135 1129 1131
f 1136 1132 1134
f 1136 1134 1127
f 1136 1127 1126
f 1137 1132 1136
f 1138 1139 1129
f 1140 1137 1136
f 1140 1136 1141
f 1142 1129 1135
f 1142 1135 1143
f 1142 1138 1129
f 1144 1137 1140
f 1145 1142 1143
f 1146 1144 1140
f 1146 1147 1148
f 1146 1148 1144
f 1149 1142 1145
f 1149 1145 1150
f 1151 1152 1153
f 1154 1151 1153
f 1155 1153 1156
f 1155 1156 1149
f 1155 1154 1153
f 1157 1158 1155
f 1157 1155 1149
f 1159 1160 1157
f 1159 1157 1149
f 1161 1162 1163
f 1161 1163 1159
f 1164 1161 1159
f 1165 1166 1164
f 1165 1150 1167
f 1165 1149 1150
f 1165 1159 1149
f 1165 1164 1159
f 1168 1167 1169
f 1168 1169 1170
f 1168 1170 1171
f 1168 1171 1172
f 1168 1172 1173
f 1168 1173 1147
f 1168 1147 1146
f 1168 1165 1167
f 1056 1051 1174
f 1056 1174 1175
f 1058 1175 1176
f 1058 1056 1175
f 1059 1176 1177
f 1059 1058 1176
f 1061 1177 1178
f 1061 1059 1177
f 1063 1178 1179
f 1063 1061 1178
f 1065 1179 1180
f 1065 1063 1179
f 1068 1180 1181
f 1068 1065 1180
f 1070 1181 1182
f 1070 1068 1181
f 1073 1182 1183
f 1073 1070 1182
f 1090 1183 1184
f 1090 1073 1183
f 1076 1184 1185
f 1076 1090 1184
f 1145 1143 1186
f 1145 1186 1187
f 1145 1187 1188
f 1150 1188 1189
f 1150 1145 1188
f 1167 1189 1190
f 1167 1150 1189
f 1169 1190 1191
f 1169 1167 1190
f 1170 1191 1192
f 1170 1169 1191
f 1171 1192 1193
f 1171 1170 1192
f 1172 1193 1194
f 1172 1171 1193
f 1173 1194 1195
f 1173 1172 1194
f 1147 1195 1196
f 1147 1173 1195
f 1148 1196 1197
f 1148 1147 1196
f 1144 1197 1198
f 1144 1148 1197
f 1137 1144 1198
f 914 906 1199
f 914 1199 1200
f 914 1200 1201
f 916 914 1201
f 917 1201 1202
f 917 1202 1203
f 917 916 1201
f 918 917 1203
f 898 1203 1204
f 898 1204 1205
f 898 918 1203
f 897 898 1205
f 894 1205 1206
f 894 1206 1207
f 894 897 1205
f 892 894 1207
f 890 1207 1208
f 890 892 1207
f 889 1208 1209
f 889 890 1208
f 888 1209 1210
f 888 889 1209
f 885 1210 1211
f 885 888 1210
f 1012 1013 1212
f 1012 1212 1213
f 998 1213 1214
f 998 1012 1213
f 990 1214 1215
f 990 1215 1216
f 990 998 1214
f 982 1216 1217
f 982 990 1216
f 977 982 1217
f 974 1217 1218
f 974 977 1217
f 972 1218 1219
f 972 1219 1220
f 972 974 1218
f 979 1220 1221
f 979 972 1220
f 985 1221 1222
f 985 979 1221
f 992 985 1222
f 1001 1222 1223
f 1001 992 1222
f 1224 1225 1226
f 1227 1224 1226
f 1228 1227 1226
f 1229 1228 1226
f 1168 1230 1231
f 1168 1231 1229
f 1168 1229 1226
f 1232 1165 1168
f 1232 1226 1233
f 1232 1168 1226
f 1060 1234 1057
f 1060 1235 1234
f 1062 1236 1235
f 1062 1235 1060
f 1064 1237 1236
f 1064 1236 1062
f 1066 1238 1237
f 1066 1237 1064
f 1067 1239 1238
f 1067 1238 1066
f 1069 1240 1241
f 1069 1241 1239
f 1069 1239 1067
f 1071 1240 1069
f 1072 1242 1240
f 1072 1240 1071
f 1074 1243 1242
f 1074 1242 1072
f 1091 1244 1243
f 1091 1243 1074
f 1092 1245 1244
f 1092 1244 1091
f 1093 1246 1245
f 1093 1245 1092
f 1098 1247 1246
f 1098 1246 1093
f 1096 99 1247
f 1096 1247 1098
f 864 1248 1249
f 866 1249 1250
f 866 864 1249
f 867 1250 1251
f 867 866 1250
f 891 1251 1252
f 891 867 1251
f 893 1252 1253
f 893 891 1252
f 895 893 1253
f 896 1253 1254
f 896 1254 1255
f 896 895 1253
f 872 1255 1256
f 872 896 1255
f 871 1256 1257
f 871 872 1256
f 870 871 1257
f 869 1257 1258
f 869 1258 1259
f 869 870 1257
f 865 869 1259
f 862 1259 1260
f 862 865 1259
f 1261 1262 1263
f 1261 1263 1264
f 1265 1261 1266
f 1265 1266 1267
f 1268 1261 1265
f 1269 1261 1268
f 1270 1262 1261
f 1270 1261 1269
f 1271 1270 1272
f 1273 1270 1271
f 1274 1262 1270
f 1274 1270 1273
f 1275 1274 1276
f 1277 1262 1274
f 1277 1274 1275
f 1278 1279 1280
f 1278 1281 1279
f 1278 1280 1262
f 1278 1262 1277
f 1282 1283 1284
f 1282 1284 1285
f 1286 1287 1288
f 1289 1290 1287
f 1289 1287 1286
f 1291 1286 1288
f 1291 1292 1293
f 1291 1288 1292
f 1294 1295 1290
f 1294 1290 1289
f 1296 1282 1285
f 1296 1297 1282
f 1298 1296 1285
f 1299 1291 1293
f 1299 1293 1300
f 1301 1295 1294
f 1302 1303 1298
f 1304 1298 1285
f 1304 1302 1298
f 1305 1304 1285
f 1306 1307 1308
f 1306 1300 1307
f 1306 1299 1300
f 1309 1295 1301
f 1309 1285 1295
f 1310 1311 1312
f 1310 1312 1305
f 1310 1305 1285
f 1313 1314 1310
f 1313 1310 1285
f 1315 1316 1313
f 1317 1318 1319
f 1317 1308 1318
f 1317 1306 1308
f 1320 1315 1313
f 1320 1321 1315
f 1322 1285 1309
f 1323 1320 1313
f 1324 1285 1322
f 1325 1323 1313
f 1326 1327 1325
f 1328 1313 1285
f 1328 1326 1325
f 1328 1285 1324
f 1328 1325 1313
f 1328 1324 1329
f 1328 1329 1330
f 1331 1317 1319
f 1332 1333 1281
f 1332 1319 1333
f 1332 1331 1319
f 1332 1281 1278
f 1334 1331 1332
f 1335 1336 1337
f 1338 1334 1332
f 1338 1339 1340
f 1338 1340 1334
f 1341 1332 1336
f 1341 1335 1342
f 1341 1336 1335
f 1343 1344 1338
f 1345 1338 1332
f 1345 1341 1346
f 1345 1346 1347
f 1345 1332 1341
f 1345 1343 1338
f 1331 1334 1348
f 1331 1348 1349
f 1317 1349 1350
f 1317 1331 1349
f 1306 1350 1351
f 1306 1351 1352
f 1306 1317 1350
f 1299 1306 1352
f 1291 1352 1353
f 1291 1353 1354
f 1291 1299 1352
f 1286 1354 1355
f 1286 1291 1354
f 1289 1355 1356
f 1289 1286 1355
f 1294 1289 1356
f 1301 1356 1357
f 1301 1357 1358
f 1301 1294 1356
f 1309 1301 1358
f 1322 1358 1359
f 1322 1309 1358
f 89 1360 931
f 89 931 971
f 1361 1168 1146
f 1361 1230 1168
f 1362 1231 1230
f 1362 1230 1361
f 1363 1229 1231
f 1363 1231 1362
f 1364 1228 1229
f 1364 1229 1363
f 1365 1227 1228
f 1365 1228 1364
f 1366 1224 1227
f 1366 1227 1365
f 1367 1225 1224
f 1367 1224 1366
f 1368 1226 1225
f 1368 1225 1367
f 868 1369 915
f 1370 1371 1369
f 1370 1369 868
f 1372 1373 1371
f 1372 1371 1370
f 1374 1375 1373
f 1374 1373 1372
f 1376 1377 1375
f 1376 1375 1374
f 1378 1379 1377
f 1378 1377 1376
f 1380 1381 1379
f 1380 1379 1378
f 1382 1381 1380
f 1383 1384 1381
f 1383 1381 1382
f 727 1385 1386
f 1387 1385 727
f 1388 1387 727
f 1389 1390 1388
f 1391 1389 1388
f 1392 1391 1388
f 1393 1392 1388
f 1394 1393 1388
f 1395 1394 1388
f 1396 1388 727
f 1396 1395 1388
f 1397 727 1398
f 1397 1396 727
f 1399 1400 1396
f 1399 1396 1397
f 1401 1402 1403
f 1401 1403 1404
f 728 1405 1406
f 728 1407 1408
f 1409 1410 1411
f 1412 1410 1409
f 1413 1410 1412
f 1414 1410 1413
f 1415 1410 1414
f 1416 1410 1415
f 1417 1410 1416
f 1418 1410 1417
f 1233 1410 1418
f 1233 1405 728
f 1233 728 1410
f 1419 728 1408
f 1419 1410 728
f 1384 1383 1402
f 1384 1402 1401
f 1368 1405 1233
f 1226 1368 1233
f 728 1398 727
f 728 1403 1398
f 728 1404 1403
f 728 1406 1404
f 1234 1420 1040
f 1234 1040 1057
f 948 947 1421
f 948 1421 1422
f 948 1422 1423
f 949 1423 1424
f 949 948 1423
f 950 1424 1425
f 950 949 1424
f 951 1425 1426
f 951 950 1425
f 973 1426 1427
f 973 951 1426
f 978 1427 1428
f 978 973 1427
f 983 1428 1429
f 983 978 1428
f 984 1429 1430
f 984 983 1429
f 968 1430 1431
f 968 984 1430
f 967 1431 1432
f 967 968 1431
f 953 967 1432
f 1433 1434 1435
f 1433 1436 1437
f 1433 1437 1438
f 1433 1438 1439
f 1433 1439 1440
f 1433 1440 1441
f 1433 1441 1442
f 1433 1442 1443
f 1433 1443 1434
f 1444 1445 1433
f 571 573 1435
f 575 1435 573
f 569 571 1435
f 577 1435 575
f 567 1435 1446
f 567 569 1435
f 579 1435 577
f 565 567 1446
f 583 1435 579
f 563 565 1446
f 582 1435 583
f 585 1435 582
f 561 563 1446
f 588 1435 585
f 558 561 1446
f 590 1435 588
f 559 558 1446
f 592 1433 1435
f 592 1435 590
f 1447 559 1446
f 1448 1447 1446
f 594 1433 592
f 1449 1448 1446
f 596 1433 594
f 1450 1449 1446
f 598 1433 596
f 1451 1450 1446
f 600 1444 1433
f 600 1433 598
f 602 1444 600
f 1452 1451 1446
f 604 1453 1454
f 604 1454 1455
f 604 1455 1456
f 604 1456 1444
f 604 1444 602
f 1457 1452 1446
f 1458 1457 1446
f 606 1459 1460
f 606 1460 1461
f 606 1461 1453
f 606 1453 604
f 1462 606 608
f 1462 1459 606
f 1463 1462 608
f 1464 1463 608
f 1465 1464 608
f 1466 1465 608
f 1466 608 610
f 1467 1466 610
f 1468 1467 610
f 1469 610 612
f 1469 1468 610
f 1470 1471 1472
f 1470 1473 1471
f 1470 1474 1473
f 1470 1475 1474
f 1470 1476 1475
f 1470 1477 1476
f 1470 1478 1477
f 1470 1479 1478
f 1470 622 1479
f 1470 620 622
f 1470 618 620
f 1470 616 618
f 1470 614 616
f 1470 612 614
f 1470 1469 612
f 1480 1458 1446
f 639 1458 1480
f 637 639 1480
f 641 1481 1458
f 641 1458 639
f 645 1482 1481
f 645 1481 641
f 635 637 1480
f 644 1483 1482
f 644 1482 645
f 633 635 1480
f 649 1484 1483
f 649 1483 644
f 631 633 1480
f 648 1484 649
f 648 1485 1484
f 648 1486 1485
f 629 631 1480
f 651 1486 648
f 651 1487 1486
f 627 629 1480
f 653 1487 651
f 653 1488 1487
f 624 627 1480
f 655 1488 653
f 625 624 1480
f 659 1488 655
f 659 1489 1488
f 1490 625 1480
f 658 1491 1489
f 658 1489 659
f 1492 1490 1480
f 661 1491 658
f 661 1493 1491
f 661 1494 1493
f 1495 1492 1480
f 665 1494 661
f 1496 1495 1480
f 1497 1496 1480
f 664 1494 665
f 664 1498 1494
f 664 1499 1498
f 669 1499 664
f 668 1499 669
f 668 1472 1499
f 1500 1497 1480
f 1500 1501 1497
f 1500 1502 1501
f 1500 1503 1502
f 1500 1504 1503
f 1500 1505 1504
f 1500 1506 1505
f 1500 1507 1506
f 1500 1508 1507
f 1500 1509 1508
f 1500 1510 1509
f 1500 1511 1510
f 1500 1512 1511
f 1513 1514 1515
f 1513 1515 1516
f 1513 1516 1517
f 1513 1517 1518
f 1513 1518 1519
f 1513 1519 1520
f 1513 1500 1514
f 1513 1512 1500
f 1513 1521 1512
f 1513 1522 1521
f 1513 1523 1522
f 1513 1524 1523
f 1525 1472 668
f 1525 1470 1472
f 1525 1526 1527
f 1525 1528 1526
f 1525 1529 1528
f 1525 1530 1529
f 1525 688 1530
f 1525 685 688
f 1525 682 685
f 1525 683 682
f 1525 679 683
f 1525 676 679
f 1525 677 676
f 1525 672 677
f 1525 673 672
f 1525 668 673
f 1531 1524 1513
f 1531 1513 1532
f 1531 1533 1524
f 1531 1534 1533
f 1535 1534 1531
f 1536 1525 1527
f 1536 1527 1537
f 1538 1534 1535
f 1539 1536 1537
f 1540 1534 1538
f 1541 1539 1537
f 1542 1543 1534
f 1542 1534 1540
f 1544 1541 1537
f 1544 1537 1545
f 1546 1543 1542
f 1547 1544 1545
f 1548 1543 1546
f 1549 1547 1545
f 1550 1543 1548
f 1551 1549 1545
f 1552 1543 1550
f 1552 1551 1545
f 1552 1545 1543
f 1553 1554 1555
f 1556 1557 1553
f 1558 1556 1553
f 1559 1558 1553
f 1560 1559 1553
f 1561 1560 1553
f 1562 1561 1553
f 1563 1553 1555
f 1563 1562 1553
f 1564 1565 1566
f 1567 1565 1564
f 1568 1565 1567
f 1569 1565 1568
f 1570 1565 1569
f 1571 1565 1570
f 1572 1565 1571
f 1573 1565 1572
f 1574 1555 1575
f 1574 1563 1555
f 1574 1575 1565
f 1574 1565 1573
f 1576 1565 1575
f 1577 1578 1563
f 1577 1563 1574
f 1579 1580 1581
f 1579 1582 1580
f 1583 1584 1585
f 1583 1586 1584
f 441 1587 1588
f 444 1587 441
f 444 1589 1590
f 444 1590 1587
f 439 441 1588
f 447 1589 444
f 447 1591 1592
f 447 1592 1589
f 437 439 1588
f 446 1591 447
f 446 1593 1591
f 435 437 1588
f 450 1594 1595
f 450 1595 1593
f 450 1593 446
f 433 435 1588
f 431 433 1588
f 452 1596 1597
f 452 1597 1594
f 452 1594 450
f 455 1598 1599
f 455 1599 1600
f 455 1600 1596
f 455 1596 452
f 429 431 1588
f 426 429 1588
f 454 1601 1602
f 454 1602 1598
f 454 1598 455
f 427 426 1588
f 457 1603 1601
f 457 1601 454
f 1604 427 1588
f 461 1603 457
f 460 1603 461
f 1605 1604 1588
f 1606 1605 1588
f 463 1603 460
f 467 1603 463
f 1607 1606 1588
f 466 1608 1603
f 466 1603 467
f 1609 1607 1588
f 1610 1609 1588
f 471 1608 466
f 470 1608 471
f 474 1608 470
f 476 1608 474
f 479 1608 476
f 478 1608 479
f 481 1608 478
f 484 1608 481
f 487 1608 484
f 486 1608 487
f 489 1608 486
f 1611 1608 489
f 1612 1608 1611
f 1613 1608 1612
f 507 1614 1615
f 510 1614 507
f 510 1616 1614
f 505 507 1615
f 505 1615 1610
f 513 1616 510
f 513 1617 1616
f 513 1618 1617
f 503 1588 1619
f 503 505 1610
f 503 1610 1588
f 512 1618 513
f 501 503 1619
f 516 1620 1618
f 516 1618 512
f 499 501 1619
f 518 1620 516
f 518 1621 1620
f 497 499 1619
f 521 1621 518
f 521 1622 1621
f 495 497 1619
f 520 1623 1622
f 520 1622 521
f 492 495 1619
f 523 1623 520
f 523 1624 1623
f 493 492 1619
f 527 1625 1624
f 527 1624 523
f 1626 493 1619
f 526 1625 527
f 526 1627 1625
f 1628 1626 1619
f 529 1629 1627
f 529 1630 1629
f 529 1627 526
f 1631 1628 1619
f 533 1630 529
f 1632 1631 1619
f 532 1633 1630
f 532 1630 533
f 1634 1632 1619
f 1635 1634 1619
f 537 1636 1633
f 537 1633 532
f 536 1637 1636
f 536 1636 537
f 1638 1635 1619
f 540 1637 536
f 540 1639 1637
f 1640 1619 1641
f 1640 1638 1619
f 542 1642 1639
f 542 1639 540
f 1643 1641 1644
f 1643 1644 1645
f 1643 1640 1641
f 545 1646 1642
f 545 1642 542
f 1647 1643 1645
f 1647 1645 1648
f 1649 1647 1648
f 1650 1647 1649
f 544 1651 1646
f 544 1646 545
f 547 1651 544
f 547 1652 1651
f 550 1652 547
f 550 1613 1652
f 1653 1654 1650
f 1653 1650 1649
f 1655 1654 1653
f 1656 1657 1654
f 1656 1654 1655
f 1658 1657 1656
f 1659 1660 1657
f 1659 1657 1658
f 1661 1660 1659
f 1662 1660 1661
f 1663 1664 1660
f 1663 1660 1662
f 1665 1664 1663
f 1666 1667 1664
f 1666 1664 1665
f 1668 1669 1667
f 1668 1670 1669
f 1668 1671 1670
f 1668 1672 1671
f 1668 1673 1672
f 1668 1667 1666
f 1674 1675 1673
f 1674 1676 1675
f 1674 1677 1676
f 1674 1678 1677
f 1674 1613 550
f 1674 1679 1678
f 1674 1680 1679
f 1674 1681 1680
f 1674 1682 1681
f 1674 1683 1682
f 1674 1684 1683
f 1674 555 1684
f 1674 552 555
f 1674 553 552
f 1674 550 553
f 1674 1673 1668
f 1674 1608 1613
f 1685 1686 1687
f 1688 1686 1685
f 1689 1686 1688
f 1690 1686 1689
f 1691 1686 1690
f 1691 1690 1692
f 1691 1692 1693
f 1691 1693 1694
f 1691 1694 1695
f 1691 1695 1696
f 292 294 289
f 296 293 292
f 299 296 292
f 299 298 300
f 299 300 296
f 1697 1698 299
f 1699 292 289
f 1699 299 292
f 1699 1697 299
f 1700 1701 1699
f 1702 1703 1700
f 1704 1700 1699
f 1704 1699 289
f 1704 289 287
f 1704 1702 1700
f 1705 1691 1696
f 1706 1707 1708
f 1709 1706 1710
f 1709 1707 1706
f 1711 1707 1709
f 1712 1711 1713
f 1712 1713 1714
f 1712 1707 1711
f 1715 287 285
f 1715 1704 287
f 1716 1717 1718
f 1719 1716 1718
f 1720 1719 1718
f 1720 1721 1719
f 1720 1718 1715
f 1722 1723 1720
f 1724 1722 1720
f 1724 1725 1722
f 1726 1727 1728
f 1729 1730 1726
f 1731 1715 285
f 1731 1720 1715
f 1731 1729 1726
f 1731 1724 1720
f 1731 1728 1724
f 1731 285 283
f 1731 283 281
f 1731 281 279
f 1731 1726 1728
f 1732 1731 279
f 1732 279 275
f 1732 275 277
f 1732 277 1733
f 1732 1733 1734
f 1732 1734 1735
f 1732 1735 1736
f 1732 1736 1737
f 1732 1737 1691
f 1738 1732 1691
f 1739 1738 1691
f 1740 1691 1705
f 1740 1739 1691
f 1741 1740 1705
f 1742 1741 1705
f 1743 1742 1705
f 1744 1743 1705
f 1745 1744 1705
f 1745 1705 1746
f 1745 1746 1747
f 1745 1747 1748
f 1745 1748 1749
f 1745 1749 1750
f 1745 1750 1751
f 1752 1707 1712
f 1752 1712 1753
f 1752 1745 1751
f 1752 1751 1754
f 1752 1754 1755
f 1752 1755 1707
f 1756 1757 1758
f 1759 1756 1758
f 1760 1759 1758
f 1761 1760 1758
f 1762 1761 1758
f 1762 1763 1764
f 1762 1764 1765
f 1762 1765 1766
f 1762 1766 1767
f 1762 1767 1761
f 1768 1769 1770
f 1768 1770 1771
f 1768 1771 1772
f 1768 1772 1773
f 1774 1769 1768
f 1775 1774 1776
f 1775 1776 1777
f 1775 1769 1774
f 1778 1779 1780
f 1781 1775 1779
f 1781 1769 1775
f 1781 1779 1778
f 1782 1769 1781
f 1782 1781 1783
f 1782 1784 1769
f 1785 1763 1762
f 1786 1787 1788
f 1789 1790 1786
f 1791 1786 1788
f 1791 1789 1786
f 1792 1791 1788
f 1793 1794 1792
f 1793 1792 1788
f 1795 1796 1784
f 1795 1784 1782
f 1797 1795 1798
f 1797 1798 1799
f 1800 1797 1801
f 1802 1797 1800
f 1803 1795 1797
f 1803 1802 1804
f 1803 1797 1802
f 1805 1806 1807
f 1805 1807 1808
f 1809 1803 1806
f 1809 1795 1803
f 1809 1806 1805
f 1810 1809 1811
f 1812 1795 1809
f 1812 1809 1810
f 1812 1813 1814
f 1812 1814 1815
f 1812 1815 1796
f 1812 1796 1795
f 1816 1813 1812
f 1816 1762 1817
f 1816 1817 1818
f 1816 1818 1819
f 1816 1819 1820
f 1816 1820 1821
f 1816 1821 1822
f 1816 1822 1823
f 1816 1823 1813
f 1824 1762 1816
f 1825 1762 1824
f 1826 1785 1762
f 1826 1762 1825
f 1827 1785 1826
f 1828 1785 1827
f 1829 1785 1828
f 1830 1785 1829
f 1831 1785 1830
f 1831 1832 1833
f 1831 1833 1834
f 1831 1834 1835
f 1831 1835 1836
f 1831 1836 1837
f 1831 1837 1785
f 1838 1832 1831
f 1838 1839 1840
f 1838 1840 1832
f 1838 1788 1839
f 1838 1841 1793
f 1838 1793 1788
f 777 688 687
f 777 1530 688
f 778 1529 1530
f 778 1530 777
f 780 1528 1529
f 780 1529 778
f 782 1526 1528
f 782 1528 780
f 784 1527 1526
f 784 1526 782
f 787 1537 1527
f 787 1527 784
f 792 1545 1537
f 792 1537 787
f 798 1545 792
f 798 1543 1545
f 803 1543 798
f 803 1534 1543
f 808 1534 803
f 808 1533 1534
f 809 1533 808
f 809 1524 1533
f 810 1524 809
f 810 1523 1524
f 811 1523 810
f 811 1522 1523
f 812 1522 811
f 812 1521 1522
f 813 1521 812
f 813 1512 1521
f 814 1512 813
f 814 1511 1512
f 815 1511 814
f 815 1510 1511
f 816 1510 815
f 816 1509 1510
f 817 1508 1509
f 817 1509 816
f 818 1507 1508
f 818 1508 817
f 830 1507 818
f 830 1506 1507
f 821 1505 1506
f 821 1506 830
f 820 1505 821
f 820 1504 1505
f 822 1503 1504
f 822 1504 820
f 823 1502 1503
f 823 1503 822
f 824 1501 1502
f 824 1502 823
f 825 1497 1501
f 825 1501 824
f 826 1496 1497
f 826 1497 825
f 827 1495 1496
f 827 1496 826
f 828 1492 1495
f 828 1495 827
f 829 1490 1492
f 829 1492 828
f 623 625 1490
f 623 1490 829
f 746 622 621
f 746 1479 622
f 747 1478 1479
f 747 1479 746
f 748 1477 1478
f 748 1478 747
f 749 1476 1477
f 749 1477 748
f 750 1475 1476
f 750 1476 749
f 751 1474 1475
f 751 1475 750
f 752 1473 1474
f 752 1474 751
f 753 1473 752
f 753 1471 1473
f 754 1471 753
f 754 1472 1471
f 769 1472 754
f 769 1499 1472
f 770 1499 769
f 770 1498 1499
f 771 1498 770
f 771 1494 1498
f 772 1494 771
f 772 1493 1494
f 773 1493 772
f 773 1491 1493
f 774 1491 773
f 774 1489 1491
f 775 1489 774
f 775 1488 1489
f 776 1488 775
f 776 1487 1488
f 779 1487 776
f 779 1485 1486
f 779 1486 1487
f 781 1485 779
f 783 1483 1484
f 783 1484 1485
f 783 1485 781
f 786 1483 783
f 791 1481 1482
f 791 1482 1483
f 791 1483 786
f 797 1481 791
f 766 1481 797
f 766 1457 1458
f 766 1458 1481
f 765 1457 766
f 767 1452 1457
f 767 1457 765
f 761 1450 1451
f 761 1451 1452
f 761 1452 767
f 760 1449 1450
f 760 1450 761
f 762 1449 760
f 763 1447 1448
f 763 1448 1449
f 763 1449 762
f 764 1447 763
f 557 559 1447
f 557 1447 764
f 1842 555 556
f 1842 1684 555
f 1843 1683 1684
f 1843 1684 1842
f 1844 1682 1683
f 1844 1683 1843
f 1845 1681 1682
f 1845 1682 1844
f 1846 1680 1681
f 1846 1681 1845
f 1847 1679 1680
f 1847 1680 1846
f 1848 1678 1679
f 1848 1679 1847
f 1849 1678 1848
f 1849 1677 1678
f 1850 1677 1849
f 1850 1676 1677
f 1851 1676 1850
f 1851 1675 1676
f 1852 1675 1851
f 1852 1673 1675
f 1853 1673 1852
f 1853 1672 1673
f 1854 1672 1853
f 1854 1671 1672
f 1855 1671 1854
f 1855 1670 1671
f 1856 1670 1855
f 1856 1669 1670
f 1857 1669 1856
f 1857 1667 1669
f 1858 1667 1857
f 1858 1664 1667
f 1859 1664 1858
f 1859 1660 1664
f 1860 1657 1660
f 1860 1660 1859
f 1861 1654 1657
f 1861 1657 1860
f 1862 1654 1861
f 1862 1650 1654
f 1863 1647 1650
f 1863 1650 1862
f 1864 1647 1863
f 1864 1643 1647
f 1865 1640 1643
f 1865 1643 1864
f 1866 1638 1640
f 1866 1640 1865
f 1867 1635 1638
f 1867 1638 1866
f 1868 1634 1635
f 1868 1635 1867
f 1869 1632 1634
f 1869 1634 1868
f 1870 1631 1632
f 1870 1632 1869
f 1871 1628 1631
f 1871 1631 1870
f 1872 1626 1628
f 1872 1628 1871
f 491 493 1626
f 491 1626 1872
f 1873 489 490
f 1873 1611 489
f 1874 1612 1611
f 1874 1611 1873
f 1875 1613 1612
f 1875 1612 1874
f 1876 1652 1613
f 1876 1613 1875
f 1877 1651 1652
f 1877 1652 1876
f 1878 1646 1651
f 1878 1651 1877
f 1879 1642 1646
f 1879 1646 1878
f 1880 1642 1879
f 1880 1639 1642
f 1881 1639 1880
f 1881 1637 1639
f 1882 1637 1881
f 1882 1636 1637
f 1883 1636 1882
f 1883 1633 1636
f 1884 1633 1883
f 1884 1630 1633
f 1885 1630 1884
f 1885 1629 1630
f 1886 1629 1885
f 1886 1627 1629
f 1887 1627 1886
f 1887 1625 1627
f 1888 1625 1887
f 1888 1624 1625
f 1889 1624 1888
f 1889 1623 1624
f 1890 1623 1889
f 1890 1622 1623
f 1891 1621 1622
f 1891 1622 1890
f 1892 1620 1621
f 1892 1621 1891
f 1893 1620 1892
f 1893 1618 1620
f 1894 1617 1618
f 1894 1618 1893
f 1895 1617 1894
f 1895 1616 1617
f 1896 1614 1616
f 1896 1616 1895
f 1897 1615 1614
f 1897 1614 1896
f 1898 1610 1615
f 1898 1615 1897
f 1899 1609 1610
f 1899 1610 1898
f 1900 1607 1609
f 1900 1609 1899
f 1901 1606 1607
f 1901 1607 1900
f 1902 1605 1606
f 1902 1606 1901
f 1903 1604 1605
f 1903 1605 1902
f 425 427 1604
f 425 1604 1903
f 1904 1905 1906
f 1907 1906 1908
f 1907 1904 1906
f 1909 1910 1905
f 1909 1905 1904
f 1911 1908 1912
f 1911 1907 1908
f 1913 1914 1910
f 1913 1910 1909
f 1915 1912 1916
f 1915 1911 1912
f 1917 1918 1914
f 1917 1914 1913
f 1919 1916 1920
f 1919 1915 1916
f 1921 1922 1918
f 1921 1918 1917
f 1923 1920 1924
f 1923 1919 1920
f 1925 1926 1922
f 1925 1922 1921
f 1927 1924 1928
f 1927 1923 1924
f 1929 1926 1925
f 1929 1930 1926
f 1931 1927 1928
f 1932 1931 1928
f 1933 1928 1934
f 1933 1932 1928
f 1935 1933 1934
f 1936 1935 1934
f 1937 1936 1934
f 1938 1937 1934
f 1939 1938 1934
f 1939 1934 1940
f 1941 1930 1929
f 1941 1942 1930
f 1943 1939 1940
f 1944 1943 1940
f 1945 1944 1940
f 1946 1942 1941
f 1947 1948 1940
f 1949 1940 1948
f 1950 1947 1940
f 1951 1945 1940
f 1951 1940 1949
f 1952 1950 1940
f 1953 1954 1945
f 1953 1945 1951
f 1955 1956 1954
f 1955 1954 1953
f 1957 1952 1940
f 1958 1957 1940
f 1959 1960 1956
f 1959 1956 1955
f 1961 1958 1940
f 1962 1963 1960
f 1962 1960 1959
f 1964 1965 1963
f 1964 1963 1962
f 1966 1961 1940
f 1967 1968 1969
f 1967 1969 1965
f 1967 1965 1964
f 1970 1966 1940
f 46 1942 1946
f 47 1942 46
f 48 1942 47
f 44 1942 48
f 1971 1972 1973
f 1974 1971 1973
f 1974 1973 1975
f 1976 1972 1971
f 1976 1977 1972
f 1978 1977 1976
f 1978 1979 1977
f 1980 1974 1975
f 1980 1975 1981
f 1982 1980 1981
f 1982 1981 1983
f 1984 1979 1978
f 1984 1985 1979
f 1986 1982 1983
f 1986 1983 1987
f 1988 1985 1984
f 1988 1989 1990
f 1988 1990 1985
f 1991 1986 1987
f 1991 1987 1992
f 1993 1989 1988
f 1993 1994 1995
f 1993 1995 1996
f 1993 1996 1997
f 1993 1997 1989
f 1998 1999 2000
f 1998 2000 1968
f 1998 1968 1967
f 2001 1999 1998
f 2002 2003 1999
f 2002 1999 2001
f 2004 2005 2003
f 2004 2003 2002
f 2006 2007 2008
f 2006 2008 2009
f 2006 1991 1992
f 2006 1992 2007
f 2010 2011 2012
f 2010 2012 2013
f 2010 2013 2014
f 2010 2014 1994
f 2010 1994 1993
f 2015 2016 2005
f 2015 2005 2004
f 2017 2018 2016
f 2017 2016 2015
f 2019 2020 2018
f 2019 2018 2017
f 2021 2009 2022
f 2021 2022 2023
f 2021 2023 2024
f 2021 2024 2025
f 2021 2006 2009
f 2026 2011 2010
f 2026 2027 2028
f 2026 2028 2029
f 2026 2029 2011
f 2030 30 25
f 2031 30 2030
f 2031 31 30
f 2032 25 24
f 2032 2030 25
f 2033 31 2031
f 2033 36 31
f 2034 2032 24
f 2034 24 19
f 2035 36 2033
f 2035 37 36
f 175 2021 2025
f 175 2025 2036
f 175 2036 2020
f 175 2020 2019
f 175 2019 2037
f 175 2037 2038
f 2039 2027 2026
f 2039 12 13
f 2039 13 2027
f 2040 19 18
f 2040 2034 19
f 2041 37 2035
f 2041 43 37
f 2042 18 11
f 2042 2040 18
f 2043 44 43
f 2043 43 2041
f 2043 1942 44
f 2044 11 10
f 2044 2042 11
f 2045 1942 2043
f 2046 10 12
f 2046 2044 10
f 2047 1942 2045
f 2048 12 2039
f 2048 2046 12
f 2049 1942 2047
f 2050 2048 2039
f 2051 2052 2053
f 2051 2053 2054
f 2051 2054 2050
f 2051 2050 2039
f 176 2038 2055
f 176 2055 2056
f 176 2056 2057
f 176 2057 2058
f 176 175 2038
f 2059 2052 2051
f 2060 2061 2062
f 2060 2059 2051
f 2060 2062 2063
f 2060 2063 2059
f 178 2058 2064
f 178 2064 2065
f 178 2065 2066
f 178 176 2058
f 2067 2061 2060
f 2067 2068 2069
f 2067 2069 2070
f 2067 2070 2071
f 2067 2071 2061
f 180 2066 2072
f 180 178 2066
f 2073 2068 2067
f 2073 2074 2075
f 2073 2075 2068
f 182 180 2072
f 2076 182 2072
f 2077 2074 2073
f 2077 2078 2074
f 184 182 2076
f 2079 184 2076
f 2080 2078 2077
f 186 184 2079
f 2081 2078 2080
f 2082 186 2079
f 2083 2081 2080
f 188 186 2082
f 2084 2081 2083
f 2085 188 2082
f 2086 2084 2083
f 190 188 2085
f 2087 2084 2086
f 2088 2087 2086
f 192 190 2085
f 2089 192 2085
f 2090 2087 2088
f 2091 2090 2088
f 194 192 2089
f 2092 194 2089
f 2093 2090 2091
f 2094 2093 2091
f 196 194 2092
f 2095 196 2092
f 198 196 2095
f 2096 2093 2094
f 2096 2094 2097
f 2098 200 198
f 2098 198 2095
f 2099 2096 2097
f 2099 2097 2100
f 2101 200 2098
f 2101 202 200
f 2102 2099 2100
f 2102 2100 2103
f 2104 202 2101
f 2105 2102 2103
f 2106 202 2104
f 2107 2105 2103
f 2108 202 2106
f 2108 204 202
f 2109 2103 2110
f 2109 2107 2103
f 2111 204 2108
f 2112 2109 2110
f 2113 204 2111
f 2114 2112 2110
f 2115 204 2113
f 2116 2114 2110
f 2117 204 2115
f 2117 206 204
f 2118 2110 237
f 2118 2116 2110
f 2119 206 2117
f 2120 2118 237
f 2121 206 2119
f 2122 2120 237
f 2123 208 206
f 2124 237 235
f 2125 2123 206
f 2126 237 2124
f 2127 208 2123
f 2128 2124 235
f 2129 2125 206
f 2129 206 2121
f 2130 237 2126
f 2130 2122 237
f 2131 208 2127
f 2132 2128 235
f 2133 2121 2134
f 2133 2129 2121
f 2135 2122 2130
f 2135 2136 2137
f 2135 2137 2122
f 2138 208 2131
f 2139 2132 235
f 2140 2134 2141
f 2140 2133 2134
f 2142 2136 2135
f 2143 208 2138
f 2143 210 208
f 2144 2139 235
f 2144 235 233
f 2145 2140 2141
f 2145 2141 2146
f 2145 2146 2147
f 2148 2136 2142
f 2148 2149 2136
f 2150 210 2143
f 2151 2144 233
f 2152 2145 2147
f 2152 2147 2153
f 2154 2149 2148
f 2154 2155 2156
f 2154 2156 2149
f 2157 210 2150
f 2158 2151 233
f 2159 2152 2153
f 2160 2155 2154
f 2161 2159 2153
f 2161 2153 2162
f 2163 2155 2160
f 2163 2164 2155
f 2165 1970 1940
f 2166 212 210
f 2166 210 2157
f 2167 233 231
f 2167 2158 233
f 2168 212 2166
f 2168 214 212
f 2169 2167 231
f 2169 231 230
f 2170 214 2168
f 2170 216 214
f 2171 230 228
f 2171 2169 230
f 2172 218 216
f 2172 216 2170
f 2173 2171 228
f 2173 228 226
f 2174 220 218
f 2174 218 2172
f 2175 226 224
f 2175 2173 226
f 2176 1970 2165
f 2177 224 221
f 2177 221 220
f 2177 220 2174
f 2177 2175 224
f 2178 2179 2180
f 2181 2180 2182
f 2181 2178 2180
f 2183 2184 2179
f 2183 2179 2178
f 2185 2182 2186
f 2185 2181 2182
f 2187 2184 2183
f 2187 2188 2184
f 2189 2190 2188
f 2189 2188 2187
f 2191 2185 2186
f 2191 2186 2192
f 2193 2192 2194
f 2193 2191 2192
f 2195 2196 2197
f 2195 2197 2190
f 2195 2190 2189
f 2198 2193 2194
f 2198 2194 2199
f 2200 2201 2202
f 2200 2202 2203
f 2200 2203 2204
f 2200 2204 2196
f 2200 2196 2195
f 2205 2206 2207
f 2205 2207 2164
f 2205 2164 2163
f 2208 2206 2205
f 1398 2161 2162
f 2209 2210 2211
f 2209 2211 2206
f 2209 2206 2208
f 2212 2210 2209
f 2213 2214 2215
f 2213 2215 2216
f 2213 2199 2214
f 2213 2198 2199
f 2217 2201 2200
f 2217 2218 2219
f 2217 2219 2220
f 2217 2220 2221
f 2217 2221 2201
f 2222 2210 2212
f 2222 2223 2210
f 2224 2223 2222
f 2224 2225 2226
f 2224 2226 2223
f 2227 2225 2224
f 2228 2213 2216
f 2228 2216 2229
f 2228 2229 2230
f 2228 2230 2231
f 2228 2231 2232
f 2233 2218 2217
f 2233 2234 2235
f 2233 2235 2236
f 2233 2236 2218
f 2237 78 73
f 2238 78 2237
f 2238 79 78
f 2239 2237 73
f 2239 73 72
f 2240 84 79
f 2240 79 2238
f 2241 72 67
f 2241 2239 72
f 2242 84 2240
f 2242 85 84
f 109 2227 2243
f 109 2243 2244
f 109 2225 2227
f 109 2228 2232
f 109 2232 2245
f 109 2245 2225
f 2246 2234 2233
f 2246 61 51
f 2246 51 2234
f 2247 67 66
f 2247 2241 67
f 2248 85 2242
f 2248 91 85
f 2249 66 60
f 2249 2247 66
f 2250 91 2248
f 2250 92 91
f 2251 60 59
f 2251 2249 60
f 2252 59 61
f 2252 2251 59
f 1403 2161 1398
f 2253 61 2246
f 2253 2252 61
f 2254 2253 2246
f 2255 2256 2257
f 2255 2257 2258
f 2255 2258 2254
f 2255 2254 2246
f 110 2244 2259
f 110 2259 2260
f 110 2260 2261
f 110 2261 2262
f 110 109 2244
f 2263 2256 2255
f 2264 92 2250
f 2264 2250 2265
f 2264 2265 2266
f 2264 2266 2267
f 2264 94 95
f 2264 95 96
f 2264 96 92
f 2268 2263 2255
f 2268 2269 2270
f 2268 2270 2271
f 2268 2271 2263
f 112 2262 2272
f 112 2272 2273
f 112 2273 2274
f 112 110 2262
f 2275 2269 2268
f 2275 2276 2277
f 2275 2277 2278
f 2275 2278 2279
f 2275 2279 2269
f 114 112 2274
f 114 2274 2280
f 2281 2264 2267
f 2282 2276 2275
f 2282 2283 2284
f 2282 2284 2276
f 116 114 2280
f 2285 116 2280
f 2286 2287 2264
f 2286 2264 2281
f 2288 2283 2282
f 2288 2289 2283
f 118 116 2285
f 2290 118 2285
f 2291 2289 2288
f 120 118 2290
f 2292 2293 2287
f 2292 2287 2286
f 2294 2289 2291
f 2295 120 2290
f 2296 2294 2291
f 122 120 2295
f 2297 2294 2296
f 2298 2299 2293
f 2298 2293 2292
f 2300 2297 2296
f 2301 122 2295
f 124 122 2301
f 2302 2297 2300
f 2303 2304 2299
f 2303 2299 2298
f 2305 2302 2300
f 126 124 2301
f 2306 126 2301
f 2307 2302 2305
f 2308 2309 2304
f 2308 2304 2303
f 2310 2307 2305
f 128 126 2306
f 2311 128 2306
f 2312 2307 2310
f 2313 2312 2310
f 130 128 2311
f 2314 2309 2308
f 2314 2315 2309
f 2316 130 2311
f 132 130 2316
f 2317 2312 2313
f 2317 2313 2318
f 2319 2320 2315
f 2319 2315 2314
f 2321 134 132
f 2321 132 2316
f 2322 2317 2318
f 2322 2318 2323
f 2324 136 134
f 2324 134 2321
f 2325 2322 2323
f 2325 2323 2326
f 2327 2320 2319
f 2328 2320 2327
f 2329 136 2324
f 2330 2325 2326
f 2331 136 2329
f 2332 2330 2326
f 2333 138 136
f 2333 136 2331
f 2334 2326 2335
f 2334 2332 2326
f 2336 138 2333
f 2337 2334 2335
f 2338 2328 2327
f 2339 138 2336
f 2340 2337 2335
f 2341 138 2339
f 2342 2340 2335
f 2343 2328 2338
f 2344 140 138
f 2344 138 2341
f 2345 2335 171
f 2345 2342 2335
f 2346 140 2344
f 2347 2345 171
f 2348 140 2346
f 2349 2347 171
f 2350 2343 2338
f 2351 2343 2350
f 2352 142 140
f 2353 171 169
f 2354 2352 140
f 2355 171 2353
f 2356 142 2352
f 2357 2353 169
f 2358 140 2348
f 2358 2354 140
f 2359 171 2355
f 2359 2349 171
f 2360 142 2356
f 2361 2357 169
f 2362 2348 2363
f 2362 2363 2364
f 2362 2358 2348
f 2365 2366 2349
f 2365 2349 2359
f 2367 142 2360
f 2368 2361 169
f 2369 2362 2364
f 2370 2371 2372
f 2370 2372 2366
f 2370 2366 2365
f 2373 144 142
f 2373 142 2367
f 2374 169 167
f 2374 2368 169
f 2375 2364 2376
f 2375 2376 2377
f 2375 2369 2364
f 2378 2371 2370
f 2379 2351 2350
f 2380 144 2373
f 2381 2374 167
f 2382 2375 2377
f 2383 2371 2378
f 2383 2384 2371
f 2385 144 2380
f 2386 2381 167
f 2387 2377 2388
f 2387 2382 2377
f 2389 2390 2391
f 2389 2391 2384
f 2389 2384 2383
f 2392 2388 2393
f 2392 2387 2388
f 2394 2390 2389
f 2395 146 144
f 2395 144 2385
f 2396 2386 167
f 2396 167 165
f 2397 2351 2379
f 2398 147 146
f 2398 146 2395
f 2399 165 163
f 2399 2396 165
f 2400 2397 2379
f 2401 147 2398
f 2401 150 147
f 2402 2399 163
f 2402 163 162
f 2403 152 150
f 2403 150 2401
f 2404 162 160
f 2404 2402 162
f 2405 154 152
f 2405 152 2403
f 2406 160 158
f 2406 2404 160
f 2407 158 156
f 2407 156 154
f 2407 154 2405
f 2407 2406 158
f 2408 2397 2400
f 2409 2408 2400
f 2410 2408 2409
f 98 2410 2409
f 2411 2390 2394
f 2412 98 104
f 2412 104 105
f 2412 105 106
f 2412 106 2413
f 2412 2410 98
f 2414 2415 2416
f 2414 2411 2394
f 2414 2416 2411
f 2417 2418 2415
f 2417 2415 2414
f 2419 2420 2418
f 2419 2418 2417
f 2421 2422 2420
f 2421 2420 2419
f 2423 2424 2422
f 2423 2422 2421
f 2425 2426 2424
f 2425 2424 2423
f 2427 2413 2428
f 2427 2428 2429
f 2427 2429 2430
f 2427 2430 2431
f 2427 2431 2432
f 2427 2412 2413
f 2433 2426 2425
f 2434 2427 2432
f 2434 2432 2435
f 2434 2435 2436
f 2434 2436 2426
f 2434 2426 2433
f 2434 2433 2437
f 2434 2437 2438
f 2434 2438 2439
f 2434 2439 2440
f 2434 2440 2441
f 2434 2441 2442
f 2434 2442 2443
f 2434 2443 2444
f 2445 2434 2444
f 2446 2434 2445
f 1406 2392 2393
f 1406 2393 1404
f 2447 2446 2448
f 2447 2434 2446
f 2264 1942 94
f 94 1942 2049
f 473 384 383
f 472 385 384
f 472 384 473
f 475 383 382
f 475 473 383
f 469 386 385
f 469 385 472
f 477 382 381
f 477 475 382
f 468 387 386
f 468 386 469
f 480 381 380
f 480 477 381
f 465 388 387
f 465 387 468
f 482 380 379
f 482 480 380
f 464 389 388
f 464 390 389
f 464 388 465
f 483 482 379
f 462 390 464
f 485 378 376
f 485 379 378
f 485 483 379
f 459 391 390
f 459 392 391
f 459 390 462
f 488 485 376
f 458 392 459
f 490 376 377
f 490 488 376
f 490 377 2449
f 456 392 458
f 456 393 392
f 456 395 393
f 1873 2449 2450
f 1873 490 2449
f 453 395 456
f 1874 2450 2451
f 1874 1873 2450
f 451 397 395
f 451 395 453
f 451 399 397
f 1875 1874 2451
f 1875 2451 2452
f 449 399 451
f 1876 1875 2452
f 448 399 449
f 448 402 399
f 448 404 402
f 1877 1876 2452
f 1877 2453 2454
f 1877 2452 2453
f 445 404 448
f 1878 1877 2454
f 405 404 445
f 2455 1878 2454
f 443 405 445
f 1879 1878 2455
f 407 405 443
f 2456 1879 2455
f 442 407 443
f 1880 1879 2456
f 409 407 442
f 409 442 440
f 2457 1881 1880
f 2457 1880 2456
f 1882 1881 2457
f 411 409 440
f 411 440 438
f 2458 1882 2457
f 413 438 436
f 413 411 438
f 2459 1883 1882
f 2459 1882 2458
f 415 436 434
f 415 413 436
f 2460 1884 1883
f 2460 1885 1884
f 2460 1883 2459
f 417 415 434
f 417 434 432
f 2461 1885 2460
f 419 417 432
f 419 432 430
f 2462 1886 1885
f 2462 1885 2461
f 421 419 430
f 421 430 428
f 2463 1887 1886
f 2463 1886 2462
f 423 421 428
f 423 428 425
f 2464 1888 1887
f 2464 1887 2463
f 2465 1889 1888
f 2465 1888 2464
f 2466 423 425
f 2466 425 1903
f 2467 2466 1903
f 2467 1903 1902
f 2468 1890 1889
f 2468 1889 2465
f 2469 2467 1902
f 2469 1902 1901
f 2470 1891 1890
f 2470 1892 1891
f 2470 1890 2468
f 2471 1901 1900
f 2471 2469 1901
f 2472 1892 2470
f 2473 1900 1899
f 2473 2471 1900
f 2474 1893 1892
f 2474 1892 2472
f 2475 1899 1898
f 2475 2473 1899
f 2476 1894 1893
f 2476 1893 2474
f 2476 1895 1894
f 2477 1898 1897
f 2477 2475 1898
f 2478 1896 1895
f 2478 1895 2476
f 2479 1897 1896
f 2479 2477 1897
f 2479 1896 2478
f 423 2480 424
f 2466 2481 2480
f 2466 2480 423
f 2467 2482 2481
f 2467 2481 2466
f 2469 2482 2467
f 2471 2483 2482
f 2471 2482 2469
f 2473 2484 2483
f 2473 2483 2471
f 2475 2485 2484
f 2475 2484 2473
f 2477 2486 2487
f 2477 2487 2485
f 2477 2485 2475
f 2479 2486 2477
f 2478 2486 2479
f 2478 2488 2486
f 2476 2488 2478
f 2476 2489 2490
f 2476 2490 2488
f 2474 2489 2476
f 2472 2489 2474
f 2472 2491 2489
f 2470 2491 2472
f 2470 2492 2491
f 2468 2492 2470
f 2468 2493 2494
f 2468 2494 2492
f 2465 2493 2468
f 2465 238 2493
f 2464 238 2465
f 2463 238 2464
f 2463 236 238
f 2462 236 2463
f 2462 234 236
f 2461 234 2462
f 2461 232 234
f 2460 232 2461
f 2460 229 232
f 2459 229 2460
f 2459 227 229
f 2458 225 227
f 2458 227 2459
f 2457 223 225
f 2457 225 2458
f 2456 222 223
f 2456 223 2457
f 2455 219 222
f 2455 222 2456
f 2454 217 219
f 2454 219 2455
f 2453 215 217
f 2453 217 2454
f 2452 211 213
f 2452 213 215
f 2452 215 2453
f 2451 211 2452
f 2450 209 211
f 2450 211 2451
f 2449 207 209
f 2449 209 2450
f 377 205 207
f 377 207 2449
f 539 335 334
f 538 336 335
f 538 335 539
f 541 334 333
f 541 539 334
f 535 337 336
f 535 336 538
f 543 333 332
f 543 541 333
f 534 338 337
f 534 337 535
f 546 332 331
f 546 543 332
f 531 339 338
f 531 338 534
f 548 331 330
f 548 546 331
f 530 340 339
f 530 341 340
f 530 339 531
f 549 548 330
f 528 341 530
f 551 329 327
f 551 330 329
f 551 549 330
f 525 342 341
f 525 343 342
f 525 341 528
f 554 551 327
f 524 343 525
f 556 327 328
f 556 554 327
f 556 328 2495
f 522 343 524
f 522 344 343
f 522 346 344
f 1842 2495 2496
f 1842 556 2495
f 519 346 522
f 1843 2496 2497
f 1843 1842 2496
f 517 348 346
f 517 346 519
f 517 350 348
f 1844 1843 2497
f 1844 2497 2498
f 515 350 517
f 1845 1844 2498
f 514 350 515
f 514 353 350
f 514 355 353
f 1846 1845 2498
f 1846 2499 2500
f 1846 2498 2499
f 511 355 514
f 1847 1846 2500
f 356 355 511
f 2501 1847 2500
f 509 356 511
f 1848 1847 2501
f 358 356 509
f 2502 1848 2501
f 508 358 509
f 1849 1848 2502
f 360 358 508
f 360 508 506
f 2503 1850 1849
f 2503 1849 2502
f 1851 1850 2503
f 362 360 506
f 362 506 504
f 2504 1851 2503
f 364 504 502
f 364 362 504
f 2505 1852 1851
f 2505 1851 2504
f 366 502 500
f 366 364 502
f 2506 1853 1852
f 2506 1854 1853
f 2506 1852 2505
f 368 366 500
f 368 500 498
f 2507 1854 2506
f 370 368 498
f 370 498 496
f 2508 1855 1854
f 2508 1854 2507
f 372 370 496
f 372 496 494
f 2509 1856 1855
f 2509 1855 2508
f 374 372 494
f 374 494 491
f 2510 1857 1856
f 2510 1856 2509
f 2511 1858 1857
f 2511 1857 2510
f 2512 374 491
f 2512 491 1872
f 2513 2512 1872
f 2513 1872 1871
f 2514 1859 1858
f 2514 1858 2511
f 2515 2513 1871
f 2515 1871 1870
f 2516 1860 1859
f 2516 1861 1860
f 2516 1859 2514
f 2517 1870 1869
f 2517 2515 1870
f 2518 1861 2516
f 2519 1869 1868
f 2519 2517 1869
f 2520 1862 1861
f 2520 1861 2518
f 2521 1868 1867
f 2521 2519 1868
f 2522 1863 1862
f 2522 1862 2520
f 2522 1864 1863
f 2523 1867 1866
f 2523 2521 1867
f 2524 1865 1864
f 2524 1864 2522
f 2525 1866 1865
f 2525 2523 1866
f 2525 1865 2524
f 374 2526 375
f 2512 2527 2526
f 2512 2526 374
f 2513 2528 2527
f 2513 2527 2512
f 2515 2528 2513
f 2517 2529 2528
f 2517 2528 2515
f 2519 2530 2529
f 2519 2529 2517
f 2521 2531 2530
f 2521 2530 2519
f 2523 2532 2533
f 2523 2533 2531
f 2523 2531 2521
f 2525 2532 2523
f 2524 2532 2525
f 2524 2534 2532
f 2522 2534 2524
f 2522 2535 2536
f 2522 2536 2534
f 2520 2535 2522
f 2518 2535 2520
f 2518 2537 2535
f 2516 2537 2518
f 2516 2538 2537
f 2514 2538 2516
f 2514 2539 2540
f 2514 2540 2538
f 2511 2539 2514
f 2511 172 2539
f 2510 172 2511
f 2509 172 2510
f 2509 170 172
f 2508 170 2509
f 2508 168 170
f 2507 168 2508
f 2507 166 168
f 2506 166 2507
f 2506 164 166
f 2505 164 2506
f 2505 161 164
f 2504 159 161
f 2504 161 2505
f 2503 157 159
f 2503 159 2504
f 2502 155 157
f 2502 157 2503
f 2501 153 155
f 2501 155 2502
f 2500 151 153
f 2500 153 2501
f 2499 149 151
f 2499 151 2500
f 2498 145 148
f 2498 148 149
f 2498 149 2499
f 2497 145 2498
f 2496 143 145
f 2496 145 2497
f 2495 141 143
f 2495 143 2496
f 328 139 141
f 328 141 2495
f 1581 1580 2541
f 2542 2541 2543
f 2542 1581 2541
f 2544 2543 2545
f 2544 2542 2543
f 2546 2545 2547
f 2546 2544 2545
f 2548 2546 2547
f 2549 2547 2550
f 2549 2548 2547
f 2551 2550 2552
f 2551 2549 2550
f 2553 2552 2554
f 2553 2551 2552
f 2555 2554 2556
f 2555 2553 2554
f 2557 2556 2558
f 2557 2555 2556
f 2559 2558 2560
f 2559 2557 2558
f 2561 2560 2562
f 2561 2559 2560
f 2563 2562 2564
f 2563 2561 2562
f 2565 2564 2566
f 2565 2563 2564
f 2567 2566 2568
f 2567 2565 2566
f 2569 2568 2570
f 2569 2567 2568
f 1838 2570 1841
f 1838 2569 2570
f 1582 1579 2571
f 2572 2571 2573
f 2572 1582 2571
f 2574 2573 2575
f 2574 2572 2573
f 2576 2575 2577
f 2576 2574 2575
f 2578 2577 2579
f 2578 2576 2577
f 2580 2579 2581
f 2580 2578 2579
f 2582 2581 2583
f 2582 2580 2581
f 2584 2583 2585
f 2584 2582 2583
f 2586 2585 2587
f 2586 2584 2585
f 2588 2587 2589
f 2588 2586 2587
f 2590 2589 2591
f 2590 2588 2589
f 2592 2591 2593
f 2592 2590 2591
f 2594 2593 2595
f 2594 2592 2593
f 2596 2595 2597
f 2596 2594 2595
f 2598 2597 2599
f 2598 2596 2597
f 2600 2599 1752
f 2600 2598 2599
f 1753 2600 1752
f 1584 1586 2601
f 2602 2601 2603
f 2602 1584 2601
f 2604 2603 2605
f 2604 2602 2603
f 2606 2605 2607
f 2606 2604 2605
f 2608 2607 2609
f 2608 2606 2607
f 2610 2609 2611
f 2610 2608 2609
f 2612 2611 2613
f 2612 2610 2611
f 2614 2613 2615
f 2614 2612 2613
f 2616 2615 2617
f 2616 2614 2615
f 2618 2616 2617
f 2619 2617 2620
f 2619 2620 2621
f 2619 2618 2617
f 2622 2621 2623
f 2622 2619 2621
f 2624 2623 2625
f 2624 2622 2623
f 2626 2625 2627
f 2626 2624 2625
f 2628 2626 2627
f 2629 2627 2630
f 2629 2630 1758
f 2629 2628 2627
f 1757 2629 1758
f 2631 1583 1585
f 2631 1585 2632
f 2633 2632 2634
f 2633 2631 2632
f 2635 2634 2636
f 2635 2633 2634
f 2637 2636 2638
f 2637 2635 2636
f 2639 2638 2640
f 2639 2637 2638
f 2641 2640 2642
f 2641 2639 2640
f 2643 2642 2644
f 2643 2641 2642
f 2645 2644 2646
f 2645 2643 2644
f 2647 2646 2648
f 2647 2645 2646
f 2649 2648 2650
f 2649 2647 2648
f 2651 2650 2652
f 2651 2649 2650
f 2653 2652 2654
f 2653 2651 2652
f 2655 2654 2656
f 2655 2653 2654
f 2657 2656 2658
f 2657 2655 2656
f 2659 2658 2660
f 2659 2657 2658
f 1686 2660 1687
f 1686 2659 2660
f 2661 2662 2663
f 2661 2663 2664
f 2665 2666 2662
f 2665 2661 2667
f 2665 2662 2661
f 2668 2667 2669
f 2670 2665 2667
f 2670 2667 2668
f 2671 2672 2673
f 2671 2673 2674
f 2675 2674 2665
f 2675 2670 2676
f 2675 2676 2677
f 2675 2665 2670
f 2675 2671 2674
f 2678 2679 2680
f 2681 2678 2680
f 2681 2680 2682
f 2683 2681 2682
f 2684 2685 2683
f 2686 2683 2682
f 2686 2684 2683
f 2687 2686 2682
f 2688 2687 2682
f 2688 2689 2687
f 2690 2688 2682
f 2690 2691 2688
f 2690 2682 2692
f 2693 2692 2675
f 2693 2690 2692
f 2694 2693 2675
f 2694 2675 2677
f 2695 2677 2696
f 2695 2694 2677
f 2697 2695 2696
f 2698 2697 2696
f 2699 2698 2696
f 2700 2699 2696
f 2701 2700 2696
f 2702 2701 2696
f 2703 2704 2705
f 2706 2703 2705
f 2707 2706 2705
f 2708 2707 2705
f 2709 2710 2711
f 2709 2711 2712
f 2709 2712 2708
f 2709 2708 2705
f 2713 2709 2705
f 2714 2713 2705
f 2715 2716 2714
f 2717 2705 2718
f 2717 2715 2714
f 2717 2714 2705
f 2719 2702 2696
f 2719 2720 2702
f 2719 2718 2720
f 2719 2717 2718
f 41 2721 1295
f 41 1295 1285
f 2722 1400 2723
f 2724 2722 2725
f 2724 1400 2722
f 2726 1400 2724
f 2727 2726 2728
f 2696 1400 2726
f 2696 2726 2727
f 2729 1396 1400
f 2729 2696 2677
f 2729 1400 2696
f 2718 2705 2730
f 2718 2730 2731
f 2720 2731 2732
f 2720 2718 2731
f 2702 2732 2733
f 2702 2720 2732
f 2701 2733 2734
f 2701 2734 2735
f 2701 2702 2733
f 2700 2735 2736
f 2700 2701 2735
f 2699 2700 2736
f 2698 2736 2737
f 2698 2737 2738
f 2698 2699 2736
f 2697 2738 2739
f 2697 2698 2738
f 2695 2697 2739
f 2694 2739 2740
f 2694 2695 2739
f 2693 2740 2741
f 2693 2741 2742
f 2693 2694 2740
f 2690 2693 2742
f 2721 1290 1295
f 2743 1287 1290
f 2743 1290 2721
f 2744 1288 1287
f 2744 1287 2743
f 2745 1292 1288
f 2745 1288 2744
f 2746 1293 1292
f 2746 1292 2745
f 2747 1300 1293
f 2747 1293 2746
f 2748 1300 2747
f 2749 1308 1307
f 2749 1307 1300
f 2749 1300 2748
f 2750 1318 1308
f 2750 1308 2749
f 2751 1319 1318
f 2751 1318 2750
f 2752 1333 1319
f 2752 1319 2751
f 2753 1281 1333
f 2753 1333 2752
f 2754 1281 2753
f 2755 1280 1279
f 2755 1279 1281
f 2755 1281 2754
f 2756 1280 2755
f 2757 2758 2759
f 2760 2758 2757
f 2761 2762 1577
f 2763 2761 1577
f 2764 2765 2766
f 2767 2768 2769
f 2770 2769 2764
f 2770 2766 2771
f 2770 2764 2766
f 2770 2767 2769
f 2772 2773 2770
f 2772 2771 2763
f 2772 2770 2771
f 1480 1577 1574
f 1480 1574 1500
f 1480 2774 2775
f 1480 2775 2772
f 1480 2763 1577
f 1480 2772 2763
f 2776 2777 2778
f 2779 2776 2778
f 2780 2781 2782
f 2783 1578 2781
f 2783 2781 2780
f 2784 2783 2785
f 2784 1578 2783
f 2786 1578 2784
f 2787 1578 2786
f 2788 2787 2789
f 2788 2789 2790
f 2788 1578 2787
f 2791 2788 2792
f 2791 1578 2788
f 2793 2791 2794
f 2793 1578 2791
f 1446 1563 1578
f 1446 1578 2793
f 1435 1563 1446
f 2696 2795 2719
f 2727 2796 2795
f 2727 2795 2696
f 2728 2797 2796
f 2728 2796 2727
f 2726 2798 2797
f 2726 2797 2728
f 2724 2799 2798
f 2724 2798 2726
f 2725 2800 2799
f 2725 2799 2724
f 2722 2801 2800
f 2722 2800 2725
f 2723 1399 2801
f 2723 2801 2722
f 1400 1399 2723
f 2802 2803 1387
f 2802 1387 1388
f 2804 2805 2803
f 2804 2803 2802
f 2806 2807 2805
f 2806 2805 2804
f 2808 2809 2807
f 2808 2807 2806
f 2810 2811 2809
f 2810 2809 2808
f 2812 2813 2811
f 2812 2811 2810
f 2814 2815 2813
f 2814 2813 2812
f 2176 2165 2815
f 2176 2815 2814
f 2816 1410 1419
f 2816 2817 1410
f 2818 2819 2817
f 2818 2817 2816
f 2820 2821 2819
f 2820 2819 2818
f 2822 2823 2821
f 2822 2821 2820
f 2824 2825 2823
f 2824 2823 2822
f 2826 2827 2825
f 2826 2825 2824
f 2828 2829 2827
f 2828 2827 2826
f 2447 2448 2829
f 2447 2829 2828
f 2830 2831 2776
f 2830 2776 2779
f 2832 2833 2831
f 2832 2831 2830
f 2834 2835 2833
f 2834 2833 2832
f 2836 2837 2835
f 2836 2835 2834
f 2838 2839 2837
f 2838 2837 2836
f 2840 2841 2839
f 2840 2839 2838
f 2842 2843 2841
f 2842 2841 2840
f 1433 1445 2843
f 1433 2843 2842
f 1553 2844 1554
f 2845 2846 2844
f 2845 2844 1553
f 2847 2848 2846
f 2847 2846 2845
f 2849 2850 2848
f 2849 2848 2847
f 2851 2852 2850
f 2851 2850 2849
f 2853 2852 2851
f 2854 2855 2852
f 2854 2852 2853
f 2856 2857 2855
f 2856 2855 2854
f 2778 2777 2857
f 2778 2857 2856
f 2762 1578 1577
f 2762 2781 1578
f 2762 2782 2781
f 2761 2780 2782
f 2761 2782 2762
f 2763 2780 2761
f 2771 2783 2780
f 2771 2785 2783
f 2771 2780 2763
f 2766 2784 2785
f 2766 2785 2771
f 2765 2786 2784
f 2765 2784 2766
f 2764 2786 2765
f 2769 2787 2786
f 2769 2789 2787
f 2769 2786 2764
f 2768 2789 2769
f 2767 2790 2789
f 2767 2789 2768
f 2770 2788 2790
f 2770 2792 2788
f 2770 2790 2767
f 2773 2791 2792
f 2773 2792 2770
f 2772 2791 2773
f 2775 2794 2791
f 2775 2793 2794
f 2775 2791 2772
f 2774 2793 2775
f 1480 1446 2793
f 1480 2793 2774
f 2858 2759 2758
f 2858 2859 2759
f 2860 2861 2859
f 2860 2859 2858
f 2862 2863 2861
f 2862 2861 2860
f 2864 2865 2863
f 2864 2863 2862
f 2866 2867 2865
f 2866 2865 2864
f 2868 2869 2867
f 2868 2867 2866
f 2870 2871 2869
f 2870 2869 2868
f 1532 1513 2871
f 1532 2871 2870
f 2872 1565 1576
f 2872 2873 1565
f 2874 2875 2873
f 2874 2873 2872
f 2876 2877 2875
f 2876 2875 2874
f 2878 2879 2877
f 2878 2877 2876
f 2880 2881 2879
f 2880 2879 2878
f 2882 2883 2881
f 2882 2881 2880
f 2884 2885 2883
f 2884 2883 2882
f 2760 2757 2885
f 2760 2885 2884
f 1608 1674 2886
f 2887 2886 2888
f 2887 1608 2886
f 2889 2888 2890
f 2889 2887 2888
f 2891 2890 2892
f 2891 2889 2890
f 2893 2892 2894
f 2893 2891 2892
f 2895 2893 2894
f 2896 2894 2897
f 2896 2895 2894
f 2898 2897 2899
f 2898 2896 2897
f 1555 2899 1575
f 1555 2898 2899
f 2796 2719 2795
f 2797 2719 2796
f 2798 2719 2797
f 2799 2719 2798
f 1399 2717 2719
f 1399 2799 2800
f 1399 2800 2801
f 1399 2719 2799
f 2900 2717 1399
f 1397 2900 1399
f 1380 1383 1382
f 1374 1380 1378
f 1374 1378 1376
f 1374 1383 1380
f 1370 1374 1372
f 868 1383 1374
f 868 1374 1370
f 861 1383 868
f 2901 1402 1383
f 2901 1383 861
f 2902 1324 1322
f 2902 1322 1359
f 2903 1329 1324
f 2903 1324 2902
f 2904 1330 1329
f 2904 1329 2903
f 2905 1328 1330
f 2905 1330 2904
f 2906 1326 1328
f 2906 1328 2905
f 2907 1327 1326
f 2907 1326 2906
f 2908 1325 1327
f 2908 1327 2907
f 2909 1323 1325
f 2909 1325 2908
f 2910 1320 1323
f 2910 1323 2909
f 2911 1320 2910
f 2911 1321 1320
f 2912 1321 2911
f 2912 1315 1321
f 2913 1316 1315
f 2913 1315 2912
f 3 1313 1316
f 3 1316 2913
f 2 1314 1313
f 2 1313 3
f 4 1310 1314
f 4 1314 2
f 5 1311 1310
f 5 1310 4
f 7 1312 1311
f 7 1311 5
f 8 1305 1312
f 8 1312 7
f 15 1304 1305
f 15 1305 8
f 16 1302 1304
f 16 1304 15
f 21 1303 1302
f 21 1302 16
f 22 1298 1303
f 22 1303 21
f 27 1296 1298
f 27 1298 22
f 28 1297 1296
f 28 1296 27
f 33 1282 1297
f 33 1297 28
f 34 1283 1282
f 34 1282 33
f 39 1284 1283
f 39 1283 34
f 40 1285 1284
f 40 1284 39
f 41 1285 40
f 1360 932 931
f 2914 930 932
f 2914 932 1360
f 2915 928 930
f 2915 930 2914
f 2916 923 928
f 2916 928 2915
f 2917 924 923
f 2917 923 2916
f 2918 925 924
f 2918 924 2917
f 2919 920 925
f 2919 925 2918
f 2920 921 920
f 2920 920 2919
f 2921 921 2920
f 2922 919 921
f 2922 922 919
f 2922 921 2921
f 2923 922 2922
f 2924 922 2923
f 2924 927 922
f 2925 926 927
f 2925 927 2924
f 2926 929 926
f 2926 926 2925
f 2927 934 929
f 2927 929 2926
f 2928 935 934
f 2928 934 2927
f 2929 933 935
f 2929 935 2928
f 2930 937 933
f 2930 933 2929
f 2931 936 937
f 2931 937 2930
f 2932 938 936
f 2932 936 2931
f 2933 940 938
f 2933 938 2932
f 2934 941 940
f 2934 940 2933
f 2935 939 941
f 2935 941 2934
f 2936 943 939
f 2936 939 2935
f 2937 942 943
f 2937 943 2936
f 2938 945 942
f 2938 942 2937
f 2939 946 945
f 2939 945 2938
f 2940 944 946
f 2940 946 2939
f 1421 944 2940
f 1421 947 944
f 1379 1381 1384
f 1375 1377 1379
f 1373 1379 1384
f 1373 1375 1379
f 1369 1371 1373
f 915 1373 1384
f 915 1369 1373
f 912 915 1384
f 2941 1384 1401
f 2941 912 1384
f 1365 1361 1146
f 1365 1362 1361
f 1365 1363 1362
f 1365 1364 1363
f 1367 1366 1365
f 1368 1146 1140
f 1368 1365 1146
f 1368 1367 1365
f 2942 1368 1140
f 1405 1368 2942
f 1420 1041 1040
f 2943 1034 1041
f 2943 1041 1420
f 2944 1035 1034
f 2944 1034 2943
f 2945 1036 1035
f 2945 1035 2944
f 2946 1030 1036
f 2946 1036 2945
f 2947 1031 1030
f 2947 1030 2946
f 2948 1032 1031
f 2948 1031 2947
f 2949 1028 1032
f 2949 1032 2948
f 2950 1029 1028
f 2950 1028 2949
f 2951 1027 1029
f 2951 1029 2950
f 2952 1033 1027
f 2952 1027 2951
f 2953 1033 2952
f 2953 1038 1033
f 2954 1038 2953
f 2954 1039 1038
f 2955 1037 1039
f 2955 1039 2954
f 2956 1037 2955
f 2956 1045 1037
f 2957 1043 1045
f 2957 1045 2956
f 2958 1044 1043
f 2958 1043 2957
f 2959 1042 1044
f 2959 1044 2958
f 2960 1047 1042
f 2960 1042 2959
f 2961 1046 1047
f 2961 1047 2960
f 2962 1055 1046
f 2962 1046 2961
f 2963 1049 1055
f 2963 1055 2962
f 2964 1050 1049
f 2964 1049 2963
f 2965 1048 1050
f 2965 1050 2964
f 2966 1054 1048
f 2966 1048 2965
f 2967 1052 1054
f 2967 1054 2966
f 2968 1053 1052
f 2968 1052 2967
f 2969 1053 2968
f 1174 1051 1053
f 1174 1053 2969
f 2970 1004 1001
f 2970 1001 1223
f 2971 1006 1004
f 2971 1004 2970
f 2972 1008 1006
f 2972 1006 2971
f 2973 1009 1008
f 2973 1008 2972
f 2974 1010 1009
f 2974 1009 2973
f 2975 1007 1010
f 2975 1010 2974
f 2976 1005 1007
f 2976 1007 2975
f 2977 1002 1005
f 2977 1005 2976
f 2978 1003 1002
f 2978 1002 2977
f 2979 999 1003
f 2979 1003 2978
f 2980 999 2979
f 2980 1000 999
f 2981 1000 2980
f 2981 996 1000
f 50 997 996
f 50 996 2981
f 52 994 997
f 52 997 50
f 53 994 52
f 53 995 994
f 54 993 995
f 54 995 53
f 56 991 993
f 56 993 54
f 57 989 991
f 57 991 56
f 63 988 989
f 63 989 57
f 64 986 988
f 64 988 63
f 69 987 986
f 69 986 64
f 70 980 987
f 70 987 69
f 75 981 980
f 75 980 70
f 76 975 981
f 76 981 75
f 81 976 975
f 81 975 76
f 82 969 976
f 82 976 81
f 87 970 969
f 87 969 82
f 88 971 970
f 88 970 87
f 89 971 88
f 2982 2983 1332
f 2982 1332 1278
f 2675 2984 2985
f 2692 2984 2675
f 873 2986 2987
f 873 2987 863
f 2988 965 2989
f 2988 1011 965
f 2990 1097 1089
f 2991 1097 2990
f 2992 1142 1149
f 2993 1142 2992
f 1156 2992 1149
f 1156 2994 2992
f 1153 2995 2994
f 1153 2994 1156
f 1152 2996 2995
f 1152 2995 1153
f 1151 2997 2996
f 1151 2996 1152
f 1154 2998 2997
f 1154 2997 1151
f 1155 2999 2998
f 1155 2998 1154
f 1158 3000 2999
f 1158 2999 1155
f 1157 3001 3000
f 1157 3000 1158
f 1160 3002 3001
f 1160 3001 1157
f 1159 3003 3002
f 1159 3002 1160
f 1163 3004 3003
f 1163 3003 1159
f 1162 3005 3004
f 1162 3004 1163
f 1161 3006 3005
f 1161 3005 1162
f 1164 3007 3006
f 1164 3006 1161
f 1166 3008 3007
f 1166 3007 1164
f 1165 1232 3008
f 1165 3008 1166
f 1096 102 99
f 1095 100 102
f 1095 102 1096
f 1094 101 100
f 1094 100 1095
f 1101 3009 101
f 1101 101 1094
f 1100 3010 3009
f 1100 3009 1101
f 1099 3011 3010
f 1099 3010 1100
f 1102 3012 3011
f 1102 3011 1099
f 1107 3013 3012
f 1107 3012 1102
f 1113 3014 3013
f 1113 3013 1107
f 1112 3015 3014
f 1112 3014 1113
f 1110 3016 3015
f 1110 3015 1112
f 1111 3017 3016
f 1111 3016 1110
f 1108 3018 3017
f 1108 3017 1111
f 1109 3019 3018
f 1109 3018 1108
f 1103 3019 1109
f 1103 3020 3019
f 1106 3020 1103
f 1106 3021 3020
f 1105 3021 1106
f 1105 3022 3021
f 1104 3022 1105
f 1104 3023 3022
f 1097 3023 1104
f 1097 2991 3023
f 1089 3024 2990
f 1086 3024 1089
f 1088 3025 3024
f 1088 3024 1086
f 1087 3026 3025
f 1087 3025 1088
f 1083 3027 3028
f 1083 3028 3026
f 1083 3026 1087
f 1085 3029 3027
f 1085 3027 1083
f 1084 3029 1085
f 1081 3030 3031
f 1081 3031 3029
f 1081 3029 1084
f 1082 3030 1081
f 1075 3032 3030
f 1075 3030 1082
f 1080 3033 3032
f 1080 3032 1075
f 1079 3034 3033
f 1079 3033 1080
f 1078 3035 3036
f 1078 3036 3034
f 1078 3034 1079
f 1077 1185 3035
f 1077 3035 1078
f 1076 1185 1077
f 1135 1186 1143
f 1135 3037 1186
f 1131 3038 3037
f 1131 3037 1135
f 1125 3039 3038
f 1125 3038 1131
f 1114 3040 3039
f 1114 3039 1125
f 1117 3041 3040
f 1117 3040 1114
f 1116 3042 3043
f 1116 3043 3041
f 1116 3041 1117
f 1115 3042 1116
f 1119 3044 3045
f 1119 3045 3042
f 1119 3042 1115
f 1118 3044 1119
f 1130 3046 3044
f 1130 3044 1118
f 1129 3047 3048
f 1129 3048 3046
f 1129 3046 1130
f 1139 3049 3047
f 1139 3047 1129
f 1138 3049 1139
f 1142 2993 3049
f 1142 3049 1138
f 1141 2942 1140
f 1141 3050 2942
f 1136 3051 3050
f 1136 3050 1141
f 1126 3052 3051
f 1126 3051 1136
f 1128 3053 3052
f 1128 3052 1126
f 1127 3054 3053
f 1127 3053 1128
f 1134 3055 3054
f 1134 3054 1127
f 1124 3056 3055
f 1124 3055 1134
f 1123 3057 3058
f 1123 3058 3056
f 1123 3056 1124
f 1122 3057 1123
f 1121 3059 3057
f 1121 3057 1122
f 1120 3060 3059
f 1120 3059 1121
f 1133 3061 3062
f 1133 3062 3060
f 1133 3060 1120
f 1132 3061 1133
f 1137 1198 3061
f 1137 3061 1132
f 906 3063 1199
f 901 3064 3063
f 901 3063 906
f 900 3065 3064
f 900 3064 901
f 899 3066 3065
f 899 3065 900
f 904 3067 3066
f 904 3066 899
f 903 3068 3067
f 903 3067 904
f 902 3069 3068
f 902 3068 903
f 905 3070 3069
f 905 3069 902
f 907 3070 905
f 910 3071 3070
f 910 3070 907
f 909 3072 3073
f 909 3073 3071
f 909 3071 910
f 908 3072 909
f 911 3074 3072
f 911 3072 908
f 913 2941 3075
f 913 3075 3074
f 913 3074 911
f 912 2941 913
f 873 3076 2986
f 877 3077 3076
f 877 3076 873
f 876 3078 3077
f 876 3077 877
f 875 3079 3078
f 875 3078 876
f 874 3080 3079
f 874 3079 875
f 878 3081 3080
f 878 3080 874
f 879 3082 3081
f 879 3081 878
f 881 3082 879
f 880 3083 3084
f 880 3084 3082
f 880 3082 881
f 884 3083 880
f 883 3085 3086
f 883 3086 3083
f 883 3083 884
f 882 3085 883
f 887 3087 3085
f 887 3085 882
f 886 3088 3087
f 886 3087 887
f 885 1211 3088
f 885 3088 886
f 1013 3089 1212
f 1020 3090 3089
f 1020 3089 1013
f 1019 3091 3090
f 1019 3090 1020
f 1018 3092 3091
f 1018 3091 1019
f 1022 3093 3092
f 1022 3092 1018
f 1026 3094 3093
f 1026 3093 1022
f 1023 3095 3094
f 1023 3094 1026
f 1025 3096 3095
f 1025 3095 1023
f 1024 3097 3096
f 1024 3096 1025
f 1021 3097 1024
f 1017 3098 3099
f 1017 3099 3097
f 1017 3097 1021
f 1014 3098 1017
f 1016 3100 3098
f 1016 3098 1014
f 1015 2988 3101
f 1015 3101 3100
f 1015 3100 1016
f 1011 2988 1015
f 2677 3102 2729
f 2676 3103 3102
f 2676 3102 2677
f 2670 3104 3103
f 2670 3103 2676
f 2668 3105 3104
f 2668 3104 2670
f 2669 3106 3105
f 2669 3105 2668
f 2667 3107 3106
f 2667 3106 2669
f 2661 3108 3107
f 2661 3107 2667
f 2664 3108 2661
f 2663 3109 3108
f 2663 3108 2664
f 2662 3110 3109
f 2662 3109 2663
f 2666 3111 3110
f 2666 3110 2662
f 2665 3112 3111
f 2665 3111 2666
f 2674 3113 3112
f 2674 3112 2665
f 2673 3114 3113
f 2673 3113 2674
f 2672 3115 3114
f 2672 3114 2673
f 2671 3116 3115
f 2671 3115 2672
f 2675 2985 3116
f 2675 3116 2671
f 3117 1262 1280
f 3117 1280 2756
f 3118 1263 1262
f 3118 1262 3117
f 3119 1264 1263
f 3119 1263 3118
f 3120 1261 1264
f 3120 1264 3119
f 3121 1266 1261
f 3121 1261 3120
f 3122 1267 1266
f 3122 1266 3121
f 3123 1265 1267
f 3123 1267 3122
f 3124 1268 1265
f 3124 1265 3123
f 3125 1269 1268
f 3125 1268 3124
f 3126 1270 1269
f 3126 1269 3125
f 3127 1272 1270
f 3127 1270 3126
f 3128 1271 1272
f 3128 1272 3127
f 3129 1273 1271
f 3129 1271 3128
f 3130 1274 1273
f 3130 1273 3129
f 3131 1274 3130
f 3131 1276 1274
f 3132 1276 3131
f 3132 1275 1276
f 3133 1275 3132
f 3133 1277 1275
f 2982 1277 3133
f 2982 1278 1277
f 1334 3134 1348
f 1340 3135 3134
f 1340 3134 1334
f 1339 3136 3135
f 1339 3135 1340
f 1338 3137 3136
f 1338 3136 1339
f 1344 3138 3137
f 1344 3137 1338
f 1343 3138 1344
f 1345 3139 3140
f 1345 3140 3138
f 1345 3138 1343
f 1347 3139 1345
f 1346 3141 3139
f 1346 3139 1347
f 1341 3142 3141
f 1341 3141 1346
f 1342 3143 3142
f 1342 3142 1341
f 1335 3144 3143
f 1335 3143 1342
f 1337 3145 3144
f 1337 3144 1335
f 1336 3146 3145
f 1336 3145 1337
f 1332 2983 3146
f 1332 3146 1336
f 2682 2984 2692
f 2682 3147 2984
f 2680 3148 3147
f 2680 3147 2682
f 2679 3149 3148
f 2679 3148 2680
f 2678 3150 3149
f 2678 3149 2679
f 2681 3151 3152
f 2681 3152 3150
f 2681 3150 2678
f 2683 3151 2681
f 2685 3153 3154
f 2685 3154 3151
f 2685 3151 2683
f 2684 3153 2685
f 2686 3155 3153
f 2686 3153 2684
f 2687 3156 3157
f 2687 3157 3155
f 2687 3155 2686
f 2689 3156 2687
f 2688 3158 3156
f 2688 3156 2689
f 2691 3159 3158
f 2691 3158 2688
f 2690 2742 3159
f 2690 3159 2691
f 2705 3160 2730
f 2704 3161 3160
f 2704 3160 2705
f 2703 3162 3161
f 2703 3161 2704
f 2706 3163 3162
f 2706 3162 2703
f 2707 3164 3163
f 2707 3163 2706
f 2708 3165 3164
f 2708 3164 2707
f 2712 3166 3165
f 2712 3165 2708
f 2711 3167 3166
f 2711 3166 2712
f 2710 3168 3167
f 2710 3167 2711
f 2709 3168 2710
f 2713 3169 3168
f 2713 3168 2709
f 2714 3170 3169
f 2714 3169 2713
f 2716 3171 3170
f 2716 3170 2714
f 2715 3172 3171
f 2715 3171 2716
f 2717 2900 3172
f 2717 3172 2715
f 857 2901 861
f 857 3173 2901
f 858 3174 3173
f 858 3173 857
f 841 3175 3174
f 841 3174 858
f 845 3176 3175
f 845 3175 841
f 844 3177 3178
f 844 3178 3176
f 844 3176 845
f 843 3177 844
f 842 3179 3177
f 842 3177 843
f 851 3180 3181
f 851 3181 3179
f 851 3179 842
f 850 3182 3180
f 850 3180 851
f 849 3183 3182
f 849 3182 850
f 848 3184 3183
f 848 3183 849
f 847 3184 848
f 846 1260 3185
f 846 3185 3184
f 846 3184 847
f 862 1260 846
f 852 1248 864
f 852 3186 1248
f 856 3187 3186
f 856 3186 852
f 855 3188 3187
f 855 3187 856
f 854 3189 3188
f 854 3188 855
f 840 3190 3189
f 840 3189 854
f 837 3191 3190
f 837 3190 840
f 836 3192 3193
f 836 3193 3191
f 836 3191 837
f 835 3192 836
f 839 3194 3192
f 839 3192 835
f 838 3195 3194
f 838 3194 839
f 853 3196 3195
f 853 3195 838
f 860 3197 3198
f 860 3198 3196
f 860 3196 853
f 859 3197 860
f 863 2987 3197
f 863 3197 859
f 966 2989 965
f 966 3199 2989
f 963 3200 3199
f 963 3199 966
f 964 3201 3200
f 964 3200 963
f 962 3202 3201
f 962 3201 964
f 961 3203 3202
f 961 3202 962
f 959 3204 3203
f 959 3203 961
f 960 3205 3204
f 960 3204 959
f 957 3206 3205
f 957 3205 960
f 958 3207 3206
f 958 3206 957
f 956 3208 3207
f 956 3207 958
f 955 3209 3208
f 955 3208 956
f 952 3210 3209
f 952 3209 955
f 954 3211 3210
f 954 3210 952
f 953 1432 3211
f 953 3211 954
f 3212 253 320
f 3212 252 253
f 3213 249 252
f 3213 252 3212
f 3214 247 249
f 3214 249 3213
f 3215 245 247
f 3215 247 3214
f 3216 243 245
f 3216 245 3215
f 3217 239 243
f 3217 243 3216
f 3218 240 239
f 3218 239 3217
f 3219 3220 240
f 3219 240 3218
f 3221 3222 3220
f 3221 3220 3219
f 3223 3224 3222
f 3223 3222 3221
f 3225 3226 3224
f 3225 3224 3223
f 3227 3228 3226
f 3227 3226 3225
f 755 756 3228
f 755 3228 3227
f 3229 3230 3231
f 3229 3231 3232
f 3233 759 689
f 3234 3233 689
f 3235 3234 689
f 241 3235 689
f 242 241 689
f 244 242 689
f 246 244 689
f 248 692 694
f 248 689 692
f 248 246 689
f 250 248 694
f 3236 709 711
f 3236 707 709
f 3236 705 707
f 3236 703 705
f 3236 701 703
f 3236 699 701
f 3236 697 699
f 3236 696 697
f 3236 694 696
f 3236 250 694
f 3237 3236 3238
f 3237 3238 3239
f 3237 3239 3240
f 260 257 256
f 260 256 258
f 260 258 254
f 262 264 260
f 3241 3237 3242
f 3241 3242 3243
f 3241 3243 3244
f 3245 3241 3246
f 3247 263 262
f 3247 3248 263
f 3249 3241 3245
f 3250 3247 262
f 3250 3251 3247
f 3252 3241 3249
f 3253 3237 3241
f 3253 3241 3252
f 3254 260 254
f 3254 262 260
f 3254 3250 262
f 3254 3255 3250
f 3256 250 3236
f 3256 3236 3237
f 3256 3253 3257
f 3256 3257 3258
f 3256 251 250
f 3256 3237 3253
f 3259 254 251
f 3259 3260 3254
f 3259 251 3256
f 3259 3254 254
f 1386 1385 3261
f 3262 3261 3263
f 3262 1386 3261
f 3264 3263 3265
f 3264 3262 3263
f 3266 3265 3267
f 3266 3264 3265
f 3268 3267 3269
f 3268 3266 3267
f 3270 3269 3271
f 3270 3268 3269
f 3272 3271 3273
f 3272 3270 3271
f 3274 3273 3275
f 3274 3272 3273
f 3276 3275 3277
f 3276 3274 3275
f 3278 3277 3279
f 3278 3276 3277
f 3280 3279 3281
f 3280 3278 3279
f 3282 3281 3283
f 3282 3280 3281
f 3284 3283 3285
f 3284 3282 3283
f 3286 3284 3285
f 3287 3285 3288
f 3287 3288 3289
f 3287 3286 3285
f 3290 3289 3231
f 3290 3287 3289
f 3230 3290 3231
f 3291 326 272
f 3291 272 3292
f 3293 3292 3294
f 3293 3291 3292
f 3295 3294 3296
f 3295 3293 3294
f 3297 3296 3298
f 3297 3295 3296
f 3299 3298 3300
f 3299 3297 3298
f 3301 3300 3302
f 3301 3299 3300
f 3303 3302 3304
f 3303 3301 3302
f 3232 3304 3229
f 3232 3303 3304
f 3305 819 834
f 3305 3306 819
f 3307 3308 3306
f 3307 3306 3305
f 3309 3310 3308
f 3309 3308 3307
f 3311 3312 3310
f 3311 3310 3309
f 3313 3314 3312
f 3313 3312 3311
f 276 312 3314
f 276 3314 3313
f 3315 3316 3317
f 3315 3318 3316
f 3319 3320 3321
f 3319 3321 3322
f 3319 3322 3323
f 3319 3323 3324
f 3325 3326 3319
f 3327 3319 3324
f 3327 3325 3319
f 3328 3327 3324
f 3329 3328 3324
f 710 3324 712
f 3330 3331 3332
f 3330 3332 3333
f 3334 3335 3330
f 3334 3333 3329
f 3334 3329 3324
f 3334 3330 3333
f 708 3324 710
f 706 3324 708
f 704 3324 706
f 702 3324 704
f 700 3324 702
f 698 3324 700
f 695 3324 698
f 693 3324 695
f 3336 3337 3338
f 3336 3338 3339
f 3340 3336 3339
f 3341 3340 3339
f 3341 3342 3340
f 3343 3341 3339
f 3343 3344 3341
f 3345 3346 3347
f 3345 3347 3343
f 3348 3345 3343
f 3349 3343 3339
f 3349 3350 3351
f 3349 3351 3348
f 3349 3348 3343
f 3352 3349 3339
f 3352 3339 3334
f 3353 3324 693
f 3353 3352 3334
f 3353 3334 3324
f 3354 3353 693
f 3354 693 691
f 3354 691 690
f 3355 3354 690
f 3356 3355 690
f 3357 3356 690
f 3358 3357 690
f 3359 3358 690
f 3360 3359 690
f 3361 3360 690
f 833 3361 690
f 1408 1407 3362
f 3363 3362 3364
f 3363 1408 3362
f 3365 3364 3366
f 3365 3363 3364
f 3367 3366 3368
f 3367 3365 3366
f 3369 3368 3370
f 3369 3367 3368
f 3371 3370 3372
f 3371 3369 3370
f 3373 3372 3374
f 3373 3371 3372
f 3375 3374 3376
f 3375 3373 3374
f 3377 3376 3378
f 3377 3375 3376
f 3379 3378 3380
f 3379 3377 3378
f 3381 3380 3382
f 3381 3379 3380
f 3383 3382 3384
f 3383 3381 3382
f 3385 3384 3386
f 3385 3383 3384
f 3387 3385 3386
f 3388 3386 3389
f 3388 3389 3390
f 3388 3387 3386
f 3391 3388 3390
f 3315 3390 3318
f 3315 3391 3390
f 3392 3317 3316
f 3392 3316 3393
f 3394 3393 3395
f 3394 3392 3393
f 3396 3395 3397
f 3396 3394 3395
f 3398 3397 3399
f 3398 3396 3397
f 3400 3399 3401
f 3400 3398 3399
f 3402 3401 3403
f 3402 3400 3401
f 3404 3403 3405
f 3404 3402 3403
f 301 3405 3406
f 301 3404 3405
f 310 3406 3407
f 310 301 3406
f 309 3407 3408
f 309 310 3407
f 307 3408 3409
f 307 309 3408
f 305 3409 3410
f 305 307 3409
f 304 3410 3411
f 304 305 3410
f 303 3411 3412
f 303 304 3411
f 290 3412 318
f 290 303 3412
f 2845 1553 1557
f 1556 2847 2845
f 1556 2845 1557
f 1558 2849 2847
f 1558 2847 1556
f 2851 2849 1558
f 1559 2851 1558
f 2853 2851 1559
f 1560 2854 2853
f 1560 2853 1559
f 1562 2778 1561
f 3413 1560 1561
f 3413 2856 2854
f 3413 2778 2856
f 3413 2854 1560
f 3413 1561 2778
f 2778 1562 1563
f 2779 1563 1435
f 2779 1435 1434
f 2779 2778 1563
f 1443 1442 2779
f 1441 2834 2832
f 1440 2836 2834
f 1440 2834 1441
f 1434 1443 2779
f 1439 2838 2836
f 1439 2836 1440
f 1438 2838 1439
f 2840 2838 1438
f 1437 2840 1438
f 2842 2840 1437
f 1436 2842 1437
f 1433 2842 1436
f 3414 2830 2779
f 3414 2832 2830
f 3414 1442 1441
f 3414 2779 1442
f 3414 1441 2832
f 1572 1571 2757
f 1570 2881 2883
f 1569 2879 2881
f 1569 2881 1570
f 1573 1572 2757
f 1568 2877 2879
f 1568 2879 1569
f 1567 2877 1568
f 2875 2877 1567
f 1564 2875 1567
f 2873 2875 1564
f 1566 2873 1564
f 1565 2873 1566
f 3415 2885 2757
f 3415 2883 2885
f 3415 1571 1570
f 3415 2757 1571
f 3415 1570 2883
f 1500 2759 1514
f 1574 2757 2759
f 1574 1573 2757
f 1574 2759 1500
f 2871 1513 1520
f 1519 2869 2871
f 1519 2871 1520
f 1518 2867 2869
f 1518 2869 1519
f 2865 2867 1518
f 1517 2865 1518
f 2863 2865 1517
f 1516 2861 2863
f 1516 2863 1517
f 1514 2759 1515
f 3416 1516 1515
f 3416 2859 2861
f 3416 2759 2859
f 3416 2861 1516
f 3416 1515 2759
f 1756 1444 1757
f 1756 1445 1444
f 2629 1757 1444
f 2629 1444 1456
f 2628 1456 1455
f 2628 2629 1456
f 2626 1455 1454
f 2626 2628 1455
f 2624 1454 1453
f 2624 2626 1454
f 2622 1453 1461
f 2622 2624 1453
f 2619 1461 1460
f 2619 2622 1461
f 2618 1460 1459
f 2618 2619 1460
f 2616 1459 1462
f 2616 2618 1459
f 2614 1462 1463
f 2614 2616 1462
f 2612 1463 1464
f 2612 2614 1463
f 2610 1464 1465
f 2610 2612 1464
f 2608 1465 1466
f 2608 2610 1465
f 2606 1466 1467
f 2606 2608 1466
f 2604 1467 1468
f 2604 2606 1467
f 2602 1468 1469
f 2602 2604 1468
f 1584 1469 1470
f 1584 2602 1469
f 3417 2843 1445
f 3417 2841 2843
f 3417 2839 2841
f 3417 1445 1756
f 3418 2837 2839
f 3418 2835 2837
f 3418 2839 3417
f 3419 1760 1761
f 3419 1759 1760
f 3419 1756 1759
f 3419 3417 1756
f 3420 2833 2835
f 3420 2831 2833
f 3420 2776 2831
f 3420 2835 3418
f 3421 1767 1766
f 3421 1761 1767
f 3421 3417 3419
f 3421 3419 1761
f 3421 3418 3417
f 3422 1763 2776
f 3422 1764 1763
f 3422 1765 1764
f 3422 1766 1765
f 3422 3418 3421
f 3422 2776 3420
f 3422 3420 3418
f 3422 3421 1766
f 1584 1525 1585
f 1584 1470 1525
f 1785 2777 2776
f 1785 2776 1763
f 2632 1585 1525
f 2632 1525 1536
f 2634 1536 1539
f 2634 2632 1536
f 2636 1539 1541
f 2636 2634 1539
f 2638 1541 1544
f 2638 2636 1541
f 2640 1544 1547
f 2640 2638 1544
f 2642 1547 1549
f 2642 2640 1547
f 2644 1549 1551
f 2644 2642 1549
f 2646 1551 1552
f 2646 2644 1551
f 2648 1552 1550
f 2648 2646 1552
f 2650 1550 1548
f 2650 2648 1550
f 2652 1548 1546
f 2652 2650 1548
f 2654 1546 1542
f 2654 2652 1546
f 2656 1542 1540
f 2656 2654 1542
f 2658 1540 1538
f 2658 2656 1540
f 1535 2658 1538
f 2660 2658 1535
f 1687 2660 1535
f 1687 1535 1531
f 3423 2857 2777
f 3423 2855 2857
f 3423 2852 2855
f 3424 2850 2852
f 3424 2848 2850
f 3424 2852 3423
f 3425 1836 1835
f 3425 1837 1836
f 3425 1785 1837
f 3425 2777 1785
f 3425 3423 2777
f 3426 2846 2848
f 3426 2844 2846
f 3426 1554 2844
f 3426 2848 3424
f 3427 1834 1833
f 3427 1835 1834
f 3427 3423 3425
f 3427 3425 1835
f 3427 3424 3423
f 3428 1839 1554
f 3428 1840 1839
f 3428 1832 1840
f 3428 1833 1832
f 3428 3424 3427
f 3428 3427 1833
f 3428 3426 3424
f 3428 1554 3426
f 1531 1532 1685
f 1531 1685 1687
f 1788 1555 1554
f 1788 1554 1839
f 3429 2858 2758
f 3429 2860 2858
f 3429 2862 2860
f 3430 2864 2862
f 3430 2866 2864
f 3430 2862 3429
f 3431 1694 1693
f 3431 1695 1694
f 3431 1696 1695
f 3431 2758 1696
f 3431 3429 2758
f 3432 2868 2866
f 3432 2870 2868
f 3432 1532 2870
f 3432 2866 3430
f 3433 1692 1690
f 3433 1693 1692
f 3433 3430 3429
f 3433 3431 1693
f 3433 3429 3431
f 3434 1688 1685
f 3434 1689 1688
f 3434 1690 1689
f 3434 1685 1532
f 3434 3430 3433
f 3434 3432 3430
f 3434 3433 1690
f 3434 1532 3432
f 2898 1555 1788
f 2898 1788 1787
f 2896 1787 1786
f 2896 2898 1787
f 2895 1786 1790
f 2895 2896 1786
f 2893 1790 1789
f 2893 2895 1790
f 2891 1789 1791
f 2891 2893 1789
f 2889 1791 1792
f 2889 2891 1791
f 2887 1792 1794
f 2887 2889 1792
f 1608 1794 1793
f 1608 2887 1794
f 2760 1705 1696
f 2760 1696 2758
f 1841 1603 1608
f 1841 1608 1793
f 3435 2872 1576
f 3435 2874 2872
f 3435 2876 2874
f 3436 2878 2876
f 3436 2880 2878
f 3436 2876 3435
f 3437 1751 1750
f 3437 1754 1751
f 3437 1755 1754
f 3437 1576 1755
f 3437 3435 1576
f 3438 2882 2880
f 3438 2884 2882
f 3438 2760 2884
f 3438 2880 3436
f 3439 1749 1748
f 3439 1750 1749
f 3439 3437 1750
f 3439 3435 3437
f 3439 3436 3435
f 3440 1746 1705
f 3440 1747 1746
f 3440 1748 1747
f 3440 1705 2760
f 3440 3436 3439
f 3440 3438 3436
f 3440 3439 1748
f 3440 2760 3438
f 1587 1580 1588
f 2541 1580 1587
f 1590 2541 1587
f 2543 2541 1590
f 1589 2543 1590
f 2545 2543 1589
f 1592 2545 1589
f 2547 2545 1592
f 1591 2547 1592
f 2550 2547 1591
f 1593 2550 1591
f 2552 2550 1593
f 1595 2552 1593
f 2554 2552 1595
f 1594 2554 1595
f 2556 2554 1594
f 1597 2556 1594
f 2558 2556 1597
f 1596 2558 1597
f 2560 2558 1596
f 1600 2560 1596
f 2562 2560 1600
f 1599 2562 1600
f 2564 2562 1599
f 1598 2564 1599
f 2566 2564 1598
f 2568 1598 1602
f 2568 2566 1598
f 2570 1602 1601
f 2570 2568 1602
f 1841 1601 1603
f 1841 2570 1601
f 1576 1575 1707
f 1576 1707 1755
f 1580 1582 1619
f 1588 1580 1619
f 2886 1674 1712
f 2886 1712 1714
f 2888 1714 1713
f 2888 2886 1714
f 2890 1713 1711
f 2890 2888 1713
f 2892 1711 1709
f 2892 2890 1711
f 2894 1709 1710
f 2894 2892 1709
f 2897 1710 1706
f 2897 2894 1710
f 2899 1706 1708
f 2899 2897 1706
f 1575 1708 1707
f 1575 2899 1708
f 2600 1753 1668
f 2600 1668 1666
f 2598 1666 1665
f 2598 2600 1666
f 2596 1665 1663
f 2596 2598 1665
f 2594 1663 1662
f 2594 2596 1663
f 2592 1662 1661
f 2592 2594 1662
f 2590 1661 1659
f 2590 2592 1661
f 2588 1659 1658
f 2588 2590 1659
f 1656 2588 1658
f 2586 2588 1656
f 2584 1656 1655
f 2584 2586 1656
f 1653 2584 1655
f 2582 2584 1653
f 1649 2582 1653
f 2580 2582 1649
f 1648 2580 1649
f 2578 2580 1648
f 2576 1648 1645
f 2576 2578 1648
f 1644 2576 1645
f 2574 2576 1644
f 1641 2574 1644
f 2572 2574 1641
f 1619 2572 1641
f 1582 2572 1619
f 1674 1668 1753
f 1674 1753 1712
f 2447 1752 2434
f 2447 1745 1752
f 2287 1579 2264
f 2571 1579 2287
f 2293 2571 2287
f 2573 2571 2293
f 2299 2573 2293
f 2575 2573 2299
f 2304 2575 2299
f 2577 2575 2304
f 2579 2304 2309
f 2579 2577 2304
f 2581 2309 2315
f 2581 2579 2309
f 2583 2315 2320
f 2583 2581 2315
f 2585 2320 2328
f 2585 2583 2320
f 2587 2328 2343
f 2587 2585 2328
f 2589 2343 2351
f 2589 2587 2343
f 2591 2351 2397
f 2591 2589 2351
f 2593 2397 2408
f 2593 2591 2397
f 2595 2408 2410
f 2595 2593 2408
f 2597 2410 2412
f 2597 2595 2410
f 2599 2412 2427
f 2599 2597 2412
f 1752 2427 2434
f 1752 2599 2427
f 3441 2816 1419
f 3441 2818 2816
f 3441 2820 2818
f 3442 2822 2820
f 3442 2824 2822
f 3442 2820 3441
f 3443 1739 1740
f 3443 1738 1739
f 3443 1732 1738
f 3443 1419 1732
f 3443 3441 1419
f 3444 2826 2824
f 3444 2828 2826
f 3444 2447 2828
f 3444 1745 2447
f 3444 2824 3442
f 3445 1741 1742
f 3445 1740 1741
f 3445 3441 3443
f 3445 3442 3441
f 3445 3443 1740
f 3446 1744 1745
f 3446 1743 1744
f 3446 1742 1743
f 3446 3442 3445
f 3446 1745 3444
f 3446 3445 1742
f 3446 3444 3442
f 1942 2264 1579
f 1942 1579 1581
f 1419 1408 1731
f 1419 1731 1732
f 2569 1838 1940
f 2569 1940 1934
f 2567 1934 1928
f 2567 2569 1934
f 2565 1928 1924
f 2565 2567 1928
f 2563 1924 1920
f 2563 2565 1924
f 1916 2563 1920
f 2561 2563 1916
f 1912 2561 1916
f 2559 2561 1912
f 1908 2559 1912
f 2557 2559 1908
f 1906 2557 1908
f 2555 2557 1906
f 1905 2555 1906
f 2553 2555 1905
f 1910 2553 1905
f 2551 2553 1910
f 1914 2551 1910
f 2549 2551 1914
f 2548 1914 1918
f 2548 2549 1914
f 2546 1918 1922
f 2546 2548 1918
f 2544 1922 1926
f 2544 2546 1922
f 2542 1926 1930
f 2542 2544 1926
f 1581 1930 1942
f 1581 2542 1930
f 3447 1717 1716
f 3447 1718 1717
f 3447 1715 1718
f 3448 1719 1721
f 3448 1716 1719
f 3448 3447 1716
f 3449 3448 1721
f 3449 1720 1723
f 3449 1721 1720
f 3450 3391 3315
f 3450 3388 3391
f 3450 3387 3388
f 3450 3315 1715
f 3450 1715 3447
f 3451 1722 1725
f 3451 1723 1722
f 3451 3449 1723
f 3452 3385 3387
f 3452 3383 3385
f 3452 3447 3448
f 3452 3450 3447
f 3452 3387 3450
f 3453 1724 1728
f 3453 1725 1724
f 3453 3451 1725
f 3454 3381 3383
f 3454 3379 3381
f 3454 3448 3449
f 3454 3452 3448
f 3454 3383 3452
f 3455 1727 1726
f 3455 1728 1727
f 3455 3453 1728
f 3456 3377 3379
f 3456 3375 3377
f 3456 3449 3451
f 3456 3454 3449
f 3456 3379 3454
f 3457 1729 1731
f 3457 1730 1729
f 3457 1726 1730
f 3457 3455 1726
f 3458 3451 3453
f 3458 3373 3375
f 3458 3371 3373
f 3458 3375 3456
f 3458 3456 3451
f 3459 3369 3371
f 3459 3367 3369
f 3459 3458 3453
f 3459 3453 3455
f 3459 3371 3458
f 3460 1731 1408
f 3460 3365 3367
f 3460 3363 3365
f 3460 1408 3363
f 3460 3459 3455
f 3460 3457 1731
f 3460 3455 3457
f 3460 3367 3459
f 2165 1940 1838
f 2165 1838 1831
f 3317 1715 3315
f 1704 1715 3317
f 3461 2815 2165
f 3461 2813 2815
f 3461 2811 2813
f 3462 2809 2811
f 3462 2807 2809
f 3462 2811 3461
f 3463 1829 1828
f 3463 1830 1829
f 3463 1831 1830
f 3463 2165 1831
f 3463 3461 2165
f 3464 2805 2807
f 3464 2803 2805
f 3464 1387 2803
f 3464 2807 3462
f 3465 1827 1826
f 3465 1828 1827
f 3465 3461 3463
f 3465 3463 1828
f 3465 3462 3461
f 3466 1816 1387
f 3466 1824 1816
f 3466 1825 1824
f 3466 1826 1825
f 3466 3462 3465
f 3466 3464 3462
f 3466 3465 1826
f 3466 1387 3464
f 3467 1697 1699
f 3467 1698 1697
f 3467 299 1698
f 3468 1701 1700
f 3468 1699 1701
f 3468 3467 1699
f 3469 1702 1704
f 3469 1703 1702
f 3469 1700 1703
f 3469 1704 3317
f 3469 3468 1700
f 3470 301 299
f 3470 3404 301
f 3470 3402 3404
f 3470 3400 3402
f 3470 299 3467
f 3471 3398 3400
f 3471 3396 3398
f 3471 3470 3467
f 3471 3400 3470
f 3471 3467 3468
f 3472 3394 3396
f 3472 3392 3394
f 3472 3317 3392
f 3472 3396 3471
f 3472 3469 3317
f 3472 3471 3468
f 3472 3468 3469
f 1812 1385 1387
f 1812 1387 1816
f 1737 834 1691
f 1737 3305 834
f 1736 3307 3305
f 1736 3305 1737
f 1735 3309 3307
f 1735 3307 1736
f 1734 3311 3309
f 1734 3309 1735
f 1733 3313 3311
f 1733 3311 1734
f 277 276 3313
f 277 3313 1733
f 3473 1811 1809
f 3473 1810 1811
f 3473 1812 1810
f 3474 1805 1808
f 3474 1809 1805
f 3474 3473 1809
f 3475 1807 1806
f 3475 1808 1807
f 3475 3474 1808
f 3476 1385 1812
f 3476 3261 1385
f 3476 3263 3261
f 3476 3265 3263
f 3476 1812 3473
f 3477 1803 1804
f 3477 1806 1803
f 3477 3475 1806
f 3478 3267 3265
f 3478 3269 3267
f 3478 3473 3474
f 3478 3476 3473
f 3478 3265 3476
f 3479 1802 1800
f 3479 1804 1802
f 3479 3477 1804
f 3480 3271 3269
f 3480 3273 3271
f 3480 3478 3474
f 3480 3474 3475
f 3480 3269 3478
f 3481 1801 1797
f 3481 1800 1801
f 3481 3479 1800
f 3482 3275 3273
f 3482 3277 3275
f 3482 3475 3477
f 3482 3480 3475
f 3482 3273 3480
f 3483 1798 1795
f 3483 1799 1798
f 3483 1797 1799
f 3483 3481 1797
f 3484 3279 3277
f 3484 3281 3279
f 3484 3277 3482
f 3484 3477 3479
f 3484 3482 3477
f 3485 3283 3281
f 3485 3285 3283
f 3485 3281 3484
f 3485 3484 3479
f 3485 3479 3481
f 3486 3485 3481
f 3486 1795 3231
f 3486 3288 3285
f 3486 3289 3288
f 3486 3231 3289
f 3486 3483 1795
f 3486 3285 3485
f 3486 3481 3483
f 834 807 1686
f 834 1686 1691
f 3232 3231 1795
f 3232 1795 1782
f 2659 1686 807
f 2659 807 806
f 2657 806 805
f 2657 2659 806
f 2655 805 804
f 2655 2657 805
f 802 2655 804
f 2653 2655 802
f 801 2653 802
f 2651 2653 801
f 800 2651 801
f 2649 2651 800
f 799 2649 800
f 2647 2649 799
f 796 2647 799
f 2645 2647 796
f 795 2645 796
f 2643 2645 795
f 794 2643 795
f 2641 2643 794
f 2639 794 793
f 2639 2641 794
f 790 2639 793
f 2637 2639 790
f 789 2637 790
f 2635 2637 789
f 2633 789 788
f 2633 2635 789
f 785 2633 788
f 2631 2633 785
f 1583 2631 785
f 1583 785 768
f 3487 3232 1782
f 3487 1781 1778
f 3487 1783 1781
f 3487 1782 1783
f 3488 1780 1779
f 3488 1778 1780
f 3488 3487 1778
f 3489 1775 1777
f 3489 1779 1775
f 3489 3488 1779
f 3490 3303 3232
f 3490 3301 3303
f 3490 3299 3301
f 3490 3232 3487
f 3491 1777 1776
f 3491 3489 1777
f 3492 3297 3299
f 3492 3295 3297
f 3492 3487 3488
f 3492 3490 3487
f 3492 3299 3490
f 3493 1774 1768
f 3493 1776 1774
f 3493 3491 1776
f 3494 3293 3295
f 3494 3291 3293
f 3494 3492 3488
f 3494 3295 3492
f 3494 3488 3489
f 3495 1773 1772
f 3495 1768 1773
f 3495 3493 1768
f 3496 326 3291
f 3496 3291 3494
f 3496 3494 3489
f 3496 3489 3491
f 3497 1770 1769
f 3497 1771 1770
f 3497 1772 1771
f 3497 1769 320
f 3497 3495 1772
f 3498 325 326
f 3498 324 325
f 3498 3496 3491
f 3498 326 3496
f 3498 3491 3493
f 3499 323 324
f 3499 322 323
f 3499 3493 3495
f 3499 324 3498
f 3499 3498 3493
f 3500 321 322
f 3500 319 321
f 3500 320 319
f 3500 3499 3495
f 3500 3497 320
f 3500 322 3499
f 3500 3495 3497
f 745 1586 1583
f 745 1583 768
f 3212 320 1769
f 1784 3212 1769
f 3213 3212 1784
f 1796 3213 1784
f 3214 3213 1796
f 1815 3214 1796
f 3215 3214 1815
f 1814 3215 1815
f 3216 3215 1814
f 1813 3216 1814
f 3217 3216 1813
f 1823 3217 1813
f 3218 3217 1823
f 1822 3218 1823
f 3219 3218 1822
f 1821 3219 1822
f 3221 3219 1821
f 1820 3221 1821
f 3223 3221 1820
f 1819 3223 1820
f 3225 3223 1819
f 1818 3225 1819
f 3227 3225 1818
f 1817 3227 1818
f 755 3227 1817
f 1762 755 1817
f 744 1586 745
f 2601 1586 744
f 743 2601 744
f 2603 2601 743
f 742 2603 743
f 2605 2603 742
f 737 2605 742
f 2607 2605 737
f 736 2607 737
f 2609 2607 736
f 735 2609 736
f 2611 2609 735
f 2613 735 734
f 2613 2611 735
f 733 2613 734
f 2615 2613 733
f 732 2615 733
f 2617 2615 732
f 2620 732 731
f 2620 2617 732
f 2621 731 730
f 2621 2620 731
f 2623 730 729
f 2623 2621 730
f 2625 729 741
f 2625 2623 729
f 2627 741 740
f 2627 2625 741
f 2630 740 739
f 2630 2627 740
f 1758 739 738
f 1758 2630 739
f 1758 738 755
f 1758 755 1762
f 712 3324 1407
f 728 726 1407
f 726 724 1407
f 724 722 1407
f 722 720 1407
f 720 718 1407
f 718 716 1407
f 716 714 1407
f 714 712 1407
f 3501 3322 3321
f 3501 3323 3322
f 3501 3324 3323
f 3502 3320 3319
f 3502 3321 3320
f 3502 3501 3321
f 3503 3326 3325
f 3503 3319 3326
f 3503 3502 3319
f 3504 1407 3324
f 3504 3362 1407
f 3504 3364 3362
f 3504 3366 3364
f 3504 3324 3501
f 3505 3327 3328
f 3505 3325 3327
f 3505 3503 3325
f 3506 3368 3366
f 3506 3370 3368
f 3506 3501 3502
f 3506 3504 3501
f 3506 3366 3504
f 3507 3329 3333
f 3507 3328 3329
f 3507 3505 3328
f 3508 3372 3370
f 3508 3374 3372
f 3508 3370 3506
f 3508 3506 3502
f 3508 3502 3503
f 3509 3332 3331
f 3509 3333 3332
f 3509 3507 3333
f 3510 3376 3374
f 3510 3378 3376
f 3510 3503 3505
f 3510 3374 3508
f 3510 3508 3503
f 3511 3335 3334
f 3511 3330 3335
f 3511 3331 3330
f 3511 3509 3331
f 3512 3380 3378
f 3512 3382 3380
f 3512 3378 3510
f 3512 3505 3507
f 3512 3510 3505
f 3513 3384 3382
f 3513 3386 3384
f 3513 3382 3512
f 3513 3512 3507
f 3513 3507 3509
f 3514 3513 3509
f 3514 3334 3318
f 3514 3389 3386
f 3514 3390 3389
f 3514 3318 3390
f 3514 3511 3334
f 3514 3386 3513
f 3514 3509 3511
f 3318 3339 3316
f 3318 3334 3339
f 3515 3316 3339
f 3515 3337 3336
f 3515 3338 3337
f 3515 3339 3338
f 3516 3340 3342
f 3516 3336 3340
f 3516 3515 3336
f 3517 3341 3344
f 3517 3342 3341
f 3517 3516 3342
f 3518 3393 3316
f 3518 3395 3393
f 3518 3397 3395
f 3518 3316 3515
f 3519 3344 3343
f 3519 3517 3344
f 3520 3399 3397
f 3520 3401 3399
f 3520 3518 3515
f 3520 3515 3516
f 3520 3397 3518
f 3521 3347 3346
f 3521 3343 3347
f 3521 3519 3343
f 3522 3403 3401
f 3522 3405 3403
f 3522 3401 3520
f 3522 3520 3516
f 3522 3516 3517
f 3523 3345 3348
f 3523 3346 3345
f 3523 3521 3346
f 3524 3406 3405
f 3524 3405 3522
f 3524 3522 3517
f 3524 3517 3519
f 3525 3350 3349
f 3525 3351 3350
f 3525 3348 3351
f 3525 3349 318
f 3525 3523 3348
f 3526 3407 3406
f 3526 3408 3407
f 3526 3406 3524
f 3526 3524 3519
f 3526 3519 3521
f 3527 3409 3408
f 3527 3410 3409
f 3527 3526 3521
f 3527 3521 3523
f 3527 3408 3526
f 3528 3411 3410
f 3528 3412 3411
f 3528 318 3412
f 3528 3525 318
f 3528 3523 3525
f 3528 3410 3527
f 3528 3527 3523
f 3352 318 3349
f 3352 317 318
f 3353 316 317
f 3353 317 3352
f 3354 315 316
f 3354 316 3353
f 3355 314 315
f 3355 315 3354
f 3356 313 314
f 3356 314 3355
f 3357 311 313
f 3357 313 3356
f 3358 312 311
f 3358 311 3357
f 3359 3314 312
f 3359 312 3358
f 3360 3312 3314
f 3360 3314 3359
f 3361 3310 3312
f 3361 3312 3360
f 833 3308 3310
f 833 3310 3361
f 831 3306 3308
f 831 3308 833
f 832 3306 831
f 819 3306 832
f 711 1386 3236
f 713 1386 711
f 715 1386 713
f 717 1386 715
f 719 1386 717
f 721 1386 719
f 723 1386 721
f 725 1386 723
f 727 1386 725
f 3529 3257 3253
f 3529 3258 3257
f 3529 3256 3258
f 3530 3252 3249
f 3530 3253 3252
f 3530 3529 3253
f 3531 3530 3249
f 3531 3245 3246
f 3531 3249 3245
f 3532 3290 3230
f 3532 3287 3290
f 3532 3286 3287
f 3532 3230 3256
f 3532 3256 3529
f 3533 3241 3244
f 3533 3246 3241
f 3533 3531 3246
f 3534 3284 3286
f 3534 3282 3284
f 3534 3529 3530
f 3534 3532 3529
f 3534 3286 3532
f 3535 3243 3242
f 3535 3244 3243
f 3535 3533 3244
f 3536 3280 3282
f 3536 3278 3280
f 3536 3530 3531
f 3536 3534 3530
f 3536 3282 3534
f 3537 3237 3240
f 3537 3242 3237
f 3537 3535 3242
f 3538 3276 3278
f 3538 3274 3276
f 3538 3531 3533
f 3538 3536 3531
f 3538 3278 3536
f 3539 3238 3236
f 3539 3239 3238
f 3539 3240 3239
f 3539 3537 3240
f 3540 3533 3535
f 3540 3272 3274
f 3540 3270 3272
f 3540 3274 3538
f 3540 3538 3533
f 3541 3268 3270
f 3541 3266 3268
f 3541 3540 3535
f 3541 3535 3537
f 3541 3270 3540
f 3542 3236 1386
f 3542 3264 3266
f 3542 3262 3264
f 3542 1386 3262
f 3542 3541 3537
f 3542 3537 3539
f 3542 3539 3236
f 3542 3266 3541
f 3229 3256 3230
f 3259 3256 3229
f 3543 3247 3251
f 3543 3248 3247
f 3543 263 3248
f 3544 3250 3255
f 3544 3251 3250
f 3544 3543 3251
f 3545 3260 3259
f 3545 3254 3260
f 3545 3255 3254
f 3545 3544 3255
f 3546 272 263
f 3546 3292 272
f 3546 3294 3292
f 3546 3296 3294
f 3546 263 3543
f 3547 3298 3296
f 3547 3300 3298
f 3547 3546 3543
f 3547 3296 3546
f 3547 3543 3544
f 3548 3259 3229
f 3548 3302 3300
f 3548 3304 3302
f 3548 3229 3304
f 3548 3300 3547
f 3548 3547 3544
f 3548 3544 3545
f 3548 3545 3259
f 3228 756 758
f 757 3228 758
f 3226 3228 757
f 759 3226 757
f 3224 3226 759
f 3233 3224 759
f 3222 3224 3233
f 3234 3222 3233
f 3220 3222 3234
f 3235 3220 3234
f 240 3220 3235
f 241 240 3235
f 1397 2162 2900
f 1397 1398 2162
f 3549 3172 2900
f 3549 3171 3172
f 3549 3170 3171
f 3550 3169 3170
f 3550 3168 3169
f 3550 3170 3549
f 3551 2147 2146
f 3551 2153 2147
f 3551 2162 2153
f 3551 2900 2162
f 3551 3549 2900
f 3552 3167 3168
f 3552 3166 3167
f 3552 3168 3550
f 3553 2141 2134
f 3553 2146 2141
f 3553 3549 3551
f 3553 3551 2146
f 3553 3550 3549
f 3554 3165 3166
f 3554 3164 3165
f 3554 3166 3552
f 3555 2121 2119
f 3555 2134 2121
f 3555 3550 3553
f 3555 3553 2134
f 3555 3552 3550
f 3556 3163 3164
f 3556 3162 3163
f 3556 3164 3554
f 3557 2117 2115
f 3557 2119 2117
f 3557 3552 3555
f 3557 3555 2119
f 3557 3554 3552
f 3558 3161 3162
f 3558 3160 3161
f 3558 2730 3160
f 3558 3162 3556
f 3559 2113 2111
f 3559 2115 2113
f 3559 3554 3557
f 3559 3557 2115
f 3559 3556 3554
f 3560 2104 2730
f 3560 2106 2104
f 3560 2108 2106
f 3560 2111 2108
f 3560 3559 2111
f 3560 3556 3559
f 3560 3558 3556
f 3560 2730 3558
f 2731 2730 2104
f 2731 2104 2101
f 2732 2101 2098
f 2732 2731 2101
f 2733 2098 2095
f 2733 2732 2098
f 2734 2095 2092
f 2734 2733 2095
f 2735 2092 2089
f 2735 2734 2092
f 2736 2089 2085
f 2736 2735 2089
f 2737 2085 2082
f 2737 2736 2085
f 2738 2082 2079
f 2738 2737 2082
f 2739 2079 2076
f 2739 2738 2079
f 2740 2076 2072
f 2740 2739 2076
f 2741 2072 2066
f 2741 2740 2072
f 2742 2066 2065
f 2742 2741 2066
f 3561 3159 2742
f 3561 3158 3159
f 3561 3156 3158
f 3561 2742 2065
f 3562 3157 3156
f 3562 3155 3157
f 3562 3156 3561
f 3563 2058 2057
f 3563 2064 2058
f 3563 2065 2064
f 3563 3561 2065
f 3564 3153 3155
f 3564 3154 3153
f 3564 3155 3562
f 3565 2056 2055
f 3565 2057 2056
f 3565 3561 3563
f 3565 3563 2057
f 3565 3562 3561
f 3566 3151 3154
f 3566 3152 3151
f 3566 3154 3564
f 3567 2038 2037
f 3567 2055 2038
f 3567 3562 3565
f 3567 3565 2055
f 3567 3564 3562
f 3568 3150 3152
f 3568 3149 3150
f 3568 3152 3566
f 3569 2019 2017
f 3569 2037 2019
f 3569 3564 3567
f 3569 3567 2037
f 3569 3566 3564
f 3570 3148 3149
f 3570 3147 3148
f 3570 2984 3147
f 3570 3149 3568
f 3571 2015 2004
f 3571 2017 2015
f 3571 3569 2017
f 3571 3566 3569
f 3571 3568 3566
f 3572 1998 2984
f 3572 2001 1998
f 3572 2002 2001
f 3572 2004 2002
f 3572 3571 2004
f 3572 3568 3571
f 3572 3570 3568
f 3572 2984 3570
f 2984 1967 2985
f 2984 1998 1967
f 3573 3116 2985
f 3573 3115 3116
f 3573 3114 3115
f 3574 3113 3114
f 3574 3112 3113
f 3574 3114 3573
f 3575 1962 1959
f 3575 1964 1962
f 3575 1967 1964
f 3575 2985 1967
f 3575 3573 2985
f 3576 3111 3112
f 3576 3110 3111
f 3576 3112 3574
f 3577 1955 1953
f 3577 1959 1955
f 3577 3573 3575
f 3577 3575 1959
f 3577 3574 3573
f 3578 3109 3110
f 3578 3108 3109
f 3578 3110 3576
f 3579 1951 1949
f 3579 1953 1951
f 3579 3574 3577
f 3579 3576 3574
f 3579 3577 1953
f 3580 3107 3108
f 3580 3106 3107
f 3580 3108 3578
f 3581 1948 1947
f 3581 1949 1948
f 3581 3578 3576
f 3581 3576 3579
f 3581 3579 1949
f 3582 3105 3106
f 3582 3104 3105
f 3582 3106 3580
f 3583 1950 1952
f 3583 1947 1950
f 3583 3578 3581
f 3583 3580 3578
f 3583 3581 1947
f 3584 3103 3104
f 3584 3102 3103
f 3584 2729 3102
f 3584 1970 2729
f 3584 3104 3582
f 3585 1957 1958
f 3585 1952 1957
f 3585 3583 1952
f 3585 3582 3580
f 3585 3580 3583
f 3586 1966 1970
f 3586 1961 1966
f 3586 1958 1961
f 3586 1970 3584
f 3586 3582 3585
f 3586 3585 1958
f 3586 3584 3582
f 1396 2176 1395
f 1970 2176 1396
f 2729 1970 1396
f 2802 1388 1390
f 1389 2804 2802
f 1389 2802 1390
f 1391 2806 2804
f 1391 2804 1389
f 2808 2806 1391
f 1392 2808 1391
f 2810 2808 1392
f 1393 2812 2810
f 1393 2810 1392
f 1395 2176 1394
f 3587 1393 1394
f 3587 2814 2812
f 3587 2176 2814
f 3587 2812 1393
f 3587 1394 2176
f 2392 1406 1405
f 2392 1405 2942
f 3588 3061 1198
f 3588 3062 3061
f 3588 3060 3062
f 3589 3059 3060
f 3589 3057 3059
f 3589 3060 3588
f 3590 2373 2367
f 3590 2380 2373
f 3590 2385 2380
f 3590 1198 2385
f 3590 3588 1198
f 3591 3058 3057
f 3591 3056 3058
f 3591 3057 3589
f 3592 2360 2356
f 3592 2367 2360
f 3592 3588 3590
f 3592 3589 3588
f 3592 3590 2367
f 3593 3055 3056
f 3593 3054 3055
f 3593 3056 3591
f 3594 2352 2354
f 3594 2356 2352
f 3594 3592 2356
f 3594 3589 3592
f 3594 3591 3589
f 3595 3053 3054
f 3595 3052 3053
f 3595 3054 3593
f 3596 2358 2362
f 3596 2354 2358
f 3596 3591 3594
f 3596 3593 3591
f 3596 3594 2354
f 3597 3051 3052
f 3597 3050 3051
f 3597 2942 3050
f 3597 2392 2942
f 3597 3052 3595
f 3598 2369 2375
f 3598 2362 2369
f 3598 3597 3595
f 3598 3595 3593
f 3598 3596 2362
f 3598 3593 3596
f 3599 2387 2392
f 3599 2382 2387
f 3599 2375 2382
f 3599 3598 2375
f 3599 2392 3597
f 3599 3597 3598
f 1187 1186 2386
f 1187 2386 2396
f 1188 2396 2399
f 1188 1187 2396
f 1189 2399 2402
f 1189 1188 2399
f 1190 2402 2404
f 1190 1189 2402
f 1191 2404 2406
f 1191 1190 2404
f 1192 2406 2407
f 1192 1191 2406
f 2405 1192 2407
f 1193 1192 2405
f 1194 2405 2403
f 1194 1193 2405
f 1195 2403 2401
f 1195 1194 2403
f 1196 2401 2398
f 1196 1195 2401
f 1197 2398 2395
f 1197 1196 2398
f 1198 2395 2385
f 1198 1197 2395
f 3600 3049 2993
f 3600 3047 3049
f 3600 3048 3047
f 3601 3046 3048
f 3601 3044 3046
f 3601 3048 3600
f 3602 2383 2378
f 3602 2389 2383
f 3602 2394 2389
f 3602 2993 2394
f 3602 3600 2993
f 3603 3045 3044
f 3603 3042 3045
f 3603 3044 3601
f 3604 2370 2365
f 3604 2378 2370
f 3604 3600 3602
f 3604 3601 3600
f 3604 3602 2378
f 3605 3043 3042
f 3605 3041 3043
f 3605 3042 3603
f 3606 2359 2355
f 3606 2365 2359
f 3606 3604 2365
f 3606 3603 3601
f 3606 3601 3604
f 3607 3040 3041
f 3607 3039 3040
f 3607 3041 3605
f 3608 2353 2357
f 3608 2355 2353
f 3608 3605 3603
f 3608 3603 3606
f 3608 3606 2355
f 3609 3038 3039
f 3609 3037 3038
f 3609 1186 3037
f 3609 2386 1186
f 3609 3039 3607
f 3610 2361 2368
f 3610 2357 2361
f 3610 3608 2357
f 3610 3605 3608
f 3610 3607 3605
f 3611 2381 2386
f 3611 2374 2381
f 3611 2368 2374
f 3611 3609 3607
f 3611 3610 2368
f 3611 2386 3609
f 3611 3607 3610
f 2414 2394 2993
f 2414 2993 2992
f 3612 3008 1232
f 3612 3007 3008
f 3612 3006 3007
f 3613 3005 3006
f 3613 3004 3005
f 3613 3006 3612
f 3614 2444 2443
f 3614 2445 2444
f 3614 2446 2445
f 3614 1232 2446
f 3614 3612 1232
f 3615 3003 3004
f 3615 3002 3003
f 3615 3004 3613
f 3616 2442 2441
f 3616 2443 2442
f 3616 3613 3612
f 3616 3614 2443
f 3616 3612 3614
f 3617 3001 3002
f 3617 3000 3001
f 3617 3002 3615
f 3618 2440 2439
f 3618 2441 2440
f 3618 3613 3616
f 3618 3615 3613
f 3618 3616 2441
f 3619 2999 3000
f 3619 2998 2999
f 3619 3000 3617
f 3620 2438 2437
f 3620 2439 2438
f 3620 3618 2439
f 3620 3615 3618
f 3620 3617 3615
f 3621 2998 3619
f 3621 2997 2998
f 3621 2996 2997
f 3622 2433 2425
f 3622 2437 2433
f 3622 3617 3620
f 3622 3619 3617
f 3622 3620 2437
f 3623 2996 3621
f 3623 2995 2996
f 3623 2994 2995
f 3623 2992 2994
f 3624 3621 3619
f 3624 3622 2425
f 3624 2423 2421
f 3624 2425 2423
f 3624 3619 3622
f 3625 2417 2414
f 3625 3624 2421
f 3625 2419 2417
f 3625 2421 2419
f 3625 2414 2992
f 3625 3623 3621
f 3625 2992 3623
f 3625 3621 3624
f 1233 1418 2448
f 2446 1233 2448
f 1232 1233 2446
f 1417 1416 2448
f 1415 2825 2827
f 1414 2823 2825
f 1414 2825 1415
f 1418 1417 2448
f 1413 2821 2823
f 1413 2823 1414
f 1412 2821 1413
f 2819 2821 1412
f 1409 2819 1412
f 2817 2819 1409
f 1411 2817 1409
f 1410 2817 1411
f 3626 2829 2448
f 3626 2827 2829
f 3626 1416 1415
f 3626 2448 1416
f 3626 1415 2827
f 2110 238 237
f 2110 2493 238
f 2103 2494 2493
f 2103 2493 2110
f 2100 2492 2494
f 2100 2494 2103
f 2097 2491 2492
f 2097 2492 2100
f 2094 2489 2491
f 2094 2491 2097
f 2091 2490 2489
f 2091 2489 2094
f 2088 2488 2490
f 2088 2490 2091
f 2086 2486 2488
f 2086 2488 2088
f 2083 2486 2086
f 2083 2487 2486
f 2080 2487 2083
f 2080 2485 2487
f 2077 2485 2080
f 2077 2484 2485
f 2073 2484 2077
f 2073 2483 2484
f 2067 2483 2073
f 2067 2482 2483
f 2060 2482 2067
f 2060 2481 2482
f 2051 2481 2060
f 2051 2480 2481
f 2039 2480 2051
f 2039 424 2480
f 2026 424 2039
f 2026 422 424
f 2010 422 2026
f 2010 420 422
f 1993 420 2010
f 1993 418 420
f 1988 418 1993
f 1988 416 418
f 1984 416 1988
f 1984 414 416
f 1978 412 414
f 1978 414 1984
f 1976 410 412
f 1976 412 1978
f 1971 408 410
f 1971 410 1976
f 1974 406 408
f 1974 408 1971
f 1980 403 406
f 1980 406 1974
f 1982 400 403
f 1982 403 1980
f 401 400 1982
f 1986 401 1982
f 1991 398 401
f 1991 401 1986
f 2006 396 398
f 2006 398 1991
f 2021 394 396
f 2021 396 2006
f 175 174 394
f 175 394 2021
f 2161 1403 1402
f 2901 2161 1402
f 3627 3185 1260
f 3627 3184 3185
f 3627 3183 3184
f 3628 3182 3183
f 3628 3180 3182
f 3628 3183 3627
f 3629 2143 2138
f 3629 2150 2143
f 3629 2157 2150
f 3629 1260 2157
f 3629 3627 1260
f 3630 3181 3180
f 3630 3179 3181
f 3630 3180 3628
f 3631 2131 2127
f 3631 2138 2131
f 3631 3627 3629
f 3631 3628 3627
f 3631 3629 2138
f 3632 3177 3179
f 3632 3178 3177
f 3632 3179 3630
f 3633 2123 2125
f 3633 2127 2123
f 3633 3631 2127
f 3633 3628 3631
f 3633 3630 3628
f 3634 3176 3178
f 3634 3175 3176
f 3634 3178 3632
f 3635 2129 2133
f 3635 2125 2129
f 3635 3630 3633
f 3635 3632 3630
f 3635 3633 2125
f 3636 3174 3175
f 3636 3173 3174
f 3636 2901 3173
f 3636 3175 3634
f 3637 2140 2145
f 3637 2133 2140
f 3637 3634 3632
f 3637 3635 2133
f 3637 3632 3635
f 3638 2159 2161
f 3638 2152 2159
f 3638 2145 2152
f 3638 2161 2901
f 3638 3637 2145
f 3638 3636 3634
f 3638 2901 3636
f 3638 3634 3637
f 1249 1248 2158
f 1249 2158 2167
f 1250 2167 2169
f 1250 1249 2167
f 1251 2169 2171
f 1251 1250 2169
f 1252 2171 2173
f 1252 1251 2171
f 1253 2173 2175
f 1253 1252 2173
f 1254 2175 2177
f 1254 1253 2175
f 1255 2177 2174
f 1255 1254 2177
f 1256 2174 2172
f 1256 1255 2174
f 1257 2172 2170
f 1257 1256 2172
f 1258 2170 2168
f 1258 1257 2170
f 1259 2168 2166
f 1259 1258 2168
f 1260 2166 2157
f 1260 1259 2166
f 3639 3197 2987
f 3639 3198 3197
f 3639 3196 3198
f 3640 3195 3196
f 3640 3194 3195
f 3640 3196 3639
f 3641 2154 2148
f 3641 2160 2154
f 3641 2163 2160
f 3641 2987 2163
f 3641 3639 2987
f 3642 3192 3194
f 3642 3193 3192
f 3642 3194 3640
f 3643 2142 2135
f 3643 2148 2142
f 3643 3639 3641
f 3643 3640 3639
f 3643 3641 2148
f 3644 3191 3193
f 3644 3190 3191
f 3644 3193 3642
f 3645 2130 2126
f 3645 2135 2130
f 3645 3643 2135
f 3645 3642 3640
f 3645 3640 3643
f 3646 3189 3190
f 3646 3188 3189
f 3646 3190 3644
f 3647 2124 2128
f 3647 2126 2124
f 3647 3644 3642
f 3647 3645 2126
f 3647 3642 3645
f 3648 3187 3188
f 3648 3186 3187
f 3648 1248 3186
f 3648 3188 3646
f 3649 2132 2139
f 3649 2128 2132
f 3649 3646 3644
f 3649 3644 3647
f 3649 3647 2128
f 3650 2151 2158
f 3650 2144 2151
f 3650 2139 2144
f 3650 2158 1248
f 3650 3648 3646
f 3650 1248 3648
f 3650 3646 3649
f 3650 3649 2139
f 2986 2205 2163
f 2986 2163 2987
f 3651 3088 1211
f 3651 3087 3088
f 3651 3085 3087
f 3652 3086 3085
f 3652 3083 3086
f 3652 3085 3651
f 3653 2262 2261
f 3653 2272 2262
f 3653 2273 2272
f 3653 1211 2273
f 3653 3651 1211
f 3654 3084 3083
f 3654 3082 3084
f 3654 3083 3652
f 3655 2260 2259
f 3655 2261 2260
f 3655 3651 3653
f 3655 3652 3651
f 3655 3653 2261
f 3656 3081 3082
f 3656 3080 3081
f 3656 3082 3654
f 3657 2244 2243
f 3657 2259 2244
f 3657 3655 2259
f 3657 3652 3655
f 3657 3654 3652
f 3658 3079 3080
f 3658 3078 3079
f 3658 3080 3656
f 3659 2227 2224
f 3659 2243 2227
f 3659 3654 3657
f 3659 3656 3654
f 3659 3657 2243
f 3660 3077 3078
f 3660 3076 3077
f 3660 2986 3076
f 3660 3078 3658
f 3661 2222 2212
f 3661 2224 2222
f 3661 3659 2224
f 3661 3656 3659
f 3661 3658 3656
f 3662 2208 2205
f 3662 2209 2208
f 3662 2212 2209
f 3662 2205 2986
f 3662 3661 2212
f 3662 3660 3658
f 3662 2986 3660
f 3662 3658 3661
f 2324 1199 2329
f 1200 1199 2324
f 2321 1200 2324
f 1201 1200 2321
f 2316 1201 2321
f 1202 1201 2316
f 2311 1202 2316
f 1203 1202 2311
f 2306 1203 2311
f 1204 1203 2306
f 2301 1204 2306
f 1205 1204 2301
f 2295 1205 2301
f 1206 1205 2295
f 1207 2295 2290
f 1207 1206 2295
f 1208 2290 2285
f 1208 1207 2290
f 1209 2285 2280
f 1209 1208 2285
f 1210 2280 2274
f 1210 1209 2280
f 1211 2274 2273
f 1211 1210 2274
f 3663 2941 2393
f 3663 3075 2941
f 3663 3074 3075
f 3663 3072 3074
f 3664 3073 3072
f 3664 3071 3073
f 3664 3072 3663
f 3665 2377 2376
f 3665 2388 2377
f 3665 2393 2388
f 3665 3663 2393
f 3666 3070 3071
f 3666 3069 3070
f 3666 3071 3664
f 3667 2364 2363
f 3667 2376 2364
f 3667 3663 3665
f 3667 3664 3663
f 3667 3665 2376
f 3668 3068 3069
f 3668 3067 3068
f 3668 3069 3666
f 3669 2348 2346
f 3669 2363 2348
f 3669 3667 2363
f 3669 3666 3664
f 3669 3664 3667
f 3670 3066 3067
f 3670 3065 3066
f 3670 3067 3668
f 3671 2344 2341
f 3671 2346 2344
f 3671 3668 3666
f 3671 3669 2346
f 3671 3666 3669
f 3672 3064 3065
f 3672 3063 3064
f 3672 1199 3063
f 3672 3065 3670
f 3673 2339 2336
f 3673 2341 2339
f 3673 3670 3668
f 3673 3671 2341
f 3673 3668 3671
f 3674 2331 2329
f 3674 2333 2331
f 3674 2336 2333
f 3674 2329 1199
f 3674 3672 3670
f 3674 1199 3672
f 3674 3673 2336
f 3674 3670 3673
f 1401 2393 2941
f 1404 2393 1401
f 2335 172 171
f 2335 2539 172
f 2326 2540 2539
f 2326 2539 2335
f 2323 2538 2540
f 2323 2540 2326
f 2318 2537 2538
f 2318 2538 2323
f 2313 2535 2537
f 2313 2537 2318
f 2310 2536 2535
f 2310 2535 2313
f 2305 2534 2536
f 2305 2536 2310
f 2300 2532 2534
f 2300 2534 2305
f 2296 2532 2300
f 2296 2533 2532
f 2291 2533 2296
f 2291 2531 2533
f 2288 2531 2291
f 2288 2530 2531
f 2282 2530 2288
f 2282 2529 2530
f 2275 2529 2282
f 2275 2528 2529
f 2268 2528 2275
f 2268 2527 2528
f 2255 2527 2268
f 2255 2526 2527
f 2246 2526 2255
f 2246 375 2526
f 2233 375 2246
f 2233 373 375
f 2217 373 2233
f 2217 371 373
f 2200 371 2217
f 2200 369 371
f 2195 369 2200
f 2195 367 369
f 2189 367 2195
f 2189 365 367
f 2187 363 365
f 2187 365 2189
f 361 363 2187
f 2183 361 2187
f 2178 359 361
f 2178 361 2183
f 2181 357 359
f 2181 359 2178
f 2185 354 357
f 2185 357 2181
f 2191 351 354
f 2191 354 2185
f 2193 352 351
f 2193 351 2191
f 349 352 2193
f 2198 349 2193
f 2213 347 349
f 2213 349 2198
f 2228 345 347
f 2228 347 2213
f 109 108 345
f 109 345 2228
f 1247 99 98
f 2409 1247 98
f 1246 1247 2409
f 2400 1246 2409
f 1245 1246 2400
f 2379 1245 2400
f 1244 1245 2379
f 2350 1244 2379
f 2338 1243 1244
f 2338 1244 2350
f 2327 1242 1243
f 2327 1243 2338
f 2319 1240 1242
f 2319 1242 2327
f 2314 1241 1240
f 2314 1240 2319
f 2308 1239 1241
f 2308 1241 2314
f 2303 1238 1239
f 2303 1239 2308
f 2298 1237 1238
f 2298 1238 2303
f 2292 1236 1237
f 2292 1237 2298
f 2286 1235 1236
f 2286 1236 2292
f 2281 1234 1235
f 2281 1235 2286
f 1234 2267 1420
f 1234 2281 2267
f 3675 3023 2991
f 3675 3022 3023
f 3675 3021 3022
f 3676 3020 3021
f 3676 3019 3020
f 3676 3021 3675
f 3677 2415 2418
f 3677 2416 2415
f 3677 2411 2416
f 3677 2991 2411
f 3677 3675 2991
f 3678 3018 3019
f 3678 3017 3018
f 3678 3019 3676
f 3679 2420 2422
f 3679 2418 2420
f 3679 3676 3675
f 3679 3677 2418
f 3679 3675 3677
f 3680 3016 3017
f 3680 3015 3016
f 3680 3017 3678
f 3681 2424 2426
f 3681 2422 2424
f 3681 3676 3679
f 3681 3678 3676
f 3681 3679 2422
f 3682 3014 3015
f 3682 3013 3014
f 3682 3015 3680
f 3683 2436 2435
f 3683 2426 2436
f 3683 3681 2426
f 3683 3678 3681
f 3683 3680 3678
f 3684 3013 3682
f 3684 3012 3013
f 3684 3011 3012
f 3685 2432 2431
f 3685 2435 2432
f 3685 3680 3683
f 3685 3682 3680
f 3685 3683 2435
f 3686 3010 3011
f 3686 3009 3010
f 3686 101 3009
f 3686 3011 3684
f 3687 3684 3682
f 3687 3682 3685
f 3687 2430 2429
f 3687 3685 2431
f 3687 2431 2430
f 3688 2413 106
f 3688 2428 2413
f 3688 2429 2428
f 3688 106 101
f 3688 3686 3684
f 3688 101 3686
f 3688 3687 2429
f 3688 3684 3687
f 3689 2943 1420
f 3689 2944 2943
f 3689 2945 2944
f 3690 2946 2945
f 3690 2947 2946
f 3690 2945 3689
f 3691 2265 2250
f 3691 2266 2265
f 3691 2267 2266
f 3691 1420 2267
f 3691 3689 1420
f 3692 2948 2947
f 3692 2949 2948
f 3692 2947 3690
f 3693 3690 3689
f 3693 2248 2242
f 3693 2250 2248
f 3693 3689 3691
f 3693 3691 2250
f 3694 2950 2949
f 3694 2951 2950
f 3694 2949 3692
f 3695 3693 2242
f 3695 3690 3693
f 3695 3692 3690
f 3695 2240 2238
f 3695 2242 2240
f 3696 2952 2951
f 3696 2953 2952
f 3696 2951 3694
f 3697 2237 2239
f 3697 2238 2237
f 3697 3694 3692
f 3697 3692 3695
f 3697 3695 2238
f 3698 2954 2953
f 3698 2955 2954
f 3698 2953 3696
f 3699 2241 2247
f 3699 2239 2241
f 3699 3697 2239
f 3699 3694 3697
f 3699 3696 3694
f 3700 2956 2955
f 3700 2957 2956
f 3700 2955 3698
f 3701 2249 2251
f 3701 2247 2249
f 3701 3698 3696
f 3701 3696 3699
f 3701 3699 2247
f 3702 2958 2957
f 3702 2959 2958
f 3702 2957 3700
f 3703 2252 2253
f 3703 2251 2252
f 3703 3701 2251
f 3703 3700 3698
f 3703 3698 3701
f 3704 2960 2959
f 3704 2961 2960
f 3704 2959 3702
f 3705 3703 2253
f 3705 3700 3703
f 3705 2254 2258
f 3705 2253 2254
f 3705 3702 3700
f 3706 2962 2961
f 3706 2963 2962
f 3706 2961 3704
f 3707 3702 3705
f 3707 3705 2258
f 3707 3704 3702
f 3707 2257 2256
f 3707 2258 2257
f 3708 2963 3706
f 3708 2964 2963
f 3708 2965 2964
f 3709 3704 3707
f 3709 2263 2271
f 3709 2256 2263
f 3709 3706 3704
f 3709 3707 2256
f 3710 2966 2965
f 3710 2967 2966
f 3710 2965 3708
f 3711 2270 2269
f 3711 3709 2271
f 3711 2271 2270
f 3711 3706 3709
f 3711 3708 3706
f 3712 2968 2967
f 3712 2969 2968
f 3712 1174 2969
f 3712 2284 1174
f 3712 2967 3710
f 3713 2279 2278
f 3713 2269 2279
f 3713 3711 2269
f 3713 3710 3708
f 3713 3708 3711
f 3714 2276 2284
f 3714 2277 2276
f 3714 2278 2277
f 3714 2284 3712
f 3714 3713 2278
f 3714 3712 3710
f 3714 3710 3713
f 2390 2411 2991
f 2390 2991 2990
f 1175 1174 2284
f 1175 2284 2283
f 1176 2283 2289
f 1176 1175 2283
f 1177 2289 2294
f 1177 1176 2289
f 2297 1177 2294
f 1178 1177 2297
f 2302 1178 2297
f 1179 1178 2302
f 2307 1179 2302
f 1180 1179 2307
f 2312 1180 2307
f 1181 1180 2312
f 2317 1181 2312
f 1182 1181 2317
f 2322 1182 2317
f 1183 1182 2322
f 2325 1183 2322
f 1184 1183 2325
f 2330 1184 2325
f 1185 1184 2330
f 3715 3035 1185
f 3715 3036 3035
f 3715 3034 3036
f 3716 3033 3034
f 3716 3032 3033
f 3716 3034 3715
f 3717 2334 2337
f 3717 2332 2334
f 3717 2330 2332
f 3717 1185 2330
f 3717 3715 1185
f 3718 3030 3032
f 3718 3031 3030
f 3718 3032 3716
f 3719 2340 2342
f 3719 2337 2340
f 3719 3715 3717
f 3719 3716 3715
f 3719 3717 2337
f 3720 3029 3031
f 3720 3027 3029
f 3720 3031 3718
f 3721 2345 2347
f 3721 2342 2345
f 3721 3719 2342
f 3721 3716 3719
f 3721 3718 3716
f 3722 3028 3027
f 3722 3026 3028
f 3722 3027 3720
f 3723 2349 2366
f 3723 2347 2349
f 3723 3718 3721
f 3723 3720 3718
f 3723 3721 2347
f 3724 3025 3026
f 3724 3024 3025
f 3724 2990 3024
f 3724 2390 2990
f 3724 3026 3722
f 3725 2372 2371
f 3725 2366 2372
f 3725 3723 2366
f 3725 3720 3723
f 3725 3722 3720
f 3726 2391 2390
f 3726 2384 2391
f 3726 2371 2384
f 3726 3725 2371
f 3726 3724 3722
f 3726 2390 3724
f 3726 3722 3725
f 89 94 2049
f 89 2049 1360
f 3727 2970 1223
f 3727 2971 2970
f 3727 2972 2971
f 3728 2973 2972
f 3728 2974 2973
f 3728 2972 3727
f 3729 2204 2203
f 3729 2196 2204
f 3729 2197 2196
f 3729 1223 2197
f 3729 3727 1223
f 3730 2975 2974
f 3730 2976 2975
f 3730 2974 3728
f 3731 2202 2201
f 3731 2203 2202
f 3731 3727 3729
f 3731 3728 3727
f 3731 3729 2203
f 3732 2977 2976
f 3732 2976 3730
f 3733 2201 2221
f 3733 3730 3728
f 3733 3731 2201
f 3733 3728 3731
f 3734 2978 2977
f 3734 2979 2978
f 3734 2977 3732
f 3735 2220 2219
f 3735 2221 2220
f 3735 3730 3733
f 3735 3733 2221
f 3735 3732 3730
f 3736 2980 2979
f 3736 2981 2980
f 3736 50 2981
f 3736 51 50
f 3736 2979 3734
f 3737 2218 2236
f 3737 2219 2218
f 3737 3735 2219
f 3737 3734 3732
f 3737 3732 3735
f 3738 2234 51
f 3738 2235 2234
f 3738 2236 2235
f 3738 3737 2236
f 3738 3734 3737
f 3738 3736 3734
f 3738 51 3736
f 3739 2914 1360
f 3739 2915 2914
f 3739 2916 2915
f 3740 2917 2916
f 3740 2918 2917
f 3740 2916 3739
f 3741 2045 2043
f 3741 2047 2045
f 3741 2049 2047
f 3741 1360 2049
f 3741 3739 1360
f 3742 2919 2918
f 3742 2920 2919
f 3742 2918 3740
f 3743 3740 3739
f 3743 2041 2035
f 3743 2043 2041
f 3743 3739 3741
f 3743 3741 2043
f 3744 2921 2920
f 3744 2922 2921
f 3744 2920 3742
f 3745 3743 2035
f 3745 3740 3743
f 3745 3742 3740
f 3745 2033 2031
f 3745 2035 2033
f 3746 2923 2922
f 3746 2924 2923
f 3746 2922 3744
f 3747 2030 2032
f 3747 2031 2030
f 3747 3744 3742
f 3747 3742 3745
f 3747 3745 2031
f 3748 2925 2924
f 3748 2926 2925
f 3748 2924 3746
f 3749 2034 2040
f 3749 2032 2034
f 3749 3747 2032
f 3749 3744 3747
f 3749 3746 3744
f 3750 2927 2926
f 3750 2928 2927
f 3750 2926 3748
f 3751 2042 2044
f 3751 2040 2042
f 3751 3748 3746
f 3751 3749 2040
f 3751 3746 3749
f 3752 2929 2928
f 3752 2930 2929
f 3752 2928 3750
f 3753 3750 3748
f 3753 3748 3751
f 3753 2046 2048
f 3753 2044 2046
f 3753 3752 3750
f 3753 3751 2044
f 3754 2931 2930
f 3754 2932 2931
f 3754 2930 3752
f 3755 3753 2048
f 3755 3752 3753
f 3755 2050 2054
f 3755 2048 2050
f 3756 2933 2932
f 3756 2934 2933
f 3756 2932 3754
f 3757 3755 2054
f 3757 3752 3755
f 3757 2053 2052
f 3757 2054 2053
f 3757 3754 3752
f 3758 2934 3756
f 3758 2935 2934
f 3758 2936 2935
f 3759 2059 2063
f 3759 2052 2059
f 3759 3757 2052
f 3759 3756 3754
f 3759 3754 3757
f 3760 2937 2936
f 3760 2938 2937
f 3760 2936 3758
f 3761 3759 2063
f 3761 2062 2061
f 3761 2063 2062
f 3761 3758 3756
f 3761 3756 3759
f 3762 2939 2938
f 3762 2940 2939
f 3762 1421 2940
f 3762 2938 3760
f 3763 2071 2070
f 3763 2061 2071
f 3763 3761 2061
f 3763 3760 3758
f 3763 3758 3761
f 3764 3762 3760
f 3764 1421 3762
f 3764 2075 1421
f 3764 2068 2075
f 3764 2069 2068
f 3764 2070 2069
f 3764 3763 2070
f 3764 3760 3763
f 1213 1212 2214
f 1213 2214 2199
f 1214 2199 2194
f 1214 1213 2199
f 1215 2194 2192
f 1215 1214 2194
f 1216 2192 2186
f 1216 1215 2192
f 2182 1216 2186
f 1217 1216 2182
f 2180 1217 2182
f 1218 1217 2180
f 2179 1218 2180
f 1219 1218 2179
f 2184 1219 2179
f 1220 1219 2184
f 1221 2184 2188
f 1221 1220 2184
f 1222 2188 2190
f 1222 1221 2188
f 1223 2190 2197
f 1223 1222 2190
f 2074 1421 2075
f 1422 1421 2074
f 2078 1422 2074
f 1423 1422 2078
f 1424 2078 2081
f 1424 1423 2078
f 1425 2081 2084
f 1425 1424 2081
f 1426 2084 2087
f 1426 1425 2084
f 1427 2087 2090
f 1427 1426 2087
f 1428 2090 2093
f 1428 1427 2090
f 1429 2093 2096
f 1429 1428 2093
f 1430 2096 2099
f 1430 1429 2096
f 1431 2099 2102
f 1431 1430 2099
f 1432 2102 2105
f 1432 1431 2102
f 3765 2988 2207
f 3765 3101 2988
f 3765 3100 3101
f 3765 3098 3100
f 3766 3099 3098
f 3766 3097 3099
f 3766 3098 3765
f 3767 2211 2210
f 3767 2206 2211
f 3767 2207 2206
f 3767 3765 2207
f 3768 3096 3097
f 3768 3095 3096
f 3768 3097 3766
f 3769 2223 2226
f 3769 2210 2223
f 3769 3765 3767
f 3769 3766 3765
f 3769 3767 2210
f 3770 3094 3095
f 3770 3093 3094
f 3770 3095 3768
f 3771 2225 2245
f 3771 2226 2225
f 3771 3769 2226
f 3771 3768 3766
f 3771 3766 3769
f 3772 3092 3093
f 3772 3091 3092
f 3772 3093 3770
f 3773 2232 2231
f 3773 2245 2232
f 3773 3770 3768
f 3773 3771 2245
f 3773 3768 3771
f 3774 3090 3091
f 3774 3089 3090
f 3774 1212 3089
f 3774 3091 3772
f 3775 2230 2229
f 3775 2231 2230
f 3775 3772 3770
f 3775 3773 2231
f 3775 3770 3773
f 3776 2215 2214
f 3776 2216 2215
f 3776 2229 2216
f 3776 2214 1212
f 3776 3774 3772
f 3776 1212 3774
f 3776 3775 2229
f 3776 3772 3775
f 3777 3211 1432
f 3777 3210 3211
f 3777 3209 3210
f 3777 1432 2105
f 3778 3208 3209
f 3778 3207 3208
f 3778 3209 3777
f 3779 2109 2112
f 3779 2107 2109
f 3779 2105 2107
f 3779 3777 2105
f 3780 3206 3207
f 3780 3205 3206
f 3780 3207 3778
f 3781 2114 2116
f 3781 2112 2114
f 3781 3777 3779
f 3781 3779 2112
f 3781 3778 3777
f 3782 3204 3205
f 3782 3203 3204
f 3782 3205 3780
f 3783 2118 2120
f 3783 2116 2118
f 3783 3778 3781
f 3783 3781 2116
f 3783 3780 3778
f 3784 3202 3203
f 3784 3201 3202
f 3784 3203 3782
f 3785 2122 2137
f 3785 2120 2122
f 3785 3780 3783
f 3785 3783 2120
f 3785 3782 3780
f 3786 3200 3201
f 3786 3199 3200
f 3786 2989 3199
f 3786 3201 3784
f 3787 2136 2149
f 3787 2137 2136
f 3787 3784 3782
f 3787 3785 2137
f 3787 3782 3785
f 3787 3786 3784
f 3788 2164 2989
f 3788 2155 2164
f 3788 2156 2155
f 3788 2149 2156
f 3788 3787 2149
f 3788 3786 3787
f 3788 2989 3786
f 2989 2164 2207
f 2989 2207 2988
f 3789 2756 1927
f 3789 3117 2756
f 3789 3118 3117
f 3789 3119 3118
f 3790 3120 3119
f 3790 3121 3120
f 3790 3119 3789
f 3791 1932 1933
f 3791 1931 1932
f 3791 1927 1931
f 3791 3789 1927
f 3792 3122 3121
f 3792 3123 3122
f 3792 3121 3790
f 3793 1935 1936
f 3793 1933 1935
f 3793 3791 1933
f 3793 3790 3789
f 3793 3789 3791
f 3794 3124 3123
f 3794 3125 3124
f 3794 3123 3792
f 3795 1937 1938
f 3795 1936 1937
f 3795 3792 3790
f 3795 3793 1936
f 3795 3790 3793
f 3796 3125 3794
f 3796 3126 3125
f 3796 3127 3126
f 3797 3795 1938
f 3797 1939 1943
f 3797 1938 1939
f 3797 3792 3795
f 3797 3794 3792
f 3798 3128 3127
f 3798 3129 3128
f 3798 3127 3796
f 3799 1944 1945
f 3799 1943 1944
f 3799 3796 3794
f 3799 3797 1943
f 3799 3794 3797
f 3800 3130 3129
f 3800 3131 3130
f 3800 3129 3798
f 3801 1954 1956
f 3801 1945 1954
f 3801 3796 3799
f 3801 3798 3796
f 3801 3799 1945
f 3802 3132 3131
f 3802 3133 3132
f 3802 2982 3133
f 3802 3131 3800
f 3803 1960 1963
f 3803 1956 1960
f 3803 3798 3801
f 3803 3801 1956
f 3803 3800 3798
f 3804 3803 1963
f 3804 1969 1968
f 3804 1965 1969
f 3804 1963 1965
f 3804 3800 3803
f 3804 1968 2982
f 3804 2982 3802
f 3804 3802 3800
f 1941 2721 1946
f 1941 2743 2721
f 1929 2744 2743
f 1929 2743 1941
f 1925 2745 2744
f 1925 2744 1929
f 1921 2746 2745
f 1921 2745 1925
f 1917 2747 2746
f 1917 2746 1921
f 1913 2748 2747
f 1913 2747 1917
f 1909 2749 2748
f 1909 2748 1913
f 1904 2750 2749
f 1904 2749 1909
f 1907 2751 2750
f 1907 2750 1904
f 1911 2752 2751
f 1911 2751 1907
f 1915 2753 2752
f 1915 2752 1911
f 1919 2754 2753
f 1919 2753 1915
f 1923 2755 2754
f 1923 2754 1919
f 1927 2756 2755
f 1927 2755 1923
f 2982 2000 2983
f 2982 1968 2000
f 41 46 1946
f 41 1946 2721
f 3805 3146 2983
f 3805 3145 3146
f 3805 3144 3145
f 3805 2983 2000
f 3806 3143 3144
f 3806 3142 3143
f 3806 3144 3805
f 3807 2003 2005
f 3807 1999 2003
f 3807 2000 1999
f 3807 3805 2000
f 3808 3141 3142
f 3808 3139 3141
f 3808 3142 3806
f 3809 2016 2018
f 3809 2005 2016
f 3809 3805 3807
f 3809 3807 2005
f 3809 3806 3805
f 3810 3140 3139
f 3810 3138 3140
f 3810 3139 3808
f 3811 2020 2036
f 3811 2018 2020
f 3811 3806 3809
f 3811 3809 2018
f 3811 3808 3806
f 3812 3137 3138
f 3812 3136 3137
f 3812 3138 3810
f 3813 2025 2024
f 3813 2036 2025
f 3813 3808 3811
f 3813 3811 2036
f 3813 3810 3808
f 3814 3135 3136
f 3814 3134 3135
f 3814 1348 3134
f 3814 3136 3812
f 3815 2023 2022
f 3815 2024 2023
f 3815 3812 3810
f 3815 3810 3813
f 3815 3813 2024
f 3816 2007 1348
f 3816 2008 2007
f 3816 2009 2008
f 3816 2022 2009
f 3816 1348 3814
f 3816 3812 3815
f 3816 3815 2022
f 3816 3814 3812
f 3817 2902 1359
f 3817 2903 2902
f 3817 2904 2903
f 3818 2905 2904
f 3818 2906 2905
f 3818 2904 3817
f 3819 1997 1996
f 3819 1989 1997
f 3819 1990 1989
f 3819 1359 1990
f 3819 3817 1359
f 3820 2907 2906
f 3820 2906 3818
f 3821 1995 1994
f 3821 1996 1995
f 3821 3817 3819
f 3821 3818 3817
f 3821 3819 1996
f 3822 2908 2907
f 3822 2909 2908
f 3822 2907 3820
f 3823 1994 2014
f 3823 3820 3818
f 3823 3821 1994
f 3823 3818 3821
f 3824 2910 2909
f 3824 2911 2910
f 3824 2909 3822
f 3825 2013 2012
f 3825 2014 2013
f 3825 3822 3820
f 3825 3820 3823
f 3825 3823 2014
f 3826 2912 2911
f 3826 2913 2912
f 3826 3 2913
f 3826 2911 3824
f 3827 2011 2029
f 3827 2012 2011
f 3827 3825 2012
f 3827 3822 3825
f 3827 3824 3822
f 3828 2027 13
f 3828 2028 2027
f 3828 2029 2028
f 3828 13 3
f 3828 3824 3827
f 3828 3827 2029
f 3828 3 3826
f 3828 3826 3824
f 1992 1348 2007
f 1349 1348 1992
f 1987 1349 1992
f 1350 1349 1987
f 1351 1987 1983
f 1351 1350 1987
f 1352 1983 1981
f 1352 1351 1983
f 1353 1981 1975
f 1353 1352 1981
f 1354 1975 1973
f 1354 1353 1975
f 1355 1973 1972
f 1355 1354 1973
f 1356 1972 1977
f 1356 1355 1972
f 1357 1977 1979
f 1357 1356 1977
f 1358 1979 1985
f 1358 1357 1979
f 1359 1985 1990
f 1359 1358 1985

