# https://github.com/mikedh/trimesh

o textured.obj
v -0.00474622 -0.00018604 -0.01412050
v -0.00474622 -0.00018604 -0.01412050
v -0.00474622 -0.00018604 -0.01412050
v -0.00474622 -0.00018604 -0.01412050
v -0.00474622 -0.00018604 -0.01412050
v -0.00474622 -0.00018604 -0.01412050
v -0.00015724 -0.00420605 -0.01412050
v -0.00015724 -0.00420605 -0.01412050
v -0.00015724 -0.00420605 -0.01412050
v -0.00015724 -0.00420605 -0.01412050
v -0.00015724 -0.00420605 -0.01412050
v -0.00015724 -0.00420605 -0.01412050
v -0.00015724 -0.00420605 -0.01412050
v -0.00015724 -0.00420605 -0.01412050
v -0.00015724 -0.00018604 -0.01757930
v -0.00015724 -0.00018604 -0.01757930
v -0.00015724 -0.00018604 -0.01757930
v -0.00015724 -0.00018604 -0.01757930
v -0.00015724 -0.00772838 -0.00742950
v -0.00015724 -0.00772838 -0.00742950
v -0.00015724 -0.00772838 -0.00742950
v -0.00015724 -0.00772838 -0.00742950
v -0.00015724 -0.00772838 -0.00742950
v -0.00015724 -0.00772838 -0.00742950
v -0.00015724 -0.00687704 -0.00935070
v -0.00015724 -0.00687704 -0.00935070
v -0.00015724 -0.00687704 -0.00935070
v -0.00015724 -0.00687704 -0.00935070
v -0.00015724 -0.00687704 -0.00935070
v -0.00804435 -0.00018604 -0.00742950
v -0.00804435 -0.00018604 -0.00742950
v -0.00804435 -0.00018604 -0.00742950
v -0.00804435 -0.00018604 -0.00742950
v -0.00804435 -0.00018604 -0.00742950
v -0.00804435 -0.00018604 -0.00742950
v -0.00684824 -0.00018604 -0.00986560
v -0.00684824 -0.00018604 -0.00986560
v -0.00684824 -0.00018604 -0.00986560
v -0.00684824 -0.00018604 -0.00986560
v -0.00684824 -0.00018604 -0.00986560
v -0.00684824 -0.00018604 -0.00986560
v -0.00684824 -0.00018604 -0.00986560
v -0.00921130 -0.00687704 -0.00073850
v -0.00921130 -0.00687704 -0.00073850
v -0.00921130 -0.00687704 -0.00073850
v -0.00921130 -0.00687704 -0.00073850
v -0.00921130 -0.00687704 -0.00073850
v -0.00684824 -0.00894519 -0.00073850
v -0.00684824 -0.00894519 -0.00073850
v -0.00684824 -0.00894519 -0.00073850
v -0.00684824 -0.00894519 -0.00073850
v -0.00684824 -0.00894519 -0.00073850
v -0.00684824 -0.00894519 -0.00073850
v -0.00015724 -0.00941387 -0.00408400
v -0.00015724 -0.00941387 -0.00408400
v -0.00015724 -0.00941387 -0.00408400
v -0.00015724 -0.00941387 -0.00408400
v -0.00425061 -0.01022254 -0.00073850
v -0.00425061 -0.01022254 -0.00073850
v -0.00425061 -0.01022254 -0.00073850
v -0.00425061 -0.01022254 -0.00073850
v -0.00425061 -0.01022254 -0.00073850
v -0.00425061 -0.01022254 -0.00073850
v -0.00350274 -0.01045261 -0.00073850
v -0.00350274 -0.01045261 -0.00073850
v -0.00350274 -0.01045261 -0.00073850
v -0.00350274 -0.01045261 -0.00073850
v -0.00015724 -0.01098906 -0.00073850
v -0.00015724 -0.01098906 -0.00073850
v -0.00015724 -0.01098906 -0.00073850
v -0.00015724 -0.01098906 -0.00073850
v -0.00015724 -0.01098906 -0.00073850
v -0.00015724 -0.01098906 -0.00073850
v -0.00015724 -0.01098906 -0.00073850
v -0.00015724 -0.01022254 -0.00257180
v -0.00015724 -0.01022254 -0.00257180
v -0.00015724 -0.01022254 -0.00257180
v -0.00015724 -0.01022254 -0.00257180
v -0.00015724 -0.01022254 -0.00257180
v -0.00015724 -0.01022254 -0.00257180
v -0.00015724 -0.01022254 -0.00257180
v -0.00988985 -0.00018604 -0.00408400
v -0.00988985 -0.00018604 -0.00408400
v -0.00988985 -0.00018604 -0.00408400
v -0.00988985 -0.00018604 -0.00408400
v -0.01098888 -0.00353154 -0.00073850
v -0.01098888 -0.00353154 -0.00073850
v -0.01098888 -0.00353154 -0.00073850
v -0.01098888 -0.00353154 -0.00073850
v -0.01019374 -0.00544422 -0.00073850
v -0.01019374 -0.00544422 -0.00073850
v -0.01019374 -0.00544422 -0.00073850
v -0.01019374 -0.00544422 -0.00073850
v -0.01019374 -0.00544422 -0.00073850
v -0.01019374 -0.00544422 -0.00073850
v -0.01140191 -0.00018604 -0.00073850
v -0.01140191 -0.00018604 -0.00073850
v -0.01140191 -0.00018604 -0.00073850
v -0.01140191 -0.00018604 -0.00073850
v -0.01140191 -0.00018604 -0.00073850
v -0.01140191 -0.00018604 -0.00073850
v -0.01140191 -0.00018604 -0.00073850
v -0.01140191 -0.00018604 -0.00073850
v -0.01019374 -0.00018604 -0.00346610
v -0.01019374 -0.00018604 -0.00346610
v -0.01019374 -0.00018604 -0.00346610
v -0.01019374 -0.00018604 -0.00346610
v -0.01019374 -0.00018604 -0.00346610
v -0.01019374 -0.00018604 -0.00346610
v 0.00477090 -0.00018604 -0.01412050
v 0.00477090 -0.00018604 -0.01412050
v 0.00477090 -0.00018604 -0.01412050
v 0.00477090 -0.00018604 -0.01412050
v 0.00477090 -0.00018604 -0.01412050
v 0.00653376 -0.00018604 -0.01036330
v 0.00653376 -0.00018604 -0.01036330
v 0.00653376 -0.00018604 -0.01036330
v 0.00653376 -0.00018604 -0.01036330
v 0.00653376 -0.00018604 -0.01036330
v 0.00653376 -0.00018604 -0.01036330
v 0.00653376 -0.00018604 -0.01036330
v 0.00653376 -0.00018604 -0.01036330
v 0.00653376 -0.00018604 -0.01036330
v 0.00794290 -0.00018604 -0.00742950
v 0.00794290 -0.00018604 -0.00742950
v 0.00794290 -0.00018604 -0.00742950
v 0.00794290 -0.00018604 -0.00742950
v 0.00794290 -0.00018604 -0.00742950
v 0.00794290 -0.00018604 -0.00742950
v 0.00318826 -0.01076022 -0.00073850
v 0.00318826 -0.01076022 -0.00073850
v 0.00318826 -0.01076022 -0.00073850
v 0.00318826 -0.01076022 -0.00073850
v 0.00318826 -0.01076022 -0.00073850
v 0.00509617 -0.01022254 -0.00073850
v 0.00509617 -0.01022254 -0.00073850
v 0.00509617 -0.01022254 -0.00073850
v 0.00509617 -0.01022254 -0.00073850
v 0.00509617 -0.01022254 -0.00073850
v 0.00509617 -0.01022254 -0.00073850
v 0.00509617 -0.01022254 -0.00073850
v 0.00653376 -0.00954001 -0.00073850
v 0.00653376 -0.00954001 -0.00073850
v 0.00653376 -0.00954001 -0.00073850
v 0.00653376 -0.00954001 -0.00073850
v 0.00653376 -0.00954001 -0.00073850
v 0.00653376 -0.00954001 -0.00073850
v 0.00959390 -0.00687704 -0.00073850
v 0.00959390 -0.00687704 -0.00073850
v 0.00959390 -0.00687704 -0.00073850
v 0.00959390 -0.00687704 -0.00073850
v 0.00976700 -0.00018604 -0.00408400
v 0.00976700 -0.00018604 -0.00408400
v 0.00976700 -0.00018604 -0.00408400
v 0.00976700 -0.00018604 -0.00408400
v 0.00987930 -0.00647190 -0.00073850
v 0.00987930 -0.00647190 -0.00073850
v 0.00987930 -0.00647190 -0.00073850
v 0.00987930 -0.00647190 -0.00073850
v 0.00987930 -0.00647190 -0.00073850
v 0.01112670 -0.00353154 -0.00073850
v 0.01112670 -0.00353154 -0.00073850
v 0.01112670 -0.00353154 -0.00073850
v 0.01112670 -0.00353154 -0.00073850
v 0.01112670 -0.00353154 -0.00073850
v 0.01112670 -0.00353154 -0.00073850
v 0.00987930 -0.00018604 -0.00385450
v 0.00987930 -0.00018604 -0.00385450
v 0.00987930 -0.00018604 -0.00385450
v 0.00987930 -0.00018604 -0.00385450
v 0.00987930 -0.00018604 -0.00385450
v 0.00987930 -0.00018604 -0.00385450
v 0.01132090 -0.00018604 -0.00073850
v 0.01132090 -0.00018604 -0.00073850
v 0.01132090 -0.00018604 -0.00073850
v 0.01132090 -0.00018604 -0.00073850
v 0.01132090 -0.00018604 -0.00073850
v 0.01132090 -0.00018604 -0.00073850
v 0.01132090 -0.00018604 -0.00073850
v 0.01132090 -0.00018604 -0.00073850
v -0.00015724 0.00548182 -0.01412050
v -0.00015724 0.00548182 -0.01412050
v -0.00015724 0.00548182 -0.01412050
v -0.00015724 0.00548182 -0.01412050
v -0.00015724 0.00650496 -0.01139330
v -0.00015724 0.00650496 -0.01139330
v -0.00015724 0.00650496 -0.01139330
v -0.00015724 0.00650496 -0.01139330
v -0.00015724 0.00650496 -0.01139330
v -0.00015724 0.00650496 -0.01139330
v -0.00015724 0.00650496 -0.01139330
v -0.00015724 0.00650496 -0.01139330
v -0.00015724 0.00650496 -0.01139330
v -0.00015724 0.00650496 -0.01139330
v -0.00015724 0.00650496 -0.01139330
v -0.00015724 0.00650496 -0.01139330
v -0.00015724 0.00825291 -0.00742950
v -0.00015724 0.00825291 -0.00742950
v -0.00015724 0.00825291 -0.00742950
v -0.00015724 0.00825291 -0.00742950
v -0.00015724 0.00825291 -0.00742950
v -0.00015724 0.00825291 -0.00742950
v -0.01077611 0.00315946 -0.00073850
v -0.01077611 0.00315946 -0.00073850
v -0.01077611 0.00315946 -0.00073850
v -0.01077611 0.00315946 -0.00073850
v -0.01019374 0.00472706 -0.00073850
v -0.01019374 0.00472706 -0.00073850
v -0.01019374 0.00472706 -0.00073850
v -0.01019374 0.00472706 -0.00073850
v -0.01019374 0.00472706 -0.00073850
v -0.01019374 0.00472706 -0.00073850
v -0.00923517 0.00650496 -0.00073850
v -0.00923517 0.00650496 -0.00073850
v -0.00923517 0.00650496 -0.00073850
v -0.00923517 0.00650496 -0.00073850
v -0.00923517 0.00650496 -0.00073850
v -0.00923517 0.00650496 -0.00073850
v -0.00923517 0.00650496 -0.00073850
v -0.00684824 0.00913952 -0.00073850
v -0.00684824 0.00913952 -0.00073850
v -0.00684824 0.00913952 -0.00073850
v -0.00684824 0.00913952 -0.00073850
v -0.00015724 0.00980302 -0.00408400
v -0.00015724 0.00980302 -0.00408400
v -0.00015724 0.00980302 -0.00408400
v -0.00015724 0.00980302 -0.00408400
v -0.00577236 0.00985042 -0.00073850
v -0.00577236 0.00985042 -0.00073850
v -0.00577236 0.00985042 -0.00073850
v -0.00577236 0.00985042 -0.00073850
v -0.00577236 0.00985042 -0.00073850
v -0.00577236 0.00985042 -0.00073850
v -0.00015724 0.00985042 -0.00396580
v -0.00015724 0.00985042 -0.00396580
v -0.00015724 0.00985042 -0.00396580
v -0.00015724 0.00985042 -0.00396580
v -0.00015724 0.00985042 -0.00396580
v -0.00015724 0.00985042 -0.00396580
v -0.00350274 0.01077872 -0.00073850
v -0.00350274 0.01077872 -0.00073850
v -0.00350274 0.01077872 -0.00073850
v -0.00350274 0.01077872 -0.00073850
v -0.00015724 0.01118362 -0.00073850
v -0.00015724 0.01118362 -0.00073850
v -0.00015724 0.01118362 -0.00073850
v -0.00015724 0.01118362 -0.00073850
v -0.00015724 0.01118362 -0.00073850
v -0.00015724 0.01118362 -0.00073850
v -0.00015724 0.01118362 -0.00073850
v -0.00015724 0.01118362 -0.00073850
v 0.01048810 0.00315946 -0.00073850
v 0.01048810 0.00315946 -0.00073850
v 0.01048810 0.00315946 -0.00073850
v 0.01048810 0.00315946 -0.00073850
v 0.00863190 0.00650496 -0.00073850
v 0.00863190 0.00650496 -0.00073850
v 0.00863190 0.00650496 -0.00073850
v 0.00863190 0.00650496 -0.00073850
v 0.00863190 0.00650496 -0.00073850
v 0.00987930 0.00454465 -0.00073850
v 0.00987930 0.00454465 -0.00073850
v 0.00987930 0.00454465 -0.00073850
v 0.00987930 0.00454465 -0.00073850
v 0.00987930 0.00454465 -0.00073850
v 0.00987930 0.00454465 -0.00073850
v 0.00462659 0.00985042 -0.00073850
v 0.00462659 0.00985042 -0.00073850
v 0.00462659 0.00985042 -0.00073850
v 0.00462659 0.00985042 -0.00073850
v 0.00462659 0.00985042 -0.00073850
v 0.00462659 0.00985042 -0.00073850
v 0.00653376 0.00862662 -0.00073850
v 0.00653376 0.00862662 -0.00073850
v 0.00653376 0.00862662 -0.00073850
v 0.00653376 0.00862662 -0.00073850
v 0.00653376 0.00862662 -0.00073850
v 0.00653376 0.00862662 -0.00073850
v 0.00318826 0.01047871 -0.00073850
v 0.00318826 0.01047871 -0.00073850
v 0.00318826 0.01047871 -0.00073850
v 0.00318826 0.01047871 -0.00073850
v -0.00015724 -0.01245451 0.00595250
v -0.00015724 -0.01245451 0.00595250
v -0.00015724 -0.01245451 0.00595250
v -0.00015724 -0.01245451 0.00595250
v -0.00015724 -0.01199765 0.00260700
v -0.00015724 -0.01199765 0.00260700
v -0.00015724 -0.01199765 0.00260700
v -0.00015724 -0.01199765 0.00260700
v -0.00015724 -0.01199765 0.00260700
v -0.00015724 -0.01199765 0.00260700
v -0.01244190 -0.00018604 0.00260700
v -0.01244190 -0.00018604 0.00260700
v -0.01244190 -0.00018604 0.00260700
v -0.01244190 -0.00018604 0.00260700
v -0.01244190 -0.00018604 0.00260700
v -0.01244190 -0.00018604 0.00260700
v -0.01273270 -0.00018604 0.00595250
v -0.01273270 -0.00018604 0.00595250
v -0.01273270 -0.00018604 0.00595250
v -0.01273270 -0.00018604 0.00595250
v -0.00015724 -0.01059516 0.01264350
v -0.00015724 -0.01059516 0.01264350
v -0.00015724 -0.01059516 0.01264350
v -0.00015724 -0.01059516 0.01264350
v -0.00015724 -0.01059516 0.01264350
v -0.00015724 -0.01059516 0.01264350
v -0.00015724 -0.01207725 0.00929800
v -0.00015724 -0.01207725 0.00929800
v -0.00015724 -0.01207725 0.00929800
v -0.00015724 -0.01207725 0.00929800
v -0.00015724 -0.01207725 0.00929800
v -0.00015724 -0.01207725 0.00929800
v -0.00015724 -0.01207725 0.00929800
v -0.01027074 -0.00018604 0.01264350
v -0.01027074 -0.00018604 0.01264350
v -0.01027074 -0.00018604 0.01264350
v -0.01027074 -0.00018604 0.01264350
v -0.01205145 -0.00018604 0.00929800
v -0.01205145 -0.00018604 0.00929800
v -0.01205145 -0.00018604 0.00929800
v -0.01205145 -0.00018604 0.00929800
v -0.01205145 -0.00018604 0.00929800
v -0.01205145 -0.00018604 0.00929800
v -0.01205145 -0.00018604 0.00929800
v -0.01205145 -0.00018604 0.00929800
v -0.01205145 -0.00018604 0.00929800
v -0.00015724 -0.00687704 0.01611270
v -0.00015724 -0.00687704 0.01611270
v -0.00015724 -0.00687704 0.01611270
v -0.00015724 -0.00687704 0.01611270
v -0.00015724 -0.01022254 0.01318040
v -0.00015724 -0.01022254 0.01318040
v -0.00015724 -0.01022254 0.01318040
v -0.00015724 -0.01022254 0.01318040
v -0.00015724 -0.01022254 0.01318040
v -0.00015724 -0.01022254 0.01318040
v -0.00015724 -0.00709573 0.01598900
v -0.00015724 -0.00709573 0.01598900
v -0.00015724 -0.00709573 0.01598900
v -0.00015724 -0.00709573 0.01598900
v -0.01019374 -0.00018604 0.01275530
v -0.01019374 -0.00018604 0.01275530
v -0.01019374 -0.00018604 0.01275530
v -0.01019374 -0.00018604 0.01275530
v -0.01019374 -0.00018604 0.01275530
v -0.00720042 -0.00018604 0.01598900
v -0.00720042 -0.00018604 0.01598900
v -0.00720042 -0.00018604 0.01598900
v -0.00720042 -0.00018604 0.01598900
v -0.00720042 -0.00018604 0.01598900
v -0.00684824 -0.00018604 0.01624710
v -0.00684824 -0.00018604 0.01624710
v -0.00684824 -0.00018604 0.01624710
v -0.00684824 -0.00018604 0.01624710
v -0.00015724 -0.00353154 0.01727410
v -0.00015724 -0.00353154 0.01727410
v -0.00015724 -0.00353154 0.01727410
v -0.00015724 -0.00353154 0.01727410
v -0.00015724 -0.00353154 0.01727410
v -0.00015724 -0.00353154 0.01727410
v -0.00015724 -0.00353154 0.01727410
v -0.00015724 -0.00353154 0.01727410
v -0.00015724 -0.00353154 0.01727410
v -0.00350274 -0.00018604 0.01747430
v -0.00350274 -0.00018604 0.01747430
v -0.00350274 -0.00018604 0.01747430
v -0.00350274 -0.00018604 0.01747430
v -0.00350274 -0.00018604 0.01747430
v -0.00350274 -0.00018604 0.01747430
v -0.00350274 -0.00018604 0.01747430
v -0.00350274 -0.00018604 0.01747430
v -0.00015724 -0.00018604 0.01757930
v -0.00015724 -0.00018604 0.01757930
v -0.00015724 -0.00018604 0.01757930
v -0.00015724 -0.00018604 0.01757930
v 0.01273270 -0.00018604 0.00595250
v 0.01273270 -0.00018604 0.00595250
v 0.01273270 -0.00018604 0.00595250
v 0.01273270 -0.00018604 0.00595250
v 0.01237470 -0.00018604 0.00260700
v 0.01237470 -0.00018604 0.00260700
v 0.01237470 -0.00018604 0.00260700
v 0.01237470 -0.00018604 0.00260700
v 0.01237470 -0.00018604 0.00260700
v 0.01237470 -0.00018604 0.00260700
v 0.01055670 -0.00018604 0.01264350
v 0.01055670 -0.00018604 0.01264350
v 0.01055670 -0.00018604 0.01264350
v 0.01055670 -0.00018604 0.01264350
v 0.01055670 -0.00018604 0.01264350
v 0.01055670 -0.00018604 0.01264350
v 0.01055670 -0.00018604 0.01264350
v 0.01055670 -0.00018604 0.01264350
v 0.01232230 -0.00018604 0.00929800
v 0.01232230 -0.00018604 0.00929800
v 0.01232230 -0.00018604 0.00929800
v 0.01232230 -0.00018604 0.00929800
v 0.01232230 -0.00018604 0.00929800
v 0.01232230 -0.00018604 0.00929800
v 0.00653376 -0.00018604 0.01615010
v 0.00653376 -0.00018604 0.01615010
v 0.00653376 -0.00018604 0.01615010
v 0.00653376 -0.00018604 0.01615010
v 0.00653376 -0.00018604 0.01615010
v 0.00653376 -0.00018604 0.01615010
v 0.00318826 -0.00018604 0.01732490
v 0.00318826 -0.00018604 0.01732490
v 0.00318826 -0.00018604 0.01732490
v 0.00318826 -0.00018604 0.01732490
v 0.00318826 -0.00018604 0.01732490
v 0.00318826 -0.00018604 0.01732490
v 0.00318826 -0.00018604 0.01732490
v 0.00318826 -0.00018604 0.01732490
v 0.00679641 -0.00018604 0.01598900
v 0.00679641 -0.00018604 0.01598900
v 0.00679641 -0.00018604 0.01598900
v 0.00679641 -0.00018604 0.01598900
v 0.00987930 -0.00018604 0.01341040
v 0.00987930 -0.00018604 0.01341040
v 0.00987930 -0.00018604 0.01341040
v 0.00987930 -0.00018604 0.01341040
v 0.00987930 -0.00018604 0.01341040
v 0.00987930 -0.00018604 0.01341040
v 0.00987930 -0.00018604 0.01341040
v -0.00015724 0.01245451 0.00595250
v -0.00015724 0.01245451 0.00595250
v -0.00015724 0.01245451 0.00595250
v -0.00015724 0.01245451 0.00595250
v -0.00015724 0.01216061 0.00260700
v -0.00015724 0.01216061 0.00260700
v -0.00015724 0.01216061 0.00260700
v -0.00015724 0.01216061 0.00260700
v -0.00015724 0.01216061 0.00260700
v -0.00015724 0.01216061 0.00260700
v -0.00015724 0.01046022 0.01264350
v -0.00015724 0.01046022 0.01264350
v -0.00015724 0.01046022 0.01264350
v -0.00015724 0.01046022 0.01264350
v -0.00015724 0.01046022 0.01264350
v -0.00015724 0.01046022 0.01264350
v -0.00015724 0.01046022 0.01264350
v -0.00015724 0.01195812 0.00929800
v -0.00015724 0.01195812 0.00929800
v -0.00015724 0.01195812 0.00929800
v -0.00015724 0.01195812 0.00929800
v -0.00015724 0.01195812 0.00929800
v -0.00015724 0.01195812 0.00929800
v -0.00015724 0.00315946 0.01748990
v -0.00015724 0.00315946 0.01748990
v -0.00015724 0.00315946 0.01748990
v -0.00015724 0.00315946 0.01748990
v -0.00015724 0.00315946 0.01748990
v -0.00015724 0.00315946 0.01748990
v -0.00015724 0.00315946 0.01748990
v -0.00015724 0.00650496 0.01657840
v -0.00015724 0.00650496 0.01657840
v -0.00015724 0.00650496 0.01657840
v -0.00015724 0.00650496 0.01657840
v -0.00015724 0.00650496 0.01657840
v -0.00015724 0.00650496 0.01657840
v -0.00015724 0.00748951 0.01598900
v -0.00015724 0.00748951 0.01598900
v -0.00015724 0.00748951 0.01598900
v -0.00015724 0.00748951 0.01598900
v -0.00015724 0.00985042 0.01357790
v -0.00015724 0.00985042 0.01357790
v -0.00015724 0.00985042 0.01357790
v -0.00015724 0.00985042 0.01357790
v -0.00015724 0.00985042 0.01357790
v -0.00015724 0.00985042 0.01357790
v -0.00347540 -0.00687704 -0.00742950
v -0.00347540 -0.00687704 -0.00742950
v -0.00347540 -0.00687704 -0.00742950
v -0.00347540 -0.00687704 -0.00742950
v -0.00347540 -0.00687704 -0.00742950
v -0.00347540 -0.00687704 -0.00742950
v -0.00684824 -0.00393936 -0.00742950
v -0.00684824 -0.00393936 -0.00742950
v -0.00684824 -0.00393936 -0.00742950
v -0.00684824 -0.00393936 -0.00742950
v -0.00684824 -0.00393936 -0.00742950
v -0.00684824 -0.00393936 -0.00742950
v -0.00684824 -0.00393936 -0.00742950
v -0.00684824 -0.00393936 -0.00742950
v -0.00684824 -0.00393936 -0.00742950
v -0.00684824 -0.00687704 -0.00387430
v -0.00684824 -0.00687704 -0.00387430
v -0.00684824 -0.00687704 -0.00387430
v -0.00684824 -0.00687704 -0.00387430
v -0.00684824 -0.00687704 -0.00387430
v -0.00684824 -0.00687704 -0.00387430
v -0.00667117 -0.00687704 -0.00408400
v -0.00667117 -0.00687704 -0.00408400
v -0.00667117 -0.00687704 -0.00408400
v -0.00667117 -0.00687704 -0.00408400
v -0.00667117 -0.00687704 -0.00408400
v -0.00350274 -0.00870127 -0.00408400
v -0.00350274 -0.00870127 -0.00408400
v -0.00350274 -0.00870127 -0.00408400
v -0.00350274 -0.00870127 -0.00408400
v -0.00350274 -0.00870127 -0.00408400
v -0.00350274 -0.00870127 -0.00408400
v -0.00350274 -0.00870127 -0.00408400
v -0.00350274 -0.00870127 -0.00408400
v -0.00350274 -0.00870127 -0.00408400
v -0.00350274 -0.00870127 -0.00408400
v -0.00350274 -0.00687704 -0.00740440
v -0.00350274 -0.00687704 -0.00740440
v -0.00350274 -0.00687704 -0.00740440
v -0.00350274 -0.00687704 -0.00740440
v -0.00350274 -0.01022254 -0.00128370
v -0.00350274 -0.01022254 -0.00128370
v -0.00350274 -0.01022254 -0.00128370
v -0.00350274 -0.01022254 -0.00128370
v -0.00350274 -0.01022254 -0.00128370
v -0.00708021 -0.00353154 -0.00742950
v -0.00708021 -0.00353154 -0.00742950
v -0.00708021 -0.00353154 -0.00742950
v -0.00708021 -0.00353154 -0.00742950
v -0.00925337 -0.00353154 -0.00408400
v -0.00925337 -0.00353154 -0.00408400
v -0.00925337 -0.00353154 -0.00408400
v -0.00925337 -0.00353154 -0.00408400
v -0.00925337 -0.00353154 -0.00408400
v -0.00925337 -0.00353154 -0.00408400
v -0.00925337 -0.00353154 -0.00408400
v -0.00925337 -0.00353154 -0.00408400
v -0.00925337 -0.00353154 -0.00408400
v -0.00925337 -0.00353154 -0.00408400
v -0.00684824 -0.00673380 -0.00408400
v -0.00684824 -0.00673380 -0.00408400
v -0.00684824 -0.00673380 -0.00408400
v -0.00684824 -0.00673380 -0.00408400
v -0.01019374 -0.00353154 -0.00241350
v -0.01019374 -0.00353154 -0.00241350
v -0.01019374 -0.00353154 -0.00241350
v -0.01019374 -0.00353154 -0.00241350
v -0.01019374 -0.00353154 -0.00241350
v -0.00714781 -0.01022254 0.00260700
v -0.00714781 -0.01022254 0.00260700
v -0.00714781 -0.01022254 0.00260700
v -0.00714781 -0.01022254 0.00260700
v -0.00714781 -0.01022254 0.00260700
v -0.00684824 -0.01037938 0.00260700
v -0.00684824 -0.01037938 0.00260700
v -0.00684824 -0.01037938 0.00260700
v -0.00684824 -0.01037938 0.00260700
v -0.00684824 -0.01022254 0.00210580
v -0.00684824 -0.01022254 0.00210580
v -0.00684824 -0.01022254 0.00210580
v -0.00684824 -0.01022254 0.00210580
v -0.00684824 -0.01022254 0.00210580
v -0.00684824 -0.01022254 0.00210580
v -0.00684824 -0.01022254 0.00210580
v -0.01063831 -0.00687704 0.00260700
v -0.01063831 -0.00687704 0.00260700
v -0.01063831 -0.00687704 0.00260700
v -0.01063831 -0.00687704 0.00260700
v -0.01019374 -0.00753354 0.00260700
v -0.01019374 -0.00753354 0.00260700
v -0.01019374 -0.00753354 0.00260700
v -0.01019374 -0.00753354 0.00260700
v -0.01019374 -0.00753354 0.00260700
v -0.01019374 -0.00753354 0.00260700
v -0.01019374 -0.00753354 0.00260700
v -0.01019374 -0.00687704 0.00127200
v -0.01019374 -0.00687704 0.00127200
v -0.01019374 -0.00687704 0.00127200
v -0.01019374 -0.00687704 0.00127200
v -0.01019374 -0.00687704 0.00127200
v -0.01019374 -0.00687704 0.00127200
v -0.01019374 -0.00687704 0.00127200
v -0.00809433 -0.01022254 0.00595250
v -0.00809433 -0.01022254 0.00595250
v -0.00809433 -0.01022254 0.00595250
v -0.00809433 -0.01022254 0.00595250
v -0.00809433 -0.01022254 0.00595250
v -0.00684824 -0.01095777 0.00595250
v -0.00684824 -0.01095777 0.00595250
v -0.00684824 -0.01095777 0.00595250
v -0.00684824 -0.01095777 0.00595250
v -0.00684824 -0.01095777 0.00595250
v -0.00684824 -0.01095777 0.00595250
v -0.00684824 -0.01095777 0.00595250
v -0.00684824 -0.01095777 0.00595250
v -0.01106171 -0.00687704 0.00595250
v -0.01106171 -0.00687704 0.00595250
v -0.01106171 -0.00687704 0.00595250
v -0.01106171 -0.00687704 0.00595250
v -0.01106171 -0.00687704 0.00595250
v -0.01106171 -0.00687704 0.00595250
v -0.01106171 -0.00687704 0.00595250
v -0.01106171 -0.00687704 0.00595250
v -0.01019374 -0.00819163 0.00595250
v -0.01019374 -0.00819163 0.00595250
v -0.01019374 -0.00819163 0.00595250
v -0.01019374 -0.00819163 0.00595250
v -0.01019374 -0.00819163 0.00595250
v -0.00350274 -0.01156276 0.00260700
v -0.00350274 -0.01156276 0.00260700
v -0.00350274 -0.01156276 0.00260700
v -0.00350274 -0.01156276 0.00260700
v -0.00350274 -0.01156276 0.00260700
v -0.00350274 -0.01156276 0.00260700
v -0.00350274 -0.01156276 0.00260700
v -0.00350274 -0.01156276 0.00260700
v -0.00350274 -0.01214953 0.00595250
v -0.00350274 -0.01214953 0.00595250
v -0.00350274 -0.01214953 0.00595250
v -0.00350274 -0.01214953 0.00595250
v -0.00350274 -0.01214953 0.00595250
v -0.00350274 -0.01214953 0.00595250
v -0.01211255 -0.00353154 0.00260700
v -0.01211255 -0.00353154 0.00260700
v -0.01211255 -0.00353154 0.00260700
v -0.01211255 -0.00353154 0.00260700
v -0.01211255 -0.00353154 0.00260700
v -0.01211255 -0.00353154 0.00260700
v -0.01211255 -0.00353154 0.00260700
v -0.01211255 -0.00353154 0.00260700
v -0.01242670 -0.00353154 0.00595250
v -0.01242670 -0.00353154 0.00595250
v -0.01242670 -0.00353154 0.00595250
v -0.01242670 -0.00353154 0.00595250
v -0.01242670 -0.00353154 0.00595250
v -0.01242670 -0.00353154 0.00595250
v -0.00738673 -0.01022254 0.00929800
v -0.00738673 -0.01022254 0.00929800
v -0.00738673 -0.01022254 0.00929800
v -0.00738673 -0.01022254 0.00929800
v -0.00738673 -0.01022254 0.00929800
v -0.00738673 -0.01022254 0.00929800
v -0.00738673 -0.01022254 0.00929800
v -0.00684824 -0.01056806 0.00929800
v -0.00684824 -0.01056806 0.00929800
v -0.00684824 -0.01056806 0.00929800
v -0.00684824 -0.01056806 0.00929800
v -0.01049202 -0.00687704 0.00929800
v -0.01049202 -0.00687704 0.00929800
v -0.01049202 -0.00687704 0.00929800
v -0.01049202 -0.00687704 0.00929800
v -0.01019374 -0.00734707 0.00929800
v -0.01019374 -0.00734707 0.00929800
v -0.01019374 -0.00734707 0.00929800
v -0.01019374 -0.00734707 0.00929800
v -0.01019374 -0.00734707 0.00929800
v -0.00684824 -0.01022254 0.01026400
v -0.00684824 -0.01022254 0.01026400
v -0.00684824 -0.01022254 0.01026400
v -0.00684824 -0.01022254 0.01026400
v -0.00684824 -0.01022254 0.01026400
v -0.00684824 -0.01022254 0.01026400
v -0.00684824 -0.01022254 0.01026400
v -0.01019374 -0.00687704 0.01008090
v -0.01019374 -0.00687704 0.01008090
v -0.01019374 -0.00687704 0.01008090
v -0.01019374 -0.00687704 0.01008090
v -0.01019374 -0.00687704 0.01008090
v -0.01019374 -0.00687704 0.01008090
v -0.01019374 -0.00687704 0.01008090
v -0.00857504 -0.00687704 0.01264350
v -0.00857504 -0.00687704 0.01264350
v -0.00857504 -0.00687704 0.01264350
v -0.00857504 -0.00687704 0.01264350
v -0.00857504 -0.00687704 0.01264350
v -0.00857504 -0.00687704 0.01264350
v -0.00857504 -0.00687704 0.01264350
v -0.00684824 -0.00863807 0.01264350
v -0.00684824 -0.00863807 0.01264350
v -0.00684824 -0.00863807 0.01264350
v -0.00684824 -0.00863807 0.01264350
v -0.00350274 -0.01189458 0.00929800
v -0.00350274 -0.01189458 0.00929800
v -0.00350274 -0.01189458 0.00929800
v -0.00350274 -0.01189458 0.00929800
v -0.00350274 -0.01189458 0.00929800
v -0.00350274 -0.01189458 0.00929800
v -0.00350274 -0.01189458 0.00929800
v -0.00350274 -0.01189458 0.00929800
v -0.00397837 -0.01022254 0.01264350
v -0.00397837 -0.01022254 0.01264350
v -0.00397837 -0.01022254 0.01264350
v -0.00397837 -0.01022254 0.01264350
v -0.00397837 -0.01022254 0.01264350
v -0.00397837 -0.01022254 0.01264350
v -0.00397837 -0.01022254 0.01264350
v -0.00350274 -0.01036099 0.01264350
v -0.00350274 -0.01036099 0.01264350
v -0.00350274 -0.01036099 0.01264350
v -0.00350274 -0.01036099 0.01264350
v -0.01182490 -0.00353154 0.00929800
v -0.01182490 -0.00353154 0.00929800
v -0.01182490 -0.00353154 0.00929800
v -0.01182490 -0.00353154 0.00929800
v -0.01182490 -0.00353154 0.00929800
v -0.01182490 -0.00353154 0.00929800
v -0.01182490 -0.00353154 0.00929800
v -0.01019374 -0.00353154 0.01256130
v -0.01019374 -0.00353154 0.01256130
v -0.01019374 -0.00353154 0.01256130
v -0.01019374 -0.00353154 0.01256130
v -0.01019374 -0.00353154 0.01256130
v -0.01013614 -0.00353154 0.01264350
v -0.01013614 -0.00353154 0.01264350
v -0.01013614 -0.00353154 0.01264350
v -0.01013614 -0.00353154 0.01264350
v -0.01019374 -0.00323681 0.01264350
v -0.01019374 -0.00323681 0.01264350
v -0.01019374 -0.00323681 0.01264350
v -0.01019374 -0.00323681 0.01264350
v -0.01019374 -0.00323681 0.01264350
v -0.01019374 -0.00323681 0.01264350
v -0.01019374 -0.00323681 0.01264350
v -0.01019374 -0.00323681 0.01264350
v -0.00684824 -0.00687704 0.01411960
v -0.00684824 -0.00687704 0.01411960
v -0.00684824 -0.00687704 0.01411960
v -0.00684824 -0.00687704 0.01411960
v -0.00684824 -0.00687704 0.01411960
v -0.00684824 -0.00687704 0.01411960
v -0.00684824 -0.00687704 0.01411960
v -0.00350274 -0.01022254 0.01281880
v -0.00350274 -0.01022254 0.01281880
v -0.00350274 -0.01022254 0.01281880
v -0.00350274 -0.01022254 0.01281880
v -0.00350274 -0.01022254 0.01281880
v -0.00350274 -0.01022254 0.01281880
v -0.00350274 -0.00687704 0.01571130
v -0.00350274 -0.00687704 0.01571130
v -0.00350274 -0.00687704 0.01571130
v -0.00350274 -0.00687704 0.01571130
v -0.00350274 -0.00687704 0.01571130
v -0.00220859 -0.00687704 0.01598900
v -0.00220859 -0.00687704 0.01598900
v -0.00220859 -0.00687704 0.01598900
v -0.00220859 -0.00687704 0.01598900
v -0.00220859 -0.00687704 0.01598900
v -0.00220859 -0.00687704 0.01598900
v -0.00220859 -0.00687704 0.01598900
v -0.00220859 -0.00687704 0.01598900
v -0.00684824 -0.00353154 0.01581470
v -0.00684824 -0.00353154 0.01581470
v -0.00684824 -0.00353154 0.01581470
v -0.00684824 -0.00353154 0.01581470
v -0.00684824 -0.00353154 0.01581470
v -0.00684824 -0.00353154 0.01581470
v -0.00684824 -0.00292331 0.01598900
v -0.00684824 -0.00292331 0.01598900
v -0.00684824 -0.00292331 0.01598900
v -0.00684824 -0.00292331 0.01598900
v -0.00684824 -0.00292331 0.01598900
v -0.00684824 -0.00292331 0.01598900
v -0.00684824 -0.00292331 0.01598900
v -0.00684824 -0.00292331 0.01598900
v -0.00655902 -0.00353154 0.01598900
v -0.00655902 -0.00353154 0.01598900
v -0.00655902 -0.00353154 0.01598900
v -0.00655902 -0.00353154 0.01598900
v -0.00655902 -0.00353154 0.01598900
v -0.00350274 -0.00639522 0.01598900
v -0.00350274 -0.00639522 0.01598900
v -0.00350274 -0.00639522 0.01598900
v -0.00350274 -0.00639522 0.01598900
v -0.00350274 -0.00639522 0.01598900
v -0.00350274 -0.00353154 0.01705470
v -0.00350274 -0.00353154 0.01705470
v -0.00350274 -0.00353154 0.01705470
v -0.00350274 -0.00353154 0.01705470
v -0.00350274 -0.00353154 0.01705470
v -0.00350274 -0.00353154 0.01705470
v -0.00684824 0.00503158 -0.00742950
v -0.00684824 0.00503158 -0.00742950
v -0.00684824 0.00503158 -0.00742950
v -0.00684824 0.00503158 -0.00742950
v -0.00684824 0.00503158 -0.00742950
v -0.00684824 0.00503158 -0.00742950
v -0.00570065 0.00650496 -0.00742950
v -0.00570065 0.00650496 -0.00742950
v -0.00570065 0.00650496 -0.00742950
v -0.00570065 0.00650496 -0.00742950
v -0.00766034 0.00315946 -0.00742950
v -0.00766034 0.00315946 -0.00742950
v -0.00766034 0.00315946 -0.00742950
v -0.00766034 0.00315946 -0.00742950
v -0.00938440 0.00315946 -0.00408400
v -0.00938440 0.00315946 -0.00408400
v -0.00938440 0.00315946 -0.00408400
v -0.00938440 0.00315946 -0.00408400
v -0.00938440 0.00315946 -0.00408400
v -0.00938440 0.00315946 -0.00408400
v -0.00938440 0.00315946 -0.00408400
v -0.00938440 0.00315946 -0.00408400
v -0.00765061 0.00650496 -0.00408400
v -0.00765061 0.00650496 -0.00408400
v -0.00765061 0.00650496 -0.00408400
v -0.00765061 0.00650496 -0.00408400
v -0.00765061 0.00650496 -0.00408400
v -0.00765061 0.00650496 -0.00408400
v -0.00684824 0.00650496 -0.00549490
v -0.00684824 0.00650496 -0.00549490
v -0.00684824 0.00650496 -0.00549490
v -0.00684824 0.00650496 -0.00549490
v -0.00684824 0.00650496 -0.00549490
v -0.00684824 0.00650496 -0.00549490
v -0.00684824 0.00650496 -0.00549490
v -0.01019374 0.00315946 -0.00227940
v -0.01019374 0.00315946 -0.00227940
v -0.01019374 0.00315946 -0.00227940
v -0.01019374 0.00315946 -0.00227940
v -0.01019374 0.00315946 -0.00227940
v -0.01019374 0.00315946 -0.00227940
v -0.00684824 0.00741172 -0.00408400
v -0.00684824 0.00741172 -0.00408400
v -0.00684824 0.00741172 -0.00408400
v -0.00684824 0.00741172 -0.00408400
v -0.00684824 0.00741172 -0.00408400
v -0.00684824 0.00741172 -0.00408400
v -0.00684824 0.00741172 -0.00408400
v -0.00350274 0.00792761 -0.00742950
v -0.00350274 0.00792761 -0.00742950
v -0.00350274 0.00792761 -0.00742950
v -0.00350274 0.00792761 -0.00742950
v -0.00350274 0.00792761 -0.00742950
v -0.00350274 0.00943841 -0.00408400
v -0.00350274 0.00943841 -0.00408400
v -0.00350274 0.00943841 -0.00408400
v -0.00350274 0.00943841 -0.00408400
v -0.00350274 0.00943841 -0.00408400
v -0.00350274 0.00943841 -0.00408400
v -0.00350274 0.00943841 -0.00408400
v -0.00350274 0.00985042 -0.00308970
v -0.00350274 0.00985042 -0.00308970
v -0.00350274 0.00985042 -0.00308970
v -0.00350274 0.00985042 -0.00308970
v -0.00350274 0.00985042 -0.00308970
v -0.00350274 0.00985042 -0.00308970
v -0.01175786 0.00315946 0.00260700
v -0.01175786 0.00315946 0.00260700
v -0.01175786 0.00315946 0.00260700
v -0.01175786 0.00315946 0.00260700
v -0.01175786 0.00315946 0.00260700
v -0.01175786 0.00315946 0.00260700
v -0.01175786 0.00315946 0.00260700
v -0.01175786 0.00315946 0.00260700
v -0.01019374 0.00649158 0.00260700
v -0.01019374 0.00649158 0.00260700
v -0.01019374 0.00649158 0.00260700
v -0.01019374 0.00649158 0.00260700
v -0.01019374 0.00649158 0.00260700
v -0.01018557 0.00650496 0.00260700
v -0.01018557 0.00650496 0.00260700
v -0.01018557 0.00650496 0.00260700
v -0.01018557 0.00650496 0.00260700
v -0.01018557 0.00650496 0.00260700
v -0.01212302 0.00315946 0.00595250
v -0.01212302 0.00315946 0.00595250
v -0.01212302 0.00315946 0.00595250
v -0.01212302 0.00315946 0.00595250
v -0.01212302 0.00315946 0.00595250
v -0.01212302 0.00315946 0.00595250
v -0.01212302 0.00315946 0.00595250
v -0.01045482 0.00650496 0.00595250
v -0.01045482 0.00650496 0.00595250
v -0.01045482 0.00650496 0.00595250
v -0.01045482 0.00650496 0.00595250
v -0.01045482 0.00650496 0.00595250
v -0.01019374 0.00650496 0.00264650
v -0.01019374 0.00650496 0.00264650
v -0.01019374 0.00650496 0.00264650
v -0.01019374 0.00650496 0.00264650
v -0.01019374 0.00650496 0.00264650
v -0.01019374 0.00650496 0.00264650
v -0.00715592 0.00985042 0.00260700
v -0.00715592 0.00985042 0.00260700
v -0.00715592 0.00985042 0.00260700
v -0.00715592 0.00985042 0.00260700
v -0.00715592 0.00985042 0.00260700
v -0.00715592 0.00985042 0.00260700
v -0.00715592 0.00985042 0.00260700
v -0.00684824 0.00985042 0.00151730
v -0.00684824 0.00985042 0.00151730
v -0.00684824 0.00985042 0.00151730
v -0.00684824 0.00985042 0.00151730
v -0.00684824 0.00985042 0.00151730
v -0.00684824 0.00985042 0.00151730
v -0.00684824 0.00985042 0.00151730
v -0.00684824 0.01007091 0.00260700
v -0.00684824 0.01007091 0.00260700
v -0.00684824 0.01007091 0.00260700
v -0.00684824 0.01007091 0.00260700
v -0.01019374 0.00687642 0.00595250
v -0.01019374 0.00687642 0.00595250
v -0.01019374 0.00687642 0.00595250
v -0.01019374 0.00687642 0.00595250
v -0.01019374 0.00687642 0.00595250
v -0.00732448 0.00985042 0.00595250
v -0.00732448 0.00985042 0.00595250
v -0.00732448 0.00985042 0.00595250
v -0.00732448 0.00985042 0.00595250
v -0.00732448 0.00985042 0.00595250
v -0.00684824 0.01019961 0.00595250
v -0.00684824 0.01019961 0.00595250
v -0.00684824 0.01019961 0.00595250
v -0.00684824 0.01019961 0.00595250
v -0.00684824 0.01019961 0.00595250
v -0.00684824 0.01019961 0.00595250
v -0.00350274 0.01166632 0.00260700
v -0.00350274 0.01166632 0.00260700
v -0.00350274 0.01166632 0.00260700
v -0.00350274 0.01166632 0.00260700
v -0.00350274 0.01166632 0.00260700
v -0.00350274 0.01166632 0.00260700
v -0.00350274 0.01166632 0.00260700
v -0.00350274 0.01166632 0.00260700
v -0.00350274 0.01187681 0.00595250
v -0.00350274 0.01187681 0.00595250
v -0.00350274 0.01187681 0.00595250
v -0.00350274 0.01187681 0.00595250
v -0.00350274 0.01187681 0.00595250
v -0.00350274 0.01187681 0.00595250
v -0.00350274 0.01187681 0.00595250
v -0.01136749 0.00315946 0.00929800
v -0.01136749 0.00315946 0.00929800
v -0.01136749 0.00315946 0.00929800
v -0.01136749 0.00315946 0.00929800
v -0.01136749 0.00315946 0.00929800
v -0.01019374 0.00564962 0.00929800
v -0.01019374 0.00564962 0.00929800
v -0.01019374 0.00564962 0.00929800
v -0.01019374 0.00564962 0.00929800
v -0.01019374 0.00564962 0.00929800
v -0.01019374 0.00650496 0.00776640
v -0.01019374 0.00650496 0.00776640
v -0.01019374 0.00650496 0.00776640
v -0.01019374 0.00650496 0.00776640
v -0.01019374 0.00650496 0.00776640
v -0.01019374 0.00650496 0.00776640
v -0.01019374 0.00650496 0.00776640
v -0.01019374 0.00650496 0.00776640
v -0.00959181 0.00650496 0.00929800
v -0.00959181 0.00650496 0.00929800
v -0.00959181 0.00650496 0.00929800
v -0.00959181 0.00650496 0.00929800
v -0.00959181 0.00650496 0.00929800
v -0.00959181 0.00650496 0.00929800
v -0.01019374 0.00035178 0.01264350
v -0.01019374 0.00035178 0.01264350
v -0.01019374 0.00035178 0.01264350
v -0.01019374 0.00035178 0.01264350
v -0.01019374 0.00035178 0.01264350
v -0.01019374 0.00035178 0.01264350
v -0.01019374 0.00035178 0.01264350
v -0.01019374 0.00315946 0.01147010
v -0.01019374 0.00315946 0.01147010
v -0.01019374 0.00315946 0.01147010
v -0.01019374 0.00315946 0.01147010
v -0.01019374 0.00315946 0.01147010
v -0.01019374 0.00315946 0.01147010
v -0.00933495 0.00315946 0.01264350
v -0.00933495 0.00315946 0.01264350
v -0.00933495 0.00315946 0.01264350
v -0.00933495 0.00315946 0.01264350
v -0.00933495 0.00315946 0.01264350
v -0.00933495 0.00315946 0.01264350
v -0.00726865 0.00650496 0.01264350
v -0.00726865 0.00650496 0.01264350
v -0.00726865 0.00650496 0.01264350
v -0.00726865 0.00650496 0.01264350
v -0.00726865 0.00650496 0.01264350
v -0.00726865 0.00650496 0.01264350
v -0.00684824 0.00945332 0.00929800
v -0.00684824 0.00945332 0.00929800
v -0.00684824 0.00945332 0.00929800
v -0.00684824 0.00945332 0.00929800
v -0.00684824 0.00985042 0.00809850
v -0.00684824 0.00985042 0.00809850
v -0.00684824 0.00985042 0.00809850
v -0.00684824 0.00985042 0.00809850
v -0.00684824 0.00985042 0.00809850
v -0.00684824 0.00985042 0.00809850
v -0.00684824 0.00985042 0.00809850
v -0.00684824 0.00985042 0.00809850
v -0.00684824 0.00705562 0.01264350
v -0.00684824 0.00705562 0.01264350
v -0.00684824 0.00705562 0.01264350
v -0.00684824 0.00705562 0.01264350
v -0.00684824 0.00705562 0.01264350
v -0.00684824 0.00705562 0.01264350
v -0.00684824 0.00705562 0.01264350
v -0.00684824 0.00705562 0.01264350
v -0.00635117 0.00985042 0.00929800
v -0.00635117 0.00985042 0.00929800
v -0.00635117 0.00985042 0.00929800
v -0.00635117 0.00985042 0.00929800
v -0.00635117 0.00985042 0.00929800
v -0.00350274 0.01135652 0.00929800
v -0.00350274 0.01135652 0.00929800
v -0.00350274 0.01135652 0.00929800
v -0.00350274 0.01135652 0.00929800
v -0.00350274 0.01135652 0.00929800
v -0.00350274 0.01135652 0.00929800
v -0.00350274 0.01135652 0.00929800
v -0.00350274 0.00979991 0.01264350
v -0.00350274 0.00979991 0.01264350
v -0.00350274 0.00979991 0.01264350
v -0.00350274 0.00979991 0.01264350
v -0.00350274 0.00985042 0.01257160
v -0.00350274 0.00985042 0.01257160
v -0.00350274 0.00985042 0.01257160
v -0.00350274 0.00985042 0.01257160
v -0.00350274 0.00985042 0.01257160
v -0.00338750 0.00985042 0.01264350
v -0.00338750 0.00985042 0.01264350
v -0.00338750 0.00985042 0.01264350
v -0.00338750 0.00985042 0.01264350
v -0.00338750 0.00985042 0.01264350
v -0.00338750 0.00985042 0.01264350
v -0.00338750 0.00985042 0.01264350
v -0.00684824 0.00150361 0.01598900
v -0.00684824 0.00150361 0.01598900
v -0.00684824 0.00150361 0.01598900
v -0.00684824 0.00150361 0.01598900
v -0.00684824 0.00150361 0.01598900
v -0.00684824 0.00150361 0.01598900
v -0.00684824 0.00150361 0.01598900
v -0.00684824 0.00150361 0.01598900
v -0.00684824 0.00315946 0.01534880
v -0.00684824 0.00315946 0.01534880
v -0.00684824 0.00315946 0.01534880
v -0.00684824 0.00315946 0.01534880
v -0.00684824 0.00650496 0.01311750
v -0.00684824 0.00650496 0.01311750
v -0.00684824 0.00650496 0.01311750
v -0.00684824 0.00650496 0.01311750
v -0.00684824 0.00650496 0.01311750
v -0.00684824 0.00650496 0.01311750
v -0.00684824 0.00650496 0.01311750
v -0.00608445 0.00315946 0.01598900
v -0.00608445 0.00315946 0.01598900
v -0.00608445 0.00315946 0.01598900
v -0.00608445 0.00315946 0.01598900
v -0.00608445 0.00315946 0.01598900
v -0.00350274 0.00611242 0.01598900
v -0.00350274 0.00611242 0.01598900
v -0.00350274 0.00611242 0.01598900
v -0.00350274 0.00611242 0.01598900
v -0.00350274 0.00611242 0.01598900
v -0.00350274 0.00650496 0.01574820
v -0.00350274 0.00650496 0.01574820
v -0.00350274 0.00650496 0.01574820
v -0.00350274 0.00650496 0.01574820
v -0.00350274 0.00650496 0.01574820
v -0.00350274 0.00650496 0.01574820
v -0.00294322 0.00650496 0.01598900
v -0.00294322 0.00650496 0.01598900
v -0.00294322 0.00650496 0.01598900
v -0.00294322 0.00650496 0.01598900
v -0.00294322 0.00650496 0.01598900
v -0.00294322 0.00650496 0.01598900
v -0.00294322 0.00650496 0.01598900
v -0.00294322 0.00650496 0.01598900
v -0.00350274 0.00315946 0.01712970
v -0.00350274 0.00315946 0.01712970
v -0.00350274 0.00315946 0.01712970
v -0.00350274 0.00315946 0.01712970
v -0.00350274 0.00315946 0.01712970
v -0.00350274 0.00315946 0.01712970
v 0.00465592 -0.00687704 -0.00742950
v 0.00465592 -0.00687704 -0.00742950
v 0.00465592 -0.00687704 -0.00742950
v 0.00465592 -0.00687704 -0.00742950
v 0.00465592 -0.00687704 -0.00742950
v 0.00465592 -0.00687704 -0.00742950
v 0.00465592 -0.00687704 -0.00742950
v 0.00653376 -0.00546017 -0.00742950
v 0.00653376 -0.00546017 -0.00742950
v 0.00653376 -0.00546017 -0.00742950
v 0.00653376 -0.00546017 -0.00742950
v 0.00318826 -0.00742814 -0.00742950
v 0.00318826 -0.00742814 -0.00742950
v 0.00318826 -0.00742814 -0.00742950
v 0.00318826 -0.00742814 -0.00742950
v 0.00318826 -0.00911458 -0.00408400
v 0.00318826 -0.00911458 -0.00408400
v 0.00318826 -0.00911458 -0.00408400
v 0.00318826 -0.00911458 -0.00408400
v 0.00318826 -0.00911458 -0.00408400
v 0.00318826 -0.00911458 -0.00408400
v 0.00318826 -0.00911458 -0.00408400
v 0.00318826 -0.00911458 -0.00408400
v 0.00318826 -0.00911458 -0.00408400
v 0.00653376 -0.00756099 -0.00408400
v 0.00653376 -0.00756099 -0.00408400
v 0.00653376 -0.00756099 -0.00408400
v 0.00653376 -0.00756099 -0.00408400
v 0.00653376 -0.00756099 -0.00408400
v 0.00653376 -0.00687704 -0.00519770
v 0.00653376 -0.00687704 -0.00519770
v 0.00653376 -0.00687704 -0.00519770
v 0.00653376 -0.00687704 -0.00519770
v 0.00653376 -0.00687704 -0.00519770
v 0.00653376 -0.00687704 -0.00519770
v 0.00318826 -0.01022254 -0.00202640
v 0.00318826 -0.01022254 -0.00202640
v 0.00318826 -0.01022254 -0.00202640
v 0.00318826 -0.01022254 -0.00202640
v 0.00741008 -0.00687704 -0.00408400
v 0.00741008 -0.00687704 -0.00408400
v 0.00741008 -0.00687704 -0.00408400
v 0.00741008 -0.00687704 -0.00408400
v 0.00741008 -0.00687704 -0.00408400
v 0.00741008 -0.00687704 -0.00408400
v 0.00741008 -0.00687704 -0.00408400
v 0.00741008 -0.00687704 -0.00408400
v 0.00767060 -0.00353154 -0.00742950
v 0.00767060 -0.00353154 -0.00742950
v 0.00767060 -0.00353154 -0.00742950
v 0.00767060 -0.00353154 -0.00742950
v 0.00767060 -0.00353154 -0.00742950
v 0.00767060 -0.00353154 -0.00742950
v 0.00956600 -0.00353154 -0.00408400
v 0.00956600 -0.00353154 -0.00408400
v 0.00956600 -0.00353154 -0.00408400
v 0.00956600 -0.00353154 -0.00408400
v 0.00956600 -0.00353154 -0.00408400
v 0.00956600 -0.00353154 -0.00408400
v 0.00987930 -0.00353154 -0.00347140
v 0.00987930 -0.00353154 -0.00347140
v 0.00987930 -0.00353154 -0.00347140
v 0.00987930 -0.00353154 -0.00347140
v 0.00987930 -0.00353154 -0.00347140
v 0.00987930 -0.00353154 -0.00347140
v 0.00318826 -0.01177121 0.00260700
v 0.00318826 -0.01177121 0.00260700
v 0.00318826 -0.01177121 0.00260700
v 0.00318826 -0.01177121 0.00260700
v 0.00318826 -0.01177121 0.00260700
v 0.00318826 -0.01177121 0.00260700
v 0.00318826 -0.01177121 0.00260700
v 0.00318826 -0.01177121 0.00260700
v 0.00653376 -0.01070002 0.00260700
v 0.00653376 -0.01070002 0.00260700
v 0.00653376 -0.01070002 0.00260700
v 0.00653376 -0.01070002 0.00260700
v 0.00653376 -0.01022254 0.00092110
v 0.00653376 -0.01022254 0.00092110
v 0.00653376 -0.01022254 0.00092110
v 0.00653376 -0.01022254 0.00092110
v 0.00653376 -0.01022254 0.00092110
v 0.00653376 -0.01022254 0.00092110
v 0.00653376 -0.01022254 0.00092110
v 0.00318826 -0.01203465 0.00595250
v 0.00318826 -0.01203465 0.00595250
v 0.00318826 -0.01203465 0.00595250
v 0.00318826 -0.01203465 0.00595250
v 0.00318826 -0.01203465 0.00595250
v 0.00318826 -0.01203465 0.00595250
v 0.00653376 -0.01088050 0.00595250
v 0.00653376 -0.01088050 0.00595250
v 0.00653376 -0.01088050 0.00595250
v 0.00653376 -0.01088050 0.00595250
v 0.00653376 -0.01088050 0.00595250
v 0.00653376 -0.01088050 0.00595250
v 0.00653376 -0.01088050 0.00595250
v 0.00743826 -0.01022254 0.00260700
v 0.00743826 -0.01022254 0.00260700
v 0.00743826 -0.01022254 0.00260700
v 0.00743826 -0.01022254 0.00260700
v 0.00743826 -0.01022254 0.00260700
v 0.00987930 -0.00813424 0.00260700
v 0.00987930 -0.00813424 0.00260700
v 0.00987930 -0.00813424 0.00260700
v 0.00987930 -0.00813424 0.00260700
v 0.00987930 -0.00813424 0.00260700
v 0.00987930 -0.00813424 0.00260700
v 0.00987930 -0.00813424 0.00260700
v 0.00987930 -0.00687704 -0.00011670
v 0.00987930 -0.00687704 -0.00011670
v 0.00987930 -0.00687704 -0.00011670
v 0.00987930 -0.00687704 -0.00011670
v 0.00987930 -0.00687704 -0.00011670
v 0.00987930 -0.00687704 -0.00011670
v 0.00987930 -0.00687704 -0.00011670
v 0.01078210 -0.00687704 0.00260700
v 0.01078210 -0.00687704 0.00260700
v 0.01078210 -0.00687704 0.00260700
v 0.01078210 -0.00687704 0.00260700
v 0.01078210 -0.00687704 0.00260700
v 0.00780270 -0.01022254 0.00595250
v 0.00780270 -0.01022254 0.00595250
v 0.00780270 -0.01022254 0.00595250
v 0.00780270 -0.01022254 0.00595250
v 0.00780270 -0.01022254 0.00595250
v 0.00780270 -0.01022254 0.00595250
v 0.00987930 -0.00851368 0.00595250
v 0.00987930 -0.00851368 0.00595250
v 0.00987930 -0.00851368 0.00595250
v 0.00987930 -0.00851368 0.00595250
v 0.01109430 -0.00687704 0.00595250
v 0.01109430 -0.00687704 0.00595250
v 0.01109430 -0.00687704 0.00595250
v 0.01109430 -0.00687704 0.00595250
v 0.01109430 -0.00687704 0.00595250
v 0.01109430 -0.00687704 0.00595250
v 0.01109430 -0.00687704 0.00595250
v 0.01109430 -0.00687704 0.00595250
v 0.01215230 -0.00353154 0.00260700
v 0.01215230 -0.00353154 0.00260700
v 0.01215230 -0.00353154 0.00260700
v 0.01215230 -0.00353154 0.00260700
v 0.01215230 -0.00353154 0.00260700
v 0.01215230 -0.00353154 0.00260700
v 0.01245520 -0.00353154 0.00595250
v 0.01245520 -0.00353154 0.00595250
v 0.01245520 -0.00353154 0.00595250
v 0.01245520 -0.00353154 0.00595250
v 0.01245520 -0.00353154 0.00595250
v 0.01245520 -0.00353154 0.00595250
v 0.00318826 -0.01137559 0.00929800
v 0.00318826 -0.01137559 0.00929800
v 0.00318826 -0.01137559 0.00929800
v 0.00318826 -0.01137559 0.00929800
v 0.00318826 -0.01137559 0.00929800
v 0.00318826 -0.01137559 0.00929800
v 0.00318826 -0.01137559 0.00929800
v 0.00614333 -0.01022254 0.00929800
v 0.00614333 -0.01022254 0.00929800
v 0.00614333 -0.01022254 0.00929800
v 0.00614333 -0.01022254 0.00929800
v 0.00614333 -0.01022254 0.00929800
v 0.00653376 -0.01022254 0.00884490
v 0.00653376 -0.01022254 0.00884490
v 0.00653376 -0.01022254 0.00884490
v 0.00653376 -0.01022254 0.00884490
v 0.00653376 -0.01022254 0.00884490
v 0.00653376 -0.01022254 0.00884490
v 0.00653376 -0.01003201 0.00929800
v 0.00653376 -0.01003201 0.00929800
v 0.00653376 -0.01003201 0.00929800
v 0.00653376 -0.01003201 0.00929800
v 0.00185807 -0.01022254 0.01264350
v 0.00185807 -0.01022254 0.01264350
v 0.00185807 -0.01022254 0.01264350
v 0.00185807 -0.01022254 0.01264350
v 0.00185807 -0.01022254 0.01264350
v 0.00185807 -0.01022254 0.01264350
v 0.00185807 -0.01022254 0.01264350
v 0.00185807 -0.01022254 0.01264350
v 0.00318826 -0.01022254 0.01190370
v 0.00318826 -0.01022254 0.01190370
v 0.00318826 -0.01022254 0.01190370
v 0.00318826 -0.01022254 0.01190370
v 0.00318826 -0.01022254 0.01190370
v 0.00318826 -0.00976016 0.01264350
v 0.00318826 -0.00976016 0.01264350
v 0.00318826 -0.00976016 0.01264350
v 0.00318826 -0.00976016 0.01264350
v 0.00653376 -0.00777716 0.01264350
v 0.00653376 -0.00777716 0.01264350
v 0.00653376 -0.00777716 0.01264350
v 0.00653376 -0.00777716 0.01264350
v 0.00653376 -0.00777716 0.01264350
v 0.00653376 -0.00777716 0.01264350
v 0.00653376 -0.00777716 0.01264350
v 0.00653376 -0.00777716 0.01264350
v 0.00653376 -0.00777716 0.01264350
v 0.00987930 -0.00739318 0.00929800
v 0.00987930 -0.00739318 0.00929800
v 0.00987930 -0.00739318 0.00929800
v 0.00987930 -0.00739318 0.00929800
v 0.00987930 -0.00739318 0.00929800
v 0.00987930 -0.00739318 0.00929800
v 0.00987930 -0.00739318 0.00929800
v 0.00987930 -0.00739318 0.00929800
v 0.01027740 -0.00687704 0.00929800
v 0.01027740 -0.00687704 0.00929800
v 0.01027740 -0.00687704 0.00929800
v 0.01027740 -0.00687704 0.00929800
v 0.00762690 -0.00687704 0.01264350
v 0.00762690 -0.00687704 0.01264350
v 0.00762690 -0.00687704 0.01264350
v 0.00762690 -0.00687704 0.01264350
v 0.00762690 -0.00687704 0.01264350
v 0.00987930 -0.00687704 0.01006300
v 0.00987930 -0.00687704 0.01006300
v 0.00987930 -0.00687704 0.01006300
v 0.00987930 -0.00687704 0.01006300
v 0.00987930 -0.00687704 0.01006300
v 0.00987930 -0.00687704 0.01006300
v 0.01189410 -0.00353154 0.00929800
v 0.01189410 -0.00353154 0.00929800
v 0.01189410 -0.00353154 0.00929800
v 0.01189410 -0.00353154 0.00929800
v 0.01189410 -0.00353154 0.00929800
v 0.01189410 -0.00353154 0.00929800
v 0.01189410 -0.00353154 0.00929800
v 0.01189410 -0.00353154 0.00929800
v 0.00987930 -0.00361076 0.01264350
v 0.00987930 -0.00361076 0.01264350
v 0.00987930 -0.00361076 0.01264350
v 0.00987930 -0.00361076 0.01264350
v 0.00987930 -0.00361076 0.01264350
v 0.00987930 -0.00361076 0.01264350
v 0.00991040 -0.00353154 0.01264350
v 0.00991040 -0.00353154 0.01264350
v 0.00991040 -0.00353154 0.01264350
v 0.00991040 -0.00353154 0.01264350
v 0.00121725 -0.00687704 0.01598900
v 0.00121725 -0.00687704 0.01598900
v 0.00121725 -0.00687704 0.01598900
v 0.00121725 -0.00687704 0.01598900
v 0.00121725 -0.00687704 0.01598900
v 0.00121725 -0.00687704 0.01598900
v 0.00121725 -0.00687704 0.01598900
v 0.00318826 -0.00687704 0.01544410
v 0.00318826 -0.00687704 0.01544410
v 0.00318826 -0.00687704 0.01544410
v 0.00318826 -0.00687704 0.01544410
v 0.00318826 -0.00687704 0.01544410
v 0.00318826 -0.00687704 0.01544410
v 0.00653376 -0.00687704 0.01348070
v 0.00653376 -0.00687704 0.01348070
v 0.00653376 -0.00687704 0.01348070
v 0.00653376 -0.00687704 0.01348070
v 0.00653376 -0.00687704 0.01348070
v 0.00653376 -0.00687704 0.01348070
v 0.00318826 -0.00589284 0.01598900
v 0.00318826 -0.00589284 0.01598900
v 0.00318826 -0.00589284 0.01598900
v 0.00318826 -0.00589284 0.01598900
v 0.00318826 -0.00589284 0.01598900
v 0.00318826 -0.00589284 0.01598900
v 0.00549113 -0.00353154 0.01598900
v 0.00549113 -0.00353154 0.01598900
v 0.00549113 -0.00353154 0.01598900
v 0.00549113 -0.00353154 0.01598900
v 0.00549113 -0.00353154 0.01598900
v 0.00549113 -0.00353154 0.01598900
v 0.00653376 -0.00353154 0.01540490
v 0.00653376 -0.00353154 0.01540490
v 0.00653376 -0.00353154 0.01540490
v 0.00653376 -0.00353154 0.01540490
v 0.00653376 -0.00353154 0.01540490
v 0.00653376 -0.00353154 0.01540490
v 0.00653376 -0.00353154 0.01540490
v 0.00653376 -0.00135668 0.01598900
v 0.00653376 -0.00135668 0.01598900
v 0.00653376 -0.00135668 0.01598900
v 0.00653376 -0.00135668 0.01598900
v 0.00653376 -0.00135668 0.01598900
v 0.00653376 -0.00135668 0.01598900
v 0.00318826 -0.00353154 0.01682180
v 0.00318826 -0.00353154 0.01682180
v 0.00318826 -0.00353154 0.01682180
v 0.00318826 -0.00353154 0.01682180
v 0.00987930 -0.00353154 0.01267690
v 0.00987930 -0.00353154 0.01267690
v 0.00987930 -0.00353154 0.01267690
v 0.00987930 -0.00353154 0.01267690
v 0.00987930 -0.00353154 0.01267690
v 0.00383944 0.00650496 -0.00742950
v 0.00383944 0.00650496 -0.00742950
v 0.00383944 0.00650496 -0.00742950
v 0.00383944 0.00650496 -0.00742950
v 0.00383944 0.00650496 -0.00742950
v 0.00383944 0.00650496 -0.00742950
v 0.00653376 0.00359605 -0.00742950
v 0.00653376 0.00359605 -0.00742950
v 0.00653376 0.00359605 -0.00742950
v 0.00653376 0.00359605 -0.00742950
v 0.00653376 0.00359605 -0.00742950
v 0.00653376 0.00359605 -0.00742950
v 0.00634766 0.00650496 -0.00408400
v 0.00634766 0.00650496 -0.00408400
v 0.00634766 0.00650496 -0.00408400
v 0.00634766 0.00650496 -0.00408400
v 0.00653376 0.00631218 -0.00408400
v 0.00653376 0.00631218 -0.00408400
v 0.00653376 0.00631218 -0.00408400
v 0.00653376 0.00631218 -0.00408400
v 0.00653376 0.00631218 -0.00408400
v 0.00653376 0.00650496 -0.00383770
v 0.00653376 0.00650496 -0.00383770
v 0.00653376 0.00650496 -0.00383770
v 0.00653376 0.00650496 -0.00383770
v 0.00653376 0.00650496 -0.00383770
v 0.00653376 0.00650496 -0.00383770
v 0.00678168 0.00315946 -0.00742950
v 0.00678168 0.00315946 -0.00742950
v 0.00678168 0.00315946 -0.00742950
v 0.00678168 0.00315946 -0.00742950
v 0.00872230 0.00315946 -0.00408400
v 0.00872230 0.00315946 -0.00408400
v 0.00872230 0.00315946 -0.00408400
v 0.00872230 0.00315946 -0.00408400
v 0.00872230 0.00315946 -0.00408400
v 0.00872230 0.00315946 -0.00408400
v 0.00872230 0.00315946 -0.00408400
v 0.00872230 0.00315946 -0.00408400
v 0.00872230 0.00315946 -0.00408400
v 0.00872230 0.00315946 -0.00408400
v 0.00987930 0.00315946 -0.00200550
v 0.00987930 0.00315946 -0.00200550
v 0.00987930 0.00315946 -0.00200550
v 0.00987930 0.00315946 -0.00200550
v 0.00987930 0.00315946 -0.00200550
v 0.00318826 0.00694066 -0.00742950
v 0.00318826 0.00694066 -0.00742950
v 0.00318826 0.00694066 -0.00742950
v 0.00318826 0.00694066 -0.00742950
v 0.00318826 0.00883872 -0.00408400
v 0.00318826 0.00883872 -0.00408400
v 0.00318826 0.00883872 -0.00408400
v 0.00318826 0.00883872 -0.00408400
v 0.00318826 0.00883872 -0.00408400
v 0.00318826 0.00883872 -0.00408400
v 0.00318826 0.00883872 -0.00408400
v 0.00318826 0.00883872 -0.00408400
v 0.00318826 0.00883872 -0.00408400
v 0.00318826 0.00883872 -0.00408400
v 0.00318826 0.00985042 -0.00211460
v 0.00318826 0.00985042 -0.00211460
v 0.00318826 0.00985042 -0.00211460
v 0.00318826 0.00985042 -0.00211460
v 0.00318826 0.00985042 -0.00211460
v 0.01169090 0.00315946 0.00260700
v 0.01169090 0.00315946 0.00260700
v 0.01169090 0.00315946 0.00260700
v 0.01169090 0.00315946 0.00260700
v 0.01169090 0.00315946 0.00260700
v 0.01169090 0.00315946 0.00260700
v 0.01169090 0.00315946 0.00260700
v 0.01169090 0.00315946 0.00260700
v 0.00987930 0.00650496 0.00209730
v 0.00987930 0.00650496 0.00209730
v 0.00987930 0.00650496 0.00209730
v 0.00987930 0.00650496 0.00209730
v 0.00987930 0.00650496 0.00209730
v 0.00987930 0.00650496 0.00209730
v 0.00987930 0.00650496 0.00209730
v 0.01003370 0.00650496 0.00260700
v 0.01003370 0.00650496 0.00260700
v 0.01003370 0.00650496 0.00260700
v 0.01003370 0.00650496 0.00260700
v 0.01215290 0.00315946 0.00595250
v 0.01215290 0.00315946 0.00595250
v 0.01215290 0.00315946 0.00595250
v 0.01215290 0.00315946 0.00595250
v 0.01215290 0.00315946 0.00595250
v 0.01215290 0.00315946 0.00595250
v 0.01050570 0.00650496 0.00595250
v 0.01050570 0.00650496 0.00595250
v 0.01050570 0.00650496 0.00595250
v 0.01050570 0.00650496 0.00595250
v 0.01050570 0.00650496 0.00595250
v 0.01050570 0.00650496 0.00595250
v 0.01050570 0.00650496 0.00595250
v 0.01050570 0.00650496 0.00595250
v 0.00653376 0.00985042 0.00213280
v 0.00653376 0.00985042 0.00213280
v 0.00653376 0.00985042 0.00213280
v 0.00653376 0.00985042 0.00213280
v 0.00653376 0.00985042 0.00213280
v 0.00653376 0.00985042 0.00213280
v 0.00653376 0.00985042 0.00213280
v 0.00318826 0.01162611 0.00260700
v 0.00318826 0.01162611 0.00260700
v 0.00318826 0.01162611 0.00260700
v 0.00318826 0.01162611 0.00260700
v 0.00318826 0.01162611 0.00260700
v 0.00318826 0.01162611 0.00260700
v 0.00318826 0.01162611 0.00260700
v 0.00318826 0.01162611 0.00260700
v 0.00653376 0.00998712 0.00260700
v 0.00653376 0.00998712 0.00260700
v 0.00653376 0.00998712 0.00260700
v 0.00653376 0.00998712 0.00260700
v 0.00318826 0.01198992 0.00595250
v 0.00318826 0.01198992 0.00595250
v 0.00318826 0.01198992 0.00595250
v 0.00318826 0.01198992 0.00595250
v 0.00318826 0.01198992 0.00595250
v 0.00318826 0.01198992 0.00595250
v 0.00653376 0.01039511 0.00595250
v 0.00653376 0.01039511 0.00595250
v 0.00653376 0.01039511 0.00595250
v 0.00653376 0.01039511 0.00595250
v 0.00653376 0.01039511 0.00595250
v 0.00653376 0.01039511 0.00595250
v 0.00653376 0.01039511 0.00595250
v 0.00653376 0.01039511 0.00595250
v 0.00673593 0.00985042 0.00260700
v 0.00673593 0.00985042 0.00260700
v 0.00673593 0.00985042 0.00260700
v 0.00673593 0.00985042 0.00260700
v 0.00673593 0.00985042 0.00260700
v 0.00673593 0.00985042 0.00260700
v 0.00987930 0.00672926 0.00260700
v 0.00987930 0.00672926 0.00260700
v 0.00987930 0.00672926 0.00260700
v 0.00987930 0.00672926 0.00260700
v 0.00987930 0.00672926 0.00260700
v 0.00987930 0.00672926 0.00260700
v 0.00733290 0.00985042 0.00595250
v 0.00733290 0.00985042 0.00595250
v 0.00733290 0.00985042 0.00595250
v 0.00733290 0.00985042 0.00595250
v 0.00733290 0.00985042 0.00595250
v 0.00987930 0.00737362 0.00595250
v 0.00987930 0.00737362 0.00595250
v 0.00987930 0.00737362 0.00595250
v 0.00987930 0.00737362 0.00595250
v 0.00987930 0.00737362 0.00595250
v 0.01172920 0.00315946 0.00929800
v 0.01172920 0.00315946 0.00929800
v 0.01172920 0.00315946 0.00929800
v 0.01172920 0.00315946 0.00929800
v 0.01172920 0.00315946 0.00929800
v 0.01172920 0.00315946 0.00929800
v 0.01172920 0.00315946 0.00929800
v 0.01172920 0.00315946 0.00929800
v 0.01003820 0.00650496 0.00929800
v 0.01003820 0.00650496 0.00929800
v 0.01003820 0.00650496 0.00929800
v 0.01003820 0.00650496 0.00929800
v 0.01004660 0.00315946 0.01264350
v 0.01004660 0.00315946 0.01264350
v 0.01004660 0.00315946 0.01264350
v 0.01004660 0.00315946 0.01264350
v 0.00830230 0.00650496 0.01264350
v 0.00830230 0.00650496 0.01264350
v 0.00830230 0.00650496 0.01264350
v 0.00830230 0.00650496 0.01264350
v 0.00987930 0.00366241 0.01264350
v 0.00987930 0.00366241 0.01264350
v 0.00987930 0.00366241 0.01264350
v 0.00987930 0.00366241 0.01264350
v 0.00987930 0.00366241 0.01264350
v 0.00987930 0.00366241 0.01264350
v 0.00987930 0.00366241 0.01264350
v 0.00987930 0.00650496 0.00977840
v 0.00987930 0.00650496 0.00977840
v 0.00987930 0.00650496 0.00977840
v 0.00987930 0.00650496 0.00977840
v 0.00987930 0.00650496 0.00977840
v 0.00987930 0.00650496 0.00977840
v 0.00987930 0.00650496 0.00977840
v 0.00318826 0.01141202 0.00929800
v 0.00318826 0.01141202 0.00929800
v 0.00318826 0.01141202 0.00929800
v 0.00318826 0.01141202 0.00929800
v 0.00318826 0.01141202 0.00929800
v 0.00318826 0.01141202 0.00929800
v 0.00318826 0.01141202 0.00929800
v 0.00318826 0.01141202 0.00929800
v 0.00653376 0.00987001 0.00929800
v 0.00653376 0.00987001 0.00929800
v 0.00653376 0.00987001 0.00929800
v 0.00653376 0.00987001 0.00929800
v 0.00343258 0.00985042 0.01264350
v 0.00343258 0.00985042 0.01264350
v 0.00343258 0.00985042 0.01264350
v 0.00343258 0.00985042 0.01264350
v 0.00343258 0.00985042 0.01264350
v 0.00343258 0.00985042 0.01264350
v 0.00343258 0.00985042 0.01264350
v 0.00653376 0.00821952 0.01264350
v 0.00653376 0.00821952 0.01264350
v 0.00653376 0.00821952 0.01264350
v 0.00653376 0.00821952 0.01264350
v 0.00653376 0.00821952 0.01264350
v 0.00653376 0.00821952 0.01264350
v 0.00653376 0.00985042 0.00935800
v 0.00653376 0.00985042 0.00935800
v 0.00653376 0.00985042 0.00935800
v 0.00653376 0.00985042 0.00935800
v 0.00653376 0.00985042 0.00935800
v 0.00653376 0.00985042 0.00935800
v 0.00653376 0.00985042 0.00935800
v 0.00318826 0.00992832 0.01264350
v 0.00318826 0.00992832 0.01264350
v 0.00318826 0.00992832 0.01264350
v 0.00318826 0.00992832 0.01264350
v 0.00656450 0.00985042 0.00929800
v 0.00656450 0.00985042 0.00929800
v 0.00656450 0.00985042 0.00929800
v 0.00656450 0.00985042 0.00929800
v 0.00656450 0.00985042 0.00929800
v 0.00987930 0.00672526 0.00929800
v 0.00987930 0.00672526 0.00929800
v 0.00987930 0.00672526 0.00929800
v 0.00987930 0.00672526 0.00929800
v 0.00987930 0.00672526 0.00929800
v 0.00987930 0.00672526 0.00929800
v 0.00987930 0.00672526 0.00929800
v 0.00413418 0.00650496 0.01598900
v 0.00413418 0.00650496 0.01598900
v 0.00413418 0.00650496 0.01598900
v 0.00413418 0.00650496 0.01598900
v 0.00413418 0.00650496 0.01598900
v 0.00413418 0.00650496 0.01598900
v 0.00413418 0.00650496 0.01598900
v 0.00653376 0.00337107 0.01598900
v 0.00653376 0.00337107 0.01598900
v 0.00653376 0.00337107 0.01598900
v 0.00653376 0.00337107 0.01598900
v 0.00653376 0.00337107 0.01598900
v 0.00653376 0.00337107 0.01598900
v 0.00653376 0.00337107 0.01598900
v 0.00653376 0.00650496 0.01451000
v 0.00653376 0.00650496 0.01451000
v 0.00653376 0.00650496 0.01451000
v 0.00653376 0.00650496 0.01451000
v 0.00653376 0.00650496 0.01451000
v 0.00318826 0.00315946 0.01727960
v 0.00318826 0.00315946 0.01727960
v 0.00318826 0.00315946 0.01727960
v 0.00318826 0.00315946 0.01727960
v 0.00318826 0.00315946 0.01727960
v 0.00318826 0.00315946 0.01727960
v 0.00318826 0.00315946 0.01727960
v 0.00318826 0.00315946 0.01727960
v 0.00653376 0.00315946 0.01602920
v 0.00653376 0.00315946 0.01602920
v 0.00653376 0.00315946 0.01602920
v 0.00653376 0.00315946 0.01602920
v 0.00318826 0.00650496 0.01628710
v 0.00318826 0.00650496 0.01628710
v 0.00318826 0.00650496 0.01628710
v 0.00318826 0.00650496 0.01628710
v 0.00659381 0.00315946 0.01598900
v 0.00659381 0.00315946 0.01598900
v 0.00659381 0.00315946 0.01598900
v 0.00659381 0.00315946 0.01598900
v 0.00659381 0.00315946 0.01598900
v 0.00659381 0.00315946 0.01598900
v 0.00987930 0.00315946 0.01286160
v 0.00987930 0.00315946 0.01286160
v 0.00987930 0.00315946 0.01286160
v 0.00987930 0.00315946 0.01286160
v 0.00987930 0.00315946 0.01286160
v 0.00987930 0.00315946 0.01286160
v 0.00318826 0.00697495 0.01598900
v 0.00318826 0.00697495 0.01598900
v 0.00318826 0.00697495 0.01598900
v 0.00318826 0.00697495 0.01598900
v 0.00318826 0.00697495 0.01598900
v 0.00318826 0.00697495 0.01598900
v 0.00318826 0.00697495 0.01598900
v 0.00318826 0.00985042 0.01277660
v 0.00318826 0.00985042 0.01277660
v 0.00318826 0.00985042 0.01277660
v 0.00318826 0.00985042 0.01277660
v 0.00318826 0.00985042 0.01277660
vt 0.00170648 1.00000000
vt 0.86348100 0.03311260
vt 0.70819100 0.03973510
vt 0.00000000 0.99337800
vt 0.86348100 0.03311260
vt 0.70819100 0.03973510
vt 0.00000000 0.99337800
vt 0.00170648 1.00000000
vt 0.24402700 0.05960270
vt 0.91126300 0.02649010
vt 0.91126300 0.02649010
vt 0.91126300 0.02649010
vt 0.24402700 0.05960270
vt 0.24402700 0.05960270
vt 0.00000000 1.00000000
vt 0.00000000 1.00000000
vt 0.00000000 1.00000000
vt 0.00000000 1.00000000
vt 0.93174100 0.14569500
vt 0.93174100 0.14569500
vt 0.93174100 0.14569500
vt 0.93174100 0.14569500
vt 0.93174100 0.14569500
vt 0.22354900 0.18543000
vt 0.22866900 0.14569500
vt 0.92662100 0.10596000
vt 0.92662100 0.10596000
vt 0.22866900 0.14569500
vt 0.92662100 0.10596000
vt 0.84300300 0.16556300
vt 0.84300300 0.16556300
vt 0.72696200 0.15894000
vt 0.84300300 0.16556300
vt 0.72696200 0.15894000
vt 0.72696200 0.15894000
vt 0.72013700 0.11920500
vt 0.72013700 0.11920500
vt 0.84982900 0.11920500
vt 0.72013700 0.11920500
vt 0.72013700 0.11920500
vt 0.84982900 0.11920500
vt 0.84982900 0.11920500
vt 0.87030700 0.21854300
vt 0.87030700 0.21854300
vt 0.87030700 0.21854300
vt 0.87030700 0.21854300
vt 0.87030700 0.21854300
vt 0.89761100 0.21854300
vt 0.89761100 0.21854300
vt 0.89761100 0.21854300
vt 0.89761100 0.21854300
vt 0.89761100 0.21854300
vt 0.89761100 0.21854300
vt 0.94027300 0.20529800
vt 0.94027300 0.20529800
vt 0.94027300 0.20529800
vt 0.94027300 0.20529800
vt 0.91979500 0.23178800
vt 0.91979500 0.23178800
vt 0.91979500 0.23178800
vt 0.91979500 0.23178800
vt 0.91979500 0.23178800
vt 0.91979500 0.23178800
vt 0.92662100 0.23178800
vt 0.92662100 0.23178800
vt 0.92662100 0.23178800
vt 0.92662100 0.23178800
vt 0.94880500 0.26490100
vt 0.94880500 0.26490100
vt 0.94880500 0.26490100
vt 0.94880500 0.26490100
vt 0.20307200 0.31788100
vt 0.94880500 0.26490100
vt 0.94880500 0.26490100
vt 0.94539200 0.23178800
vt 0.20819100 0.27814600
vt 0.94539200 0.23178800
vt 0.94539200 0.23178800
vt 0.20819100 0.27814600
vt 0.94539200 0.23178800
vt 0.94539200 0.23178800
vt 0.73720100 0.21854300
vt 0.73720100 0.21854300
vt 0.83105800 0.22516600
vt 0.83105800 0.22516600
vt 0.84300300 0.25165600
vt 0.84300300 0.25165600
vt 0.84300300 0.25165600
vt 0.84300300 0.25165600
vt 0.85665500 0.23178800
vt 0.85665500 0.23178800
vt 0.85665500 0.23178800
vt 0.85665500 0.23178800
vt 0.85665500 0.23178800
vt 0.85665500 0.23178800
vt 0.74573400 0.27814600
vt 0.74573400 0.27814600
vt 0.74573400 0.27814600
vt 0.82252600 0.29801300
vt 0.74573400 0.27814600
vt 0.82252600 0.29801300
vt 0.82252600 0.29801300
vt 0.74573400 0.27814600
vt 0.73890800 0.23178800
vt 0.73890800 0.23178800
vt 0.73890800 0.23178800
vt 0.82935200 0.23841100
vt 0.82935200 0.23841100
vt 0.82935200 0.23841100
vt 0.45051200 0.04635760
vt 0.00000000 0.99337800
vt 0.29351500 0.03311260
vt 0.45051200 0.04635760
vt 0.00170648 1.00000000
vt 0.30375400 0.09933780
vt 0.30375400 0.09933780
vt 0.30375400 0.09933780
vt 0.30375400 0.09933780
vt 0.30375400 0.09933780
vt 0.43856700 0.11920500
vt 0.43856700 0.11920500
vt 0.43856700 0.11920500
vt 0.43856700 0.11920500
vt 0.43003400 0.17880800
vt 0.43003400 0.17880800
vt 0.43003400 0.17880800
vt 0.31228700 0.15231800
vt 0.31228700 0.15231800
vt 0.31228700 0.15231800
vt 0.22184300 0.27152300
vt 0.96928300 0.30463600
vt 0.22184300 0.27152300
vt 0.22184300 0.27152300
vt 0.22184300 0.27152300
vt 0.23549500 0.25165600
vt 0.23549500 0.25165600
vt 0.23549500 0.25165600
vt 0.23549500 0.25165600
vt 0.23549500 0.25165600
vt 0.23549500 0.25165600
vt 0.23549500 0.25165600
vt 0.24744000 0.23841100
vt 0.24744000 0.23841100
vt 0.24744000 0.23841100
vt 0.24744000 0.23841100
vt 0.24744000 0.23841100
vt 0.24744000 0.23841100
vt 0.27986300 0.21854300
vt 0.27986300 0.21854300
vt 0.27986300 0.21854300
vt 0.27986300 0.21854300
vt 0.41979500 0.23841100
vt 0.32252600 0.21192100
vt 0.32252600 0.21192100
vt 0.41979500 0.23841100
vt 0.28327600 0.21854300
vt 0.28327600 0.21854300
vt 0.28327600 0.21854300
vt 0.28327600 0.21854300
vt 0.28327600 0.21854300
vt 0.30887400 0.23841100
vt 0.30887400 0.23841100
vt 0.30887400 0.23841100
vt 0.30887400 0.23841100
vt 0.30887400 0.23841100
vt 0.30887400 0.23841100
vt 0.32252600 0.21192100
vt 0.41808900 0.24503300
vt 0.41808900 0.24503300
vt 0.32252600 0.21192100
vt 0.32252600 0.21192100
vt 0.41808900 0.24503300
vt 0.40955600 0.31125800
vt 0.40955600 0.31125800
vt 0.33105800 0.27152300
vt 0.33105800 0.27152300
vt 0.40955600 0.31125800
vt 0.40955600 0.31125800
vt 0.33105800 0.27152300
vt 0.33105800 0.27152300
vt 0.00170648 1.00000000
vt 0.51023900 0.01986750
vt 0.00000000 0.99337800
vt 0.65017100 0.04635760
vt 0.51535800 0.07284770
vt 0.51535800 0.07284770
vt 0.51535800 0.07284770
vt 0.64334500 0.09933780
vt 0.51535800 0.07284770
vt 0.64334500 0.09933780
vt 0.64334500 0.09933780
vt 0.64334500 0.09933780
vt 0.51535800 0.07284770
vt 0.51535800 0.07284770
vt 0.51535800 0.07284770
vt 0.64334500 0.09933780
vt 0.52559700 0.14569500
vt 0.52559700 0.14569500
vt 0.52559700 0.14569500
vt 0.63310600 0.18543000
vt 0.52559700 0.14569500
vt 0.52559700 0.14569500
vt 0.72184300 0.25165600
vt 0.72184300 0.25165600
vt 0.72184300 0.25165600
vt 0.72184300 0.25165600
vt 0.70819100 0.24503300
vt 0.70819100 0.24503300
vt 0.70819100 0.24503300
vt 0.70819100 0.24503300
vt 0.70819100 0.24503300
vt 0.70819100 0.24503300
vt 0.69112600 0.23841100
vt 0.69112600 0.23841100
vt 0.69112600 0.23841100
vt 0.69112600 0.23841100
vt 0.69112600 0.23841100
vt 0.69112600 0.23841100
vt 0.69112600 0.23841100
vt 0.66211600 0.23841100
vt 0.66211600 0.23841100
vt 0.66211600 0.23841100
vt 0.66211600 0.23841100
vt 0.53413000 0.20529800
vt 0.53413000 0.20529800
vt 0.53413000 0.20529800
vt 0.53413000 0.20529800
vt 0.65187700 0.25165600
vt 0.65187700 0.25165600
vt 0.65187700 0.25165600
vt 0.65187700 0.25165600
vt 0.65187700 0.25165600
vt 0.65187700 0.25165600
vt 0.53413000 0.20529800
vt 0.53413000 0.20529800
vt 0.62286700 0.25165600
vt 0.53413000 0.20529800
vt 0.53413000 0.20529800
vt 0.53413000 0.20529800
vt 0.63481200 0.27152300
vt 0.63481200 0.27152300
vt 0.63481200 0.27152300
vt 0.63481200 0.27152300
vt 0.54266200 0.27152300
vt 0.54266200 0.27152300
vt 0.54266200 0.27152300
vt 0.54266200 0.27152300
vt 0.61433400 0.31788100
vt 0.54266200 0.27152300
vt 0.61433400 0.31788100
vt 0.61433400 0.31788100
vt 0.43174100 0.26490100
vt 0.43174100 0.26490100
vt 0.43174100 0.26490100
vt 0.43174100 0.26490100
vt 0.46245700 0.23841100
vt 0.46245700 0.23841100
vt 0.46245700 0.23841100
vt 0.46245700 0.23841100
vt 0.46245700 0.23841100
vt 0.44368600 0.25165600
vt 0.44368600 0.25165600
vt 0.44368600 0.25165600
vt 0.44368600 0.25165600
vt 0.44368600 0.25165600
vt 0.44368600 0.25165600
vt 0.50511900 0.23178800
vt 0.50511900 0.23178800
vt 0.50511900 0.23178800
vt 0.50511900 0.23178800
vt 0.50511900 0.23178800
vt 0.50511900 0.23178800
vt 0.48634800 0.23178800
vt 0.48634800 0.23178800
vt 0.48634800 0.23178800
vt 0.48634800 0.23178800
vt 0.48634800 0.23178800
vt 0.48634800 0.23178800
vt 0.51706500 0.23841100
vt 0.51706500 0.23841100
vt 0.51706500 0.23841100
vt 0.51706500 0.23841100
vt 0.19453900 0.47682100
vt 0.95904400 0.41721900
vt 0.95904400 0.41721900
vt 0.95904400 0.41721900
vt 0.95563100 0.33774800
vt 0.95563100 0.33774800
vt 0.95563100 0.33774800
vt 0.95563100 0.33774800
vt 0.95563100 0.33774800
vt 0.19795200 0.39072800
vt 0.75085300 0.35099300
vt 0.81570000 0.37086100
vt 0.75085300 0.35099300
vt 0.75085300 0.35099300
vt 0.75085300 0.35099300
vt 0.75085300 0.35099300
vt 0.75426600 0.43046400
vt 0.75426600 0.43046400
vt 0.75426600 0.43046400
vt 0.75426600 0.43046400
vt 0.20648500 0.66887400
vt 0.95051200 0.61589400
vt 0.95051200 0.61589400
vt 0.20648500 0.66887400
vt 0.95051200 0.61589400
vt 0.95051200 0.61589400
vt 0.95733800 0.50993400
vt 0.19624600 0.56291400
vt 0.19624600 0.56291400
vt 0.19624600 0.56291400
vt 0.95733800 0.50993400
vt 0.95733800 0.50993400
vt 0.19624600 0.56291400
vt 0.74232100 0.64238400
vt 0.74232100 0.64238400
vt 0.74232100 0.64238400
vt 0.74232100 0.64238400
vt 0.75085300 0.52980100
vt 0.75085300 0.52980100
vt 0.81740600 0.54304600
vt 0.81740600 0.54304600
vt 0.75085300 0.52980100
vt 0.75085300 0.52980100
vt 0.75085300 0.52980100
vt 0.75085300 0.52980100
vt 0.75085300 0.52980100
vt 0.04948810 0.63576200
vt 0.04948810 0.63576200
vt 0.04948810 0.63576200
vt 0.04948810 0.63576200
vt 0.03242320 0.56953600
vt 0.03242320 0.56953600
vt 0.20819100 0.68874200
vt 0.03242320 0.56953600
vt 0.94880500 0.63576200
vt 0.94880500 0.63576200
vt 0.04778160 0.63576200
vt 0.04778160 0.63576200
vt 0.04778160 0.63576200
vt 0.04778160 0.63576200
vt 0.74232100 0.64900700
vt 0.74232100 0.64900700
vt 0.74232100 0.64900700
vt 0.74232100 0.64900700
vt 0.74232100 0.64900700
vt 0.72525600 0.77483400
vt 0.72525600 0.77483400
vt 0.72525600 0.77483400
vt 0.72525600 0.77483400
vt 0.72525600 0.77483400
vt 0.72354900 0.78808000
vt 0.72354900 0.78808000
vt 0.72354900 0.78808000
vt 0.72354900 0.78808000
vt 0.06655290 0.69536400
vt 0.06655290 0.69536400
vt 0.06655290 0.69536400
vt 0.06655290 0.69536400
vt 0.06655290 0.69536400
vt 0.06655290 0.69536400
vt 0.06655290 0.69536400
vt 0.06655290 0.69536400
vt 0.06655290 0.69536400
vt 0.70648500 0.86755000
vt 0.06996590 0.82119200
vt 0.06996590 0.82119200
vt 0.70648500 0.86755000
vt 0.06996590 0.82119200
vt 0.06996590 0.82119200
vt 0.70648500 0.86755000
vt 0.06996590 0.82119200
vt 0.08361770 0.75496700
vt 0.08361770 0.75496700
vt 0.08361770 0.75496700
vt 0.08361770 0.75496700
vt 0.33959000 0.42384100
vt 0.33959000 0.42384100
vt 0.40102400 0.46357600
vt 0.40102400 0.46357600
vt 0.33788400 0.34437100
vt 0.33788400 0.34437100
vt 0.33788400 0.34437100
vt 0.40273000 0.38410600
vt 0.40273000 0.38410600
vt 0.40273000 0.38410600
vt 0.33105800 0.62913900
vt 0.41467600 0.66225200
vt 0.33105800 0.62913900
vt 0.41467600 0.66225200
vt 0.33105800 0.62913900
vt 0.41467600 0.66225200
vt 0.41467600 0.66225200
vt 0.33105800 0.62913900
vt 0.40273000 0.55629100
vt 0.33959000 0.51655600
vt 0.33959000 0.51655600
vt 0.33959000 0.51655600
vt 0.40273000 0.55629100
vt 0.40273000 0.55629100
vt 0.11262800 0.61589400
vt 0.11262800 0.61589400
vt 0.11262800 0.61589400
vt 0.11262800 0.61589400
vt 0.11262800 0.61589400
vt 0.11262800 0.61589400
vt 0.09897610 0.68874200
vt 0.09897610 0.68874200
vt 0.09897610 0.68874200
vt 0.09897610 0.68874200
vt 0.09897610 0.68874200
vt 0.09897610 0.68874200
vt 0.09897610 0.68874200
vt 0.09897610 0.68874200
vt 0.11433400 0.60927200
vt 0.11433400 0.60927200
vt 0.11433400 0.60927200
vt 0.11433400 0.60927200
vt 0.32764500 0.65562900
vt 0.12628000 0.53642400
vt 0.32764500 0.65562900
vt 0.41979500 0.68874200
vt 0.12628000 0.53642400
vt 0.41979500 0.68874200
vt 0.12628000 0.53642400
vt 0.54948800 0.42384100
vt 0.60580200 0.47682100
vt 0.60580200 0.47682100
vt 0.54948800 0.42384100
vt 0.60921500 0.39072800
vt 0.54778200 0.33774800
vt 0.54778200 0.33774800
vt 0.54778200 0.33774800
vt 0.60921500 0.39072800
vt 0.60921500 0.39072800
vt 0.54095600 0.62913900
vt 0.54095600 0.62913900
vt 0.61945400 0.66887400
vt 0.61945400 0.66887400
vt 0.54095600 0.62913900
vt 0.61945400 0.66887400
vt 0.54095600 0.62913900
vt 0.60921500 0.56953600
vt 0.60921500 0.56953600
vt 0.54778200 0.51655600
vt 0.54778200 0.51655600
vt 0.54778200 0.51655600
vt 0.60921500 0.56953600
vt 0.10068300 0.80794700
vt 0.10068300 0.80794700
vt 0.10068300 0.80794700
vt 0.10068300 0.80794700
vt 0.10068300 0.80794700
vt 0.10068300 0.80794700
vt 0.10068300 0.80794700
vt 0.64505100 0.82119200
vt 0.52047800 0.78808000
vt 0.11774700 0.85430500
vt 0.11774700 0.85430500
vt 0.11774700 0.85430500
vt 0.52047800 0.78808000
vt 0.52559700 0.76158900
vt 0.63822500 0.79470200
vt 0.52559700 0.76158900
vt 0.63822500 0.79470200
vt 0.53754300 0.66225200
vt 0.53754300 0.66225200
vt 0.53754300 0.66225200
vt 0.62286700 0.70198700
vt 0.62286700 0.70198700
vt 0.62286700 0.70198700
vt 0.90614300 0.11920500
vt 0.90614300 0.11920500
vt 0.90614300 0.11920500
vt 0.90614300 0.11920500
vt 0.90614300 0.11920500
vt 0.90614300 0.11920500
vt 0.87030700 0.12582800
vt 0.87030700 0.12582800
vt 0.87030700 0.12582800
vt 0.87030700 0.12582800
vt 0.87030700 0.12582800
vt 0.87030700 0.12582800
vt 0.87030700 0.12582800
vt 0.87030700 0.12582800
vt 0.87030700 0.12582800
vt 0.88566600 0.17218500
vt 0.88566600 0.17218500
vt 0.88566600 0.17218500
vt 0.88566600 0.17218500
vt 0.88566600 0.17218500
vt 0.88566600 0.17218500
vt 0.88737200 0.16556300
vt 0.88737200 0.16556300
vt 0.88737200 0.16556300
vt 0.88737200 0.16556300
vt 0.88737200 0.16556300
vt 0.91638200 0.17880800
vt 0.91638200 0.17880800
vt 0.91638200 0.17880800
vt 0.91638200 0.17880800
vt 0.91638200 0.17880800
vt 0.91638200 0.17880800
vt 0.91638200 0.17880800
vt 0.91638200 0.17880800
vt 0.91638200 0.17880800
vt 0.91638200 0.17880800
vt 0.90614300 0.11920500
vt 0.90614300 0.11920500
vt 0.90614300 0.11920500
vt 0.90614300 0.11920500
vt 0.92491500 0.22516600
vt 0.92491500 0.22516600
vt 0.92491500 0.22516600
vt 0.92491500 0.22516600
vt 0.92491500 0.22516600
vt 0.86689400 0.12582800
vt 0.86689400 0.12582800
vt 0.86689400 0.12582800
vt 0.86689400 0.12582800
vt 0.85324200 0.18543000
vt 0.85324200 0.18543000
vt 0.85324200 0.18543000
vt 0.85324200 0.18543000
vt 0.85324200 0.18543000
vt 0.85324200 0.18543000
vt 0.85324200 0.18543000
vt 0.85324200 0.18543000
vt 0.85324200 0.18543000
vt 0.85324200 0.18543000
vt 0.88395900 0.16556300
vt 0.88395900 0.16556300
vt 0.88395900 0.16556300
vt 0.88395900 0.16556300
vt 0.84812300 0.21854300
vt 0.84812300 0.21854300
vt 0.84812300 0.21854300
vt 0.84812300 0.21854300
vt 0.84812300 0.21854300
vt 0.90273000 0.28476800
vt 0.90273000 0.28476800
vt 0.90273000 0.28476800
vt 0.90273000 0.28476800
vt 0.90273000 0.28476800
vt 0.90443700 0.28476800
vt 0.90443700 0.28476800
vt 0.90443700 0.28476800
vt 0.90443700 0.28476800
vt 0.90443700 0.27152300
vt 0.90443700 0.27152300
vt 0.90443700 0.27152300
vt 0.90443700 0.27152300
vt 0.90443700 0.27152300
vt 0.90443700 0.27152300
vt 0.90443700 0.27152300
vt 0.86177500 0.29139100
vt 0.86177500 0.29139100
vt 0.86177500 0.29139100
vt 0.86177500 0.29139100
vt 0.86860100 0.28476800
vt 0.86860100 0.28476800
vt 0.86860100 0.28476800
vt 0.86860100 0.28476800
vt 0.86860100 0.28476800
vt 0.86860100 0.28476800
vt 0.86860100 0.28476800
vt 0.86518800 0.26490100
vt 0.86518800 0.26490100
vt 0.86518800 0.26490100
vt 0.86518800 0.26490100
vt 0.86518800 0.26490100
vt 0.86518800 0.26490100
vt 0.86518800 0.26490100
vt 0.89761100 0.35761600
vt 0.89761100 0.35761600
vt 0.89761100 0.35761600
vt 0.89761100 0.35761600
vt 0.89761100 0.35761600
vt 0.90785000 0.35761600
vt 0.90785000 0.35761600
vt 0.90785000 0.35761600
vt 0.90785000 0.35761600
vt 0.90785000 0.35761600
vt 0.90785000 0.35761600
vt 0.90785000 0.35761600
vt 0.90785000 0.35761600
vt 0.86006800 0.37086100
vt 0.86006800 0.37086100
vt 0.86006800 0.37086100
vt 0.86006800 0.37086100
vt 0.86006800 0.37086100
vt 0.86006800 0.37086100
vt 0.86006800 0.37086100
vt 0.86006800 0.37086100
vt 0.87201400 0.36423800
vt 0.87201400 0.36423800
vt 0.87201400 0.36423800
vt 0.87201400 0.36423800
vt 0.87201400 0.36423800
vt 0.93174100 0.30463600
vt 0.93174100 0.30463600
vt 0.93174100 0.30463600
vt 0.93174100 0.30463600
vt 0.93174100 0.30463600
vt 0.93174100 0.30463600
vt 0.93174100 0.30463600
vt 0.93174100 0.30463600
vt 0.93686000 0.38410600
vt 0.93686000 0.38410600
vt 0.93686000 0.38410600
vt 0.93686000 0.38410600
vt 0.93686000 0.38410600
vt 0.93686000 0.38410600
vt 0.83617700 0.32450300
vt 0.83617700 0.32450300
vt 0.83617700 0.32450300
vt 0.83617700 0.32450300
vt 0.83617700 0.32450300
vt 0.83617700 0.32450300
vt 0.83617700 0.32450300
vt 0.77133100 0.39735100
vt 0.83447100 0.40397400
vt 0.77303800 0.47682100
vt 0.77303800 0.47682100
vt 0.83447100 0.40397400
vt 0.83447100 0.40397400
vt 0.83447100 0.40397400
vt 0.90102400 0.45033100
vt 0.90102400 0.45033100
vt 0.90102400 0.45033100
vt 0.90102400 0.45033100
vt 0.90102400 0.45033100
vt 0.90102400 0.45033100
vt 0.90102400 0.45033100
vt 0.90785000 0.45033100
vt 0.90785000 0.45033100
vt 0.90785000 0.45033100
vt 0.90785000 0.45033100
vt 0.86518800 0.46357600
vt 0.86518800 0.46357600
vt 0.86518800 0.46357600
vt 0.86518800 0.46357600
vt 0.86860100 0.46357600
vt 0.86860100 0.46357600
vt 0.86860100 0.46357600
vt 0.86860100 0.46357600
vt 0.86860100 0.46357600
vt 0.90614300 0.48344400
vt 0.90614300 0.48344400
vt 0.90614300 0.48344400
vt 0.90614300 0.48344400
vt 0.90614300 0.48344400
vt 0.90614300 0.48344400
vt 0.90614300 0.48344400
vt 0.86689400 0.49006600
vt 0.86689400 0.49006600
vt 0.86689400 0.49006600
vt 0.86689400 0.49006600
vt 0.86689400 0.49006600
vt 0.86689400 0.49006600
vt 0.86689400 0.49006600
vt 0.87542700 0.57615900
vt 0.87542700 0.57615900
vt 0.87542700 0.57615900
vt 0.87542700 0.57615900
vt 0.87542700 0.57615900
vt 0.87542700 0.57615900
vt 0.87542700 0.57615900
vt 0.89761100 0.56953600
vt 0.89761100 0.56953600
vt 0.89761100 0.56953600
vt 0.89761100 0.56953600
vt 0.93515400 0.47019900
vt 0.93515400 0.47019900
vt 0.93515400 0.47019900
vt 0.93515400 0.47019900
vt 0.93515400 0.47019900
vt 0.93515400 0.47019900
vt 0.93515400 0.47019900
vt 0.93515400 0.47019900
vt 0.92491500 0.57615900
vt 0.92491500 0.57615900
vt 0.92491500 0.57615900
vt 0.92491500 0.57615900
vt 0.92491500 0.57615900
vt 0.92491500 0.57615900
vt 0.92491500 0.57615900
vt 0.92832800 0.58278100
vt 0.92832800 0.58278100
vt 0.92832800 0.58278100
vt 0.92832800 0.58278100
vt 0.83617700 0.49668900
vt 0.83617700 0.49668900
vt 0.83617700 0.49668900
vt 0.83617700 0.49668900
vt 0.83617700 0.49668900
vt 0.83617700 0.49668900
vt 0.83617700 0.49668900
vt 0.84812300 0.60264900
vt 0.84812300 0.60264900
vt 0.84812300 0.60264900
vt 0.84812300 0.60264900
vt 0.84812300 0.60264900
vt 0.84812300 0.60264900
vt 0.84812300 0.60264900
vt 0.84812300 0.60264900
vt 0.84812300 0.60264900
vt 0.84641600 0.60927200
vt 0.76109200 0.68211900
vt 0.84641600 0.60927200
vt 0.84641600 0.60927200
vt 0.76109200 0.68211900
vt 0.84641600 0.60927200
vt 0.76109200 0.68211900
vt 0.84641600 0.60927200
vt 0.88737200 0.62913900
vt 0.88737200 0.62913900
vt 0.88737200 0.62913900
vt 0.88737200 0.62913900
vt 0.88737200 0.62913900
vt 0.88737200 0.62913900
vt 0.88737200 0.62913900
vt 0.92662100 0.58940400
vt 0.92662100 0.58940400
vt 0.92662100 0.58940400
vt 0.92662100 0.58940400
vt 0.92662100 0.58940400
vt 0.92662100 0.58940400
vt 0.90785000 0.71523200
vt 0.90785000 0.71523200
vt 0.90785000 0.71523200
vt 0.90785000 0.71523200
vt 0.90785000 0.71523200
vt 0.04095560 0.67549700
vt 0.91638200 0.73509900
vt 0.91638200 0.73509900
vt 0.91638200 0.73509900
vt 0.04095560 0.67549700
vt 0.04095560 0.67549700
vt 0.04095560 0.67549700
vt 0.91638200 0.73509900
vt 0.87030700 0.72847700
vt 0.87030700 0.72847700
vt 0.87030700 0.72847700
vt 0.87030700 0.72847700
vt 0.87030700 0.72847700
vt 0.87030700 0.72847700
vt 0.04095560 0.82781500
vt 0.86689400 0.74172200
vt 0.74061400 0.81457000
vt 0.86689400 0.74172200
vt 0.74061400 0.81457000
vt 0.74061400 0.81457000
vt 0.74061400 0.81457000
vt 0.86689400 0.74172200
vt 0.87201400 0.73509900
vt 0.87201400 0.73509900
vt 0.87201400 0.73509900
vt 0.87201400 0.73509900
vt 0.87201400 0.73509900
vt 0.90614300 0.72847700
vt 0.90614300 0.72847700
vt 0.90614300 0.72847700
vt 0.90614300 0.72847700
vt 0.90614300 0.72847700
vt 0.89078500 0.79470200
vt 0.89078500 0.79470200
vt 0.05290100 0.76158900
vt 0.89078500 0.79470200
vt 0.05290100 0.76158900
vt 0.05290100 0.76158900
vt 0.68771300 0.11920500
vt 0.68771300 0.11920500
vt 0.68771300 0.11920500
vt 0.68771300 0.11920500
vt 0.68771300 0.11920500
vt 0.68771300 0.11920500
vt 0.67235500 0.11920500
vt 0.67235500 0.11920500
vt 0.67235500 0.11920500
vt 0.67235500 0.11920500
vt 0.70307200 0.12582800
vt 0.70307200 0.12582800
vt 0.70307200 0.12582800
vt 0.70307200 0.12582800
vt 0.71331100 0.18543000
vt 0.71331100 0.18543000
vt 0.71331100 0.18543000
vt 0.71331100 0.18543000
vt 0.71331100 0.18543000
vt 0.71331100 0.18543000
vt 0.71331100 0.18543000
vt 0.71331100 0.18543000
vt 0.68259400 0.17218500
vt 0.68259400 0.17218500
vt 0.68259400 0.17218500
vt 0.68259400 0.17218500
vt 0.68259400 0.17218500
vt 0.68259400 0.17218500
vt 0.67918100 0.15231800
vt 0.67918100 0.15231800
vt 0.67918100 0.15231800
vt 0.67918100 0.15231800
vt 0.67918100 0.15231800
vt 0.67918100 0.15231800
vt 0.67918100 0.15231800
vt 0.71843000 0.21854300
vt 0.71843000 0.21854300
vt 0.71843000 0.21854300
vt 0.71843000 0.21854300
vt 0.71843000 0.21854300
vt 0.71843000 0.21854300
vt 0.67235500 0.17880800
vt 0.67235500 0.17880800
vt 0.67235500 0.17880800
vt 0.67235500 0.17880800
vt 0.67235500 0.17880800
vt 0.67235500 0.17880800
vt 0.67235500 0.17880800
vt 0.54436900 0.18543000
vt 0.65187700 0.13907300
vt 0.65187700 0.13907300
vt 0.65187700 0.13907300
vt 0.65187700 0.13907300
vt 0.64334500 0.20529800
vt 0.64334500 0.20529800
vt 0.64334500 0.20529800
vt 0.64334500 0.20529800
vt 0.64334500 0.20529800
vt 0.55290100 0.25165600
vt 0.55290100 0.25165600
vt 0.63993200 0.22516600
vt 0.63993200 0.22516600
vt 0.63993200 0.22516600
vt 0.63993200 0.22516600
vt 0.63993200 0.22516600
vt 0.55631400 0.27152300
vt 0.72696200 0.32450300
vt 0.72696200 0.32450300
vt 0.72696200 0.32450300
vt 0.72696200 0.32450300
vt 0.72696200 0.32450300
vt 0.72696200 0.32450300
vt 0.72696200 0.32450300
vt 0.72696200 0.32450300
vt 0.69795200 0.30463600
vt 0.69795200 0.30463600
vt 0.69795200 0.30463600
vt 0.69795200 0.30463600
vt 0.69795200 0.30463600
vt 0.69795200 0.30463600
vt 0.69795200 0.30463600
vt 0.69795200 0.30463600
vt 0.69795200 0.30463600
vt 0.69795200 0.30463600
vt 0.72866900 0.40397400
vt 0.72866900 0.40397400
vt 0.72866900 0.40397400
vt 0.72866900 0.40397400
vt 0.72866900 0.40397400
vt 0.72866900 0.40397400
vt 0.72866900 0.40397400
vt 0.69965900 0.39072800
vt 0.69965900 0.39072800
vt 0.69965900 0.39072800
vt 0.69965900 0.39072800
vt 0.69965900 0.39072800
vt 0.69795200 0.31125800
vt 0.69795200 0.31125800
vt 0.69795200 0.31125800
vt 0.69795200 0.31125800
vt 0.69795200 0.31125800
vt 0.69795200 0.31125800
vt 0.66041000 0.31125800
vt 0.66041000 0.31125800
vt 0.66041000 0.31125800
vt 0.66041000 0.31125800
vt 0.66041000 0.31125800
vt 0.66041000 0.31125800
vt 0.66041000 0.31125800
vt 0.65870300 0.29139100
vt 0.65870300 0.29139100
vt 0.65870300 0.29139100
vt 0.65870300 0.29139100
vt 0.65870300 0.29139100
vt 0.65870300 0.29139100
vt 0.65870300 0.29139100
vt 0.65699700 0.31788100
vt 0.65699700 0.31788100
vt 0.65699700 0.31788100
vt 0.65699700 0.31788100
vt 0.69453900 0.39072800
vt 0.69453900 0.39072800
vt 0.69453900 0.39072800
vt 0.69453900 0.39072800
vt 0.69453900 0.39072800
vt 0.66211600 0.39735100
vt 0.66211600 0.39735100
vt 0.66211600 0.39735100
vt 0.66211600 0.39735100
vt 0.66211600 0.39735100
vt 0.65699700 0.40397400
vt 0.65699700 0.40397400
vt 0.65699700 0.40397400
vt 0.65699700 0.40397400
vt 0.65699700 0.40397400
vt 0.65699700 0.40397400
vt 0.62969300 0.35099300
vt 0.62969300 0.35099300
vt 0.62969300 0.35099300
vt 0.62969300 0.35099300
vt 0.62969300 0.35099300
vt 0.62969300 0.35099300
vt 0.62969300 0.35099300
vt 0.62969300 0.35099300
vt 0.62798600 0.43046400
vt 0.62798600 0.43046400
vt 0.62798600 0.43046400
vt 0.62798600 0.43046400
vt 0.62798600 0.43046400
vt 0.62798600 0.43046400
vt 0.62798600 0.43046400
vt 0.72525600 0.50331100
vt 0.72525600 0.50331100
vt 0.72525600 0.50331100
vt 0.72525600 0.50331100
vt 0.72525600 0.50331100
vt 0.70307200 0.49006600
vt 0.70307200 0.49006600
vt 0.70307200 0.49006600
vt 0.70307200 0.49006600
vt 0.70307200 0.49006600
vt 0.69795200 0.44370900
vt 0.69795200 0.44370900
vt 0.69795200 0.44370900
vt 0.69795200 0.44370900
vt 0.69795200 0.44370900
vt 0.69795200 0.44370900
vt 0.69795200 0.44370900
vt 0.69795200 0.44370900
vt 0.69453900 0.49006600
vt 0.69453900 0.49006600
vt 0.69453900 0.49006600
vt 0.69453900 0.49006600
vt 0.69453900 0.49006600
vt 0.69453900 0.49006600
vt 0.73890800 0.63576200
vt 0.73890800 0.63576200
vt 0.73890800 0.63576200
vt 0.73890800 0.63576200
vt 0.73890800 0.63576200
vt 0.73890800 0.63576200
vt 0.73890800 0.63576200
vt 0.72013700 0.57615900
vt 0.72013700 0.57615900
vt 0.72013700 0.57615900
vt 0.72013700 0.57615900
vt 0.72013700 0.57615900
vt 0.72013700 0.57615900
vt 0.71501700 0.61589400
vt 0.71501700 0.61589400
vt 0.71501700 0.61589400
vt 0.71501700 0.61589400
vt 0.71501700 0.61589400
vt 0.71501700 0.61589400
vt 0.68259400 0.60927200
vt 0.68259400 0.60927200
vt 0.68259400 0.60927200
vt 0.68259400 0.60927200
vt 0.68259400 0.60927200
vt 0.68259400 0.60927200
vt 0.66211600 0.49668900
vt 0.66211600 0.49668900
vt 0.66211600 0.49668900
vt 0.66211600 0.49668900
vt 0.65870300 0.46357600
vt 0.65870300 0.46357600
vt 0.65870300 0.46357600
vt 0.65870300 0.46357600
vt 0.65870300 0.46357600
vt 0.65870300 0.46357600
vt 0.65870300 0.46357600
vt 0.65870300 0.46357600
vt 0.67576800 0.60927200
vt 0.67576800 0.60927200
vt 0.67576800 0.60927200
vt 0.67576800 0.60927200
vt 0.67576800 0.60927200
vt 0.67576800 0.60927200
vt 0.67576800 0.60927200
vt 0.67576800 0.60927200
vt 0.65529000 0.49668900
vt 0.65529000 0.49668900
vt 0.65529000 0.49668900
vt 0.65529000 0.49668900
vt 0.65529000 0.49668900
vt 0.62969300 0.52317900
vt 0.62969300 0.52317900
vt 0.62969300 0.52317900
vt 0.62969300 0.52317900
vt 0.62969300 0.52317900
vt 0.62969300 0.52317900
vt 0.62969300 0.52317900
vt 0.64163800 0.62913900
vt 0.64163800 0.62913900
vt 0.64163800 0.62913900
vt 0.64163800 0.62913900
vt 0.63993200 0.62913900
vt 0.63993200 0.62913900
vt 0.63993200 0.62913900
vt 0.63993200 0.62913900
vt 0.63993200 0.62913900
vt 0.63993200 0.62913900
vt 0.63993200 0.62913900
vt 0.63993200 0.62913900
vt 0.63993200 0.62913900
vt 0.63993200 0.62913900
vt 0.63993200 0.62913900
vt 0.63993200 0.62913900
vt 0.71160400 0.76158900
vt 0.71160400 0.76158900
vt 0.71160400 0.76158900
vt 0.71160400 0.76158900
vt 0.71160400 0.76158900
vt 0.71160400 0.76158900
vt 0.71160400 0.76158900
vt 0.71160400 0.76158900
vt 0.70136500 0.72847700
vt 0.70136500 0.72847700
vt 0.70136500 0.72847700
vt 0.70136500 0.72847700
vt 0.67918100 0.62913900
vt 0.67918100 0.62913900
vt 0.67918100 0.62913900
vt 0.67918100 0.62913900
vt 0.67918100 0.62913900
vt 0.67918100 0.62913900
vt 0.67918100 0.62913900
vt 0.69795200 0.75496700
vt 0.69795200 0.75496700
vt 0.69795200 0.75496700
vt 0.69795200 0.75496700
vt 0.69795200 0.75496700
vt 0.66552900 0.76158900
vt 0.66552900 0.76158900
vt 0.66552900 0.76158900
vt 0.66552900 0.76158900
vt 0.66552900 0.76158900
vt 0.66211600 0.74834400
vt 0.66211600 0.74834400
vt 0.66211600 0.74834400
vt 0.66211600 0.74834400
vt 0.66211600 0.74834400
vt 0.66211600 0.74834400
vt 0.10580200 0.90728500
vt 0.10580200 0.90728500
vt 0.66041000 0.76158900
vt 0.66041000 0.76158900
vt 0.66041000 0.76158900
vt 0.66041000 0.76158900
vt 0.66041000 0.76158900
vt 0.66041000 0.76158900
vt 0.08703070 0.87417200
vt 0.68430000 0.82119200
vt 0.68430000 0.82119200
vt 0.68430000 0.82119200
vt 0.68430000 0.82119200
vt 0.08703070 0.87417200
vt 0.25256000 0.12582800
vt 0.25256000 0.12582800
vt 0.25256000 0.12582800
vt 0.25256000 0.12582800
vt 0.25256000 0.12582800
vt 0.25256000 0.12582800
vt 0.25256000 0.12582800
vt 0.27133100 0.11258300
vt 0.27133100 0.11258300
vt 0.27133100 0.11258300
vt 0.27133100 0.11258300
vt 0.24232100 0.13907300
vt 0.24232100 0.13907300
vt 0.24232100 0.13907300
vt 0.95051200 0.18543000
vt 0.23208200 0.20529800
vt 0.23208200 0.20529800
vt 0.96075100 0.24503300
vt 0.23208200 0.20529800
vt 0.23208200 0.20529800
vt 0.23208200 0.20529800
vt 0.23208200 0.20529800
vt 0.96075100 0.24503300
vt 0.23208200 0.20529800
vt 0.25938600 0.17218500
vt 0.25938600 0.17218500
vt 0.25938600 0.17218500
vt 0.25938600 0.17218500
vt 0.25938600 0.17218500
vt 0.26279900 0.15231800
vt 0.26279900 0.15231800
vt 0.26279900 0.15231800
vt 0.26279900 0.15231800
vt 0.26279900 0.15231800
vt 0.26279900 0.15231800
vt 0.22525600 0.24503300
vt 0.22525600 0.24503300
vt 0.22525600 0.24503300
vt 0.22525600 0.24503300
vt 0.26791800 0.16556300
vt 0.26791800 0.16556300
vt 0.26791800 0.16556300
vt 0.26791800 0.16556300
vt 0.26791800 0.16556300
vt 0.26791800 0.16556300
vt 0.26791800 0.16556300
vt 0.26791800 0.16556300
vt 0.29010200 0.11920500
vt 0.29010200 0.11920500
vt 0.29010200 0.11920500
vt 0.29010200 0.11920500
vt 0.29010200 0.11920500
vt 0.29010200 0.11920500
vt 0.30034100 0.17218500
vt 0.30034100 0.17218500
vt 0.30034100 0.17218500
vt 0.30034100 0.17218500
vt 0.30034100 0.17218500
vt 0.30034100 0.17218500
vt 0.30204800 0.18543000
vt 0.30204800 0.18543000
vt 0.30204800 0.18543000
vt 0.30204800 0.18543000
vt 0.30204800 0.18543000
vt 0.30204800 0.18543000
vt 0.21672400 0.34437100
vt 0.97610900 0.37748300
vt 0.21672400 0.34437100
vt 0.21672400 0.34437100
vt 0.21672400 0.34437100
vt 0.21672400 0.34437100
vt 0.21672400 0.34437100
vt 0.21672400 0.34437100
vt 0.24061400 0.30463600
vt 0.24061400 0.30463600
vt 0.24061400 0.30463600
vt 0.24061400 0.30463600
vt 0.24232100 0.27152300
vt 0.24232100 0.27152300
vt 0.24232100 0.27152300
vt 0.24232100 0.27152300
vt 0.24232100 0.27152300
vt 0.24232100 0.27152300
vt 0.24232100 0.27152300
vt 0.21501700 0.43046400
vt 0.97781600 0.45695400
vt 0.21501700 0.43046400
vt 0.21501700 0.43046400
vt 0.21501700 0.43046400
vt 0.21501700 0.43046400
vt 0.23890800 0.39072800
vt 0.23890800 0.39072800
vt 0.23890800 0.39072800
vt 0.23890800 0.39072800
vt 0.23890800 0.39072800
vt 0.23890800 0.39072800
vt 0.23890800 0.39072800
vt 0.24744000 0.29801300
vt 0.24744000 0.29801300
vt 0.24744000 0.29801300
vt 0.24744000 0.29801300
vt 0.24744000 0.29801300
vt 0.27474400 0.28476800
vt 0.27474400 0.28476800
vt 0.27474400 0.28476800
vt 0.27474400 0.28476800
vt 0.27474400 0.28476800
vt 0.27474400 0.28476800
vt 0.27474400 0.28476800
vt 0.28157000 0.23178800
vt 0.28157000 0.23178800
vt 0.28157000 0.23178800
vt 0.28157000 0.23178800
vt 0.28157000 0.23178800
vt 0.28157000 0.23178800
vt 0.28157000 0.23178800
vt 0.28668900 0.28476800
vt 0.28668900 0.28476800
vt 0.28668900 0.28476800
vt 0.28668900 0.28476800
vt 0.28668900 0.28476800
vt 0.25085300 0.37748300
vt 0.25085300 0.37748300
vt 0.25085300 0.37748300
vt 0.25085300 0.37748300
vt 0.25085300 0.37748300
vt 0.25085300 0.37748300
vt 0.27303800 0.37086100
vt 0.27303800 0.37086100
vt 0.27303800 0.37086100
vt 0.27303800 0.37086100
vt 0.28839600 0.37086100
vt 0.28839600 0.37086100
vt 0.28839600 0.37086100
vt 0.28839600 0.37086100
vt 0.28839600 0.37086100
vt 0.28839600 0.37086100
vt 0.28839600 0.37086100
vt 0.28839600 0.37086100
vt 0.31570000 0.30463600
vt 0.31570000 0.30463600
vt 0.31570000 0.30463600
vt 0.31570000 0.30463600
vt 0.31570000 0.30463600
vt 0.31570000 0.30463600
vt 0.31740600 0.39072800
vt 0.31740600 0.39072800
vt 0.31740600 0.39072800
vt 0.31740600 0.39072800
vt 0.31740600 0.39072800
vt 0.31740600 0.39072800
vt 0.22013700 0.52317900
vt 0.22013700 0.52317900
vt 0.22013700 0.52317900
vt 0.22013700 0.52317900
vt 0.22013700 0.52317900
vt 0.22013700 0.52317900
vt 0.22013700 0.52317900
vt 0.24232100 0.49006600
vt 0.24232100 0.49006600
vt 0.24232100 0.49006600
vt 0.24232100 0.49006600
vt 0.24232100 0.49006600
vt 0.24402700 0.47682100
vt 0.24402700 0.47682100
vt 0.24402700 0.47682100
vt 0.24402700 0.47682100
vt 0.24402700 0.47682100
vt 0.24402700 0.47682100
vt 0.24573400 0.49006600
vt 0.24573400 0.49006600
vt 0.24573400 0.49006600
vt 0.24573400 0.49006600
vt 0.04095560 0.52317900
vt 0.21843000 0.64238400
vt 0.04095560 0.52317900
vt 0.21843000 0.64238400
vt 0.21843000 0.64238400
vt 0.21843000 0.64238400
vt 0.21843000 0.64238400
vt 0.21843000 0.64238400
vt 0.22696200 0.60264900
vt 0.22696200 0.60264900
vt 0.22696200 0.60264900
vt 0.22696200 0.60264900
vt 0.22696200 0.60264900
vt 0.22866900 0.62913900
vt 0.22866900 0.62913900
vt 0.22866900 0.62913900
vt 0.22866900 0.62913900
vt 0.26109200 0.60264900
vt 0.26109200 0.60264900
vt 0.26109200 0.60264900
vt 0.26109200 0.60264900
vt 0.26109200 0.60264900
vt 0.26109200 0.60264900
vt 0.26109200 0.60264900
vt 0.26109200 0.60264900
vt 0.26109200 0.60264900
vt 0.27986300 0.47019900
vt 0.27986300 0.47019900
vt 0.27986300 0.47019900
vt 0.27986300 0.47019900
vt 0.27986300 0.47019900
vt 0.27986300 0.47019900
vt 0.27986300 0.47019900
vt 0.27986300 0.47019900
vt 0.28498300 0.47019900
vt 0.28498300 0.47019900
vt 0.28498300 0.47019900
vt 0.28498300 0.47019900
vt 0.27303800 0.59602600
vt 0.27303800 0.59602600
vt 0.27303800 0.59602600
vt 0.27303800 0.59602600
vt 0.27303800 0.59602600
vt 0.28327600 0.49668900
vt 0.28327600 0.49668900
vt 0.28327600 0.49668900
vt 0.28327600 0.49668900
vt 0.28327600 0.49668900
vt 0.28327600 0.49668900
vt 0.31570000 0.48344400
vt 0.31570000 0.48344400
vt 0.31570000 0.48344400
vt 0.31570000 0.48344400
vt 0.31570000 0.48344400
vt 0.31570000 0.48344400
vt 0.31570000 0.48344400
vt 0.31570000 0.48344400
vt 0.30546100 0.60264900
vt 0.30546100 0.60264900
vt 0.30546100 0.60264900
vt 0.30546100 0.60264900
vt 0.30546100 0.60264900
vt 0.30546100 0.60264900
vt 0.30546100 0.60264900
vt 0.30546100 0.60264900
vt 0.30546100 0.60264900
vt 0.30546100 0.60264900
vt 0.05460750 0.60927200
vt 0.05460750 0.60927200
vt 0.05460750 0.60927200
vt 0.05460750 0.60927200
vt 0.05460750 0.60927200
vt 0.05460750 0.60927200
vt 0.05460750 0.60927200
vt 0.24744000 0.73509900
vt 0.06313990 0.56953600
vt 0.24744000 0.73509900
vt 0.06313990 0.56953600
vt 0.24744000 0.73509900
vt 0.06313990 0.56953600
vt 0.07849830 0.49006600
vt 0.26621200 0.63576200
vt 0.07849830 0.49006600
vt 0.26621200 0.63576200
vt 0.07849830 0.49006600
vt 0.26621200 0.63576200
vt 0.06825940 0.58940400
vt 0.06825940 0.58940400
vt 0.06825940 0.58940400
vt 0.06825940 0.58940400
vt 0.06825940 0.58940400
vt 0.06825940 0.58940400
vt 0.09044370 0.58278100
vt 0.09044370 0.58278100
vt 0.09044370 0.58278100
vt 0.09044370 0.58278100
vt 0.09044370 0.58278100
vt 0.09044370 0.58278100
vt 0.28839600 0.72185400
vt 0.28839600 0.72185400
vt 0.09556310 0.55629100
vt 0.28839600 0.72185400
vt 0.09556310 0.55629100
vt 0.28839600 0.72185400
vt 0.09556310 0.55629100
vt 0.10750900 0.59602600
vt 0.10750900 0.59602600
vt 0.10750900 0.59602600
vt 0.10750900 0.59602600
vt 0.10750900 0.59602600
vt 0.10750900 0.59602600
vt 0.08191130 0.62913900
vt 0.08191130 0.62913900
vt 0.08191130 0.62913900
vt 0.08191130 0.62913900
vt 0.30546100 0.60264900
vt 0.30546100 0.60264900
vt 0.30546100 0.60264900
vt 0.30546100 0.60264900
vt 0.30546100 0.60264900
vt 0.49146800 0.12582800
vt 0.49146800 0.12582800
vt 0.49146800 0.12582800
vt 0.49146800 0.12582800
vt 0.49146800 0.12582800
vt 0.49146800 0.12582800
vt 0.45904400 0.13907300
vt 0.45904400 0.13907300
vt 0.45904400 0.13907300
vt 0.45904400 0.13907300
vt 0.45904400 0.13907300
vt 0.45904400 0.13907300
vt 0.47610900 0.17880800
vt 0.47610900 0.17880800
vt 0.47610900 0.17880800
vt 0.47610900 0.17880800
vt 0.47440300 0.17880800
vt 0.47440300 0.17880800
vt 0.47440300 0.17880800
vt 0.47440300 0.17880800
vt 0.47440300 0.17880800
vt 0.47440300 0.18543000
vt 0.47440300 0.18543000
vt 0.47440300 0.18543000
vt 0.47440300 0.18543000
vt 0.47440300 0.18543000
vt 0.47440300 0.18543000
vt 0.45563100 0.13907300
vt 0.45563100 0.13907300
vt 0.45563100 0.13907300
vt 0.45563100 0.13907300
vt 0.44368600 0.20529800
vt 0.44368600 0.20529800
vt 0.44368600 0.20529800
vt 0.44368600 0.20529800
vt 0.44368600 0.20529800
vt 0.44368600 0.20529800
vt 0.44368600 0.20529800
vt 0.44368600 0.20529800
vt 0.44368600 0.20529800
vt 0.44368600 0.20529800
vt 0.43686000 0.24503300
vt 0.43686000 0.24503300
vt 0.43686000 0.24503300
vt 0.43686000 0.24503300
vt 0.43686000 0.24503300
vt 0.49829400 0.12582800
vt 0.49829400 0.12582800
vt 0.49829400 0.12582800
vt 0.49829400 0.12582800
vt 0.50853200 0.17880800
vt 0.50853200 0.17880800
vt 0.50853200 0.17880800
vt 0.50853200 0.17880800
vt 0.50853200 0.17880800
vt 0.50853200 0.17880800
vt 0.50853200 0.17880800
vt 0.50853200 0.17880800
vt 0.50853200 0.17880800
vt 0.50853200 0.17880800
vt 0.51365200 0.21854300
vt 0.51365200 0.21854300
vt 0.51365200 0.21854300
vt 0.51365200 0.21854300
vt 0.51365200 0.21854300
vt 0.42491500 0.33774800
vt 0.42491500 0.33774800
vt 0.42491500 0.33774800
vt 0.42491500 0.33774800
vt 0.42491500 0.33774800
vt 0.42491500 0.33774800
vt 0.42491500 0.33774800
vt 0.42491500 0.33774800
vt 0.45392500 0.29801300
vt 0.45392500 0.29801300
vt 0.45392500 0.29801300
vt 0.45392500 0.29801300
vt 0.45392500 0.29801300
vt 0.45392500 0.29801300
vt 0.45392500 0.29801300
vt 0.45392500 0.30463600
vt 0.45392500 0.30463600
vt 0.45392500 0.30463600
vt 0.45392500 0.30463600
vt 0.42320800 0.41721900
vt 0.42320800 0.41721900
vt 0.42320800 0.41721900
vt 0.42320800 0.41721900
vt 0.42320800 0.41721900
vt 0.42320800 0.41721900
vt 0.45051200 0.39072800
vt 0.45051200 0.39072800
vt 0.45051200 0.39072800
vt 0.45051200 0.39072800
vt 0.45051200 0.39072800
vt 0.45051200 0.39072800
vt 0.45051200 0.39072800
vt 0.45051200 0.39072800
vt 0.49317400 0.28476800
vt 0.49317400 0.28476800
vt 0.49317400 0.28476800
vt 0.49317400 0.28476800
vt 0.49317400 0.28476800
vt 0.49317400 0.28476800
vt 0.49317400 0.28476800
vt 0.52389100 0.31125800
vt 0.52389100 0.31125800
vt 0.52389100 0.31125800
vt 0.52389100 0.31125800
vt 0.52389100 0.31125800
vt 0.52389100 0.31125800
vt 0.52389100 0.31125800
vt 0.52389100 0.31125800
vt 0.49317400 0.29801300
vt 0.49317400 0.29801300
vt 0.49317400 0.29801300
vt 0.49317400 0.29801300
vt 0.52559700 0.39072800
vt 0.52559700 0.39072800
vt 0.52559700 0.39072800
vt 0.52559700 0.39072800
vt 0.52559700 0.39072800
vt 0.52559700 0.39072800
vt 0.49658700 0.37748300
vt 0.49658700 0.37748300
vt 0.49658700 0.37748300
vt 0.49658700 0.37748300
vt 0.49658700 0.37748300
vt 0.49658700 0.37748300
vt 0.49658700 0.37748300
vt 0.49658700 0.37748300
vt 0.49146800 0.29801300
vt 0.49146800 0.29801300
vt 0.49146800 0.29801300
vt 0.49146800 0.29801300
vt 0.49146800 0.29801300
vt 0.49146800 0.29801300
vt 0.45563100 0.30463600
vt 0.45563100 0.30463600
vt 0.45563100 0.30463600
vt 0.45563100 0.30463600
vt 0.45563100 0.30463600
vt 0.45563100 0.30463600
vt 0.48805500 0.37748300
vt 0.48805500 0.37748300
vt 0.48805500 0.37748300
vt 0.48805500 0.37748300
vt 0.48805500 0.37748300
vt 0.45904400 0.38410600
vt 0.45904400 0.38410600
vt 0.45904400 0.38410600
vt 0.45904400 0.38410600
vt 0.45904400 0.38410600
vt 0.42662100 0.50993400
vt 0.42662100 0.50993400
vt 0.42662100 0.50993400
vt 0.42662100 0.50993400
vt 0.42662100 0.50993400
vt 0.42662100 0.50993400
vt 0.42662100 0.50993400
vt 0.42662100 0.50993400
vt 0.45392500 0.48344400
vt 0.45392500 0.48344400
vt 0.45392500 0.48344400
vt 0.45392500 0.48344400
vt 0.43515400 0.61589400
vt 0.43515400 0.61589400
vt 0.43515400 0.61589400
vt 0.43515400 0.61589400
vt 0.46587000 0.58940400
vt 0.46587000 0.58940400
vt 0.46587000 0.58940400
vt 0.46587000 0.58940400
vt 0.43856700 0.61589400
vt 0.43856700 0.61589400
vt 0.43856700 0.61589400
vt 0.43856700 0.61589400
vt 0.43856700 0.61589400
vt 0.43856700 0.61589400
vt 0.43856700 0.61589400
vt 0.45563100 0.49668900
vt 0.45563100 0.49668900
vt 0.45563100 0.49668900
vt 0.45563100 0.49668900
vt 0.45563100 0.49668900
vt 0.45563100 0.49668900
vt 0.45563100 0.49668900
vt 0.52389100 0.48344400
vt 0.52389100 0.48344400
vt 0.52389100 0.48344400
vt 0.52389100 0.48344400
vt 0.52389100 0.48344400
vt 0.52389100 0.48344400
vt 0.52389100 0.48344400
vt 0.52389100 0.48344400
vt 0.49488100 0.47019900
vt 0.49488100 0.47019900
vt 0.49488100 0.47019900
vt 0.49488100 0.47019900
vt 0.51535800 0.59602600
vt 0.51535800 0.59602600
vt 0.51535800 0.59602600
vt 0.51535800 0.59602600
vt 0.51535800 0.59602600
vt 0.51535800 0.59602600
vt 0.51535800 0.59602600
vt 0.48634800 0.58278100
vt 0.48634800 0.58278100
vt 0.48634800 0.58278100
vt 0.48634800 0.58278100
vt 0.48634800 0.58278100
vt 0.48634800 0.58278100
vt 0.49488100 0.47019900
vt 0.49488100 0.47019900
vt 0.49488100 0.47019900
vt 0.49488100 0.47019900
vt 0.49488100 0.47019900
vt 0.49488100 0.47019900
vt 0.49488100 0.47019900
vt 0.51706500 0.59602600
vt 0.51706500 0.59602600
vt 0.51706500 0.59602600
vt 0.51706500 0.59602600
vt 0.49488100 0.47019900
vt 0.49488100 0.47019900
vt 0.49488100 0.47019900
vt 0.49488100 0.47019900
vt 0.49488100 0.47019900
vt 0.45563100 0.47682100
vt 0.45563100 0.47682100
vt 0.45563100 0.47682100
vt 0.45563100 0.47682100
vt 0.45563100 0.47682100
vt 0.45563100 0.47682100
vt 0.45563100 0.47682100
vt 0.49317400 0.72185400
vt 0.49317400 0.72185400
vt 0.13651900 0.76821200
vt 0.49317400 0.72185400
vt 0.49317400 0.72185400
vt 0.49317400 0.72185400
vt 0.13651900 0.76821200
vt 0.13139900 0.67549700
vt 0.45904400 0.74172200
vt 0.45904400 0.74172200
vt 0.13139900 0.67549700
vt 0.45904400 0.74172200
vt 0.45904400 0.74172200
vt 0.13139900 0.67549700
vt 0.47781600 0.65562900
vt 0.47781600 0.65562900
vt 0.47781600 0.65562900
vt 0.47781600 0.65562900
vt 0.47781600 0.65562900
vt 0.11604100 0.74172200
vt 0.11604100 0.74172200
vt 0.11604100 0.74172200
vt 0.11604100 0.74172200
vt 0.11604100 0.74172200
vt 0.11604100 0.74172200
vt 0.11604100 0.74172200
vt 0.11604100 0.74172200
vt 0.12969300 0.66887400
vt 0.12969300 0.66887400
vt 0.12969300 0.66887400
vt 0.12969300 0.66887400
vt 0.50000000 0.74172200
vt 0.13310600 0.78808000
vt 0.50000000 0.74172200
vt 0.13310600 0.78808000
vt 0.45904400 0.74834400
vt 0.12969300 0.66887400
vt 0.12969300 0.66887400
vt 0.45904400 0.74834400
vt 0.12969300 0.66887400
vt 0.12969300 0.66887400
vt 0.43686000 0.62913900
vt 0.43686000 0.62913900
vt 0.43686000 0.62913900
vt 0.43686000 0.62913900
vt 0.43686000 0.62913900
vt 0.43686000 0.62913900
vt 0.50170600 0.72847700
vt 0.50170600 0.72847700
vt 0.50170600 0.72847700
vt 0.50170600 0.72847700
vt 0.50170600 0.72847700
vt 0.50170600 0.72847700
vt 0.50170600 0.72847700
vt 0.51706500 0.60264900
vt 0.51706500 0.60264900
vt 0.51706500 0.60264900
vt 0.51706500 0.60264900
vt 0.51706500 0.60264900
f 15/15 7/7 1/1
f 27/27 19/19 478/478
f 480/480 519/519 41/41
f 42/42 521/521 33/33
f 29/29 476/476 11/11
f 475/475 481/481 12/12
f 10/10 479/479 5/5
f 38/38 2/2 482/482
f 493/493 50/50 45/45
f 509/509 506/506 497/497
f 56/56 507/507 22/22
f 23/23 504/504 477/477
f 510/510 473/473 508/508
f 516/516 64/64 62/62
f 77/77 68/68 515/515
f 513/513 74/74 65/65
f 514/514 58/58 505/505
f 63/63 48/48 500/500
f 498/498 503/503 489/489
f 492/492 499/499 49/49
f 517/517 501/501 75/75
f 80/80 502/502 54/54
f 533/533 523/523 487/487
f 518/518 486/486 526/526
f 520/520 531/531 30/30
f 31/31 524/524 84/84
f 540/540 92/92 88/88
f 47/47 528/528 488/488
f 535/535 491/491 527/527
f 46/46 90/90 529/529
f 537/537 522/522 91/91
f 86/86 101/101 539/539
f 107/107 538/538 102/102
f 85/85 530/530 108/108
f 536/536 109/109 525/525
f 485/485 494/494 534/534
f 490/490 532/532 496/496
f 495/495 484/484 512/512
f 511/511 483/483 474/474
f 555/555 547/547 542/542
f 568/568 566/566 558/558
f 545/545 563/563 550/550
f 556/556 570/570 51/51
f 43/43 52/52 569/569
f 573/573 552/552 561/561
f 549/549 583/583 543/543
f 541/541 586/586 575/575
f 599/599 590/590 565/565
f 560/560 564/564 589/589
f 544/544 578/578 567/567
f 562/562 576/576 600/600
f 66/66 603/603 59/59
f 60/60 602/602 551/551
f 554/554 601/601 546/546
f 290/290 604/604 71/71
f 67/67 70/70 608/608
f 553/553 53/53 61/61
f 612/612 585/585 606/606
f 548/548 607/607 584/584
f 285/285 614/614 288/288
f 605/605 291/291 613/613
f 559/559 618/618 571/571
f 574/574 617/617 95/95
f 87/87 94/94 616/616
f 572/572 93/93 44/44
f 89/89 619/619 99/99
f 97/97 622/622 297/297
f 557/557 588/588 621/621
f 620/620 592/592 623/623
f 615/615 626/626 294/294
f 298/298 625/625 300/300
f 638/638 629/629 580/580
f 577/577 587/587 630/630
f 597/597 644/644 591/591
f 594/594 648/648 641/641
f 579/579 633/633 598/598
f 596/596 635/635 646/646
f 655/655 634/634 636/636
f 661/661 640/640 645/645
f 673/673 663/663 654/654
f 653/653 658/658 632/632
f 647/647 631/631 662/662
f 656/656 651/651 667/667
f 609/609 676/676 581/581
f 582/582 674/674 639/639
f 284/284 314/314 611/611
f 610/610 313/313 675/675
f 692/692 685/685 680/680
f 637/637 679/679 650/650
f 649/649 678/678 687/687
f 309/309 305/305 677/677
f 681/681 304/304 691/691
f 652/652 686/686 672/672
f 643/643 697/697 595/595
f 628/628 593/593 694/694
f 695/695 323/323 627/627
f 302/302 624/624 321/321
f 700/700 696/696 659/659
f 657/657 698/698 642/642
f 660/660 668/668 702/702
f 701/701 666/666 706/706
f 703/703 711/711 699/699
f 693/693 716/716 322/322
f 325/325 713/713 316/316
f 704/704 707/707 714/714
f 720/720 669/669 670/670
f 729/729 684/684 690/690
f 689/689 307/307 726/726
f 338/338 727/727 308/308
f 671/671 688/688 721/721
f 730/730 719/719 683/683
f 725/725 734/734 682/682
f 342/342 741/741 333/333
f 337/337 737/737 724/724
f 731/731 728/728 738/738
f 332/332 740/740 341/341
f 708/708 664/664 747/747
f 718/718 743/743 665/665
f 345/345 317/317 715/715
f 752/752 712/712 746/746
f 705/705 745/745 709/709
f 710/710 755/755 344/344
f 343/343 753/753 349/349
f 354/354 352/352 751/751
f 733/733 762/762 722/722
f 766/766 761/761 723/723
f 748/748 717/717 757/757
f 732/732 742/742 763/763
f 744/744 760/760 756/756
f 770/770 759/759 765/765
f 764/764 736/736 768/768
f 358/358 772/772 735/735
f 329/329 361/361 739/739
f 356/356 754/754 372/372
f 368/368 749/749 771/771
f 767/767 750/750 758/758
f 376/376 367/367 364/364
f 769/769 365/365 373/373
f 18/18 4/4 181/181
f 35/35 786/786 36/36
f 37/37 785/785 773/773
f 776/776 196/196 39/39
f 3/3 40/40 188/188
f 184/184 6/6 190/190
f 191/191 774/774 781/781
f 782/782 825/825 192/192
f 189/189 821/821 197/197
f 83/83 788/788 32/32
f 784/784 34/34 792/792
f 783/783 791/791 777/777
f 775/775 787/787 801/801
f 805/805 794/794 799/799
f 106/106 103/103 810/810
f 809/809 96/96 206/206
f 808/808 793/793 105/105
f 104/104 790/790 82/82
f 813/813 204/204 210/210
f 212/212 795/795 812/812
f 789/789 811/811 796/796
f 797/797 209/209 213/213
f 803/803 779/779 778/778
f 802/802 798/798 816/816
f 800/800 217/217 820/820
f 814/814 218/218 220/220
f 815/815 826/826 804/804
f 780/780 807/807 822/822
f 823/823 806/806 827/827
f 824/824 829/829 200/200
f 201/201 831/831 226/226
f 223/223 233/233 817/817
f 830/830 818/818 835/835
f 836/836 819/819 230/230
f 225/225 832/832 237/237
f 837/837 236/236 828/828
f 834/834 231/231 243/243
f 242/242 248/248 833/833
f 238/238 838/838 246/246
f 296/296 846/846 98/98
f 203/203 100/100 843/843
f 205/205 839/839 211/211
f 207/207 844/844 850/850
f 208/208 848/848 216/216
f 219/219 849/849 854/854
f 301/301 860/860 293/293
f 842/842 295/295 858/858
f 861/861 868/868 845/845
f 847/847 840/840 873/873
f 874/874 841/841 864/864
f 872/872 856/856 851/851
f 855/855 884/884 214/214
f 222/222 215/215 887/887
f 886/886 852/852 880/880
f 885/885 878/878 892/892
f 870/870 867/867 895/895
f 896/896 879/879 869/869
f 853/853 871/871 875/875
f 876/876 897/897 898/898
f 899/899 903/903 877/877
f 891/891 881/881 905/905
f 883/883 232/232 221/221
f 890/890 915/915 888/888
f 882/882 914/914 228/228
f 240/240 229/229 910/910
f 241/241 913/913 251/251
f 250/250 912/912 435/435
f 889/889 907/907 909/909
f 916/916 904/904 917/917
f 911/911 921/921 431/431
f 436/436 920/920 429/429
f 299/299 324/324 857/857
f 859/859 326/326 927/927
f 924/924 935/935 863/863
f 865/865 862/862 934/934
f 940/940 926/926 933/933
f 941/941 930/930 942/942
f 319/319 949/949 327/327
f 928/928 320/320 955/955
f 959/959 328/328 951/951
f 960/960 952/952 961/961
f 957/957 931/931 925/925
f 964/964 967/967 956/956
f 932/932 958/958 969/969
f 946/946 929/929 968/968
f 936/936 894/894 866/866
f 947/947 982/982 938/938
f 893/893 937/937 902/902
f 900/900 939/939 981/981
f 983/983 944/944 976/976
f 980/980 908/908 901/901
f 972/972 985/985 945/945
f 975/975 943/943 988/988
f 979/979 973/973 997/997
f 995/995 1000/1000 978/978
f 906/906 977/977 918/918
f 923/923 984/984 999/999
f 1001/1001 444/444 919/919
f 428/428 922/922 449/449
f 974/974 989/989 994/994
f 993/993 987/987 1010/1010
f 1009/1009 986/986 1007/1007
f 1013/1013 1006/1006 1019/1019
f 1012/1012 1002/1002 996/996
f 1011/1011 1018/1018 1004/1004
f 1020/1020 439/439 998/998
f 445/445 1003/1003 442/442
f 347/347 954/954 318/318
f 346/346 348/348 948/948
f 351/351 1027/1027 950/950
f 963/963 953/953 1025/1025
f 1029/1029 966/966 1023/1023
f 970/970 965/965 1035/1035
f 1031/1031 1037/1037 962/962
f 353/353 1021/1021 350/350
f 1030/1030 1024/1024 1042/1042
f 1032/1032 1044/1044 1036/1036
f 1043/1043 1048/1048 1039/1039
f 1050/1050 1038/1038 1045/1045
f 1053/1053 1046/1046 1062/1062
f 1041/1041 1022/1022 1068/1068
f 369/369 1065/1065 1026/1026
f 355/355 366/366 1028/1028
f 377/377 452/452 370/370
f 371/371 451/451 1064/1064
f 1067/1067 1049/1049 1040/1040
f 459/459 1056/1056 455/455
f 450/450 1057/1057 1069/1069
f 1066/1066 1059/1059 1047/1047
f 1034/1034 990/990 971/971
f 1008/1008 992/992 1051/1051
f 1033/1033 1055/1055 991/991
f 1063/1063 1016/1016 1054/1054
f 1005/1005 1052/1052 1015/1015
f 1017/1017 1061/1061 471/471
f 472/472 1058/1058 466/466
f 470/470 440/440 1014/1014
f 457/457 464/464 1060/1060
f 16/16 111/111 8/8
f 1075/1075 1082/1082 28/28
f 20/20 26/26 1084/1084
f 1078/1078 1074/1074 115/115
f 112/112 116/116 14/14
f 119/119 1073/1073 13/13
f 25/25 9/9 1072/1072
f 129/129 1120/1120 117/117
f 1077/1077 118/118 1118/1118
f 1081/1081 1089/1089 24/24
f 21/21 1087/1087 55/55
f 1097/1097 1093/1093 1103/1103
f 1102/1102 1085/1085 1076/1076
f 1083/1083 1071/1071 1091/1091
f 1105/1105 134/134 79/79
f 81/81 131/131 73/73
f 1107/1107 139/139 133/133
f 57/57 1092/1092 78/78
f 1106/1106 76/76 1090/1090
f 146/146 137/137 1096/1096
f 1094/1094 136/136 1088/1088
f 1108/1108 1086/1086 138/138
f 151/151 147/147 1115/1115
f 1099/1099 1109/1109 1095/1095
f 1098/1098 1116/1116 142/142
f 1101/1101 1070/1070 1080/1080
f 1127/1127 1112/1112 1121/1121
f 1079/1079 1119/1119 1100/1100
f 1104/1104 1122/1122 1114/1114
f 154/154 1125/1125 127/127
f 1117/1117 128/128 1123/1123
f 157/157 1113/1113 1131/1131
f 1128/1128 1133/1133 1111/1111
f 1110/1110 156/156 148/148
f 1132/1132 162/162 160/160
f 1130/1130 1126/1126 171/171
f 170/170 1124/1124 153/153
f 167/167 180/180 1129/1129
f 1134/1134 176/176 164/164
f 132/132 1142/1142 72/72
f 69/69 1136/1136 287/287
f 1146/1146 1137/1137 1150/1150
f 1147/1147 1141/1141 140/140
f 130/130 141/141 1139/1139
f 1153/1153 135/135 145/145
f 1138/1138 1154/1154 292/292
f 289/289 1155/1155 286/286
f 1143/1143 1161/1161 1135/1135
f 1140/1140 1164/1164 1158/1158
f 1149/1149 1168/1168 1145/1145
f 1178/1178 1148/1148 1185/1185
f 149/149 1179/1179 144/144
f 143/143 1180/1180 1151/1151
f 1152/1152 1173/1173 1169/1169
f 1183/1183 1188/1188 1176/1176
f 1195/1195 1163/1163 1167/1167
f 1144/1144 1171/1171 1162/1162
f 1198/1198 1194/1194 1174/1174
f 1170/1170 1177/1177 1196/1196
f 1187/1187 1203/1203 1172/1172
f 1175/1175 1204/1204 1197/1197
f 1184/1184 150/150 159/159
f 1214/1214 1186/1186 165/165
f 158/158 163/163 1182/1182
f 1181/1181 166/166 1190/1190
f 383/383 1212/1212 175/175
f 161/161 179/179 1211/1211
f 1218/1218 1202/1202 1213/1213
f 1189/1189 1209/1209 1201/1201
f 378/378 1217/1217 382/382
f 1210/1210 384/384 1215/1215
f 1223/1223 310/310 1156/1156
f 283/283 1159/1159 311/311
f 1232/1232 1224/1224 1234/1234
f 1237/1237 1227/1227 1165/1165
f 1157/1157 1160/1160 1226/1226
f 1233/1233 1240/1240 1231/1231
f 1251/1251 1249/1249 1221/1221
f 1225/1225 1248/1248 315/315
f 312/312 1247/1247 306/306
f 1255/1255 1222/1222 1230/1230
f 1254/1254 1256/1256 1250/1250
f 1242/1242 1267/1267 1229/1229
f 1228/1228 1265/1265 1253/1253
f 1252/1252 1263/1263 1259/1259
f 1236/1236 1166/1166 1191/1191
f 1200/1200 1274/1274 1193/1193
f 1192/1192 1275/1275 1235/1235
f 1238/1238 1270/1270 1239/1239
f 1278/1278 1272/1272 1208/1208
f 1199/1199 1207/1207 1273/1273
f 1283/1283 1266/1266 1289/1289
f 1291/1291 1268/1268 1271/1271
f 1241/1241 1276/1276 1264/1264
f 1286/1286 1269/1269 1280/1280
f 1220/1220 1294/1294 1205/1205
f 1206/1206 1293/1293 1279/1279
f 379/379 397/397 1216/1216
f 1219/1219 399/399 1299/1299
f 1290/1290 1300/1300 1285/1285
f 1309/1309 1302/1302 1298/1298
f 1277/1277 1295/1295 1288/1288
f 1287/1287 1292/1292 1301/1301
f 398/398 388/388 1296/1296
f 1297/1297 395/395 1307/1307
f 335/335 303/303 1246/1246
f 1313/1313 1245/1245 1318/1318
f 1258/1258 1321/1321 1244/1244
f 1243/1243 1316/1316 336/336
f 334/334 1312/1312 339/339
f 1257/1257 1261/1261 1317/1317
f 1328/1328 1319/1319 1262/1262
f 331/331 340/340 1310/1310
f 1324/1324 1260/1260 1281/1281
f 1322/1322 1334/1334 1314/1314
f 1347/1347 1339/1339 1327/1327
f 1338/1338 1333/1333 1325/1325
f 1320/1320 1323/1323 1332/1332
f 1345/1345 1348/1348 1336/1336
f 330/330 1315/1315 360/360
f 1311/1311 1330/1330 362/362
f 1355/1355 363/363 1331/1331
f 1356/1356 1329/1329 1340/1340
f 1357/1357 410/410 359/359
f 357/357 411/411 375/375
f 1354/1354 1337/1337 409/409
f 1335/1335 1352/1352 413/413
f 404/404 408/408 1350/1350
f 1326/1326 1282/1282 1342/1342
f 1284/1284 1305/1305 1344/1344
f 1362/1362 1341/1341 1303/1303
f 1358/1358 1304/1304 1308/1308
f 416/416 1351/1351 421/421
f 1360/1360 422/422 1346/1346
f 1343/1343 426/426 1353/1353
f 1306/1306 390/390 1361/1361
f 420/420 1359/1359 392/392
f 405/405 1349/1349 417/417
f 17/17 183/183 114/114
f 1368/1368 1369/1369 185/185
f 182/182 193/193 110/110
f 113/113 186/186 123/123
f 122/122 187/187 1373/1373
f 1372/1372 1390/1390 121/121
f 124/124 120/120 1392/1392
f 198/198 1410/1410 194/194
f 195/195 1409/1409 1366/1366
f 1378/1378 1381/1381 1367/1367
f 1371/1371 1365/1365 1382/1382
f 1385/1385 1379/1379 1375/1375
f 1391/1391 1396/1396 125/125
f 126/126 1401/1401 155/155
f 1380/1380 1399/1399 1374/1374
f 1393/1393 1370/1370 1403/1403
f 152/152 1395/1395 168/168
f 1404/1404 172/172 1397/1397
f 254/254 174/174 1407/1407
f 169/169 1408/1408 173/173
f 260/260 1394/1394 1388/1388
f 1383/1383 1384/1384 1400/1400
f 256/256 261/261 1398/1398
f 1406/1406 1402/1402 263/263
f 1405/1405 262/262 253/253
f 224/224 1413/1413 199/199
f 1411/1411 202/202 1414/1414
f 1412/1412 1418/1418 1364/1364
f 1363/1363 1416/1416 1376/1376
f 1426/1426 1415/1415 235/235
f 239/239 1417/1417 227/227
f 1423/1423 267/267 1419/1419
f 272/272 274/274 1422/1422
f 1377/1377 1421/1421 1387/1387
f 1386/1386 1420/1420 273/273
f 234/234 244/244 1424/1424
f 1425/1425 245/245 281/281
f 1427/1427 282/282 269/269
f 1389/1389 275/275 259/259
f 255/255 1431/1431 177/177
f 178/178 1432/1432 386/386
f 1441/1441 266/266 258/258
f 1445/1445 1434/1434 1440/1440
f 265/265 1439/1439 1430/1430
f 252/252 264/264 1435/1435
f 1433/1433 1450/1450 385/385
f 387/387 1451/1451 380/380
f 1446/1446 1457/1457 1428/1428
f 1429/1429 1456/1456 1448/1448
f 1463/1463 276/276 270/270
f 434/434 1470/1470 249/249
f 280/280 247/247 1468/1468
f 279/279 1475/1475 268/268
f 271/271 1471/1471 1465/1465
f 1467/1467 1474/1474 1478/1478
f 430/430 1480/1480 432/432
f 1473/1473 433/433 1484/1484
f 1482/1482 1490/1490 1469/1469
f 1476/1476 1472/1472 1487/1487
f 1498/1498 1504/1504 1461/1461
f 1464/1464 1436/1436 278/278
f 257/257 277/277 1438/1438
f 1437/1437 1462/1462 1503/1503
f 1442/1442 1505/1505 1443/1443
f 1466/1466 1479/1479 1497/1497
f 1510/1510 1512/1512 1494/1494
f 1501/1501 1499/1499 1513/1513
f 1515/1515 1458/1458 1500/1500
f 1444/1444 1502/1502 1454/1454
f 1477/1477 1489/1489 1496/1496
f 1495/1495 1488/1488 1509/1509
f 1516/1516 400/400 1449/1449
f 381/381 1452/1452 401/401
f 1527/1527 1519/1519 1453/1453
f 1447/1447 1460/1460 1522/1522
f 1531/1531 391/391 1523/1523
f 396/396 1520/1520 389/389
f 1545/1545 1532/1532 1541/1541
f 1542/1542 1518/1518 1544/1544
f 1524/1524 1546/1546 1521/1521
f 1517/1517 1536/1536 1530/1530
f 427/427 446/446 1481/1481
f 1483/1483 448/448 1553/1553
f 1485/1485 1550/1550 1486/1486
f 1493/1493 1551/1551 1561/1561
f 1578/1578 1564/1564 1569/1569
f 447/447 443/443 1556/1556
f 1557/1557 437/437 1582/1582
f 1583/1583 1567/1567 1552/1552
f 1558/1558 1555/1555 1581/1581
f 1575/1575 1554/1554 1566/1566
f 1586/1586 1593/1593 1506/1506
f 1511/1511 1508/1508 1594/1594
f 1514/1514 1596/1596 1455/1455
f 1459/1459 1592/1592 1526/1526
f 1560/1560 1588/1588 1491/1491
f 1507/1507 1492/1492 1587/1587
f 1574/1574 1547/1547 1577/1577
f 1590/1590 1579/1579 1595/1595
f 1597/1597 1580/1580 1543/1543
f 1549/1549 1573/1573 1534/1534
f 1548/1548 1525/1525 1591/1591
f 1576/1576 1589/1589 1559/1559
f 1612/1612 1603/1603 1607/1607
f 1619/1619 456/456 412/412
f 374/374 415/415 453/453
f 1625/1625 1621/1621 407/407
f 414/414 406/406 1622/1622
f 1630/1630 461/461 1620/1620
f 454/454 1618/1618 460/460
f 1627/1627 1608/1608 1624/1624
f 1611/1611 1604/1604 1617/1617
f 1632/1632 1623/1623 1600/1600
f 1643/1643 1636/1636 423/423
f 424/424 1637/1637 418/418
f 425/425 393/393 1639/1639
f 1644/1644 394/394 1528/1528
f 1609/1609 1540/1540 1616/1616
f 1533/1533 1613/1613 1539/1539
f 1538/1538 1610/1610 1641/1641
f 1642/1642 1606/1606 1633/1633
f 1640/1640 1529/1529 1537/1537
f 419/419 1638/1638 403/403
f 1628/1628 402/402 1635/1635
f 1626/1626 1634/1634 1605/1605
f 463/463 1650/1650 468/468
f 1656/1656 467/467 1646/1646
f 1655/1655 1645/1645 1563/1563
f 1648/1648 1598/1598 1562/1562
f 1570/1570 1568/1568 1599/1599
f 1614/1614 1571/1571 1602/1602
f 1585/1585 438/438 1653/1653
f 469/469 1654/1654 441/441
f 1652/1652 1565/1565 1584/1584
f 1629/1629 1651/1651 458/458
f 462/462 1649/1649 465/465
f 1631/1631 1601/1601 1647/1647
f 1615/1615 1535/1535 1572/1572

