# https://github.com/mikedh/trimesh

o textured.obj
v 0.00147429 -0.01416395 -0.02609109
v 0.00147429 -0.01416395 -0.02609109
v 0.00147429 -0.01416395 -0.02609109
v 0.00147429 -0.01416395 -0.02609109
v 0.00147429 -0.01416395 -0.02609109
v 0.00147429 -0.01018439 -0.02964361
v 0.00147429 -0.01018439 -0.02964361
v 0.00147429 -0.01018439 -0.02964361
v 0.00147429 -0.01018439 -0.02964361
v 0.00147429 -0.01018439 -0.02964361
v 0.00147429 -0.01018439 -0.02964361
v -0.00965245 -0.00037207 -0.03099725
v -0.00965245 -0.00037207 -0.03099725
v -0.00965245 -0.00037207 -0.03099725
v -0.00965245 -0.00037207 -0.03099725
v -0.00833803 -0.00037207 -0.03139524
v -0.00833803 -0.00037207 -0.03139524
v -0.00833803 -0.00037207 -0.03139524
v -0.00833803 -0.00037207 -0.03139524
v -0.00833803 -0.00037207 -0.03139524
v -0.00833803 -0.00037207 -0.03139524
v -0.01567025 -0.00037207 -0.02609109
v -0.01567025 -0.00037207 -0.02609109
v -0.01567025 -0.00037207 -0.02609109
v -0.01567025 -0.00037207 -0.02609109
v -0.01324415 -0.00037207 -0.02894607
v -0.01324415 -0.00037207 -0.02894607
v -0.01324415 -0.00037207 -0.02894607
v -0.01324415 -0.00037207 -0.02894607
v -0.01324415 -0.00037207 -0.02894607
v -0.01324415 -0.00037207 -0.02894607
v -0.01324415 -0.00037207 -0.02894607
v -0.01324415 -0.00037207 -0.02894607
v 0.00147429 -0.00742152 -0.03099725
v 0.00147429 -0.00742152 -0.03099725
v 0.00147429 -0.00742152 -0.03099725
v 0.00147429 -0.00742152 -0.03099725
v 0.00147429 -0.00742152 -0.03099725
v 0.00147429 -0.00742152 -0.03099725
v 0.00147429 -0.00527823 -0.03167394
v 0.00147429 -0.00527823 -0.03167394
v 0.00147429 -0.00527823 -0.03167394
v 0.00147429 -0.00527823 -0.03167394
v 0.00147429 -0.00527823 -0.03167394
v 0.00147429 -0.00527823 -0.03167394
v 0.00147429 -0.00527823 -0.03167394
v -0.00343188 -0.00037207 -0.03226951
v -0.00343188 -0.00037207 -0.03226951
v -0.00343188 -0.00037207 -0.03226951
v -0.00343188 -0.00037207 -0.03226951
v -0.00343188 -0.00037207 -0.03226951
v -0.00343188 -0.00037207 -0.03226951
v -0.00343188 -0.00037207 -0.03226951
v 0.00147429 -0.00037207 -0.03243462
v 0.00147429 -0.00037207 -0.03243462
v 0.00147429 -0.00037207 -0.03243462
v 0.00147429 -0.00037207 -0.03243462
v 0.00147429 -0.00037207 -0.03243462
v 0.00147429 -0.01549355 -0.01627878
v 0.00147429 -0.01549355 -0.01627878
v 0.00147429 -0.01549355 -0.01627878
v 0.00147429 -0.01549355 -0.01627878
v 0.00147429 -0.01549355 -0.01627878
v 0.00147429 -0.01550715 -0.02363798
v 0.00147429 -0.01550715 -0.02363798
v 0.00147429 -0.01550715 -0.02363798
v 0.00147429 -0.01550715 -0.02363798
v 0.00147429 -0.01550715 -0.02363798
v 0.00147429 -0.01550715 -0.02363798
v 0.00147429 -0.01509055 -0.02456878
v 0.00147429 -0.01509055 -0.02456878
v 0.00147429 -0.01509055 -0.02456878
v 0.00147429 -0.01509055 -0.02456878
v 0.00147429 -0.01509055 -0.02456878
v 0.00147429 -0.01509055 -0.02456878
v 0.00147429 -0.01604215 -0.02118498
v 0.00147429 -0.01604215 -0.02118498
v 0.00147429 -0.01604215 -0.02118498
v 0.00147429 -0.01604215 -0.02118498
v 0.00147429 -0.01604215 -0.02118498
v 0.00147429 -0.01604215 -0.02118498
v 0.00147429 -0.01591855 -0.01873188
v 0.00147429 -0.01591855 -0.01873188
v 0.00147429 -0.01591855 -0.01873188
v 0.00147429 -0.01591855 -0.01873188
v 0.00147429 -0.01591855 -0.01873188
v 0.00147429 -0.01591855 -0.01873188
v 0.00147429 -0.01591855 -0.01873188
v -0.01673095 -0.00037207 -0.02118498
v -0.01673095 -0.00037207 -0.02118498
v -0.01673095 -0.00037207 -0.02118498
v -0.01673095 -0.00037207 -0.02118498
v -0.01649445 -0.00037207 -0.02363798
v -0.01649445 -0.00037207 -0.02363798
v -0.01649445 -0.00037207 -0.02363798
v -0.01649445 -0.00037207 -0.02363798
v -0.01649445 -0.00037207 -0.02363798
v -0.01649445 -0.00037207 -0.02363798
v -0.01649445 -0.00037207 -0.02363798
v -0.01649445 -0.00037207 -0.02363798
v -0.01569725 -0.00037207 -0.02603709
v -0.01569725 -0.00037207 -0.02603709
v -0.01569725 -0.00037207 -0.02603709
v -0.01569725 -0.00037207 -0.02603709
v -0.01569725 -0.00037207 -0.02603709
v -0.01569725 -0.00037207 -0.02603709
v -0.01574175 -0.00037207 -0.01627878
v -0.01574175 -0.00037207 -0.01627878
v -0.01574175 -0.00037207 -0.01627878
v -0.01574175 -0.00037207 -0.01627878
v -0.01642365 -0.00037207 -0.01873188
v -0.01642365 -0.00037207 -0.01873188
v -0.01642365 -0.00037207 -0.01873188
v -0.01642365 -0.00037207 -0.01873188
v -0.01642365 -0.00037207 -0.01873188
v -0.01642365 -0.00037207 -0.01873188
v -0.01642365 -0.00037207 -0.01873188
v -0.01642365 -0.00037207 -0.01873188
v 0.00147429 -0.01133675 -0.00646648
v 0.00147429 -0.01133675 -0.00646648
v 0.00147429 -0.01133675 -0.00646648
v 0.00147429 -0.01133675 -0.00646648
v 0.00147429 -0.01133675 -0.00646648
v 0.00147429 -0.01133675 -0.00646648
v 0.00147429 -0.01133675 -0.00646648
v 0.00147429 -0.01133675 -0.00646648
v 0.00147429 -0.01509055 -0.01463378
v 0.00147429 -0.01509055 -0.01463378
v 0.00147429 -0.01509055 -0.01463378
v 0.00147429 -0.01509055 -0.01463378
v 0.00147429 -0.01509055 -0.01463378
v 0.00147429 -0.01509055 -0.01463378
v 0.00147429 -0.01361945 -0.01137258
v 0.00147429 -0.01361945 -0.01137258
v 0.00147429 -0.01361945 -0.01137258
v 0.00147429 -0.01361945 -0.01137258
v 0.00147429 -0.01361945 -0.01137258
v 0.00147429 -0.01361945 -0.01137258
v 0.00147429 -0.01361945 -0.01137258
v 0.00147429 -0.01361945 -0.01137258
v 0.00147429 -0.01481875 -0.01382568
v 0.00147429 -0.01481875 -0.01382568
v 0.00147429 -0.01481875 -0.01382568
v 0.00147429 -0.01481875 -0.01382568
v 0.00147429 -0.01481875 -0.01382568
v 0.00147429 -0.01263745 -0.00956738
v 0.00147429 -0.01263745 -0.00956738
v 0.00147429 -0.01263745 -0.00956738
v 0.00147429 -0.01263745 -0.00956738
v 0.00147429 -0.01263745 -0.00956738
v 0.00147429 -0.01263745 -0.00956738
v 0.00147429 -0.01232425 -0.00891948
v 0.00147429 -0.01232425 -0.00891948
v 0.00147429 -0.01232425 -0.00891948
v 0.00147429 -0.01232425 -0.00891948
v -0.01341885 -0.00037207 -0.01137258
v -0.01341885 -0.00037207 -0.01137258
v -0.01341885 -0.00037207 -0.01137258
v -0.01341885 -0.00037207 -0.01137258
v -0.01341885 -0.00037207 -0.01137258
v -0.01569725 -0.00037207 -0.01614528
v -0.01569725 -0.00037207 -0.01614528
v -0.01569725 -0.00037207 -0.01614528
v -0.01569725 -0.00037207 -0.01614528
v -0.01479095 -0.00037207 -0.01382568
v -0.01479095 -0.00037207 -0.01382568
v -0.01479095 -0.00037207 -0.01382568
v -0.01479095 -0.00037207 -0.01382568
v -0.01479095 -0.00037207 -0.01382568
v -0.01479095 -0.00037207 -0.01382568
v -0.01479095 -0.00037207 -0.01382568
v -0.01324415 -0.00037207 -0.01110838
v -0.01324415 -0.00037207 -0.01110838
v -0.01324415 -0.00037207 -0.01110838
v -0.01324415 -0.00037207 -0.01110838
v -0.01176135 -0.00037207 -0.00891948
v -0.01176135 -0.00037207 -0.00891948
v -0.01176135 -0.00037207 -0.00891948
v -0.01176135 -0.00037207 -0.00891948
v -0.01176135 -0.00037207 -0.00891948
v -0.01176135 -0.00037207 -0.00891948
v -0.01176135 -0.00037207 -0.00891948
v -0.01176135 -0.00037207 -0.00891948
v -0.01079115 -0.00037207 -0.00718748
v -0.01079115 -0.00037207 -0.00718748
v -0.01079115 -0.00037207 -0.00718748
v -0.01079115 -0.00037207 -0.00718748
v -0.01079115 -0.00037207 -0.00718748
v -0.01079115 -0.00037207 -0.00718748
v -0.01047585 -0.00037207 -0.00646648
v -0.01047585 -0.00037207 -0.00646648
v -0.01047585 -0.00037207 -0.00646648
v -0.01047585 -0.00037207 -0.00646648
v -0.00173800 -0.01018439 0.00334592
v -0.00173800 -0.01018439 0.00334592
v -0.00173800 -0.01018439 0.00334592
v -0.00173800 -0.01018439 0.00334592
v -0.00173800 -0.01018439 0.00334592
v -0.00173800 -0.01018439 0.00334592
v 0.00147429 -0.01073819 0.00334592
v 0.00147429 -0.01073819 0.00334592
v 0.00147429 -0.01073819 0.00334592
v 0.00147429 -0.01073819 0.00334592
v 0.00147429 -0.01073819 0.00334592
v 0.00147429 -0.01073819 0.00334592
v 0.00147429 -0.01073819 0.00334592
v 0.00147429 -0.01073819 0.00334592
v 0.00147429 -0.01073819 0.00334592
v 0.00147429 -0.01063269 -0.00401338
v 0.00147429 -0.01063269 -0.00401338
v 0.00147429 -0.01063269 -0.00401338
v 0.00147429 -0.01063269 -0.00401338
v 0.00147429 -0.01063269 -0.00401338
v 0.00147429 -0.01063269 -0.00401338
v 0.00147429 -0.01063269 -0.00401338
v 0.00147429 -0.01022444 -0.00156028
v 0.00147429 -0.01022444 -0.00156028
v 0.00147429 -0.01022444 -0.00156028
v 0.00147429 -0.01022444 -0.00156028
v 0.00147429 -0.01022444 -0.00156028
v 0.00147429 -0.01022444 -0.00156028
v 0.00147429 -0.01028613 0.00089282
v 0.00147429 -0.01028613 0.00089282
v 0.00147429 -0.01028613 0.00089282
v 0.00147429 -0.01028613 0.00089282
v 0.00147429 -0.01028613 0.00089282
v 0.00147429 -0.01028613 0.00089282
v -0.00097880 -0.01039440 0.00334592
v -0.00097880 -0.01039440 0.00334592
v -0.00097880 -0.01039440 0.00334592
v -0.00097880 -0.01039440 0.00334592
v -0.00930364 -0.00037207 -0.00156028
v -0.00930364 -0.00037207 -0.00156028
v -0.00930364 -0.00037207 -0.00156028
v -0.00930364 -0.00037207 -0.00156028
v -0.00930364 -0.00037207 -0.00156028
v -0.00930364 -0.00037207 -0.00156028
v -0.00930364 -0.00037207 -0.00156028
v -0.00930364 -0.00037207 -0.00156028
v -0.00963903 -0.00037207 -0.00401338
v -0.00963903 -0.00037207 -0.00401338
v -0.00963903 -0.00037207 -0.00401338
v -0.00963903 -0.00037207 -0.00401338
v -0.00963903 -0.00037207 -0.00401338
v -0.00963903 -0.00037207 -0.00401338
v -0.00849446 -0.00527823 0.00334592
v -0.00849446 -0.00527823 0.00334592
v -0.00849446 -0.00527823 0.00334592
v -0.00849446 -0.00527823 0.00334592
v -0.00833803 -0.00551024 0.00334592
v -0.00833803 -0.00551024 0.00334592
v -0.00833803 -0.00551024 0.00334592
v -0.00833803 -0.00551024 0.00334592
v -0.00833803 -0.00551024 0.00334592
v -0.00950801 -0.00037207 0.00089282
v -0.00950801 -0.00037207 0.00089282
v -0.00950801 -0.00037207 0.00089282
v -0.00950801 -0.00037207 0.00089282
v -0.00950801 -0.00037207 0.00089282
v -0.00950801 -0.00037207 0.00089282
v -0.00964032 -0.00282515 0.00334592
v -0.00964032 -0.00282515 0.00334592
v -0.00964032 -0.00282515 0.00334592
v -0.00964032 -0.00282515 0.00334592
v -0.00964032 -0.00282515 0.00334592
v -0.00964032 -0.00282515 0.00334592
v -0.00964032 -0.00282515 0.00334592
v -0.00964032 -0.00282515 0.00334592
v -0.01006385 -0.00037207 0.00334592
v -0.01006385 -0.00037207 0.00334592
v -0.01006385 -0.00037207 0.00334592
v -0.01006385 -0.00037207 0.00334592
v -0.01006385 -0.00037207 0.00334592
v -0.01006385 -0.00037207 0.00334592
v -0.01006385 -0.00037207 0.00334592
v -0.00343188 -0.00952115 0.00334592
v -0.00343188 -0.00952115 0.00334592
v -0.00343188 -0.00952115 0.00334592
v -0.00343188 -0.00952115 0.00334592
v -0.00343188 -0.00952115 0.00334592
v -0.00343188 -0.00952115 0.00334592
v -0.00625128 -0.00773131 0.00334592
v -0.00625128 -0.00773131 0.00334592
v -0.00625128 -0.00773131 0.00334592
v -0.00625128 -0.00773131 0.00334592
v -0.00625128 -0.00773131 0.00334592
v -0.00625128 -0.00773131 0.00334592
v -0.00625128 -0.00773131 0.00334592
v -0.00588495 -0.00801893 0.00334592
v -0.00588495 -0.00801893 0.00334592
v -0.00588495 -0.00801893 0.00334592
v -0.00588495 -0.00801893 0.00334592
v 0.01128665 -0.00037207 -0.03053903
v 0.01128665 -0.00037207 -0.03053903
v 0.01128665 -0.00037207 -0.03053903
v 0.01128665 -0.00037207 -0.03053903
v 0.01128665 -0.00037207 -0.03053903
v 0.01128665 -0.00037207 -0.03053903
v 0.00638045 -0.00037207 -0.03195262
v 0.00638045 -0.00037207 -0.03195262
v 0.00638045 -0.00037207 -0.03195262
v 0.00638045 -0.00037207 -0.03195262
v 0.00638045 -0.00037207 -0.03195262
v 0.00638045 -0.00037207 -0.03195262
v 0.00638045 -0.00037207 -0.03195262
v 0.00638045 -0.00037207 -0.03195262
v 0.01009825 -0.00037207 -0.03099725
v 0.01009825 -0.00037207 -0.03099725
v 0.01009825 -0.00037207 -0.03099725
v 0.01009825 -0.00037207 -0.03099725
v 0.01009825 -0.00037207 -0.03099725
v 0.01009825 -0.00037207 -0.03099725
v 0.01590965 -0.00037207 -0.02609109
v 0.01590965 -0.00037207 -0.02609109
v 0.01590965 -0.00037207 -0.02609109
v 0.01590965 -0.00037207 -0.02609109
v 0.01590965 -0.00037207 -0.02609109
v 0.01560125 -0.00037207 -0.01627878
v 0.01560125 -0.00037207 -0.01627878
v 0.01560125 -0.00037207 -0.01627878
v 0.01560125 -0.00037207 -0.01627878
v 0.01560125 -0.00037207 -0.01627878
v 0.01560125 -0.00037207 -0.01627878
v 0.01560125 -0.00037207 -0.01627878
v 0.01560125 -0.00037207 -0.01627878
v 0.01619275 -0.00037207 -0.02537348
v 0.01619275 -0.00037207 -0.02537348
v 0.01619275 -0.00037207 -0.02537348
v 0.01619275 -0.00037207 -0.02537348
v 0.01619275 -0.00037207 -0.02537348
v 0.01619275 -0.00037207 -0.02537348
v 0.01656265 -0.00037207 -0.02363798
v 0.01656265 -0.00037207 -0.02363798
v 0.01656265 -0.00037207 -0.02363798
v 0.01656265 -0.00037207 -0.02363798
v 0.01656265 -0.00037207 -0.02363798
v 0.01658475 -0.00037207 -0.02118498
v 0.01658475 -0.00037207 -0.02118498
v 0.01658475 -0.00037207 -0.02118498
v 0.01658475 -0.00037207 -0.02118498
v 0.01658475 -0.00037207 -0.02118498
v 0.01658475 -0.00037207 -0.02118498
v 0.01658475 -0.00037207 -0.02118498
v 0.01619275 -0.00037207 -0.01852638
v 0.01619275 -0.00037207 -0.01852638
v 0.01619275 -0.00037207 -0.01852638
v 0.01619275 -0.00037207 -0.01852638
v 0.01619275 -0.00037207 -0.01852638
v 0.01623555 -0.00037207 -0.01873188
v 0.01623555 -0.00037207 -0.01873188
v 0.01623555 -0.00037207 -0.01873188
v 0.01623555 -0.00037207 -0.01873188
v 0.01081745 -0.00037207 -0.00646648
v 0.01081745 -0.00037207 -0.00646648
v 0.01081745 -0.00037207 -0.00646648
v 0.01081745 -0.00037207 -0.00646648
v 0.01081745 -0.00037207 -0.00646648
v 0.01081745 -0.00037207 -0.00646648
v 0.01128665 -0.00037207 -0.00755948
v 0.01128665 -0.00037207 -0.00755948
v 0.01128665 -0.00037207 -0.00755948
v 0.01128665 -0.00037207 -0.00755948
v 0.01128665 -0.00037207 -0.00755948
v 0.01128665 -0.00037207 -0.00755948
v 0.01343175 -0.00037207 -0.01137258
v 0.01343175 -0.00037207 -0.01137258
v 0.01343175 -0.00037207 -0.01137258
v 0.01343175 -0.00037207 -0.01137258
v 0.01343175 -0.00037207 -0.01137258
v 0.01343175 -0.00037207 -0.01137258
v 0.01463765 -0.00037207 -0.01382568
v 0.01463765 -0.00037207 -0.01382568
v 0.01463765 -0.00037207 -0.01382568
v 0.01463765 -0.00037207 -0.01382568
v 0.01463765 -0.00037207 -0.01382568
v 0.01463765 -0.00037207 -0.01382568
v 0.01373965 -0.00037207 -0.01195998
v 0.01373965 -0.00037207 -0.01195998
v 0.01373965 -0.00037207 -0.01195998
v 0.01373965 -0.00037207 -0.01195998
v 0.01373965 -0.00037207 -0.01195998
v 0.01373965 -0.00037207 -0.01195998
v 0.01200125 -0.00037207 -0.00891948
v 0.01200125 -0.00037207 -0.00891948
v 0.01200125 -0.00037207 -0.00891948
v 0.01200125 -0.00037207 -0.00891948
v 0.01200125 -0.00037207 -0.00891948
v 0.00498541 -0.01018439 0.00334592
v 0.00498541 -0.01018439 0.00334592
v 0.00498541 -0.01018439 0.00334592
v 0.00498541 -0.01018439 0.00334592
v 0.00498541 -0.01018439 0.00334592
v 0.00498541 -0.01018439 0.00334592
v 0.00392737 -0.01050537 0.00334592
v 0.00392737 -0.01050537 0.00334592
v 0.00392737 -0.01050537 0.00334592
v 0.00392737 -0.01050537 0.00334592
v 0.00939119 -0.00037207 -0.00156028
v 0.00939119 -0.00037207 -0.00156028
v 0.00939119 -0.00037207 -0.00156028
v 0.00939119 -0.00037207 -0.00156028
v 0.00939119 -0.00037207 -0.00156028
v 0.00939119 -0.00037207 -0.00156028
v 0.00939119 -0.00037207 -0.00156028
v 0.00994031 -0.00037207 -0.00401338
v 0.00994031 -0.00037207 -0.00401338
v 0.00994031 -0.00037207 -0.00401338
v 0.00994031 -0.00037207 -0.00401338
v 0.00994031 -0.00037207 -0.00401338
v 0.00994031 -0.00037207 -0.00401338
v 0.00994031 -0.00037207 -0.00401338
v 0.00638045 -0.00944787 0.00334592
v 0.00638045 -0.00944787 0.00334592
v 0.00638045 -0.00944787 0.00334592
v 0.00638045 -0.00944787 0.00334592
v 0.00814452 -0.00773131 0.00334592
v 0.00814452 -0.00773131 0.00334592
v 0.00814452 -0.00773131 0.00334592
v 0.00814452 -0.00773131 0.00334592
v 0.00814452 -0.00773131 0.00334592
v 0.00814452 -0.00773131 0.00334592
v 0.00814452 -0.00773131 0.00334592
v 0.00883353 -0.00656534 0.00334592
v 0.00883353 -0.00656534 0.00334592
v 0.00883353 -0.00656534 0.00334592
v 0.00883353 -0.00656534 0.00334592
v 0.00883353 -0.00656534 0.00334592
v 0.00883353 -0.00656534 0.00334592
v 0.00932109 -0.00527823 0.00334592
v 0.00932109 -0.00527823 0.00334592
v 0.00932109 -0.00527823 0.00334592
v 0.00932109 -0.00527823 0.00334592
v 0.00932109 -0.00527823 0.00334592
v 0.00932109 -0.00527823 0.00334592
v 0.00928160 -0.00037207 0.00089282
v 0.00928160 -0.00037207 0.00089282
v 0.00928160 -0.00037207 0.00089282
v 0.00928160 -0.00037207 0.00089282
v 0.00972079 -0.00282515 0.00334592
v 0.00972079 -0.00282515 0.00334592
v 0.00972079 -0.00282515 0.00334592
v 0.00972079 -0.00282515 0.00334592
v 0.00972079 -0.00282515 0.00334592
v 0.00972079 -0.00282515 0.00334592
v 0.00954563 -0.00037207 0.00334592
v 0.00954563 -0.00037207 0.00334592
v 0.00954563 -0.00037207 0.00334592
v 0.00954563 -0.00037207 0.00334592
v 0.00954563 -0.00037207 0.00334592
v 0.00954563 -0.00037207 0.00334592
v 0.00954563 -0.00037207 0.00334592
v 0.00954563 -0.00037207 0.00334592
v 0.00147429 0.00944025 -0.03124692
v 0.00147429 0.00944025 -0.03124692
v 0.00147429 0.00944025 -0.03124692
v 0.00147429 0.00944025 -0.03124692
v 0.00147429 0.00944025 -0.03124692
v 0.00147429 0.00944025 -0.03124692
v 0.00147429 0.00453410 -0.03232827
v 0.00147429 0.00453410 -0.03232827
v 0.00147429 0.00453410 -0.03232827
v 0.00147429 0.00453410 -0.03232827
v 0.00147429 0.00453410 -0.03232827
v 0.00147429 0.00453410 -0.03232827
v 0.00147429 0.00453410 -0.03232827
v 0.00147429 0.00453410 -0.03232827
v 0.00147429 0.01543065 -0.02609109
v 0.00147429 0.01543065 -0.02609109
v 0.00147429 0.01543065 -0.02609109
v 0.00147429 0.01543065 -0.02609109
v 0.00147429 0.01543065 -0.02609109
v 0.00147429 0.01543065 -0.02609109
v 0.00147429 0.01010305 -0.03099725
v 0.00147429 0.01010305 -0.03099725
v 0.00147429 0.01010305 -0.03099725
v 0.00147429 0.01010305 -0.03099725
v 0.00147429 0.01010305 -0.03099725
v 0.00147429 0.01434645 -0.02798618
v 0.00147429 0.01434645 -0.02798618
v 0.00147429 0.01434645 -0.02798618
v 0.00147429 0.01434645 -0.02798618
v 0.00147429 0.01434645 -0.02798618
v 0.00147429 0.01434645 -0.02798618
v 0.00147429 0.01189335 -0.03009897
v 0.00147429 0.01189335 -0.03009897
v 0.00147429 0.01189335 -0.03009897
v 0.00147429 0.01189335 -0.03009897
v 0.00147429 0.01189335 -0.03009897
v 0.00147429 0.01189335 -0.03009897
v 0.00147429 0.01386645 -0.02854417
v 0.00147429 0.01386645 -0.02854417
v 0.00147429 0.01386645 -0.02854417
v 0.00147429 0.01386645 -0.02854417
v 0.00147429 0.01386645 -0.02854417
v 0.00147429 0.01386645 -0.02854417
v 0.00147429 0.01507205 -0.01627878
v 0.00147429 0.01507205 -0.01627878
v 0.00147429 0.01507205 -0.01627878
v 0.00147429 0.01507205 -0.01627878
v 0.00147429 0.01507205 -0.01627878
v 0.00147429 0.01507205 -0.01627878
v 0.00147429 0.01614565 -0.02118498
v 0.00147429 0.01614565 -0.02118498
v 0.00147429 0.01614565 -0.02118498
v 0.00147429 0.01614565 -0.02118498
v 0.00147429 0.01614565 -0.02118498
v 0.00147429 0.01614565 -0.02118498
v 0.00147429 0.01604165 -0.02363798
v 0.00147429 0.01604165 -0.02363798
v 0.00147429 0.01604165 -0.02363798
v 0.00147429 0.01604165 -0.02363798
v 0.00147429 0.01604165 -0.02363798
v 0.00147429 0.01604165 -0.02363798
v 0.00147429 0.01583945 -0.01873188
v 0.00147429 0.01583945 -0.01873188
v 0.00147429 0.01583945 -0.01873188
v 0.00147429 0.01583945 -0.01873188
v 0.00147429 0.01583945 -0.01873188
v 0.00147429 0.01583945 -0.01873188
v 0.00147429 0.00968145 -0.00646648
v 0.00147429 0.00968145 -0.00646648
v 0.00147429 0.00968145 -0.00646648
v 0.00147429 0.00968145 -0.00646648
v 0.00147429 0.01260665 -0.01137258
v 0.00147429 0.01260665 -0.01137258
v 0.00147429 0.01260665 -0.01137258
v 0.00147429 0.01260665 -0.01137258
v 0.00147429 0.01260665 -0.01137258
v 0.00147429 0.01434645 -0.01458328
v 0.00147429 0.01434645 -0.01458328
v 0.00147429 0.01434645 -0.01458328
v 0.00147429 0.01434645 -0.01458328
v 0.00147429 0.01434645 -0.01458328
v 0.00147429 0.01434645 -0.01458328
v 0.00147429 0.01397405 -0.01382568
v 0.00147429 0.01397405 -0.01382568
v 0.00147429 0.01397405 -0.01382568
v 0.00147429 0.01397405 -0.01382568
v 0.00147429 0.01397405 -0.01382568
v 0.00147429 0.01397405 -0.01382568
v 0.00147429 0.01115655 -0.00891948
v 0.00147429 0.01115655 -0.00891948
v 0.00147429 0.01115655 -0.00891948
v 0.00147429 0.01115655 -0.00891948
v 0.00147429 0.01115655 -0.00891948
v 0.00147429 0.01115655 -0.00891948
v 0.00147429 0.01115655 -0.00891948
v 0.00147429 0.01115655 -0.00891948
v 0.00147429 0.01189335 -0.01012758
v 0.00147429 0.01189335 -0.01012758
v 0.00147429 0.01189335 -0.01012758
v 0.00147429 0.01189335 -0.01012758
v 0.00147429 0.01189335 -0.01012758
v 0.00147429 0.01189335 -0.01012758
v -0.00905507 0.00453410 0.00334592
v -0.00905507 0.00453410 0.00334592
v -0.00905507 0.00453410 0.00334592
v -0.00905507 0.00453410 0.00334592
v -0.00905507 0.00453410 0.00334592
v -0.00905507 0.00453410 0.00334592
v -0.00988556 0.00208102 0.00334592
v -0.00988556 0.00208102 0.00334592
v -0.00988556 0.00208102 0.00334592
v -0.00988556 0.00208102 0.00334592
v -0.00988556 0.00208102 0.00334592
v -0.00988556 0.00208102 0.00334592
v -0.00988556 0.00208102 0.00334592
v -0.00833803 0.00573479 0.00334592
v -0.00833803 0.00573479 0.00334592
v -0.00833803 0.00573479 0.00334592
v -0.00833803 0.00573479 0.00334592
v -0.00833803 0.00573479 0.00334592
v -0.00833803 0.00573479 0.00334592
v 0.00147429 0.00869545 -0.00156028
v 0.00147429 0.00869545 -0.00156028
v 0.00147429 0.00869545 -0.00156028
v 0.00147429 0.00869545 -0.00156028
v 0.00147429 0.00869545 -0.00156028
v 0.00147429 0.00869545 -0.00156028
v 0.00147429 0.00944025 -0.00594928
v 0.00147429 0.00944025 -0.00594928
v 0.00147429 0.00944025 -0.00594928
v 0.00147429 0.00944025 -0.00594928
v 0.00147429 0.00944025 -0.00594928
v 0.00147429 0.00886055 -0.00401338
v 0.00147429 0.00886055 -0.00401338
v 0.00147429 0.00886055 -0.00401338
v 0.00147429 0.00886055 -0.00401338
v 0.00147429 0.00886055 -0.00401338
v 0.00147429 0.00886055 -0.00401338
v 0.00147429 0.00886055 -0.00401338
v -0.00343188 0.00912545 0.00334592
v -0.00343188 0.00912545 0.00334592
v -0.00343188 0.00912545 0.00334592
v -0.00343188 0.00912545 0.00334592
v -0.00720558 0.00698717 0.00334592
v -0.00720558 0.00698717 0.00334592
v -0.00720558 0.00698717 0.00334592
v -0.00720558 0.00698717 0.00334592
v -0.00720558 0.00698717 0.00334592
v -0.00720558 0.00698717 0.00334592
v -0.00588495 0.00799029 0.00334592
v -0.00588495 0.00799029 0.00334592
v -0.00588495 0.00799029 0.00334592
v -0.00588495 0.00799029 0.00334592
v -0.00588495 0.00799029 0.00334592
v -0.00588495 0.00799029 0.00334592
v -0.00588495 0.00799029 0.00334592
v -0.00588495 0.00799029 0.00334592
v 0.00147429 0.00886625 0.00089282
v 0.00147429 0.00886625 0.00089282
v 0.00147429 0.00886625 0.00089282
v 0.00147429 0.00886625 0.00089282
v 0.00147429 0.00886625 0.00089282
v 0.00147429 0.00886625 0.00089282
v 0.00147429 0.00886625 0.00089282
v -0.00186349 0.00944025 0.00334592
v -0.00186349 0.00944025 0.00334592
v -0.00186349 0.00944025 0.00334592
v -0.00186349 0.00944025 0.00334592
v -0.00186349 0.00944025 0.00334592
v -0.00186349 0.00944025 0.00334592
v -0.00186349 0.00944025 0.00334592
v 0.00026775 0.00944025 0.00334592
v 0.00026775 0.00944025 0.00334592
v 0.00026775 0.00944025 0.00334592
v 0.00026775 0.00944025 0.00334592
v 0.00026775 0.00944025 0.00334592
v 0.00026775 0.00944025 0.00334592
v 0.00026775 0.00944025 0.00334592
v 0.00147429 0.00921555 0.00334592
v 0.00147429 0.00921555 0.00334592
v 0.00147429 0.00921555 0.00334592
v 0.00147429 0.00921555 0.00334592
v -0.00097880 0.00949755 0.00334592
v -0.00097880 0.00949755 0.00334592
v -0.00097880 0.00949755 0.00334592
v -0.00097880 0.00949755 0.00334592
v 0.00780292 0.00453410 0.00334592
v 0.00780292 0.00453410 0.00334592
v 0.00780292 0.00453410 0.00334592
v 0.00780292 0.00453410 0.00334592
v 0.00780292 0.00453410 0.00334592
v 0.00780292 0.00453410 0.00334592
v 0.00780292 0.00453410 0.00334592
v 0.00893953 0.00208102 0.00334592
v 0.00893953 0.00208102 0.00334592
v 0.00893953 0.00208102 0.00334592
v 0.00893953 0.00208102 0.00334592
v 0.00883353 0.00239002 0.00334592
v 0.00883353 0.00239002 0.00334592
v 0.00883353 0.00239002 0.00334592
v 0.00883353 0.00239002 0.00334592
v 0.00883353 0.00239002 0.00334592
v 0.00566957 0.00698717 0.00334592
v 0.00566957 0.00698717 0.00334592
v 0.00566957 0.00698717 0.00334592
v 0.00566957 0.00698717 0.00334592
v 0.00566957 0.00698717 0.00334592
v 0.00566957 0.00698717 0.00334592
v 0.00638045 0.00633913 0.00334592
v 0.00638045 0.00633913 0.00334592
v 0.00638045 0.00633913 0.00334592
v 0.00638045 0.00633913 0.00334592
v 0.00638045 0.00633913 0.00334592
v 0.00392737 0.00819689 0.00334592
v 0.00392737 0.00819689 0.00334592
v 0.00392737 0.00819689 0.00334592
v 0.00392737 0.00819689 0.00334592
v 0.00392737 0.00819689 0.00334592
v 0.00392737 0.00819689 0.00334592
v 0.00392737 0.00819689 0.00334592
v 0.00392737 0.00819689 0.00334592
v 0.00147429 -0.01394695 0.01315822
v 0.00147429 -0.01394695 0.01315822
v 0.00147429 -0.01394695 0.01315822
v 0.00147429 -0.01394695 0.01315822
v 0.00147429 -0.01394695 0.01315822
v 0.00147429 -0.01394695 0.01315822
v 0.00147429 -0.01223525 0.00825202
v 0.00147429 -0.01223525 0.00825202
v 0.00147429 -0.01223525 0.00825202
v 0.00147429 -0.01223525 0.00825202
v 0.00147429 -0.01142643 0.00579892
v 0.00147429 -0.01142643 0.00579892
v 0.00147429 -0.01142643 0.00579892
v 0.00147429 -0.01142643 0.00579892
v 0.00147429 -0.01142643 0.00579892
v 0.00147429 -0.01142643 0.00579892
v 0.00147429 -0.01310645 0.01070512
v 0.00147429 -0.01310645 0.01070512
v 0.00147429 -0.01310645 0.01070512
v 0.00147429 -0.01310645 0.01070512
v 0.00147429 -0.01310645 0.01070512
v 0.00147429 -0.01310645 0.01070512
v 0.00147429 -0.01310645 0.01070512
v 0.00147429 -0.01310645 0.01070512
v 0.00147429 -0.01263745 0.00940672
v 0.00147429 -0.01263745 0.00940672
v 0.00147429 -0.01263745 0.00940672
v 0.00147429 -0.01263745 0.00940672
v 0.00147429 -0.01263745 0.00940672
v 0.00147429 -0.01263745 0.00940672
v -0.01371595 -0.00037207 0.01315822
v -0.01371595 -0.00037207 0.01315822
v -0.01371595 -0.00037207 0.01315822
v -0.01371595 -0.00037207 0.01315822
v -0.01371595 -0.00037207 0.01315822
v -0.01371595 -0.00037207 0.01315822
v -0.01371595 -0.00037207 0.01315822
v -0.01371595 -0.00037207 0.01315822
v -0.01167495 -0.00037207 0.00825202
v -0.01167495 -0.00037207 0.00825202
v -0.01167495 -0.00037207 0.00825202
v -0.01167495 -0.00037207 0.00825202
v -0.01167495 -0.00037207 0.00825202
v -0.01167495 -0.00037207 0.00825202
v -0.01167495 -0.00037207 0.00825202
v -0.01167495 -0.00037207 0.00825202
v -0.01167495 -0.00037207 0.00825202
v -0.01079985 -0.00037207 0.00579892
v -0.01079985 -0.00037207 0.00579892
v -0.01079985 -0.00037207 0.00579892
v -0.01079985 -0.00037207 0.00579892
v -0.01079115 -0.00037207 0.00577142
v -0.01079115 -0.00037207 0.00577142
v -0.01079115 -0.00037207 0.00577142
v -0.01079115 -0.00037207 0.00577142
v -0.01324415 -0.00037207 0.01202912
v -0.01324415 -0.00037207 0.01202912
v -0.01324415 -0.00037207 0.01202912
v -0.01324415 -0.00037207 0.01202912
v -0.01324415 -0.00037207 0.01202912
v -0.01324415 -0.00037207 0.01202912
v -0.01270515 -0.00037207 0.01070512
v -0.01270515 -0.00037207 0.01070512
v -0.01270515 -0.00037207 0.01070512
v -0.01270515 -0.00037207 0.01070512
v 0.00147429 -0.01595645 0.02297052
v 0.00147429 -0.01595645 0.02297052
v 0.00147429 -0.01595645 0.02297052
v 0.00147429 -0.01595645 0.02297052
v 0.00147429 -0.01531285 0.01806432
v 0.00147429 -0.01531285 0.01806432
v 0.00147429 -0.01531285 0.01806432
v 0.00147429 -0.01531285 0.01806432
v 0.00147429 -0.01531285 0.01806432
v 0.00147429 -0.01531285 0.01806432
v 0.00147429 -0.01509055 0.01715642
v 0.00147429 -0.01509055 0.01715642
v 0.00147429 -0.01509055 0.01715642
v 0.00147429 -0.01509055 0.01715642
v 0.00147429 -0.01509055 0.01715642
v 0.00147429 -0.01509055 0.01715642
v 0.00147429 -0.01467635 0.01561132
v 0.00147429 -0.01467635 0.01561132
v 0.00147429 -0.01467635 0.01561132
v 0.00147429 -0.01467635 0.01561132
v 0.00147429 -0.01581415 0.02051742
v 0.00147429 -0.01581415 0.02051742
v 0.00147429 -0.01581415 0.02051742
v 0.00147429 -0.01581415 0.02051742
v 0.00147429 -0.01581415 0.02051742
v 0.00147429 -0.01581415 0.02051742
v 0.00147429 -0.01581415 0.02051742
v -0.01604015 -0.00037207 0.02297052
v -0.01604015 -0.00037207 0.02297052
v -0.01604015 -0.00037207 0.02297052
v -0.01604015 -0.00037207 0.02297052
v -0.01604015 -0.00037207 0.02297052
v -0.01604015 -0.00037207 0.02297052
v -0.01551305 -0.00037207 0.01806432
v -0.01551305 -0.00037207 0.01806432
v -0.01551305 -0.00037207 0.01806432
v -0.01551305 -0.00037207 0.01806432
v -0.01473185 -0.00037207 0.01561132
v -0.01473185 -0.00037207 0.01561132
v -0.01473185 -0.00037207 0.01561132
v -0.01473185 -0.00037207 0.01561132
v -0.01473185 -0.00037207 0.01561132
v -0.01473185 -0.00037207 0.01561132
v -0.01597855 -0.00037207 0.02051742
v -0.01597855 -0.00037207 0.02051742
v -0.01597855 -0.00037207 0.02051742
v -0.01597855 -0.00037207 0.02051742
v -0.01597855 -0.00037207 0.02051742
v -0.01597855 -0.00037207 0.02051742
v -0.01597855 -0.00037207 0.02051742
v -0.01597855 -0.00037207 0.02051742
v -0.01569725 -0.00037207 0.01883662
v -0.01569725 -0.00037207 0.01883662
v -0.01569725 -0.00037207 0.01883662
v -0.01569725 -0.00037207 0.01883662
v -0.01569725 -0.00037207 0.01883662
v -0.01569725 -0.00037207 0.01883662
v 0.00147429 -0.01018439 0.03011282
v 0.00147429 -0.01018439 0.03011282
v 0.00147429 -0.01018439 0.03011282
v 0.00147429 -0.01018439 0.03011282
v 0.00147429 -0.01509055 0.02654072
v 0.00147429 -0.01509055 0.02654072
v 0.00147429 -0.01509055 0.02654072
v 0.00147429 -0.01509055 0.02654072
v 0.00147429 -0.01509055 0.02654072
v 0.00147429 -0.01509055 0.02654072
v 0.00147429 -0.01551355 0.02542362
v 0.00147429 -0.01551355 0.02542362
v 0.00147429 -0.01551355 0.02542362
v 0.00147429 -0.01551355 0.02542362
v 0.00147429 -0.01551355 0.02542362
v 0.00147429 -0.01551355 0.02542362
v 0.00147429 -0.01551355 0.02542362
v 0.00147429 -0.01551355 0.02542362
v 0.00147429 -0.01427815 0.02787672
v 0.00147429 -0.01427815 0.02787672
v 0.00147429 -0.01427815 0.02787672
v 0.00147429 -0.01427815 0.02787672
v 0.00147429 -0.01263745 0.02928012
v 0.00147429 -0.01263745 0.02928012
v 0.00147429 -0.01263745 0.02928012
v 0.00147429 -0.01263745 0.02928012
v 0.00147429 -0.01263745 0.02928012
v 0.00147429 -0.01263745 0.02928012
v 0.00147429 -0.01263745 0.02928012
v 0.00147429 -0.01263745 0.02928012
v -0.01447475 -0.00037207 0.02787672
v -0.01447475 -0.00037207 0.02787672
v -0.01447475 -0.00037207 0.02787672
v -0.01447475 -0.00037207 0.02787672
v -0.01447475 -0.00037207 0.02787672
v -0.01447475 -0.00037207 0.02787672
v -0.01447475 -0.00037207 0.02787672
v -0.01569725 -0.00037207 0.02516312
v -0.01569725 -0.00037207 0.02516312
v -0.01569725 -0.00037207 0.02516312
v -0.01569725 -0.00037207 0.02516312
v -0.01569725 -0.00037207 0.02516312
v -0.01569725 -0.00037207 0.02516312
v -0.01562685 -0.00037207 0.02542362
v -0.01562685 -0.00037207 0.02542362
v -0.01562685 -0.00037207 0.02542362
v -0.01562685 -0.00037207 0.02542362
v -0.01324415 -0.00037207 0.02923902
v -0.01324415 -0.00037207 0.02923902
v -0.01324415 -0.00037207 0.02923902
v -0.01324415 -0.00037207 0.02923902
v -0.01324415 -0.00037207 0.02923902
v -0.01324415 -0.00037207 0.02923902
v -0.01168175 -0.00037207 0.03032972
v -0.01168175 -0.00037207 0.03032972
v -0.01168175 -0.00037207 0.03032972
v -0.01168175 -0.00037207 0.03032972
v -0.01168175 -0.00037207 0.03032972
v -0.01168175 -0.00037207 0.03032972
v -0.01079115 -0.00037207 0.03076992
v -0.01079115 -0.00037207 0.03076992
v -0.01079115 -0.00037207 0.03076992
v -0.01079115 -0.00037207 0.03076992
v -0.01079115 -0.00037207 0.03076992
v -0.01079115 -0.00037207 0.03076992
v -0.00833803 -0.00037207 0.03153512
v -0.00833803 -0.00037207 0.03153512
v -0.00833803 -0.00037207 0.03153512
v -0.00833803 -0.00037207 0.03153512
v -0.00833803 -0.00037207 0.03153512
v -0.00833803 -0.00037207 0.03153512
v 0.00147429 -0.00527823 0.03110602
v 0.00147429 -0.00527823 0.03110602
v 0.00147429 -0.00527823 0.03110602
v 0.00147429 -0.00527823 0.03110602
v 0.00147429 -0.00527823 0.03110602
v 0.00147429 -0.00527823 0.03110602
v 0.00147429 -0.00527823 0.03110602
v 0.00147429 -0.00527823 0.03110602
v 0.00147429 -0.00866815 0.03032972
v 0.00147429 -0.00866815 0.03032972
v 0.00147429 -0.00866815 0.03032972
v 0.00147429 -0.00866815 0.03032972
v 0.00147429 -0.00866815 0.03032972
v 0.00147429 -0.00866815 0.03032972
v 0.00147429 -0.00773131 0.03047122
v 0.00147429 -0.00773131 0.03047122
v 0.00147429 -0.00773131 0.03047122
v 0.00147429 -0.00773131 0.03047122
v -0.00588495 -0.00037207 0.03172602
v -0.00588495 -0.00037207 0.03172602
v -0.00588495 -0.00037207 0.03172602
v -0.00588495 -0.00037207 0.03172602
v -0.00588495 -0.00037207 0.03172602
v -0.00588495 -0.00037207 0.03172602
v -0.00343188 -0.00037207 0.03166432
v -0.00343188 -0.00037207 0.03166432
v -0.00343188 -0.00037207 0.03166432
v -0.00343188 -0.00037207 0.03166432
v -0.00343188 -0.00037207 0.03166432
v -0.00343188 -0.00037207 0.03166432
v 0.00147429 -0.00282515 0.03176202
v 0.00147429 -0.00282515 0.03176202
v 0.00147429 -0.00282515 0.03176202
v 0.00147429 -0.00282515 0.03176202
v 0.00147429 -0.00282515 0.03176202
v 0.00147429 -0.00282515 0.03176202
v -0.00097880 -0.00037207 0.03172082
v -0.00097880 -0.00037207 0.03172082
v -0.00097880 -0.00037207 0.03172082
v -0.00097880 -0.00037207 0.03172082
v -0.00097880 -0.00037207 0.03172082
v -0.00097880 -0.00037207 0.03172082
v 0.00147429 -0.00037207 0.03194332
v 0.00147429 -0.00037207 0.03194332
v 0.00147429 -0.00037207 0.03194332
v 0.00147429 -0.00037207 0.03194332
v 0.00147429 -0.00037207 0.03194332
v 0.00147429 -0.00037207 0.03194332
v 0.00147429 -0.00037207 0.03194332
v 0.01128665 -0.00037207 0.00897842
v 0.01128665 -0.00037207 0.00897842
v 0.01128665 -0.00037207 0.00897842
v 0.01128665 -0.00037207 0.00897842
v 0.01128665 -0.00037207 0.00897842
v 0.01128665 -0.00037207 0.00897842
v 0.01099835 -0.00037207 0.00825202
v 0.01099835 -0.00037207 0.00825202
v 0.01099835 -0.00037207 0.00825202
v 0.01099835 -0.00037207 0.00825202
v 0.01099835 -0.00037207 0.00825202
v 0.01099835 -0.00037207 0.00825202
v 0.01013245 -0.00037207 0.00579892
v 0.01013245 -0.00037207 0.00579892
v 0.01013245 -0.00037207 0.00579892
v 0.01013245 -0.00037207 0.00579892
v 0.01013245 -0.00037207 0.00579892
v 0.01013245 -0.00037207 0.00579892
v 0.01291225 -0.00037207 0.01315822
v 0.01291225 -0.00037207 0.01315822
v 0.01291225 -0.00037207 0.01315822
v 0.01291225 -0.00037207 0.01315822
v 0.01291225 -0.00037207 0.01315822
v 0.01291225 -0.00037207 0.01315822
v 0.01197675 -0.00037207 0.01070512
v 0.01197675 -0.00037207 0.01070512
v 0.01197675 -0.00037207 0.01070512
v 0.01197675 -0.00037207 0.01070512
v 0.01197675 -0.00037207 0.01070512
v 0.01197675 -0.00037207 0.01070512
v 0.01431095 -0.00037207 0.02297052
v 0.01431095 -0.00037207 0.02297052
v 0.01431095 -0.00037207 0.02297052
v 0.01431095 -0.00037207 0.02297052
v 0.01431095 -0.00037207 0.02297052
v 0.01431095 -0.00037207 0.02297052
v 0.01431095 -0.00037207 0.02297052
v 0.01405895 -0.00037207 0.01806432
v 0.01405895 -0.00037207 0.01806432
v 0.01405895 -0.00037207 0.01806432
v 0.01405895 -0.00037207 0.01806432
v 0.01405895 -0.00037207 0.01806432
v 0.01360645 -0.00037207 0.01561132
v 0.01360645 -0.00037207 0.01561132
v 0.01360645 -0.00037207 0.01561132
v 0.01360645 -0.00037207 0.01561132
v 0.01360645 -0.00037207 0.01561132
v 0.01360645 -0.00037207 0.01561132
v 0.01373965 -0.00037207 0.01623472
v 0.01373965 -0.00037207 0.01623472
v 0.01373965 -0.00037207 0.01623472
v 0.01373965 -0.00037207 0.01623472
v 0.01373965 -0.00037207 0.01623472
v 0.01373965 -0.00037207 0.01623472
v 0.01433605 -0.00037207 0.02051742
v 0.01433605 -0.00037207 0.02051742
v 0.01433605 -0.00037207 0.02051742
v 0.01433605 -0.00037207 0.02051742
v 0.01433605 -0.00037207 0.02051742
v 0.01433605 -0.00037207 0.02051742
v 0.01433605 -0.00037207 0.02051742
v 0.01128665 -0.00037207 0.02986662
v 0.01128665 -0.00037207 0.02986662
v 0.01128665 -0.00037207 0.02986662
v 0.01128665 -0.00037207 0.02986662
v 0.00638045 -0.00037207 0.03196852
v 0.00638045 -0.00037207 0.03196852
v 0.00638045 -0.00037207 0.03196852
v 0.00638045 -0.00037207 0.03196852
v 0.00638045 -0.00037207 0.03196852
v 0.00638045 -0.00037207 0.03196852
v 0.00638045 -0.00037207 0.03196852
v 0.00392737 -0.00037207 0.03218432
v 0.00392737 -0.00037207 0.03218432
v 0.00392737 -0.00037207 0.03218432
v 0.00392737 -0.00037207 0.03218432
v 0.01065365 -0.00037207 0.03032972
v 0.01065365 -0.00037207 0.03032972
v 0.01065365 -0.00037207 0.03032972
v 0.01065365 -0.00037207 0.03032972
v 0.01065365 -0.00037207 0.03032972
v 0.01065365 -0.00037207 0.03032972
v 0.00883353 -0.00037207 0.03119542
v 0.00883353 -0.00037207 0.03119542
v 0.00883353 -0.00037207 0.03119542
v 0.00883353 -0.00037207 0.03119542
v 0.00883353 -0.00037207 0.03119542
v 0.00883353 -0.00037207 0.03119542
v 0.00883353 -0.00037207 0.03119542
v 0.01292175 -0.00037207 0.02787672
v 0.01292175 -0.00037207 0.02787672
v 0.01292175 -0.00037207 0.02787672
v 0.01292175 -0.00037207 0.02787672
v 0.01292175 -0.00037207 0.02787672
v 0.01292175 -0.00037207 0.02787672
v 0.01292175 -0.00037207 0.02787672
v 0.01387115 -0.00037207 0.02542362
v 0.01387115 -0.00037207 0.02542362
v 0.01387115 -0.00037207 0.02542362
v 0.01387115 -0.00037207 0.02542362
v 0.01373965 -0.00037207 0.02589242
v 0.01373965 -0.00037207 0.02589242
v 0.01373965 -0.00037207 0.02589242
v 0.01373965 -0.00037207 0.02589242
v 0.01373965 -0.00037207 0.02589242
v 0.01373965 -0.00037207 0.02589242
v 0.00147429 0.00944025 0.00447002
v 0.00147429 0.00944025 0.00447002
v 0.00147429 0.00944025 0.00447002
v 0.00147429 0.00944025 0.00447002
v 0.00147429 0.00944025 0.00447002
v 0.00147429 0.00944025 0.00447002
v 0.00147429 0.01287755 0.01315822
v 0.00147429 0.01287755 0.01315822
v 0.00147429 0.01287755 0.01315822
v 0.00147429 0.01287755 0.01315822
v 0.00147429 0.01287755 0.01315822
v 0.00147429 0.01287755 0.01315822
v 0.00147429 0.01287755 0.01315822
v 0.00147429 0.01063105 0.00825202
v 0.00147429 0.01063105 0.00825202
v 0.00147429 0.01063105 0.00825202
v 0.00147429 0.01063105 0.00825202
v 0.00147429 0.01063105 0.00825202
v 0.00147429 0.01063105 0.00825202
v 0.00147429 0.01063105 0.00825202
v 0.00147429 0.01063105 0.00825202
v 0.00147429 0.01063105 0.00825202
v 0.00147429 0.00977545 0.00579892
v 0.00147429 0.00977545 0.00579892
v 0.00147429 0.00977545 0.00579892
v 0.00147429 0.00977545 0.00579892
v 0.00147429 0.01172895 0.01070512
v 0.00147429 0.01172895 0.01070512
v 0.00147429 0.01172895 0.01070512
v 0.00147429 0.01172895 0.01070512
v 0.00147429 0.01189335 0.01105662
v 0.00147429 0.01189335 0.01105662
v 0.00147429 0.01189335 0.01105662
v 0.00147429 0.01189335 0.01105662
v 0.00147429 0.01189335 0.01105662
v 0.00147429 0.01526745 0.02297052
v 0.00147429 0.01526745 0.02297052
v 0.00147429 0.01526745 0.02297052
v 0.00147429 0.01526745 0.02297052
v 0.00147429 0.01526745 0.02297052
v 0.00147429 0.01526745 0.02297052
v 0.00147429 0.01526745 0.02297052
v 0.00147429 0.01434645 0.01677592
v 0.00147429 0.01434645 0.01677592
v 0.00147429 0.01434645 0.01677592
v 0.00147429 0.01434645 0.01677592
v 0.00147429 0.01434645 0.01677592
v 0.00147429 0.01434645 0.01677592
v 0.00147429 0.01392695 0.01561132
v 0.00147429 0.01392695 0.01561132
v 0.00147429 0.01392695 0.01561132
v 0.00147429 0.01392695 0.01561132
v 0.00147429 0.01392695 0.01561132
v 0.00147429 0.01392695 0.01561132
v 0.00147429 0.01473725 0.01806432
v 0.00147429 0.01473725 0.01806432
v 0.00147429 0.01473725 0.01806432
v 0.00147429 0.01473725 0.01806432
v 0.00147429 0.01522895 0.02051742
v 0.00147429 0.01522895 0.02051742
v 0.00147429 0.01522895 0.02051742
v 0.00147429 0.01522895 0.02051742
v 0.00147429 0.01522895 0.02051742
v 0.00147429 0.01522895 0.02051742
v 0.00147429 0.01522895 0.02051742
v 0.00147429 0.01522895 0.02051742
v 0.00147429 0.00944025 0.03178422
v 0.00147429 0.00944025 0.03178422
v 0.00147429 0.00944025 0.03178422
v 0.00147429 0.00944025 0.03178422
v 0.00147429 0.00944025 0.03178422
v 0.00147429 0.00944025 0.03178422
v 0.00147429 0.00944025 0.03178422
v 0.00147429 0.00453410 0.03217242
v 0.00147429 0.00453410 0.03217242
v 0.00147429 0.00453410 0.03217242
v 0.00147429 0.00453410 0.03217242
v 0.00147429 0.00453410 0.03217242
v 0.00147429 0.00208102 0.03194692
v 0.00147429 0.00208102 0.03194692
v 0.00147429 0.00208102 0.03194692
v 0.00147429 0.00208102 0.03194692
v 0.00147429 0.00208102 0.03194692
v 0.00147429 0.00208102 0.03194692
v 0.00147429 0.00698717 0.03230962
v 0.00147429 0.00698717 0.03230962
v 0.00147429 0.00698717 0.03230962
v 0.00147429 0.00698717 0.03230962
v 0.00147429 0.00698717 0.03230962
v 0.00147429 0.00698717 0.03230962
v 0.00147429 0.01364825 0.02787672
v 0.00147429 0.01364825 0.02787672
v 0.00147429 0.01364825 0.02787672
v 0.00147429 0.01364825 0.02787672
v 0.00147429 0.01364825 0.02787672
v 0.00147429 0.01364825 0.02787672
v 0.00147429 0.01364825 0.02787672
v 0.00147429 0.01434645 0.02650292
v 0.00147429 0.01434645 0.02650292
v 0.00147429 0.01434645 0.02650292
v 0.00147429 0.01434645 0.02650292
v 0.00147429 0.01434645 0.02650292
v 0.00147429 0.01434645 0.02650292
v 0.00147429 0.01475555 0.02542362
v 0.00147429 0.01475555 0.02542362
v 0.00147429 0.01475555 0.02542362
v 0.00147429 0.01475555 0.02542362
v 0.00147429 0.01475555 0.02542362
v 0.00147429 0.01173655 0.03032972
v 0.00147429 0.01173655 0.03032972
v 0.00147429 0.01173655 0.03032972
v 0.00147429 0.01173655 0.03032972
v 0.00147429 0.01173655 0.03032972
v 0.00147429 0.01189335 0.03017582
v 0.00147429 0.01189335 0.03017582
v 0.00147429 0.01189335 0.03017582
v 0.00147429 0.01189335 0.03017582
v -0.01108865 -0.01018439 -0.02609109
v -0.01108865 -0.01018439 -0.02609109
v -0.01108865 -0.01018439 -0.02609109
v -0.01108865 -0.01018439 -0.02609109
v -0.01108865 -0.01018439 -0.02609109
v -0.01108865 -0.01018439 -0.02609109
v -0.00833803 -0.01191545 -0.02609109
v -0.00833803 -0.01191545 -0.02609109
v -0.00833803 -0.01191545 -0.02609109
v -0.00833803 -0.01191545 -0.02609109
v -0.00833803 -0.01191545 -0.02609109
v -0.00833803 -0.01018439 -0.02814308
v -0.00833803 -0.01018439 -0.02814308
v -0.00833803 -0.01018439 -0.02814308
v -0.00833803 -0.01018439 -0.02814308
v -0.00833803 -0.01018439 -0.02814308
v -0.00833803 -0.01018439 -0.02814308
v -0.00833803 -0.01018439 -0.02814308
v -0.00833803 -0.01018439 -0.02814308
v -0.00833803 -0.01018439 -0.02814308
v -0.00833803 -0.01018439 -0.02814308
v -0.00343188 -0.01342065 -0.02609109
v -0.00343188 -0.01342065 -0.02609109
v -0.00343188 -0.01342065 -0.02609109
v -0.00343188 -0.01342065 -0.02609109
v -0.00343188 -0.01342065 -0.02609109
v -0.00343188 -0.01018439 -0.02933432
v -0.00343188 -0.01018439 -0.02933432
v -0.00343188 -0.01018439 -0.02933432
v -0.00343188 -0.01018439 -0.02933432
v -0.00343188 -0.01018439 -0.02933432
v -0.00343188 -0.01018439 -0.02933432
v -0.00343188 -0.01018439 -0.02933432
v -0.00343188 -0.01018439 -0.02933432
v -0.00833803 -0.00399585 -0.03099725
v -0.00833803 -0.00399585 -0.03099725
v -0.00833803 -0.00399585 -0.03099725
v -0.00833803 -0.00399585 -0.03099725
v -0.00833803 -0.00399585 -0.03099725
v -0.00833803 -0.00399585 -0.03099725
v -0.00833803 -0.00399585 -0.03099725
v -0.01462995 -0.00527823 -0.02609109
v -0.01462995 -0.00527823 -0.02609109
v -0.01462995 -0.00527823 -0.02609109
v -0.01462995 -0.00527823 -0.02609109
v -0.01462995 -0.00527823 -0.02609109
v -0.01462995 -0.00527823 -0.02609109
v -0.01462995 -0.00527823 -0.02609109
v -0.01324415 -0.00785318 -0.02609109
v -0.01324415 -0.00785318 -0.02609109
v -0.01324415 -0.00785318 -0.02609109
v -0.01324415 -0.00785318 -0.02609109
v -0.01324415 -0.00785318 -0.02609109
v -0.01324415 -0.00785318 -0.02609109
v -0.01324415 -0.00527823 -0.02789840
v -0.01324415 -0.00527823 -0.02789840
v -0.01324415 -0.00527823 -0.02789840
v -0.01324415 -0.00527823 -0.02789840
v -0.01324415 -0.00527823 -0.02789840
v -0.01324415 -0.00527823 -0.02789840
v -0.01324415 -0.00527823 -0.02789840
v -0.01324415 -0.00527823 -0.02789840
v -0.00833803 -0.00527823 -0.03072884
v -0.00833803 -0.00527823 -0.03072884
v -0.00833803 -0.00527823 -0.03072884
v -0.00833803 -0.00527823 -0.03072884
v -0.00708907 -0.00527823 -0.03099725
v -0.00708907 -0.00527823 -0.03099725
v -0.00708907 -0.00527823 -0.03099725
v -0.00708907 -0.00527823 -0.03099725
v -0.00708907 -0.00527823 -0.03099725
v -0.00708907 -0.00527823 -0.03099725
v -0.00343188 -0.00696857 -0.03099725
v -0.00343188 -0.00696857 -0.03099725
v -0.00343188 -0.00696857 -0.03099725
v -0.00343188 -0.00696857 -0.03099725
v -0.00343188 -0.00696857 -0.03099725
v -0.00343188 -0.00696857 -0.03099725
v -0.00343188 -0.00527823 -0.03151669
v -0.00343188 -0.00527823 -0.03151669
v -0.00343188 -0.00527823 -0.03151669
v -0.00343188 -0.00527823 -0.03151669
v -0.00343188 -0.00527823 -0.03151669
v -0.00880686 -0.01263745 -0.02363798
v -0.00880686 -0.01263745 -0.02363798
v -0.00880686 -0.01263745 -0.02363798
v -0.00880686 -0.01263745 -0.02363798
v -0.00880686 -0.01263745 -0.02363798
v -0.00833803 -0.01286365 -0.02363798
v -0.00833803 -0.01286365 -0.02363798
v -0.00833803 -0.01286365 -0.02363798
v -0.00833803 -0.01286365 -0.02363798
v -0.00833803 -0.01263745 -0.02449168
v -0.00833803 -0.01263745 -0.02449168
v -0.00833803 -0.01263745 -0.02449168
v -0.00833803 -0.01263745 -0.02449168
v -0.00833803 -0.01263745 -0.02449168
v -0.00833803 -0.01263745 -0.02449168
v -0.01230515 -0.01018439 -0.02363798
v -0.01230515 -0.01018439 -0.02363798
v -0.01230515 -0.01018439 -0.02363798
v -0.01230515 -0.01018439 -0.02363798
v -0.01230515 -0.01018439 -0.02363798
v -0.01079115 -0.01041551 -0.02609109
v -0.01079115 -0.01041551 -0.02609109
v -0.01079115 -0.01041551 -0.02609109
v -0.01079115 -0.01041551 -0.02609109
v -0.01079115 -0.01143600 -0.02363798
v -0.01079115 -0.01143600 -0.02363798
v -0.01079115 -0.01143600 -0.02363798
v -0.01079115 -0.01143600 -0.02363798
v -0.01079115 -0.01143600 -0.02363798
v -0.01079115 -0.01143600 -0.02363798
v -0.01079115 -0.01143600 -0.02363798
v -0.01079115 -0.01143600 -0.02363798
v -0.00926046 -0.01263745 -0.02118498
v -0.00926046 -0.01263745 -0.02118498
v -0.00926046 -0.01263745 -0.02118498
v -0.00926046 -0.01263745 -0.02118498
v -0.00926046 -0.01263745 -0.02118498
v -0.00926046 -0.01263745 -0.02118498
v -0.00833803 -0.01311425 -0.02118498
v -0.00833803 -0.01311425 -0.02118498
v -0.00833803 -0.01311425 -0.02118498
v -0.00833803 -0.01311425 -0.02118498
v -0.00833803 -0.01311425 -0.02118498
v -0.00833803 -0.01311425 -0.02118498
v -0.00833803 -0.01311425 -0.02118498
v -0.00833803 -0.01311425 -0.02118498
v -0.01252535 -0.01018439 -0.02118498
v -0.01252535 -0.01018439 -0.02118498
v -0.01252535 -0.01018439 -0.02118498
v -0.01252535 -0.01018439 -0.02118498
v -0.01252535 -0.01018439 -0.02118498
v -0.01079115 -0.01165745 -0.02118498
v -0.01079115 -0.01165745 -0.02118498
v -0.01079115 -0.01165745 -0.02118498
v -0.01079115 -0.01165745 -0.02118498
v -0.01079115 -0.01165745 -0.02118498
v -0.01079115 -0.01165745 -0.02118498
v -0.00878522 -0.01263745 -0.01873188
v -0.00878522 -0.01263745 -0.01873188
v -0.00878522 -0.01263745 -0.01873188
v -0.00878522 -0.01263745 -0.01873188
v -0.00878522 -0.01263745 -0.01873188
v -0.00833803 -0.01286415 -0.01873188
v -0.00833803 -0.01286415 -0.01873188
v -0.00833803 -0.01286415 -0.01873188
v -0.00833803 -0.01286415 -0.01873188
v -0.01210155 -0.01018439 -0.01873188
v -0.01210155 -0.01018439 -0.01873188
v -0.01210155 -0.01018439 -0.01873188
v -0.01210155 -0.01018439 -0.01873188
v -0.01210155 -0.01018439 -0.01873188
v -0.01210155 -0.01018439 -0.01873188
v -0.01079115 -0.01132388 -0.01873188
v -0.01079115 -0.01132388 -0.01873188
v -0.01079115 -0.01132388 -0.01873188
v -0.01079115 -0.01132388 -0.01873188
v -0.01079115 -0.01132388 -0.01873188
v -0.01079115 -0.01132388 -0.01873188
v -0.01079115 -0.01132388 -0.01873188
v -0.00833803 -0.01263745 -0.01761098
v -0.00833803 -0.01263745 -0.01761098
v -0.00833803 -0.01263745 -0.01761098
v -0.00833803 -0.01263745 -0.01761098
v -0.00833803 -0.01263745 -0.01761098
v -0.00833803 -0.01263745 -0.01761098
v -0.00833803 -0.01263745 -0.01761098
v -0.00833803 -0.01263745 -0.01761098
v -0.01122715 -0.01018439 -0.01627878
v -0.01122715 -0.01018439 -0.01627878
v -0.01122715 -0.01018439 -0.01627878
v -0.01122715 -0.01018439 -0.01627878
v -0.01122715 -0.01018439 -0.01627878
v -0.01122715 -0.01018439 -0.01627878
v -0.01122715 -0.01018439 -0.01627878
v -0.01079115 -0.01057572 -0.01627878
v -0.01079115 -0.01057572 -0.01627878
v -0.01079115 -0.01057572 -0.01627878
v -0.01079115 -0.01057572 -0.01627878
v -0.01079115 -0.01057572 -0.01627878
v -0.00833803 -0.01231385 -0.01627878
v -0.00833803 -0.01231385 -0.01627878
v -0.00833803 -0.01231385 -0.01627878
v -0.00833803 -0.01231385 -0.01627878
v -0.00833803 -0.01231385 -0.01627878
v -0.00109030 -0.01509055 -0.02363798
v -0.00109030 -0.01509055 -0.02363798
v -0.00109030 -0.01509055 -0.02363798
v -0.00109030 -0.01509055 -0.02363798
v -0.00109030 -0.01509055 -0.02363798
v -0.00109030 -0.01509055 -0.02363798
v -0.00097880 -0.01511085 -0.02363798
v -0.00097880 -0.01511085 -0.02363798
v -0.00097880 -0.01511085 -0.02363798
v -0.00097880 -0.01511085 -0.02363798
v -0.00097880 -0.01509055 -0.02369028
v -0.00097880 -0.01509055 -0.02369028
v -0.00097880 -0.01509055 -0.02369028
v -0.00097880 -0.01509055 -0.02369028
v -0.00097880 -0.01509055 -0.02369028
v -0.00320371 -0.01509055 -0.02118498
v -0.00320371 -0.01509055 -0.02118498
v -0.00320371 -0.01509055 -0.02118498
v -0.00320371 -0.01509055 -0.02118498
v -0.00320371 -0.01509055 -0.02118498
v -0.00320371 -0.01509055 -0.02118498
v -0.00097880 -0.01563505 -0.02118498
v -0.00097880 -0.01563505 -0.02118498
v -0.00097880 -0.01563505 -0.02118498
v -0.00097880 -0.01563505 -0.02118498
v -0.00097880 -0.01563505 -0.02118498
v -0.00097880 -0.01563505 -0.02118498
v -0.00097880 -0.01563505 -0.02118498
v -0.00097880 -0.01563505 -0.02118498
v -0.00656841 -0.01263745 -0.02609109
v -0.00656841 -0.01263745 -0.02609109
v -0.00656841 -0.01263745 -0.02609109
v -0.00656841 -0.01263745 -0.02609109
v -0.00656841 -0.01263745 -0.02609109
v -0.00656841 -0.01263745 -0.02609109
v -0.00588495 -0.01285135 -0.02609109
v -0.00588495 -0.01285135 -0.02609109
v -0.00588495 -0.01285135 -0.02609109
v -0.00588495 -0.01285135 -0.02609109
v -0.00588495 -0.01385455 -0.02363798
v -0.00588495 -0.01385455 -0.02363798
v -0.00588495 -0.01385455 -0.02363798
v -0.00588495 -0.01385455 -0.02363798
v -0.00588495 -0.01385455 -0.02363798
v -0.00588495 -0.01385455 -0.02363798
v -0.00588495 -0.01385455 -0.02363798
v -0.00588495 -0.01385455 -0.02363798
v -0.00343188 -0.01457785 -0.02363798
v -0.00343188 -0.01457785 -0.02363798
v -0.00343188 -0.01457785 -0.02363798
v -0.00343188 -0.01457785 -0.02363798
v -0.00343188 -0.01457785 -0.02363798
v -0.00343188 -0.01457785 -0.02363798
v -0.00343188 -0.01457785 -0.02363798
v -0.00588495 -0.01419325 -0.02118498
v -0.00588495 -0.01419325 -0.02118498
v -0.00588495 -0.01419325 -0.02118498
v -0.00588495 -0.01419325 -0.02118498
v -0.00588495 -0.01419325 -0.02118498
v -0.00588495 -0.01419325 -0.02118498
v -0.00343188 -0.01502445 -0.02118498
v -0.00343188 -0.01502445 -0.02118498
v -0.00343188 -0.01502445 -0.02118498
v -0.00343188 -0.01502445 -0.02118498
v -0.00097880 -0.01381305 -0.02609109
v -0.00097880 -0.01381305 -0.02609109
v -0.00097880 -0.01381305 -0.02609109
v -0.00097880 -0.01381305 -0.02609109
v -0.00097880 -0.01381305 -0.02609109
v -0.00097880 -0.01381305 -0.02609109
v -0.00097880 -0.01381305 -0.02609109
v -0.00097880 -0.01381305 -0.02609109
v -0.00263626 -0.01509055 -0.01873188
v -0.00263626 -0.01509055 -0.01873188
v -0.00263626 -0.01509055 -0.01873188
v -0.00263626 -0.01509055 -0.01873188
v -0.00263626 -0.01509055 -0.01873188
v -0.00263626 -0.01509055 -0.01873188
v -0.00097880 -0.01549675 -0.01873188
v -0.00097880 -0.01549675 -0.01873188
v -0.00097880 -0.01549675 -0.01873188
v -0.00097880 -0.01549675 -0.01873188
v -0.00097880 -0.01509055 -0.01654968
v -0.00097880 -0.01509055 -0.01654968
v -0.00097880 -0.01509055 -0.01654968
v -0.00097880 -0.01509055 -0.01654968
v -0.00097880 -0.01509055 -0.01654968
v -0.00097880 -0.01509055 -0.01654968
v -0.00097880 -0.01509055 -0.01654968
v -0.00073066 -0.01509055 -0.01627878
v -0.00073066 -0.01509055 -0.01627878
v -0.00073066 -0.01509055 -0.01627878
v -0.00073066 -0.01509055 -0.01627878
v -0.00073066 -0.01509055 -0.01627878
v -0.00588495 -0.01396335 -0.01873188
v -0.00588495 -0.01396335 -0.01873188
v -0.00588495 -0.01396335 -0.01873188
v -0.00588495 -0.01396335 -0.01873188
v -0.00588495 -0.01396335 -0.01873188
v -0.00588495 -0.01396335 -0.01873188
v -0.00588495 -0.01396335 -0.01873188
v -0.00343188 -0.01485275 -0.01873188
v -0.00343188 -0.01485275 -0.01873188
v -0.00343188 -0.01485275 -0.01873188
v -0.00343188 -0.01485275 -0.01873188
v -0.00343188 -0.01485275 -0.01873188
v -0.00343188 -0.01485275 -0.01873188
v -0.00769655 -0.01263745 -0.01627878
v -0.00769655 -0.01263745 -0.01627878
v -0.00769655 -0.01263745 -0.01627878
v -0.00769655 -0.01263745 -0.01627878
v -0.00769655 -0.01263745 -0.01627878
v -0.00588495 -0.01341435 -0.01627878
v -0.00588495 -0.01341435 -0.01627878
v -0.00588495 -0.01341435 -0.01627878
v -0.00588495 -0.01341435 -0.01627878
v -0.00588495 -0.01341435 -0.01627878
v -0.00588495 -0.01341435 -0.01627878
v -0.00588495 -0.01341435 -0.01627878
v -0.00343188 -0.01431695 -0.01627878
v -0.00343188 -0.01431695 -0.01627878
v -0.00343188 -0.01431695 -0.01627878
v -0.00343188 -0.01431695 -0.01627878
v -0.00343188 -0.01431695 -0.01627878
v -0.00343188 -0.01431695 -0.01627878
v -0.00343188 -0.01431695 -0.01627878
v -0.00343188 -0.01431695 -0.01627878
v -0.00097880 -0.01503215 -0.01627878
v -0.00097880 -0.01503215 -0.01627878
v -0.00097880 -0.01503215 -0.01627878
v -0.00097880 -0.01503215 -0.01627878
v -0.01332565 -0.00773131 -0.02609109
v -0.01332565 -0.00773131 -0.02609109
v -0.01332565 -0.00773131 -0.02609109
v -0.01332565 -0.00773131 -0.02609109
v -0.01432385 -0.00773131 -0.02363798
v -0.01432385 -0.00773131 -0.02363798
v -0.01432385 -0.00773131 -0.02363798
v -0.01432385 -0.00773131 -0.02363798
v -0.01432385 -0.00773131 -0.02363798
v -0.01432385 -0.00773131 -0.02363798
v -0.01432385 -0.00773131 -0.02363798
v -0.01324415 -0.00918898 -0.02363798
v -0.01324415 -0.00918898 -0.02363798
v -0.01324415 -0.00918898 -0.02363798
v -0.01324415 -0.00918898 -0.02363798
v -0.01324415 -0.00918898 -0.02363798
v -0.01324415 -0.00918898 -0.02363798
v -0.01324415 -0.00918898 -0.02363798
v -0.01556155 -0.00527823 -0.02363798
v -0.01556155 -0.00527823 -0.02363798
v -0.01556155 -0.00527823 -0.02363798
v -0.01556155 -0.00527823 -0.02363798
v -0.01454185 -0.00773131 -0.02118498
v -0.01454185 -0.00773131 -0.02118498
v -0.01454185 -0.00773131 -0.02118498
v -0.01454185 -0.00773131 -0.02118498
v -0.01454185 -0.00773131 -0.02118498
v -0.01454185 -0.00773131 -0.02118498
v -0.01454185 -0.00773131 -0.02118498
v -0.01454185 -0.00773131 -0.02118498
v -0.01324415 -0.00941897 -0.02118498
v -0.01324415 -0.00941897 -0.02118498
v -0.01324415 -0.00941897 -0.02118498
v -0.01324415 -0.00941897 -0.02118498
v -0.01324415 -0.00941897 -0.02118498
v -0.01581885 -0.00527823 -0.02118498
v -0.01581885 -0.00527823 -0.02118498
v -0.01581885 -0.00527823 -0.02118498
v -0.01581885 -0.00527823 -0.02118498
v -0.01569725 -0.00558684 -0.02118498
v -0.01569725 -0.00558684 -0.02118498
v -0.01569725 -0.00558684 -0.02118498
v -0.01569725 -0.00558684 -0.02118498
v -0.01569725 -0.00527823 -0.02287578
v -0.01569725 -0.00527823 -0.02287578
v -0.01569725 -0.00527823 -0.02287578
v -0.01569725 -0.00527823 -0.02287578
v -0.01569725 -0.00527823 -0.02287578
v -0.01569725 -0.00527823 -0.02287578
v -0.01569725 -0.00527823 -0.02287578
v -0.01569725 -0.00527823 -0.02287578
v -0.01622295 -0.00282515 -0.02363798
v -0.01622295 -0.00282515 -0.02363798
v -0.01622295 -0.00282515 -0.02363798
v -0.01622295 -0.00282515 -0.02363798
v -0.01622295 -0.00282515 -0.02363798
v -0.01569725 -0.00489066 -0.02363798
v -0.01569725 -0.00489066 -0.02363798
v -0.01569725 -0.00489066 -0.02363798
v -0.01569725 -0.00489066 -0.02363798
v -0.01569725 -0.00489066 -0.02363798
v -0.01569725 -0.00282515 -0.02539306
v -0.01569725 -0.00282515 -0.02539306
v -0.01569725 -0.00282515 -0.02539306
v -0.01569725 -0.00282515 -0.02539306
v -0.01569725 -0.00282515 -0.02539306
v -0.01569725 -0.00282515 -0.02539306
v -0.01537275 -0.00282515 -0.02609109
v -0.01537275 -0.00282515 -0.02609109
v -0.01537275 -0.00282515 -0.02609109
v -0.01537275 -0.00282515 -0.02609109
v -0.01537275 -0.00282515 -0.02609109
v -0.01537275 -0.00282515 -0.02609109
v -0.01648975 -0.00282515 -0.02118498
v -0.01648975 -0.00282515 -0.02118498
v -0.01648975 -0.00282515 -0.02118498
v -0.01648975 -0.00282515 -0.02118498
v -0.01648975 -0.00282515 -0.02118498
v -0.01648975 -0.00282515 -0.02118498
v -0.01648975 -0.00282515 -0.02118498
v -0.01648975 -0.00282515 -0.02118498
v -0.01421285 -0.00773131 -0.01873188
v -0.01421285 -0.00773131 -0.01873188
v -0.01421285 -0.00773131 -0.01873188
v -0.01421285 -0.00773131 -0.01873188
v -0.01421285 -0.00773131 -0.01873188
v -0.01421285 -0.00773131 -0.01873188
v -0.01421285 -0.00773131 -0.01873188
v -0.01324415 -0.00896557 -0.01873188
v -0.01324415 -0.00896557 -0.01873188
v -0.01324415 -0.00896557 -0.01873188
v -0.01324415 -0.00896557 -0.01873188
v -0.01324415 -0.00896557 -0.01873188
v -0.01324415 -0.00896557 -0.01873188
v -0.01569725 -0.00527823 -0.01930178
v -0.01569725 -0.00527823 -0.01930178
v -0.01569725 -0.00527823 -0.01930178
v -0.01569725 -0.00527823 -0.01930178
v -0.01569725 -0.00527823 -0.01930178
v -0.01569725 -0.00527823 -0.01930178
v -0.01569725 -0.00527823 -0.01930178
v -0.01569725 -0.00527823 -0.01930178
v -0.01560625 -0.00527823 -0.01873188
v -0.01560625 -0.00527823 -0.01873188
v -0.01560625 -0.00527823 -0.01873188
v -0.01560625 -0.00527823 -0.01873188
v -0.01345915 -0.00773131 -0.01627878
v -0.01345915 -0.00773131 -0.01627878
v -0.01345915 -0.00773131 -0.01627878
v -0.01345915 -0.00773131 -0.01627878
v -0.01324415 -0.00801047 -0.01627878
v -0.01324415 -0.00801047 -0.01627878
v -0.01324415 -0.00801047 -0.01627878
v -0.01324415 -0.00801047 -0.01627878
v -0.01324415 -0.00801047 -0.01627878
v -0.01493105 -0.00527823 -0.01627878
v -0.01493105 -0.00527823 -0.01627878
v -0.01493105 -0.00527823 -0.01627878
v -0.01493105 -0.00527823 -0.01627878
v -0.01493105 -0.00527823 -0.01627878
v -0.01493105 -0.00527823 -0.01627878
v -0.01493105 -0.00527823 -0.01627878
v -0.01493105 -0.00527823 -0.01627878
v -0.01493105 -0.00527823 -0.01627878
v -0.01493105 -0.00527823 -0.01627878
v -0.01624805 -0.00282515 -0.01873188
v -0.01624805 -0.00282515 -0.01873188
v -0.01624805 -0.00282515 -0.01873188
v -0.01624805 -0.00282515 -0.01873188
v -0.01624805 -0.00282515 -0.01873188
v -0.01624805 -0.00282515 -0.01873188
v -0.01569725 -0.00503886 -0.01873188
v -0.01569725 -0.00503886 -0.01873188
v -0.01569725 -0.00503886 -0.01873188
v -0.01569725 -0.00503886 -0.01873188
v -0.01569725 -0.00503886 -0.01873188
v -0.01569725 -0.00282515 -0.01656538
v -0.01569725 -0.00282515 -0.01656538
v -0.01569725 -0.00282515 -0.01656538
v -0.01569725 -0.00282515 -0.01656538
v -0.01569725 -0.00282515 -0.01656538
v -0.01560205 -0.00282515 -0.01627878
v -0.01560205 -0.00282515 -0.01627878
v -0.01560205 -0.00282515 -0.01627878
v -0.01560205 -0.00282515 -0.01627878
v -0.01569725 -0.00183580 -0.01627878
v -0.01569725 -0.00183580 -0.01627878
v -0.01569725 -0.00183580 -0.01627878
v -0.01569725 -0.00183580 -0.01627878
v -0.01569725 -0.00183580 -0.01627878
v -0.01569725 -0.00183580 -0.01627878
v -0.01569725 -0.00183580 -0.01627878
v -0.01569725 -0.00183580 -0.01627878
v -0.01079115 -0.01018439 -0.01530618
v -0.01079115 -0.01018439 -0.01530618
v -0.01079115 -0.01018439 -0.01530618
v -0.01079115 -0.01018439 -0.01530618
v -0.01079115 -0.01018439 -0.01530618
v -0.01079115 -0.01018439 -0.01530618
v -0.01079115 -0.01018439 -0.01530618
v -0.01079115 -0.01018439 -0.01530618
v -0.00999298 -0.01018439 -0.01382568
v -0.00999298 -0.01018439 -0.01382568
v -0.00999298 -0.01018439 -0.01382568
v -0.00999298 -0.01018439 -0.01382568
v -0.00833803 -0.01144054 -0.01382568
v -0.00833803 -0.01144054 -0.01382568
v -0.00833803 -0.01144054 -0.01382568
v -0.00833803 -0.01144054 -0.01382568
v -0.00833803 -0.01144054 -0.01382568
v -0.00833803 -0.01144054 -0.01382568
v -0.00833803 -0.01144054 -0.01382568
v -0.00833803 -0.01144054 -0.01382568
v -0.00833803 -0.01144054 -0.01382568
v -0.00833803 -0.01018439 -0.01171078
v -0.00833803 -0.01018439 -0.01171078
v -0.00833803 -0.01018439 -0.01171078
v -0.00833803 -0.01018439 -0.01171078
v -0.00833803 -0.01018439 -0.01171078
v -0.00833803 -0.01018439 -0.01171078
v -0.00601533 -0.01263745 -0.01382568
v -0.00601533 -0.01263745 -0.01382568
v -0.00601533 -0.01263745 -0.01382568
v -0.00601533 -0.01263745 -0.01382568
v -0.00601533 -0.01263745 -0.01382568
v -0.00588495 -0.01268825 -0.01382568
v -0.00588495 -0.01268825 -0.01382568
v -0.00588495 -0.01268825 -0.01382568
v -0.00588495 -0.01268825 -0.01382568
v -0.00343188 -0.01356885 -0.01382568
v -0.00343188 -0.01356885 -0.01382568
v -0.00343188 -0.01356885 -0.01382568
v -0.00343188 -0.01356885 -0.01382568
v -0.00343188 -0.01356885 -0.01382568
v -0.00343188 -0.01356885 -0.01382568
v -0.00343188 -0.01356885 -0.01382568
v -0.00343188 -0.01356885 -0.01382568
v -0.00588495 -0.01263745 -0.01368378
v -0.00588495 -0.01263745 -0.01368378
v -0.00588495 -0.01263745 -0.01368378
v -0.00588495 -0.01263745 -0.01368378
v -0.00588495 -0.01263745 -0.01368378
v -0.00588495 -0.01263745 -0.01368378
v -0.00343188 -0.01263745 -0.01165108
v -0.00343188 -0.01263745 -0.01165108
v -0.00343188 -0.01263745 -0.01165108
v -0.00343188 -0.01263745 -0.01165108
v -0.00343188 -0.01263745 -0.01165108
v -0.00798623 -0.01018439 -0.01137258
v -0.00798623 -0.01018439 -0.01137258
v -0.00798623 -0.01018439 -0.01137258
v -0.00798623 -0.01018439 -0.01137258
v -0.00798623 -0.01018439 -0.01137258
v -0.00798623 -0.01018439 -0.01137258
v -0.00588495 -0.01144013 -0.01137258
v -0.00588495 -0.01144013 -0.01137258
v -0.00588495 -0.01144013 -0.01137258
v -0.00588495 -0.01144013 -0.01137258
v -0.00588495 -0.01144013 -0.01137258
v -0.00588495 -0.01144013 -0.01137258
v -0.00588495 -0.01144013 -0.01137258
v -0.00588495 -0.01144013 -0.01137258
v -0.00343188 -0.01248835 -0.01137258
v -0.00343188 -0.01248835 -0.01137258
v -0.00343188 -0.01248835 -0.01137258
v -0.00343188 -0.01248835 -0.01137258
v -0.00097880 -0.01434115 -0.01382568
v -0.00097880 -0.01434115 -0.01382568
v -0.00097880 -0.01434115 -0.01382568
v -0.00097880 -0.01434115 -0.01382568
v -0.00097880 -0.01434115 -0.01382568
v -0.00097880 -0.01434115 -0.01382568
v -0.00097880 -0.01434115 -0.01382568
v -0.00097880 -0.01434115 -0.01382568
v -0.00300825 -0.01263745 -0.01137258
v -0.00300825 -0.01263745 -0.01137258
v -0.00300825 -0.01263745 -0.01137258
v -0.00300825 -0.01263745 -0.01137258
v -0.00300825 -0.01263745 -0.01137258
v -0.00300825 -0.01263745 -0.01137258
v -0.00097880 -0.01323725 -0.01137258
v -0.00097880 -0.01323725 -0.01137258
v -0.00097880 -0.01323725 -0.01137258
v -0.00097880 -0.01323725 -0.01137258
v -0.00097880 -0.01323725 -0.01137258
v -0.00588495 -0.01018439 -0.00963038
v -0.00588495 -0.01018439 -0.00963038
v -0.00588495 -0.01018439 -0.00963038
v -0.00588495 -0.01018439 -0.00963038
v -0.00588495 -0.01018439 -0.00963038
v -0.00499535 -0.01018439 -0.00891948
v -0.00499535 -0.01018439 -0.00891948
v -0.00499535 -0.01018439 -0.00891948
v -0.00499535 -0.01018439 -0.00891948
v -0.00499535 -0.01018439 -0.00891948
v -0.00499535 -0.01018439 -0.00891948
v -0.00343188 -0.01097922 -0.00891948
v -0.00343188 -0.01097922 -0.00891948
v -0.00343188 -0.01097922 -0.00891948
v -0.00343188 -0.01097922 -0.00891948
v -0.00343188 -0.01097922 -0.00891948
v -0.00343188 -0.01097922 -0.00891948
v -0.00343188 -0.01097922 -0.00891948
v -0.00343188 -0.01018439 -0.00751648
v -0.00343188 -0.01018439 -0.00751648
v -0.00343188 -0.01018439 -0.00751648
v -0.00343188 -0.01018439 -0.00751648
v -0.00343188 -0.01018439 -0.00751648
v -0.00343188 -0.01018439 -0.00751648
v -0.00097880 -0.01263745 -0.01025478
v -0.00097880 -0.01263745 -0.01025478
v -0.00097880 -0.01263745 -0.01025478
v -0.00097880 -0.01263745 -0.01025478
v -0.00097880 -0.01263745 -0.01025478
v -0.00097880 -0.01263745 -0.01025478
v -0.00097880 -0.01190915 -0.00891948
v -0.00097880 -0.01190915 -0.00891948
v -0.00097880 -0.01190915 -0.00891948
v -0.00097880 -0.01190915 -0.00891948
v -0.00097880 -0.01190915 -0.00891948
v -0.00097880 -0.01190915 -0.00891948
v -0.00097880 -0.01190915 -0.00891948
v -0.00097880 -0.01190915 -0.00891948
v -0.00247819 -0.01018439 -0.00646648
v -0.00247819 -0.01018439 -0.00646648
v -0.00247819 -0.01018439 -0.00646648
v -0.00247819 -0.01018439 -0.00646648
v -0.00247819 -0.01018439 -0.00646648
v -0.00247819 -0.01018439 -0.00646648
v -0.00097880 -0.01076905 -0.00646648
v -0.00097880 -0.01076905 -0.00646648
v -0.00097880 -0.01076905 -0.00646648
v -0.00097880 -0.01076905 -0.00646648
v -0.01324415 -0.00773131 -0.01574488
v -0.01324415 -0.00773131 -0.01574488
v -0.01324415 -0.00773131 -0.01574488
v -0.01324415 -0.00773131 -0.01574488
v -0.01324415 -0.00773131 -0.01574488
v -0.01324415 -0.00773131 -0.01574488
v -0.01324415 -0.00773131 -0.01574488
v -0.01374745 -0.00527823 -0.01382568
v -0.01374745 -0.00527823 -0.01382568
v -0.01374745 -0.00527823 -0.01382568
v -0.01374745 -0.00527823 -0.01382568
v -0.01324415 -0.00627718 -0.01382568
v -0.01324415 -0.00627718 -0.01382568
v -0.01324415 -0.00627718 -0.01382568
v -0.01324415 -0.00627718 -0.01382568
v -0.01324415 -0.00627718 -0.01382568
v -0.01324415 -0.00627718 -0.01382568
v -0.01324415 -0.00527823 -0.01296388
v -0.01324415 -0.00527823 -0.01296388
v -0.01324415 -0.00527823 -0.01296388
v -0.01324415 -0.00527823 -0.01296388
v -0.01324415 -0.00527823 -0.01296388
v -0.01226955 -0.00773131 -0.01382568
v -0.01226955 -0.00773131 -0.01382568
v -0.01226955 -0.00773131 -0.01382568
v -0.01226955 -0.00773131 -0.01382568
v -0.01226955 -0.00773131 -0.01382568
v -0.01226955 -0.00773131 -0.01382568
v -0.01079115 -0.00942739 -0.01382568
v -0.01079115 -0.00942739 -0.01382568
v -0.01079115 -0.00942739 -0.01382568
v -0.01079115 -0.00942739 -0.01382568
v -0.01079115 -0.00942739 -0.01382568
v -0.01079115 -0.00773131 -0.01161718
v -0.01079115 -0.00773131 -0.01161718
v -0.01079115 -0.00773131 -0.01161718
v -0.01079115 -0.00773131 -0.01161718
v -0.01079115 -0.00773131 -0.01161718
v -0.01079115 -0.00773131 -0.01161718
v -0.01079115 -0.00773131 -0.01161718
v -0.01060155 -0.00773131 -0.01137258
v -0.01060155 -0.00773131 -0.01137258
v -0.01060155 -0.00773131 -0.01137258
v -0.01060155 -0.00773131 -0.01137258
v -0.00833803 -0.00992223 -0.01137258
v -0.00833803 -0.00992223 -0.01137258
v -0.00833803 -0.00992223 -0.01137258
v -0.00833803 -0.00992223 -0.01137258
v -0.00833803 -0.00992223 -0.01137258
v -0.00833803 -0.00992223 -0.01137258
v -0.01221605 -0.00527823 -0.01137258
v -0.01221605 -0.00527823 -0.01137258
v -0.01221605 -0.00527823 -0.01137258
v -0.01221605 -0.00527823 -0.01137258
v -0.01221605 -0.00527823 -0.01137258
v -0.01221605 -0.00527823 -0.01137258
v -0.01221605 -0.00527823 -0.01137258
v -0.01221605 -0.00527823 -0.01137258
v -0.01221605 -0.00527823 -0.01137258
v -0.01221605 -0.00527823 -0.01137258
v -0.01079115 -0.00749602 -0.01137258
v -0.01079115 -0.00749602 -0.01137258
v -0.01079115 -0.00749602 -0.01137258
v -0.01079115 -0.00749602 -0.01137258
v -0.01079115 -0.00749602 -0.01137258
v -0.01453955 -0.00282515 -0.01382568
v -0.01453955 -0.00282515 -0.01382568
v -0.01453955 -0.00282515 -0.01382568
v -0.01453955 -0.00282515 -0.01382568
v -0.01453955 -0.00282515 -0.01382568
v -0.01453955 -0.00282515 -0.01382568
v -0.01453955 -0.00282515 -0.01382568
v -0.01453955 -0.00282515 -0.01382568
v -0.01324415 -0.00282515 -0.01157518
v -0.01324415 -0.00282515 -0.01157518
v -0.01324415 -0.00282515 -0.01157518
v -0.01324415 -0.00282515 -0.01157518
v -0.01324415 -0.00282515 -0.01157518
v -0.01324415 -0.00220006 -0.01137258
v -0.01324415 -0.00220006 -0.01137258
v -0.01324415 -0.00220006 -0.01137258
v -0.01324415 -0.00220006 -0.01137258
v -0.01324415 -0.00220006 -0.01137258
v -0.01324415 -0.00220006 -0.01137258
v -0.01324415 -0.00220006 -0.01137258
v -0.01324415 -0.00220006 -0.01137258
v -0.01311715 -0.00282515 -0.01137258
v -0.01311715 -0.00282515 -0.01137258
v -0.01311715 -0.00282515 -0.01137258
v -0.01311715 -0.00282515 -0.01137258
v -0.00839472 -0.00773131 -0.00891948
v -0.00839472 -0.00773131 -0.00891948
v -0.00839472 -0.00773131 -0.00891948
v -0.00839472 -0.00773131 -0.00891948
v -0.00839472 -0.00773131 -0.00891948
v -0.00839472 -0.00773131 -0.00891948
v -0.00839472 -0.00773131 -0.00891948
v -0.00833803 -0.00778291 -0.00891948
v -0.00833803 -0.00778291 -0.00891948
v -0.00833803 -0.00778291 -0.00891948
v -0.00833803 -0.00778291 -0.00891948
v -0.00833803 -0.00778291 -0.00891948
v -0.00833803 -0.00778291 -0.00891948
v -0.01079115 -0.00527823 -0.00939648
v -0.01079115 -0.00527823 -0.00939648
v -0.01079115 -0.00527823 -0.00939648
v -0.01079115 -0.00527823 -0.00939648
v -0.01079115 -0.00527823 -0.00939648
v -0.01044175 -0.00527823 -0.00891948
v -0.01044175 -0.00527823 -0.00891948
v -0.01044175 -0.00527823 -0.00891948
v -0.01044175 -0.00527823 -0.00891948
v -0.01044175 -0.00527823 -0.00891948
v -0.01044175 -0.00527823 -0.00891948
v -0.00833803 -0.00773131 -0.00885988
v -0.00833803 -0.00773131 -0.00885988
v -0.00833803 -0.00773131 -0.00885988
v -0.00833803 -0.00773131 -0.00885988
v -0.00833803 -0.00773131 -0.00885988
v -0.00833803 -0.00773131 -0.00885988
v -0.00873463 -0.00527823 -0.00646648
v -0.00873463 -0.00527823 -0.00646648
v -0.00873463 -0.00527823 -0.00646648
v -0.00873463 -0.00527823 -0.00646648
v -0.00873463 -0.00527823 -0.00646648
v -0.00833803 -0.00579909 -0.00646648
v -0.00833803 -0.00579909 -0.00646648
v -0.00833803 -0.00579909 -0.00646648
v -0.00833803 -0.00579909 -0.00646648
v -0.00833803 -0.00579909 -0.00646648
v -0.00833803 -0.00579909 -0.00646648
v -0.01146505 -0.00282515 -0.00891948
v -0.01146505 -0.00282515 -0.00891948
v -0.01146505 -0.00282515 -0.00891948
v -0.01146505 -0.00282515 -0.00891948
v -0.01146505 -0.00282515 -0.00891948
v -0.01146505 -0.00282515 -0.00891948
v -0.01079115 -0.00464000 -0.00891948
v -0.01079115 -0.00464000 -0.00891948
v -0.01079115 -0.00464000 -0.00891948
v -0.01079115 -0.00464000 -0.00891948
v -0.01079115 -0.00464000 -0.00891948
v -0.01079115 -0.00464000 -0.00891948
v -0.01079115 -0.00464000 -0.00891948
v -0.01079115 -0.00282515 -0.00785118
v -0.01079115 -0.00282515 -0.00785118
v -0.01079115 -0.00282515 -0.00785118
v -0.01079115 -0.00282515 -0.00785118
v -0.01079115 -0.00282515 -0.00785118
v -0.01002455 -0.00282515 -0.00646648
v -0.01002455 -0.00282515 -0.00646648
v -0.01002455 -0.00282515 -0.00646648
v -0.01002455 -0.00282515 -0.00646648
v -0.01002455 -0.00282515 -0.00646648
v -0.01002455 -0.00282515 -0.00646648
v -0.01002455 -0.00282515 -0.00646648
v -0.01002455 -0.00282515 -0.00646648
v -0.01002455 -0.00282515 -0.00646648
v -0.00588495 -0.00966360 -0.00891948
v -0.00588495 -0.00966360 -0.00891948
v -0.00588495 -0.00966360 -0.00891948
v -0.00588495 -0.00966360 -0.00891948
v -0.00588495 -0.00966360 -0.00891948
v -0.00588495 -0.00966360 -0.00891948
v -0.00639107 -0.00773131 -0.00646648
v -0.00639107 -0.00773131 -0.00646648
v -0.00639107 -0.00773131 -0.00646648
v -0.00639107 -0.00773131 -0.00646648
v -0.00639107 -0.00773131 -0.00646648
v -0.00588495 -0.00812496 -0.00646648
v -0.00588495 -0.00812496 -0.00646648
v -0.00588495 -0.00812496 -0.00646648
v -0.00588495 -0.00812496 -0.00646648
v -0.00588495 -0.00812496 -0.00646648
v -0.00588495 -0.00812496 -0.00646648
v -0.00343188 -0.00972150 -0.00646648
v -0.00343188 -0.00972150 -0.00646648
v -0.00343188 -0.00972150 -0.00646648
v -0.00343188 -0.00972150 -0.00646648
v -0.00343188 -0.00972150 -0.00646648
v -0.00097880 -0.01018439 -0.00454198
v -0.00097880 -0.01018439 -0.00454198
v -0.00097880 -0.01018439 -0.00454198
v -0.00097880 -0.01018439 -0.00454198
v -0.00097880 -0.01018439 -0.00454198
v -0.00097880 -0.01018439 -0.00454198
v -0.00097880 -0.01018439 -0.00454198
v -0.00058450 -0.01018439 -0.00401338
v -0.00058450 -0.01018439 -0.00401338
v -0.00058450 -0.01018439 -0.00401338
v -0.00058450 -0.01018439 -0.00401338
v -0.00058450 -0.01018439 -0.00401338
v 0.00114734 -0.01018439 -0.00156028
v 0.00114734 -0.01018439 -0.00156028
v 0.00114734 -0.01018439 -0.00156028
v 0.00114734 -0.01018439 -0.00156028
v 0.00114734 -0.01018439 -0.00156028
v 0.00114734 -0.01018439 -0.00156028
v 0.00050057 -0.01018439 0.00089282
v 0.00050057 -0.01018439 0.00089282
v 0.00050057 -0.01018439 0.00089282
v 0.00050057 -0.01018439 0.00089282
v 0.00050057 -0.01018439 0.00089282
v 0.00050057 -0.01018439 0.00089282
v -0.00097880 -0.01018439 0.00243472
v -0.00097880 -0.01018439 0.00243472
v -0.00097880 -0.01018439 0.00243472
v -0.00097880 -0.01018439 0.00243472
v -0.00097880 -0.01018439 0.00243472
v -0.00097880 -0.01018439 0.00243472
v -0.00833803 -0.00527823 -0.00575078
v -0.00833803 -0.00527823 -0.00575078
v -0.00833803 -0.00527823 -0.00575078
v -0.00833803 -0.00527823 -0.00575078
v -0.00833803 -0.00527823 -0.00575078
v -0.00833803 -0.00527823 -0.00575078
v -0.00902603 -0.00282515 -0.00401338
v -0.00902603 -0.00282515 -0.00401338
v -0.00902603 -0.00282515 -0.00401338
v -0.00902603 -0.00282515 -0.00401338
v -0.00902603 -0.00282515 -0.00401338
v -0.00902603 -0.00282515 -0.00401338
v -0.00833803 -0.00424234 -0.00401338
v -0.00833803 -0.00424234 -0.00401338
v -0.00833803 -0.00424234 -0.00401338
v -0.00833803 -0.00424234 -0.00401338
v -0.00833803 -0.00424234 -0.00401338
v -0.00833803 -0.00424234 -0.00401338
v -0.00873013 -0.00282515 -0.00156028
v -0.00873013 -0.00282515 -0.00156028
v -0.00873013 -0.00282515 -0.00156028
v -0.00873013 -0.00282515 -0.00156028
v -0.00833803 -0.00371342 -0.00156028
v -0.00833803 -0.00371342 -0.00156028
v -0.00833803 -0.00371342 -0.00156028
v -0.00833803 -0.00371342 -0.00156028
v -0.00833803 -0.00371342 -0.00156028
v -0.00833803 -0.00371342 -0.00156028
v -0.00833803 -0.00527823 0.00288112
v -0.00833803 -0.00527823 0.00288112
v -0.00833803 -0.00527823 0.00288112
v -0.00833803 -0.00527823 0.00288112
v -0.00833803 -0.00527823 0.00288112
v -0.00833803 -0.00527823 0.00288112
v -0.00833803 -0.00527823 0.00288112
v -0.00900982 -0.00282515 0.00089282
v -0.00900982 -0.00282515 0.00089282
v -0.00900982 -0.00282515 0.00089282
v -0.00900982 -0.00282515 0.00089282
v -0.00900982 -0.00282515 0.00089282
v -0.00900982 -0.00282515 0.00089282
v -0.00833803 -0.00434134 0.00089282
v -0.00833803 -0.00434134 0.00089282
v -0.00833803 -0.00434134 0.00089282
v -0.00833803 -0.00434134 0.00089282
v -0.00833803 -0.00434134 0.00089282
v -0.00833803 -0.00434134 0.00089282
v -0.00588495 -0.00773131 -0.00558808
v -0.00588495 -0.00773131 -0.00558808
v -0.00588495 -0.00773131 -0.00558808
v -0.00588495 -0.00773131 -0.00558808
v -0.00588495 -0.00773131 -0.00558808
v -0.00588495 -0.00773131 -0.00558808
v -0.00588495 -0.00773131 -0.00558808
v -0.00588495 -0.00773131 -0.00558808
v -0.00588495 -0.00773131 -0.00558808
v -0.00521686 -0.00773131 -0.00401338
v -0.00521686 -0.00773131 -0.00401338
v -0.00521686 -0.00773131 -0.00401338
v -0.00521686 -0.00773131 -0.00401338
v -0.00521686 -0.00773131 -0.00401338
v -0.00343188 -0.00892965 -0.00401338
v -0.00343188 -0.00892965 -0.00401338
v -0.00343188 -0.00892965 -0.00401338
v -0.00343188 -0.00892965 -0.00401338
v -0.00343188 -0.00892965 -0.00401338
v -0.00343188 -0.00892965 -0.00401338
v -0.00343188 -0.00892965 -0.00401338
v -0.00343188 -0.00892965 -0.00401338
v -0.00343188 -0.00892965 -0.00401338
v -0.00764731 -0.00527823 -0.00401338
v -0.00764731 -0.00527823 -0.00401338
v -0.00764731 -0.00527823 -0.00401338
v -0.00764731 -0.00527823 -0.00401338
v -0.00764731 -0.00527823 -0.00401338
v -0.00764731 -0.00527823 -0.00401338
v -0.00588495 -0.00717740 -0.00401338
v -0.00588495 -0.00717740 -0.00401338
v -0.00588495 -0.00717740 -0.00401338
v -0.00588495 -0.00717740 -0.00401338
v -0.00485873 -0.00773131 -0.00156028
v -0.00485873 -0.00773131 -0.00156028
v -0.00485873 -0.00773131 -0.00156028
v -0.00485873 -0.00773131 -0.00156028
v -0.00485873 -0.00773131 -0.00156028
v -0.00485873 -0.00773131 -0.00156028
v -0.00343188 -0.00864076 -0.00156028
v -0.00343188 -0.00864076 -0.00156028
v -0.00343188 -0.00864076 -0.00156028
v -0.00343188 -0.00864076 -0.00156028
v -0.00734392 -0.00527823 -0.00156028
v -0.00734392 -0.00527823 -0.00156028
v -0.00734392 -0.00527823 -0.00156028
v -0.00734392 -0.00527823 -0.00156028
v -0.00734392 -0.00527823 -0.00156028
v -0.00734392 -0.00527823 -0.00156028
v -0.00588495 -0.00687874 -0.00156028
v -0.00588495 -0.00687874 -0.00156028
v -0.00588495 -0.00687874 -0.00156028
v -0.00588495 -0.00687874 -0.00156028
v -0.00588495 -0.00687874 -0.00156028
v -0.00588495 -0.00687874 -0.00156028
v -0.00588495 -0.00687874 -0.00156028
v -0.00588495 -0.00687874 -0.00156028
v -0.00097880 -0.01005599 -0.00401338
v -0.00097880 -0.01005599 -0.00401338
v -0.00097880 -0.01005599 -0.00401338
v -0.00097880 -0.01005599 -0.00401338
v -0.00097880 -0.00971277 -0.00156028
v -0.00097880 -0.00971277 -0.00156028
v -0.00097880 -0.00971277 -0.00156028
v -0.00097880 -0.00971277 -0.00156028
v -0.00097880 -0.00971277 -0.00156028
v -0.00097880 -0.00971277 -0.00156028
v -0.00097880 -0.00971277 -0.00156028
v -0.00097880 -0.00971277 -0.00156028
v -0.00533969 -0.00773131 0.00089282
v -0.00533969 -0.00773131 0.00089282
v -0.00533969 -0.00773131 0.00089282
v -0.00533969 -0.00773131 0.00089282
v -0.00533969 -0.00773131 0.00089282
v -0.00343188 -0.00892095 0.00089282
v -0.00343188 -0.00892095 0.00089282
v -0.00343188 -0.00892095 0.00089282
v -0.00343188 -0.00892095 0.00089282
v -0.00343188 -0.00892095 0.00089282
v -0.00343188 -0.00892095 0.00089282
v -0.00343188 -0.00892095 0.00089282
v -0.00343188 -0.00892095 0.00089282
v -0.00343188 -0.00892095 0.00089282
v -0.00774035 -0.00527823 0.00089282
v -0.00774035 -0.00527823 0.00089282
v -0.00774035 -0.00527823 0.00089282
v -0.00774035 -0.00527823 0.00089282
v -0.00774035 -0.00527823 0.00089282
v -0.00774035 -0.00527823 0.00089282
v -0.00588495 -0.00729097 0.00089282
v -0.00588495 -0.00729097 0.00089282
v -0.00588495 -0.00729097 0.00089282
v -0.00588495 -0.00729097 0.00089282
v -0.00588495 -0.00773131 0.00241512
v -0.00588495 -0.00773131 0.00241512
v -0.00588495 -0.00773131 0.00241512
v -0.00588495 -0.00773131 0.00241512
v -0.00588495 -0.00773131 0.00241512
v -0.00588495 -0.00773131 0.00241512
v -0.00588495 -0.00773131 0.00241512
v -0.00588495 -0.00773131 0.00241512
v -0.00097880 -0.00988184 0.00089282
v -0.00097880 -0.00988184 0.00089282
v -0.00097880 -0.00988184 0.00089282
v -0.00097880 -0.00988184 0.00089282
v -0.00870372 -0.01018439 0.01315822
v -0.00870372 -0.01018439 0.01315822
v -0.00870372 -0.01018439 0.01315822
v -0.00870372 -0.01018439 0.01315822
v -0.00870372 -0.01018439 0.01315822
v -0.00833803 -0.01046523 0.01315822
v -0.00833803 -0.01046523 0.01315822
v -0.00833803 -0.01046523 0.01315822
v -0.00833803 -0.01046523 0.01315822
v -0.00833803 -0.01018439 0.01252852
v -0.00833803 -0.01018439 0.01252852
v -0.00833803 -0.01018439 0.01252852
v -0.00833803 -0.01018439 0.01252852
v -0.00833803 -0.01018439 0.01252852
v -0.00833803 -0.01018439 0.01252852
v -0.00833803 -0.01018439 0.01252852
v -0.00833803 -0.01018439 0.01252852
v -0.00358692 -0.01018439 0.00579892
v -0.00358692 -0.01018439 0.00579892
v -0.00358692 -0.01018439 0.00579892
v -0.00358692 -0.01018439 0.00579892
v -0.00358692 -0.01018439 0.00579892
v -0.00343188 -0.01025474 0.00579892
v -0.00343188 -0.01025474 0.00579892
v -0.00343188 -0.01025474 0.00579892
v -0.00343188 -0.01025474 0.00579892
v -0.00343188 -0.01018439 0.00558462
v -0.00343188 -0.01018439 0.00558462
v -0.00343188 -0.01018439 0.00558462
v -0.00343188 -0.01018439 0.00558462
v -0.00343188 -0.01018439 0.00558462
v -0.00343188 -0.01018439 0.00558462
v -0.00541266 -0.01018439 0.00825202
v -0.00541266 -0.01018439 0.00825202
v -0.00541266 -0.01018439 0.00825202
v -0.00541266 -0.01018439 0.00825202
v -0.00541266 -0.01018439 0.00825202
v -0.00541266 -0.01018439 0.00825202
v -0.00541266 -0.01018439 0.00825202
v -0.00343188 -0.01110012 0.00825202
v -0.00343188 -0.01110012 0.00825202
v -0.00343188 -0.01110012 0.00825202
v -0.00343188 -0.01110012 0.00825202
v -0.00343188 -0.01110012 0.00825202
v -0.00343188 -0.01110012 0.00825202
v -0.00097880 -0.01108931 0.00579892
v -0.00097880 -0.01108931 0.00579892
v -0.00097880 -0.01108931 0.00579892
v -0.00097880 -0.01108931 0.00579892
v -0.00097880 -0.01108931 0.00579892
v -0.00097880 -0.01108931 0.00579892
v -0.00097880 -0.01108931 0.00579892
v -0.00097880 -0.01108931 0.00579892
v -0.00097880 -0.01187795 0.00825202
v -0.00097880 -0.01187795 0.00825202
v -0.00097880 -0.01187795 0.00825202
v -0.00097880 -0.01187795 0.00825202
v -0.00097880 -0.01187795 0.00825202
v -0.00097880 -0.01187795 0.00825202
v -0.00097880 -0.01187795 0.00825202
v -0.00097880 -0.01187795 0.00825202
v -0.00343188 -0.01297295 0.01315822
v -0.00343188 -0.01297295 0.01315822
v -0.00343188 -0.01297295 0.01315822
v -0.00343188 -0.01297295 0.01315822
v -0.00150421 -0.01263745 0.01070512
v -0.00150421 -0.01263745 0.01070512
v -0.00150421 -0.01263745 0.01070512
v -0.00150421 -0.01263745 0.01070512
v -0.00150421 -0.01263745 0.01070512
v -0.00150421 -0.01263745 0.01070512
v -0.00097880 -0.01277095 0.01070512
v -0.00097880 -0.01277095 0.01070512
v -0.00097880 -0.01277095 0.01070512
v -0.00097880 -0.01277095 0.01070512
v -0.00097880 -0.01263745 0.01036032
v -0.00097880 -0.01263745 0.01036032
v -0.00097880 -0.01263745 0.01036032
v -0.00097880 -0.01263745 0.01036032
v -0.00097880 -0.01263745 0.01036032
v -0.00343188 -0.01200335 0.01070512
v -0.00343188 -0.01200335 0.01070512
v -0.00343188 -0.01200335 0.01070512
v -0.00343188 -0.01200335 0.01070512
v -0.00343188 -0.01200335 0.01070512
v -0.00343188 -0.01200335 0.01070512
v -0.00343188 -0.01200335 0.01070512
v -0.00097880 -0.01364055 0.01315822
v -0.00097880 -0.01364055 0.01315822
v -0.00097880 -0.01364055 0.01315822
v -0.00097880 -0.01364055 0.01315822
v -0.00097880 -0.01364055 0.01315822
v -0.00097880 -0.01364055 0.01315822
v -0.00097880 -0.01364055 0.01315822
v -0.00097880 -0.01364055 0.01315822
v -0.00343188 -0.01263745 0.01227552
v -0.00343188 -0.01263745 0.01227552
v -0.00343188 -0.01263745 0.01227552
v -0.00343188 -0.01263745 0.01227552
v -0.00343188 -0.01263745 0.01227552
v -0.00944388 -0.00527823 0.00579892
v -0.00944388 -0.00527823 0.00579892
v -0.00944388 -0.00527823 0.00579892
v -0.00944388 -0.00527823 0.00579892
v -0.00944388 -0.00527823 0.00579892
v -0.00944388 -0.00527823 0.00579892
v -0.00944388 -0.00527823 0.00579892
v -0.00944388 -0.00527823 0.00579892
v -0.00944388 -0.00527823 0.00579892
v -0.00833803 -0.00678915 0.00579892
v -0.00833803 -0.00678915 0.00579892
v -0.00833803 -0.00678915 0.00579892
v -0.00833803 -0.00678915 0.00579892
v -0.00833803 -0.00678915 0.00579892
v -0.00862711 -0.00773131 0.00825202
v -0.00862711 -0.00773131 0.00825202
v -0.00862711 -0.00773131 0.00825202
v -0.00862711 -0.00773131 0.00825202
v -0.00862711 -0.00773131 0.00825202
v -0.00862711 -0.00773131 0.00825202
v -0.00862711 -0.00773131 0.00825202
v -0.00833803 -0.00802952 0.00825202
v -0.00833803 -0.00802952 0.00825202
v -0.00833803 -0.00802952 0.00825202
v -0.00833803 -0.00802952 0.00825202
v -0.00833803 -0.00773131 0.00767832
v -0.00833803 -0.00773131 0.00767832
v -0.00833803 -0.00773131 0.00767832
v -0.00833803 -0.00773131 0.00767832
v -0.00833803 -0.00773131 0.00767832
v -0.00833803 -0.00773131 0.00767832
v -0.00833803 -0.00773131 0.00767832
v -0.00833803 -0.00773131 0.00767832
v -0.01043685 -0.00527823 0.00825202
v -0.01043685 -0.00527823 0.00825202
v -0.01043685 -0.00527823 0.00825202
v -0.01043685 -0.00527823 0.00825202
v -0.01043685 -0.00527823 0.00825202
v -0.01045945 -0.00282515 0.00579892
v -0.01045945 -0.00282515 0.00579892
v -0.01045945 -0.00282515 0.00579892
v -0.01045945 -0.00282515 0.00579892
v -0.01045945 -0.00282515 0.00579892
v -0.01079115 -0.00058567 0.00579892
v -0.01079115 -0.00058567 0.00579892
v -0.01079115 -0.00058567 0.00579892
v -0.01079115 -0.00058567 0.00579892
v -0.01079115 -0.00058567 0.00579892
v -0.01079115 -0.00058567 0.00579892
v -0.01139265 -0.00282515 0.00825202
v -0.01139265 -0.00282515 0.00825202
v -0.01139265 -0.00282515 0.00825202
v -0.01139265 -0.00282515 0.00825202
v -0.01139265 -0.00282515 0.00825202
v -0.01079115 -0.00457705 0.00825202
v -0.01079115 -0.00457705 0.00825202
v -0.01079115 -0.00457705 0.00825202
v -0.01079115 -0.00457705 0.00825202
v -0.01079115 -0.00457705 0.00825202
v -0.01079115 -0.00282515 0.00675652
v -0.01079115 -0.00282515 0.00675652
v -0.01079115 -0.00282515 0.00675652
v -0.01079115 -0.00282515 0.00675652
v -0.01079115 -0.00282515 0.00675652
v -0.01079115 -0.00282515 0.00675652
v -0.01270255 -0.00527823 0.01315822
v -0.01270255 -0.00527823 0.01315822
v -0.01270255 -0.00527823 0.01315822
v -0.01270255 -0.00527823 0.01315822
v -0.01324415 -0.00387727 0.01315822
v -0.01324415 -0.00387727 0.01315822
v -0.01324415 -0.00387727 0.01315822
v -0.01324415 -0.00387727 0.01315822
v -0.01324415 -0.00387727 0.01315822
v -0.01324415 -0.00387727 0.01315822
v -0.01324415 -0.00387727 0.01315822
v -0.01158235 -0.00527823 0.01070512
v -0.01158235 -0.00527823 0.01070512
v -0.01158235 -0.00527823 0.01070512
v -0.01158235 -0.00527823 0.01070512
v -0.01158235 -0.00527823 0.01070512
v -0.01158235 -0.00527823 0.01070512
v -0.01158235 -0.00527823 0.01070512
v -0.01252615 -0.00282515 0.01070512
v -0.01252615 -0.00282515 0.01070512
v -0.01252615 -0.00282515 0.01070512
v -0.01252615 -0.00282515 0.01070512
v -0.01252615 -0.00282515 0.01070512
v -0.01252615 -0.00282515 0.01070512
v -0.01252615 -0.00282515 0.01070512
v -0.01252615 -0.00282515 0.01070512
v -0.01079115 -0.00527823 0.00906252
v -0.01079115 -0.00527823 0.00906252
v -0.01079115 -0.00527823 0.00906252
v -0.01079115 -0.00527823 0.00906252
v -0.01079115 -0.00527823 0.00906252
v -0.01079115 -0.00527823 0.00906252
v -0.01324415 -0.00282515 0.01250812
v -0.01324415 -0.00282515 0.01250812
v -0.01324415 -0.00282515 0.01250812
v -0.01324415 -0.00282515 0.01250812
v -0.01324415 -0.00282515 0.01250812
v -0.00737290 -0.00773131 0.00579892
v -0.00737290 -0.00773131 0.00579892
v -0.00737290 -0.00773131 0.00579892
v -0.00737290 -0.00773131 0.00579892
v -0.00588495 -0.00887154 0.00579892
v -0.00588495 -0.00887154 0.00579892
v -0.00588495 -0.00887154 0.00579892
v -0.00588495 -0.00887154 0.00579892
v -0.00588495 -0.00887154 0.00579892
v -0.00588495 -0.00887154 0.00579892
v -0.00588495 -0.00887154 0.00579892
v -0.00588495 -0.00887154 0.00579892
v -0.00588495 -0.00887154 0.00579892
v -0.00588495 -0.00991956 0.00825202
v -0.00588495 -0.00991956 0.00825202
v -0.00588495 -0.00991956 0.00825202
v -0.00588495 -0.00991956 0.00825202
v -0.00588495 -0.00991956 0.00825202
v -0.01005435 -0.01018439 0.01561132
v -0.01005435 -0.01018439 0.01561132
v -0.01005435 -0.01018439 0.01561132
v -0.01005435 -0.01018439 0.01561132
v -0.01005435 -0.01018439 0.01561132
v -0.00833803 -0.01151992 0.01561132
v -0.00833803 -0.01151992 0.01561132
v -0.00833803 -0.01151992 0.01561132
v -0.00833803 -0.01151992 0.01561132
v -0.00833803 -0.01151992 0.01561132
v -0.00833803 -0.01151992 0.01561132
v -0.00833803 -0.01151992 0.01561132
v -0.00833803 -0.01151992 0.01561132
v -0.00833803 -0.01151992 0.01561132
v -0.01114385 -0.01018439 0.01806432
v -0.01114385 -0.01018439 0.01806432
v -0.01114385 -0.01018439 0.01806432
v -0.01114385 -0.01018439 0.01806432
v -0.01114385 -0.01018439 0.01806432
v -0.01114385 -0.01018439 0.01806432
v -0.01114385 -0.01018439 0.01806432
v -0.01079115 -0.01052170 0.01806432
v -0.01079115 -0.01052170 0.01806432
v -0.01079115 -0.01052170 0.01806432
v -0.01079115 -0.01052170 0.01806432
v -0.01079115 -0.01052170 0.01806432
v -0.01079115 -0.01018439 0.01721252
v -0.01079115 -0.01018439 0.01721252
v -0.01079115 -0.01018439 0.01721252
v -0.01079115 -0.01018439 0.01721252
v -0.01079115 -0.01018439 0.01721252
v -0.01079115 -0.01018439 0.01721252
v -0.01079115 -0.01018439 0.01721252
v -0.01079115 -0.01018439 0.01721252
v -0.00833803 -0.01237255 0.01806432
v -0.00833803 -0.01237255 0.01806432
v -0.00833803 -0.01237255 0.01806432
v -0.00833803 -0.01237255 0.01806432
v -0.00833803 -0.01237255 0.01806432
v -0.00903800 -0.01263745 0.02051742
v -0.00903800 -0.01263745 0.02051742
v -0.00903800 -0.01263745 0.02051742
v -0.00903800 -0.01263745 0.02051742
v -0.00833803 -0.01303435 0.02051742
v -0.00833803 -0.01303435 0.02051742
v -0.00833803 -0.01303435 0.02051742
v -0.00833803 -0.01303435 0.02051742
v -0.00833803 -0.01303435 0.02051742
v -0.00833803 -0.01263745 0.01895672
v -0.00833803 -0.01263745 0.01895672
v -0.00833803 -0.01263745 0.01895672
v -0.00833803 -0.01263745 0.01895672
v -0.00833803 -0.01263745 0.01895672
v -0.00833803 -0.01263745 0.01895672
v -0.00833803 -0.01263745 0.01895672
v -0.00833803 -0.01263745 0.01895672
v -0.01199235 -0.01018439 0.02051742
v -0.01199235 -0.01018439 0.02051742
v -0.01199235 -0.01018439 0.02051742
v -0.01199235 -0.01018439 0.02051742
v -0.01199235 -0.01018439 0.02051742
v -0.01079115 -0.01135104 0.02051742
v -0.01079115 -0.01135104 0.02051742
v -0.01079115 -0.01135104 0.02051742
v -0.01079115 -0.01135104 0.02051742
v -0.01079115 -0.01135104 0.02051742
v -0.01079115 -0.01135104 0.02051742
v -0.01079115 -0.01135104 0.02051742
v -0.01079115 -0.01135104 0.02051742
v -0.00953984 -0.01263745 0.02297052
v -0.00953984 -0.01263745 0.02297052
v -0.00953984 -0.01263745 0.02297052
v -0.00953984 -0.01263745 0.02297052
v -0.00953984 -0.01263745 0.02297052
v -0.00953984 -0.01263745 0.02297052
v -0.00953984 -0.01263745 0.02297052
v -0.00833803 -0.01331955 0.02297052
v -0.00833803 -0.01331955 0.02297052
v -0.00833803 -0.01331955 0.02297052
v -0.00833803 -0.01331955 0.02297052
v -0.00833803 -0.01331955 0.02297052
v -0.00833803 -0.01331955 0.02297052
v -0.00833803 -0.01331955 0.02297052
v -0.01229695 -0.01018439 0.02297052
v -0.01229695 -0.01018439 0.02297052
v -0.01229695 -0.01018439 0.02297052
v -0.01229695 -0.01018439 0.02297052
v -0.01229695 -0.01018439 0.02297052
v -0.01079115 -0.01169855 0.02297052
v -0.01079115 -0.01169855 0.02297052
v -0.01079115 -0.01169855 0.02297052
v -0.01079115 -0.01169855 0.02297052
v -0.01079115 -0.01169855 0.02297052
v -0.00078330 -0.01509055 0.01806432
v -0.00078330 -0.01509055 0.01806432
v -0.00078330 -0.01509055 0.01806432
v -0.00078330 -0.01509055 0.01806432
v -0.00078330 -0.01509055 0.01806432
v -0.00078330 -0.01509055 0.01806432
v -0.00078330 -0.01509055 0.01806432
v -0.00634980 -0.01263745 0.01561132
v -0.00634980 -0.01263745 0.01561132
v -0.00634980 -0.01263745 0.01561132
v -0.00634980 -0.01263745 0.01561132
v -0.00634980 -0.01263745 0.01561132
v -0.00588495 -0.01284885 0.01561132
v -0.00588495 -0.01284885 0.01561132
v -0.00588495 -0.01284885 0.01561132
v -0.00588495 -0.01284885 0.01561132
v -0.00588495 -0.01263745 0.01495322
v -0.00588495 -0.01263745 0.01495322
v -0.00588495 -0.01263745 0.01495322
v -0.00588495 -0.01263745 0.01495322
v -0.00588495 -0.01263745 0.01495322
v -0.00588495 -0.01263745 0.01495322
v -0.00435439 -0.01263745 0.01315822
v -0.00435439 -0.01263745 0.01315822
v -0.00435439 -0.01263745 0.01315822
v -0.00435439 -0.01263745 0.01315822
v -0.00435439 -0.01263745 0.01315822
v -0.00435439 -0.01263745 0.01315822
v -0.00343188 -0.01377175 0.01561132
v -0.00343188 -0.01377175 0.01561132
v -0.00343188 -0.01377175 0.01561132
v -0.00343188 -0.01377175 0.01561132
v -0.00343188 -0.01377175 0.01561132
v -0.00343188 -0.01377175 0.01561132
v -0.00343188 -0.01377175 0.01561132
v -0.00343188 -0.01377175 0.01561132
v -0.00588495 -0.01196665 0.01315822
v -0.00588495 -0.01196665 0.01315822
v -0.00588495 -0.01196665 0.01315822
v -0.00588495 -0.01196665 0.01315822
v -0.00588495 -0.01196665 0.01315822
v -0.00588495 -0.01196665 0.01315822
v -0.00588495 -0.01196665 0.01315822
v -0.00787337 -0.01263745 0.01806432
v -0.00787337 -0.01263745 0.01806432
v -0.00787337 -0.01263745 0.01806432
v -0.00787337 -0.01263745 0.01806432
v -0.00787337 -0.01263745 0.01806432
v -0.00588495 -0.01358385 0.01806432
v -0.00588495 -0.01358385 0.01806432
v -0.00588495 -0.01358385 0.01806432
v -0.00588495 -0.01358385 0.01806432
v -0.00588495 -0.01358385 0.01806432
v -0.00588495 -0.01358385 0.01806432
v -0.00588495 -0.01358385 0.01806432
v -0.00343188 -0.01447635 0.01806432
v -0.00343188 -0.01447635 0.01806432
v -0.00343188 -0.01447635 0.01806432
v -0.00343188 -0.01447635 0.01806432
v -0.00343188 -0.01447635 0.01806432
v -0.00343188 -0.01447635 0.01806432
v -0.00343188 -0.01447635 0.01806432
v -0.00343188 -0.01447635 0.01806432
v -0.00097880 -0.01437935 0.01561132
v -0.00097880 -0.01437935 0.01561132
v -0.00097880 -0.01437935 0.01561132
v -0.00097880 -0.01437935 0.01561132
v -0.00097880 -0.01437935 0.01561132
v -0.00097880 -0.01437935 0.01561132
v -0.00097880 -0.01437935 0.01561132
v -0.00097880 -0.01437935 0.01561132
v -0.00097880 -0.01505865 0.01806432
v -0.00097880 -0.01505865 0.01806432
v -0.00097880 -0.01505865 0.01806432
v -0.00097880 -0.01505865 0.01806432
v -0.00377077 -0.01509055 0.02297052
v -0.00377077 -0.01509055 0.02297052
v -0.00377077 -0.01509055 0.02297052
v -0.00377077 -0.01509055 0.02297052
v -0.00343188 -0.01519135 0.02297052
v -0.00343188 -0.01519135 0.02297052
v -0.00343188 -0.01519135 0.02297052
v -0.00343188 -0.01519135 0.02297052
v -0.00343188 -0.01509055 0.02109142
v -0.00343188 -0.01509055 0.02109142
v -0.00343188 -0.01509055 0.02109142
v -0.00343188 -0.01509055 0.02109142
v -0.00343188 -0.01509055 0.02109142
v -0.00343188 -0.01509055 0.02109142
v -0.00343188 -0.01509055 0.02109142
v -0.00343188 -0.01509055 0.02109142
v -0.00314559 -0.01509055 0.02051742
v -0.00314559 -0.01509055 0.02051742
v -0.00314559 -0.01509055 0.02051742
v -0.00314559 -0.01509055 0.02051742
v -0.00314559 -0.01509055 0.02051742
v -0.00097880 -0.01558625 0.02051742
v -0.00097880 -0.01558625 0.02051742
v -0.00097880 -0.01558625 0.02051742
v -0.00097880 -0.01558625 0.02051742
v -0.00097880 -0.01558625 0.02051742
v -0.00097880 -0.01558625 0.02051742
v -0.00097880 -0.01509055 0.01819342
v -0.00097880 -0.01509055 0.01819342
v -0.00097880 -0.01509055 0.01819342
v -0.00097880 -0.01509055 0.01819342
v -0.00097880 -0.01509055 0.01819342
v -0.00097880 -0.01575735 0.02297052
v -0.00097880 -0.01575735 0.02297052
v -0.00097880 -0.01575735 0.02297052
v -0.00097880 -0.01575735 0.02297052
v -0.00097880 -0.01575735 0.02297052
v -0.00097880 -0.01575735 0.02297052
v -0.00097880 -0.01575735 0.02297052
v -0.00097880 -0.01575735 0.02297052
v -0.00097880 -0.01575735 0.02297052
v -0.00588495 -0.01415995 0.02051742
v -0.00588495 -0.01415995 0.02051742
v -0.00588495 -0.01415995 0.02051742
v -0.00588495 -0.01415995 0.02051742
v -0.00588495 -0.01415995 0.02051742
v -0.00588495 -0.01415995 0.02051742
v -0.00588495 -0.01415995 0.02051742
v -0.00588495 -0.01415995 0.02051742
v -0.00343188 -0.01500665 0.02051742
v -0.00343188 -0.01500665 0.02051742
v -0.00343188 -0.01500665 0.02051742
v -0.00343188 -0.01500665 0.02051742
v -0.00588495 -0.01438475 0.02297052
v -0.00588495 -0.01438475 0.02297052
v -0.00588495 -0.01438475 0.02297052
v -0.00588495 -0.01438475 0.02297052
v -0.00588495 -0.01438475 0.02297052
v -0.00588495 -0.01438475 0.02297052
v -0.01374305 -0.00527823 0.01561132
v -0.01374305 -0.00527823 0.01561132
v -0.01374305 -0.00527823 0.01561132
v -0.01374305 -0.00527823 0.01561132
v -0.01324415 -0.00626849 0.01561132
v -0.01324415 -0.00626849 0.01561132
v -0.01324415 -0.00626849 0.01561132
v -0.01324415 -0.00626849 0.01561132
v -0.01324415 -0.00626849 0.01561132
v -0.01324415 -0.00527823 0.01441772
v -0.01324415 -0.00527823 0.01441772
v -0.01324415 -0.00527823 0.01441772
v -0.01324415 -0.00527823 0.01441772
v -0.01324415 -0.00527823 0.01441772
v -0.01324415 -0.00527823 0.01441772
v -0.01324415 -0.00527823 0.01441772
v -0.01461545 -0.00527823 0.01806432
v -0.01461545 -0.00527823 0.01806432
v -0.01461545 -0.00527823 0.01806432
v -0.01461545 -0.00527823 0.01806432
v -0.01461545 -0.00527823 0.01806432
v -0.01461545 -0.00527823 0.01806432
v -0.01461545 -0.00527823 0.01806432
v -0.01461545 -0.00527823 0.01806432
v -0.01461545 -0.00527823 0.01806432
v -0.01324415 -0.00773056 0.01806432
v -0.01324415 -0.00773056 0.01806432
v -0.01324415 -0.00773056 0.01806432
v -0.01324415 -0.00773056 0.01806432
v -0.01324415 -0.00773056 0.01806432
v -0.01115315 -0.00773131 0.01315822
v -0.01115315 -0.00773131 0.01315822
v -0.01115315 -0.00773131 0.01315822
v -0.01115315 -0.00773131 0.01315822
v -0.01115315 -0.00773131 0.01315822
v -0.01227425 -0.00773131 0.01561132
v -0.01227425 -0.00773131 0.01561132
v -0.01227425 -0.00773131 0.01561132
v -0.01227425 -0.00773131 0.01561132
v -0.01227425 -0.00773131 0.01561132
v -0.01227425 -0.00773131 0.01561132
v -0.01227425 -0.00773131 0.01561132
v -0.01227425 -0.00773131 0.01561132
v -0.01079115 -0.00817354 0.01315822
v -0.01079115 -0.00817354 0.01315822
v -0.01079115 -0.00817354 0.01315822
v -0.01079115 -0.00817354 0.01315822
v -0.01079115 -0.00817354 0.01315822
v -0.01079115 -0.00817354 0.01315822
v -0.01079115 -0.00817354 0.01315822
v -0.01079115 -0.00817354 0.01315822
v -0.01079115 -0.00946567 0.01561132
v -0.01079115 -0.00946567 0.01561132
v -0.01079115 -0.00946567 0.01561132
v -0.01079115 -0.00946567 0.01561132
v -0.01324365 -0.00773131 0.01806432
v -0.01324365 -0.00773131 0.01806432
v -0.01324365 -0.00773131 0.01806432
v -0.01324365 -0.00773131 0.01806432
v -0.01324365 -0.00773131 0.01806432
v -0.01350285 -0.00282515 0.01315822
v -0.01350285 -0.00282515 0.01315822
v -0.01350285 -0.00282515 0.01315822
v -0.01350285 -0.00282515 0.01315822
v -0.01451805 -0.00282515 0.01561132
v -0.01451805 -0.00282515 0.01561132
v -0.01451805 -0.00282515 0.01561132
v -0.01451805 -0.00282515 0.01561132
v -0.01451805 -0.00282515 0.01561132
v -0.01451805 -0.00282515 0.01561132
v -0.01451805 -0.00282515 0.01561132
v -0.01451805 -0.00282515 0.01561132
v -0.01533005 -0.00282515 0.01806432
v -0.01533005 -0.00282515 0.01806432
v -0.01533005 -0.00282515 0.01806432
v -0.01533005 -0.00282515 0.01806432
v -0.01533005 -0.00282515 0.01806432
v -0.01533005 -0.00282515 0.01806432
v -0.01388575 -0.00773131 0.02051742
v -0.01388575 -0.00773131 0.02051742
v -0.01388575 -0.00773131 0.02051742
v -0.01388575 -0.00773131 0.02051742
v -0.01388575 -0.00773131 0.02051742
v -0.01324415 -0.00867231 0.02051742
v -0.01324415 -0.00867231 0.02051742
v -0.01324415 -0.00867231 0.02051742
v -0.01324415 -0.00867231 0.02051742
v -0.01324415 -0.00867231 0.02051742
v -0.01324415 -0.00867231 0.02051742
v -0.01324415 -0.00773131 0.01806592
v -0.01324415 -0.00773131 0.01806592
v -0.01324415 -0.00773131 0.01806592
v -0.01324415 -0.00773131 0.01806592
v -0.01324415 -0.00773131 0.01806592
v -0.01324415 -0.00773131 0.01806592
v -0.01515295 -0.00527823 0.02051742
v -0.01515295 -0.00527823 0.02051742
v -0.01515295 -0.00527823 0.02051742
v -0.01515295 -0.00527823 0.02051742
v -0.01515295 -0.00527823 0.02051742
v -0.01515295 -0.00527823 0.02051742
v -0.01515295 -0.00527823 0.02051742
v -0.01401125 -0.00773131 0.02297052
v -0.01401125 -0.00773131 0.02297052
v -0.01401125 -0.00773131 0.02297052
v -0.01401125 -0.00773131 0.02297052
v -0.01401125 -0.00773131 0.02297052
v -0.01401125 -0.00773131 0.02297052
v -0.01401125 -0.00773131 0.02297052
v -0.01401125 -0.00773131 0.02297052
v -0.01324415 -0.00895258 0.02297052
v -0.01324415 -0.00895258 0.02297052
v -0.01324415 -0.00895258 0.02297052
v -0.01324415 -0.00895258 0.02297052
v -0.01324415 -0.00895258 0.02297052
v -0.01324415 -0.00895258 0.02297052
v -0.01521015 -0.00527823 0.02297052
v -0.01521015 -0.00527823 0.02297052
v -0.01521015 -0.00527823 0.02297052
v -0.01521015 -0.00527823 0.02297052
v -0.01580275 -0.00282515 0.02051742
v -0.01580275 -0.00282515 0.02051742
v -0.01580275 -0.00282515 0.02051742
v -0.01580275 -0.00282515 0.02051742
v -0.01569725 -0.00340234 0.02051742
v -0.01569725 -0.00340234 0.02051742
v -0.01569725 -0.00340234 0.02051742
v -0.01569725 -0.00340234 0.02051742
v -0.01569725 -0.00340234 0.02051742
v -0.01569725 -0.00282515 0.01977062
v -0.01569725 -0.00282515 0.01977062
v -0.01569725 -0.00282515 0.01977062
v -0.01569725 -0.00282515 0.01977062
v -0.01569725 -0.00282515 0.01977062
v -0.01569725 -0.00282515 0.01977062
v -0.01569725 -0.00282515 0.01977062
v -0.01585945 -0.00282515 0.02297052
v -0.01585945 -0.00282515 0.02297052
v -0.01585945 -0.00282515 0.02297052
v -0.01585945 -0.00282515 0.02297052
v -0.01585945 -0.00282515 0.02297052
v -0.01585945 -0.00282515 0.02297052
v -0.01569725 -0.00365697 0.02297052
v -0.01569725 -0.00365697 0.02297052
v -0.01569725 -0.00365697 0.02297052
v -0.01569725 -0.00365697 0.02297052
v -0.01569725 -0.00365697 0.02297052
v -0.01569725 -0.00365697 0.02297052
v -0.00887909 -0.01263745 0.02542362
v -0.00887909 -0.01263745 0.02542362
v -0.00887909 -0.01263745 0.02542362
v -0.00887909 -0.01263745 0.02542362
v -0.00887909 -0.01263745 0.02542362
v -0.00833803 -0.01294975 0.02542362
v -0.00833803 -0.01294975 0.02542362
v -0.00833803 -0.01294975 0.02542362
v -0.00833803 -0.01294975 0.02542362
v -0.01177065 -0.01018439 0.02542362
v -0.01177065 -0.01018439 0.02542362
v -0.01177065 -0.01018439 0.02542362
v -0.01177065 -0.01018439 0.02542362
v -0.01177065 -0.01018439 0.02542362
v -0.01177065 -0.01018439 0.02542362
v -0.01177065 -0.01018439 0.02542362
v -0.01177065 -0.01018439 0.02542362
v -0.01079115 -0.01119142 0.02542362
v -0.01079115 -0.01119142 0.02542362
v -0.01079115 -0.01119142 0.02542362
v -0.01079115 -0.01119142 0.02542362
v -0.01079115 -0.01119142 0.02542362
v -0.01079115 -0.01119142 0.02542362
v -0.01079115 -0.01119142 0.02542362
v -0.00833803 -0.01263745 0.02622802
v -0.00833803 -0.01263745 0.02622802
v -0.00833803 -0.01263745 0.02622802
v -0.00833803 -0.01263745 0.02622802
v -0.00833803 -0.01263745 0.02622802
v -0.00833803 -0.01263745 0.02622802
v -0.01079115 -0.01018439 0.02711342
v -0.01079115 -0.01018439 0.02711342
v -0.01079115 -0.01018439 0.02711342
v -0.01079115 -0.01018439 0.02711342
v -0.01079115 -0.01018439 0.02711342
v -0.01079115 -0.01018439 0.02711342
v -0.01010745 -0.01018439 0.02787672
v -0.01010745 -0.01018439 0.02787672
v -0.01010745 -0.01018439 0.02787672
v -0.01010745 -0.01018439 0.02787672
v -0.00833803 -0.01155605 0.02787672
v -0.00833803 -0.01155605 0.02787672
v -0.00833803 -0.01155605 0.02787672
v -0.00833803 -0.01155605 0.02787672
v -0.00833803 -0.01155605 0.02787672
v -0.00833803 -0.01155605 0.02787672
v -0.00833803 -0.01155605 0.02787672
v -0.00833803 -0.01018439 0.02909292
v -0.00833803 -0.01018439 0.02909292
v -0.00833803 -0.01018439 0.02909292
v -0.00833803 -0.01018439 0.02909292
v -0.00833803 -0.01018439 0.02909292
v -0.00833803 -0.01018439 0.02909292
v -0.00833803 -0.01018439 0.02909292
v -0.00833803 -0.01018439 0.02909292
v -0.00343188 -0.01509055 0.02424312
v -0.00343188 -0.01509055 0.02424312
v -0.00343188 -0.01509055 0.02424312
v -0.00343188 -0.01509055 0.02424312
v -0.00343188 -0.01509055 0.02424312
v -0.00343188 -0.01509055 0.02424312
v -0.00343188 -0.01509055 0.02424312
v -0.00234930 -0.01509055 0.02542362
v -0.00234930 -0.01509055 0.02542362
v -0.00234930 -0.01509055 0.02542362
v -0.00234930 -0.01509055 0.02542362
v -0.00234930 -0.01509055 0.02542362
v -0.00234930 -0.01509055 0.02542362
v -0.00234930 -0.01509055 0.02542362
v -0.00097880 -0.01533085 0.02542362
v -0.00097880 -0.01533085 0.02542362
v -0.00097880 -0.01533085 0.02542362
v -0.00097880 -0.01533085 0.02542362
v -0.00097880 -0.01509055 0.02609662
v -0.00097880 -0.01509055 0.02609662
v -0.00097880 -0.01509055 0.02609662
v -0.00097880 -0.01509055 0.02609662
v -0.00097880 -0.01509055 0.02609662
v -0.00588495 -0.01405405 0.02542362
v -0.00588495 -0.01405405 0.02542362
v -0.00588495 -0.01405405 0.02542362
v -0.00588495 -0.01405405 0.02542362
v -0.00588495 -0.01405405 0.02542362
v -0.00588495 -0.01405405 0.02542362
v -0.00588495 -0.01405405 0.02542362
v -0.00588495 -0.01405405 0.02542362
v -0.00588495 -0.01405405 0.02542362
v -0.00343188 -0.01483305 0.02542362
v -0.00343188 -0.01483305 0.02542362
v -0.00343188 -0.01483305 0.02542362
v -0.00343188 -0.01483305 0.02542362
v -0.00623548 -0.01263745 0.02787672
v -0.00623548 -0.01263745 0.02787672
v -0.00623548 -0.01263745 0.02787672
v -0.00623548 -0.01263745 0.02787672
v -0.00623548 -0.01263745 0.02787672
v -0.00623548 -0.01263745 0.02787672
v -0.00588495 -0.01276555 0.02787672
v -0.00588495 -0.01276555 0.02787672
v -0.00588495 -0.01276555 0.02787672
v -0.00588495 -0.01276555 0.02787672
v -0.00588495 -0.01276555 0.02787672
v -0.00343188 -0.01350255 0.02787672
v -0.00343188 -0.01350255 0.02787672
v -0.00343188 -0.01350255 0.02787672
v -0.00343188 -0.01350255 0.02787672
v -0.00343188 -0.01350255 0.02787672
v -0.00343188 -0.01350255 0.02787672
v -0.00343188 -0.01350255 0.02787672
v -0.00097880 -0.01402325 0.02787672
v -0.00097880 -0.01402325 0.02787672
v -0.00097880 -0.01402325 0.02787672
v -0.00097880 -0.01402325 0.02787672
v -0.00097880 -0.01402325 0.02787672
v -0.00097880 -0.01402325 0.02787672
v -0.00097880 -0.01402325 0.02787672
v -0.00588495 -0.01263745 0.02802102
v -0.00588495 -0.01263745 0.02802102
v -0.00588495 -0.01263745 0.02802102
v -0.00588495 -0.01263745 0.02802102
v -0.00343188 -0.01263745 0.02866462
v -0.00343188 -0.01263745 0.02866462
v -0.00343188 -0.01263745 0.02866462
v -0.00343188 -0.01263745 0.02866462
v -0.00343188 -0.01263745 0.02866462
v -0.00343188 -0.01263745 0.02866462
v -0.00588495 -0.01018439 0.02971392
v -0.00588495 -0.01018439 0.02971392
v -0.00588495 -0.01018439 0.02971392
v -0.00588495 -0.01018439 0.02971392
v -0.00588495 -0.01018439 0.02971392
v -0.00588495 -0.01018439 0.02971392
v -0.00588495 -0.01018439 0.02971392
v -0.00588495 -0.01018439 0.02971392
v -0.00343188 -0.01018439 0.02975632
v -0.00343188 -0.01018439 0.02975632
v -0.00343188 -0.01018439 0.02975632
v -0.00343188 -0.01018439 0.02975632
v -0.00343188 -0.01018439 0.02975632
v -0.00343188 -0.01018439 0.02975632
v -0.00097880 -0.01263745 0.02902162
v -0.00097880 -0.01263745 0.02902162
v -0.00097880 -0.01263745 0.02902162
v -0.00097880 -0.01263745 0.02902162
v -0.00097880 -0.01263745 0.02902162
v -0.00097880 -0.01263745 0.02902162
v -0.00097880 -0.01018439 0.02985012
v -0.00097880 -0.01018439 0.02985012
v -0.00097880 -0.01018439 0.02985012
v -0.00097880 -0.01018439 0.02985012
v -0.00097880 -0.01018439 0.02985012
v -0.00097880 -0.01018439 0.02985012
v -0.00097880 -0.01018439 0.02985012
v -0.00097880 -0.01018439 0.02985012
v -0.01349205 -0.00773131 0.02542362
v -0.01349205 -0.00773131 0.02542362
v -0.01349205 -0.00773131 0.02542362
v -0.01349205 -0.00773131 0.02542362
v -0.01324415 -0.00815845 0.02542362
v -0.01324415 -0.00815845 0.02542362
v -0.01324415 -0.00815845 0.02542362
v -0.01324415 -0.00815845 0.02542362
v -0.01324415 -0.00815845 0.02542362
v -0.01469035 -0.00527823 0.02542362
v -0.01469035 -0.00527823 0.02542362
v -0.01469035 -0.00527823 0.02542362
v -0.01469035 -0.00527823 0.02542362
v -0.01469035 -0.00527823 0.02542362
v -0.01469035 -0.00527823 0.02542362
v -0.01469035 -0.00527823 0.02542362
v -0.01469035 -0.00527823 0.02542362
v -0.01469035 -0.00527823 0.02542362
v -0.01469035 -0.00527823 0.02542362
v -0.01324415 -0.00773131 0.02602292
v -0.01324415 -0.00773131 0.02602292
v -0.01324415 -0.00773131 0.02602292
v -0.01324415 -0.00773131 0.02602292
v -0.01324415 -0.00773131 0.02602292
v -0.01324415 -0.00773131 0.02602292
v -0.01328305 -0.00527823 0.02787672
v -0.01328305 -0.00527823 0.02787672
v -0.01328305 -0.00527823 0.02787672
v -0.01328305 -0.00527823 0.02787672
v -0.01324415 -0.00537142 0.02787672
v -0.01324415 -0.00537142 0.02787672
v -0.01324415 -0.00537142 0.02787672
v -0.01324415 -0.00537142 0.02787672
v -0.01324415 -0.00537142 0.02787672
v -0.01324415 -0.00537142 0.02787672
v -0.01202895 -0.00773131 0.02787672
v -0.01202895 -0.00773131 0.02787672
v -0.01202895 -0.00773131 0.02787672
v -0.01202895 -0.00773131 0.02787672
v -0.01202895 -0.00773131 0.02787672
v -0.01202895 -0.00773131 0.02787672
v -0.01202895 -0.00773131 0.02787672
v -0.01079115 -0.00946840 0.02787672
v -0.01079115 -0.00946840 0.02787672
v -0.01079115 -0.00946840 0.02787672
v -0.01079115 -0.00946840 0.02787672
v -0.01079115 -0.00946840 0.02787672
v -0.01569725 -0.00282515 0.02428172
v -0.01569725 -0.00282515 0.02428172
v -0.01569725 -0.00282515 0.02428172
v -0.01569725 -0.00282515 0.02428172
v -0.01569725 -0.00282515 0.02428172
v -0.01569725 -0.00282515 0.02428172
v -0.01541735 -0.00282515 0.02542362
v -0.01541735 -0.00282515 0.02542362
v -0.01541735 -0.00282515 0.02542362
v -0.01541735 -0.00282515 0.02542362
v -0.01541735 -0.00282515 0.02542362
v -0.01541735 -0.00282515 0.02542362
v -0.01410425 -0.00282515 0.02787672
v -0.01410425 -0.00282515 0.02787672
v -0.01410425 -0.00282515 0.02787672
v -0.01410425 -0.00282515 0.02787672
v -0.01410425 -0.00282515 0.02787672
v -0.01410425 -0.00282515 0.02787672
v -0.01324415 -0.00527823 0.02792172
v -0.01324415 -0.00527823 0.02792172
v -0.01324415 -0.00527823 0.02792172
v -0.01324415 -0.00527823 0.02792172
v -0.01324415 -0.00527823 0.02792172
v -0.01079115 -0.00773131 0.02905282
v -0.01079115 -0.00773131 0.02905282
v -0.01079115 -0.00773131 0.02905282
v -0.01079115 -0.00773131 0.02905282
v -0.01079115 -0.00773131 0.02905282
v -0.01079115 -0.00773131 0.02905282
v -0.01079115 -0.00773131 0.02905282
v -0.00833803 -0.00773131 0.03027402
v -0.00833803 -0.00773131 0.03027402
v -0.00833803 -0.00773131 0.03027402
v -0.00833803 -0.00773131 0.03027402
v -0.01079115 -0.00527823 0.02993762
v -0.01079115 -0.00527823 0.02993762
v -0.01079115 -0.00527823 0.02993762
v -0.01079115 -0.00527823 0.02993762
v -0.01079115 -0.00527823 0.02993762
v -0.01079115 -0.00527823 0.02993762
v -0.01079115 -0.00527823 0.02993762
v -0.01002515 -0.00527823 0.03032972
v -0.01002515 -0.00527823 0.03032972
v -0.01002515 -0.00527823 0.03032972
v -0.01002515 -0.00527823 0.03032972
v -0.01002515 -0.00527823 0.03032972
v -0.01002515 -0.00527823 0.03032972
v -0.00833803 -0.00753660 0.03032972
v -0.00833803 -0.00753660 0.03032972
v -0.00833803 -0.00753660 0.03032972
v -0.00833803 -0.00753660 0.03032972
v -0.00833803 -0.00753660 0.03032972
v -0.00833803 -0.00527823 0.03084502
v -0.00833803 -0.00527823 0.03084502
v -0.00833803 -0.00527823 0.03084502
v -0.00833803 -0.00527823 0.03084502
v -0.00833803 -0.00527823 0.03084502
v -0.01324415 -0.00282515 0.02878222
v -0.01324415 -0.00282515 0.02878222
v -0.01324415 -0.00282515 0.02878222
v -0.01324415 -0.00282515 0.02878222
v -0.01324415 -0.00282515 0.02878222
v -0.01324415 -0.00282515 0.02878222
v -0.01324415 -0.00282515 0.02878222
v -0.01324415 -0.00282515 0.02878222
v -0.01097905 -0.00282515 0.03032972
v -0.01097905 -0.00282515 0.03032972
v -0.01097905 -0.00282515 0.03032972
v -0.01097905 -0.00282515 0.03032972
v -0.01097905 -0.00282515 0.03032972
v -0.01079115 -0.00337871 0.03032972
v -0.01079115 -0.00337871 0.03032972
v -0.01079115 -0.00337871 0.03032972
v -0.01079115 -0.00337871 0.03032972
v -0.01079115 -0.00337871 0.03032972
v -0.01079115 -0.00337871 0.03032972
v -0.01079115 -0.00282515 0.03042432
v -0.01079115 -0.00282515 0.03042432
v -0.01079115 -0.00282515 0.03042432
v -0.01079115 -0.00282515 0.03042432
v -0.00833803 -0.00282515 0.03124992
v -0.00833803 -0.00282515 0.03124992
v -0.00833803 -0.00282515 0.03124992
v -0.00833803 -0.00282515 0.03124992
v -0.00833803 -0.00282515 0.03124992
v -0.00833803 -0.00282515 0.03124992
v -0.00833803 -0.00282515 0.03124992
v -0.00833803 -0.00282515 0.03124992
v -0.00808570 -0.00773131 0.03032972
v -0.00808570 -0.00773131 0.03032972
v -0.00808570 -0.00773131 0.03032972
v -0.00808570 -0.00773131 0.03032972
v -0.00808570 -0.00773131 0.03032972
v -0.00808570 -0.00773131 0.03032972
v -0.00808570 -0.00773131 0.03032972
v -0.00588495 -0.00829697 0.03032972
v -0.00588495 -0.00829697 0.03032972
v -0.00588495 -0.00829697 0.03032972
v -0.00588495 -0.00829697 0.03032972
v -0.00588495 -0.00829697 0.03032972
v -0.00469481 -0.00773131 0.03032972
v -0.00469481 -0.00773131 0.03032972
v -0.00469481 -0.00773131 0.03032972
v -0.00469481 -0.00773131 0.03032972
v -0.00469481 -0.00773131 0.03032972
v -0.00469481 -0.00773131 0.03032972
v -0.00469481 -0.00773131 0.03032972
v -0.00343188 -0.00773131 0.03019712
v -0.00343188 -0.00773131 0.03019712
v -0.00343188 -0.00773131 0.03019712
v -0.00343188 -0.00773131 0.03019712
v -0.00343188 -0.00773131 0.03019712
v -0.00343188 -0.00689073 0.03032972
v -0.00343188 -0.00689073 0.03032972
v -0.00343188 -0.00689073 0.03032972
v -0.00343188 -0.00689073 0.03032972
v -0.00343188 -0.00689073 0.03032972
v -0.00343188 -0.00689073 0.03032972
v -0.00588495 -0.00773131 0.03045402
v -0.00588495 -0.00773131 0.03045402
v -0.00588495 -0.00773131 0.03045402
v -0.00588495 -0.00773131 0.03045402
v -0.00588495 -0.00527823 0.03093952
v -0.00588495 -0.00527823 0.03093952
v -0.00588495 -0.00527823 0.03093952
v -0.00588495 -0.00527823 0.03093952
v -0.00588495 -0.00527823 0.03093952
v -0.00588495 -0.00527823 0.03093952
v -0.00588495 -0.00527823 0.03093952
v -0.00588495 -0.00527823 0.03093952
v -0.00588495 -0.00527823 0.03093952
v -0.00343188 -0.00527823 0.03066592
v -0.00343188 -0.00527823 0.03066592
v -0.00343188 -0.00527823 0.03066592
v -0.00343188 -0.00527823 0.03066592
v -0.00343188 -0.00527823 0.03066592
v -0.00097880 -0.00773131 0.03017742
v -0.00097880 -0.00773131 0.03017742
v -0.00097880 -0.00773131 0.03017742
v -0.00097880 -0.00773131 0.03017742
v -0.00097880 -0.00773131 0.03017742
v 0.00038072 -0.00773131 0.03032972
v 0.00038072 -0.00773131 0.03032972
v 0.00038072 -0.00773131 0.03032972
v 0.00038072 -0.00773131 0.03032972
v 0.00038072 -0.00773131 0.03032972
v 0.00038072 -0.00773131 0.03032972
v -0.00097880 -0.00684606 0.03032972
v -0.00097880 -0.00684606 0.03032972
v -0.00097880 -0.00684606 0.03032972
v -0.00097880 -0.00684606 0.03032972
v -0.00097880 -0.00684606 0.03032972
v -0.00097880 -0.00684606 0.03032972
v -0.00097880 -0.00527823 0.03074332
v -0.00097880 -0.00527823 0.03074332
v -0.00097880 -0.00527823 0.03074332
v -0.00097880 -0.00527823 0.03074332
v -0.00097880 -0.00527823 0.03074332
v -0.00588495 -0.00282515 0.03140822
v -0.00588495 -0.00282515 0.03140822
v -0.00588495 -0.00282515 0.03140822
v -0.00588495 -0.00282515 0.03140822
v -0.00588495 -0.00282515 0.03140822
v -0.00588495 -0.00282515 0.03140822
v -0.00343188 -0.00282515 0.03126542
v -0.00343188 -0.00282515 0.03126542
v -0.00343188 -0.00282515 0.03126542
v -0.00343188 -0.00282515 0.03126542
v -0.00343188 -0.00282515 0.03126542
v -0.00343188 -0.00282515 0.03126542
v -0.00097880 -0.00282515 0.03140272
v -0.00097880 -0.00282515 0.03140272
v -0.00097880 -0.00282515 0.03140272
v -0.00097880 -0.00282515 0.03140272
v -0.00097880 -0.00282515 0.03140272
v -0.00097880 -0.00282515 0.03140272
v -0.00874575 0.00453410 -0.03099725
v -0.00874575 0.00453410 -0.03099725
v -0.00874575 0.00453410 -0.03099725
v -0.00874575 0.00453410 -0.03099725
v -0.00874575 0.00453410 -0.03099725
v -0.00874575 0.00453410 -0.03099725
v -0.00833803 0.00453410 -0.03112025
v -0.00833803 0.00453410 -0.03112025
v -0.00833803 0.00453410 -0.03112025
v -0.00833803 0.00453410 -0.03112025
v -0.00833803 0.00530377 -0.03099725
v -0.00833803 0.00530377 -0.03099725
v -0.00833803 0.00530377 -0.03099725
v -0.00833803 0.00530377 -0.03099725
v -0.00833803 0.00530377 -0.03099725
v -0.00833803 0.00530377 -0.03099725
v -0.00833803 0.00530377 -0.03099725
v -0.00833803 0.00530377 -0.03099725
v -0.01515015 0.00453410 -0.02609109
v -0.01515015 0.00453410 -0.02609109
v -0.01515015 0.00453410 -0.02609109
v -0.01515015 0.00453410 -0.02609109
v -0.01515015 0.00453410 -0.02609109
v -0.01324415 0.00453410 -0.02842519
v -0.01324415 0.00453410 -0.02842519
v -0.01324415 0.00453410 -0.02842519
v -0.01324415 0.00453410 -0.02842519
v -0.01324415 0.00453410 -0.02842519
v -0.01324415 0.00453410 -0.02842519
v -0.01324415 0.00453410 -0.02842519
v -0.01324415 0.00453410 -0.02842519
v -0.01324415 0.00453410 -0.02842519
v -0.01324415 0.00856905 -0.02609109
v -0.01324415 0.00856905 -0.02609109
v -0.01324415 0.00856905 -0.02609109
v -0.01324415 0.00856905 -0.02609109
v -0.01324415 0.00856905 -0.02609109
v -0.01262005 0.00944025 -0.02609109
v -0.01262005 0.00944025 -0.02609109
v -0.01262005 0.00944025 -0.02609109
v -0.01262005 0.00944025 -0.02609109
v -0.01262005 0.00944025 -0.02609109
v -0.00833803 0.00944025 -0.02970930
v -0.00833803 0.00944025 -0.02970930
v -0.00833803 0.00944025 -0.02970930
v -0.00833803 0.00944025 -0.02970930
v -0.00833803 0.00944025 -0.02970930
v -0.00343188 0.00453410 -0.03212416
v -0.00343188 0.00453410 -0.03212416
v -0.00343188 0.00453410 -0.03212416
v -0.00343188 0.00453410 -0.03212416
v -0.00343188 0.00453410 -0.03212416
v -0.00343188 0.00453410 -0.03212416
v -0.00343188 0.00453410 -0.03212416
v -0.00343188 0.00453410 -0.03212416
v -0.00359055 0.00944025 -0.03099725
v -0.00359055 0.00944025 -0.03099725
v -0.00359055 0.00944025 -0.03099725
v -0.00359055 0.00944025 -0.03099725
v -0.00359055 0.00944025 -0.03099725
v -0.00359055 0.00944025 -0.03099725
v -0.00343188 0.00944025 -0.03102004
v -0.00343188 0.00944025 -0.03102004
v -0.00343188 0.00944025 -0.03102004
v -0.00343188 0.00944025 -0.03102004
v -0.00343188 0.00944025 -0.03102004
v -0.01045185 0.00944025 -0.02854417
v -0.01045185 0.00944025 -0.02854417
v -0.01045185 0.00944025 -0.02854417
v -0.01045185 0.00944025 -0.02854417
v -0.01045185 0.00944025 -0.02854417
v -0.01045185 0.00944025 -0.02854417
v -0.01045185 0.00944025 -0.02854417
v -0.00833803 0.01138305 -0.02854417
v -0.00833803 0.01138305 -0.02854417
v -0.00833803 0.01138305 -0.02854417
v -0.00833803 0.01138305 -0.02854417
v -0.00833803 0.01138305 -0.02854417
v -0.00833803 0.01138305 -0.02854417
v -0.01079115 0.01143545 -0.02609109
v -0.01079115 0.01143545 -0.02609109
v -0.01079115 0.01143545 -0.02609109
v -0.01079115 0.01143545 -0.02609109
v -0.01079115 0.01143545 -0.02609109
v -0.01079115 0.00944025 -0.02828976
v -0.01079115 0.00944025 -0.02828976
v -0.01079115 0.00944025 -0.02828976
v -0.01079115 0.00944025 -0.02828976
v -0.01079115 0.00944025 -0.02828976
v -0.01027725 0.01189335 -0.02609109
v -0.01027725 0.01189335 -0.02609109
v -0.01027725 0.01189335 -0.02609109
v -0.01027725 0.01189335 -0.02609109
v -0.01027725 0.01189335 -0.02609109
v -0.01027725 0.01189335 -0.02609109
v -0.00833803 0.01189335 -0.02811508
v -0.00833803 0.01189335 -0.02811508
v -0.00833803 0.01189335 -0.02811508
v -0.00833803 0.01189335 -0.02811508
v -0.00833803 0.01334215 -0.02609109
v -0.00833803 0.01334215 -0.02609109
v -0.00833803 0.01334215 -0.02609109
v -0.00833803 0.01334215 -0.02609109
v -0.00833803 0.01334215 -0.02609109
v -0.00833803 0.01334215 -0.02609109
v -0.00833803 0.01334215 -0.02609109
v -0.00833803 0.01334215 -0.02609109
v -0.00343188 0.00950465 -0.03099725
v -0.00343188 0.00950465 -0.03099725
v -0.00343188 0.00950465 -0.03099725
v -0.00343188 0.00950465 -0.03099725
v -0.00760445 0.01189335 -0.02854417
v -0.00760445 0.01189335 -0.02854417
v -0.00760445 0.01189335 -0.02854417
v -0.00760445 0.01189335 -0.02854417
v -0.00760445 0.01189335 -0.02854417
v -0.00588495 0.00944025 -0.03052966
v -0.00588495 0.00944025 -0.03052966
v -0.00588495 0.00944025 -0.03052966
v -0.00588495 0.00944025 -0.03052966
v -0.00588495 0.00944025 -0.03052966
v -0.00588495 0.01189335 -0.02926261
v -0.00588495 0.01189335 -0.02926261
v -0.00588495 0.01189335 -0.02926261
v -0.00588495 0.01189335 -0.02926261
v -0.00588495 0.01189335 -0.02926261
v -0.00588495 0.01189335 -0.02926261
v -0.00343188 0.01189335 -0.02987648
v -0.00343188 0.01189335 -0.02987648
v -0.00343188 0.01189335 -0.02987648
v -0.00343188 0.01189335 -0.02987648
v -0.00343188 0.01189335 -0.02987648
v -0.00343188 0.01189335 -0.02987648
v -0.00343188 0.01189335 -0.02987648
v -0.00343188 0.01189335 -0.02987648
v -0.00588495 0.01282855 -0.02854417
v -0.00588495 0.01282855 -0.02854417
v -0.00588495 0.01282855 -0.02854417
v -0.00588495 0.01282855 -0.02854417
v -0.00588495 0.01282855 -0.02854417
v -0.00588495 0.01282855 -0.02854417
v -0.00588495 0.01282855 -0.02854417
v -0.00588495 0.01282855 -0.02854417
v -0.00343188 0.01366455 -0.02854417
v -0.00343188 0.01366455 -0.02854417
v -0.00343188 0.01366455 -0.02854417
v -0.00343188 0.01366455 -0.02854417
v -0.00343188 0.01366455 -0.02854417
v -0.00343188 0.01366455 -0.02854417
v -0.00642841 0.01434645 -0.02609109
v -0.00642841 0.01434645 -0.02609109
v -0.00642841 0.01434645 -0.02609109
v -0.00642841 0.01434645 -0.02609109
v -0.00642841 0.01434645 -0.02609109
v -0.00642841 0.01434645 -0.02609109
v -0.00588495 0.01434645 -0.02657157
v -0.00588495 0.01434645 -0.02657157
v -0.00588495 0.01434645 -0.02657157
v -0.00588495 0.01434645 -0.02657157
v -0.00588495 0.01434645 -0.02657157
v -0.00343188 0.01434645 -0.02777056
v -0.00343188 0.01434645 -0.02777056
v -0.00343188 0.01434645 -0.02777056
v -0.00343188 0.01434645 -0.02777056
v -0.00343188 0.01434645 -0.02777056
v -0.00343188 0.01434645 -0.02777056
v -0.00097880 0.01012655 -0.03099725
v -0.00097880 0.01012655 -0.03099725
v -0.00097880 0.01012655 -0.03099725
v -0.00097880 0.01012655 -0.03099725
v -0.00097880 0.01012655 -0.03099725
v -0.00097880 0.01012655 -0.03099725
v -0.00097880 0.01012655 -0.03099725
v -0.00097880 0.01189335 -0.03014581
v -0.00097880 0.01189335 -0.03014581
v -0.00097880 0.01189335 -0.03014581
v -0.00097880 0.01189335 -0.03014581
v -0.00097880 0.01189335 -0.03014581
v -0.00097880 0.01189335 -0.03014581
v -0.00097880 0.01400325 -0.02854417
v -0.00097880 0.01400325 -0.02854417
v -0.00097880 0.01400325 -0.02854417
v -0.00097880 0.01400325 -0.02854417
v -0.00097880 0.01434645 -0.02816587
v -0.00097880 0.01434645 -0.02816587
v -0.00097880 0.01434645 -0.02816587
v -0.00097880 0.01434645 -0.02816587
v -0.00097880 0.01434645 -0.02816587
v -0.00097880 0.01434645 -0.02816587
v -0.00588495 0.01456405 -0.02609109
v -0.00588495 0.01456405 -0.02609109
v -0.00588495 0.01456405 -0.02609109
v -0.00588495 0.01456405 -0.02609109
v -0.00343188 0.01528055 -0.02609109
v -0.00343188 0.01528055 -0.02609109
v -0.00343188 0.01528055 -0.02609109
v -0.00343188 0.01528055 -0.02609109
v -0.00343188 0.01528055 -0.02609109
v -0.00343188 0.01528055 -0.02609109
v -0.00097880 0.01557215 -0.02609109
v -0.00097880 0.01557215 -0.02609109
v -0.00097880 0.01557215 -0.02609109
v -0.00097880 0.01557215 -0.02609109
v -0.00097880 0.01557215 -0.02609109
v -0.00097880 0.01557215 -0.02609109
v -0.00097880 0.01557215 -0.02609109
v -0.00097880 0.01557215 -0.02609109
v -0.01643435 0.00208102 -0.02363798
v -0.01643435 0.00208102 -0.02363798
v -0.01643435 0.00208102 -0.02363798
v -0.01643435 0.00208102 -0.02363798
v -0.01643435 0.00208102 -0.02363798
v -0.01643435 0.00208102 -0.02363798
v -0.01569725 0.00208102 -0.02591348
v -0.01569725 0.00208102 -0.02591348
v -0.01569725 0.00208102 -0.02591348
v -0.01569725 0.00208102 -0.02591348
v -0.01569725 0.00208102 -0.02591348
v -0.01569725 0.00208102 -0.02591348
v -0.01560815 0.00208102 -0.02609109
v -0.01560815 0.00208102 -0.02609109
v -0.01560815 0.00208102 -0.02609109
v -0.01560815 0.00208102 -0.02609109
v -0.01560815 0.00208102 -0.02609109
v -0.01560815 0.00208102 -0.02609109
v -0.01598065 0.00453410 -0.02363798
v -0.01598065 0.00453410 -0.02363798
v -0.01598065 0.00453410 -0.02363798
v -0.01598065 0.00453410 -0.02363798
v -0.01569725 0.00453410 -0.02479088
v -0.01569725 0.00453410 -0.02479088
v -0.01569725 0.00453410 -0.02479088
v -0.01569725 0.00453410 -0.02479088
v -0.01569725 0.00453410 -0.02479088
v -0.01569725 0.00453410 -0.02479088
v -0.01665575 0.00208102 -0.02118498
v -0.01665575 0.00208102 -0.02118498
v -0.01665575 0.00208102 -0.02118498
v -0.01665575 0.00208102 -0.02118498
v -0.01665575 0.00208102 -0.02118498
v -0.01665575 0.00208102 -0.02118498
v -0.01618715 0.00453410 -0.02118498
v -0.01618715 0.00453410 -0.02118498
v -0.01618715 0.00453410 -0.02118498
v -0.01618715 0.00453410 -0.02118498
v -0.01618715 0.00453410 -0.02118498
v -0.01618715 0.00453410 -0.02118498
v -0.01618715 0.00453410 -0.02118498
v -0.01618715 0.00453410 -0.02118498
v -0.01569725 0.00544078 -0.02363798
v -0.01569725 0.00544078 -0.02363798
v -0.01569725 0.00544078 -0.02363798
v -0.01569725 0.00544078 -0.02363798
v -0.01569725 0.00544078 -0.02363798
v -0.01569725 0.00544078 -0.02363798
v -0.01417815 0.00698717 -0.02609109
v -0.01417815 0.00698717 -0.02609109
v -0.01417815 0.00698717 -0.02609109
v -0.01417815 0.00698717 -0.02609109
v -0.01417815 0.00698717 -0.02609109
v -0.01417815 0.00698717 -0.02609109
v -0.01417815 0.00698717 -0.02609109
v -0.01502855 0.00698717 -0.02363798
v -0.01502855 0.00698717 -0.02363798
v -0.01502855 0.00698717 -0.02363798
v -0.01502855 0.00698717 -0.02363798
v -0.01502855 0.00698717 -0.02363798
v -0.01502855 0.00698717 -0.02363798
v -0.01502855 0.00698717 -0.02363798
v -0.01337785 0.00944025 -0.02363798
v -0.01337785 0.00944025 -0.02363798
v -0.01337785 0.00944025 -0.02363798
v -0.01337785 0.00944025 -0.02363798
v -0.01324415 0.00944025 -0.02442128
v -0.01324415 0.00944025 -0.02442128
v -0.01324415 0.00944025 -0.02442128
v -0.01324415 0.00944025 -0.02442128
v -0.01324415 0.00944025 -0.02442128
v -0.01324415 0.00944025 -0.02442128
v -0.01324415 0.00944025 -0.02442128
v -0.01324415 0.00944025 -0.02442128
v -0.01569725 0.00593278 -0.02118498
v -0.01569725 0.00593278 -0.02118498
v -0.01569725 0.00593278 -0.02118498
v -0.01569725 0.00593278 -0.02118498
v -0.01569725 0.00593278 -0.02118498
v -0.01569725 0.00593278 -0.02118498
v -0.01518875 0.00698717 -0.02118498
v -0.01518875 0.00698717 -0.02118498
v -0.01518875 0.00698717 -0.02118498
v -0.01518875 0.00698717 -0.02118498
v -0.01346385 0.00944025 -0.02118498
v -0.01346385 0.00944025 -0.02118498
v -0.01346385 0.00944025 -0.02118498
v -0.01346385 0.00944025 -0.02118498
v -0.01346385 0.00944025 -0.02118498
v -0.01346385 0.00944025 -0.02118498
v -0.01346385 0.00944025 -0.02118498
v -0.01632275 0.00208102 -0.01873188
v -0.01632275 0.00208102 -0.01873188
v -0.01632275 0.00208102 -0.01873188
v -0.01632275 0.00208102 -0.01873188
v -0.01632275 0.00208102 -0.01873188
v -0.01632275 0.00208102 -0.01873188
v -0.01632275 0.00208102 -0.01873188
v -0.01589615 0.00453410 -0.01873188
v -0.01589615 0.00453410 -0.01873188
v -0.01589615 0.00453410 -0.01873188
v -0.01589615 0.00453410 -0.01873188
v -0.01569725 0.00098951 -0.01627878
v -0.01569725 0.00098951 -0.01627878
v -0.01569725 0.00098951 -0.01627878
v -0.01569725 0.00098951 -0.01627878
v -0.01569725 0.00098951 -0.01627878
v -0.01569725 0.00098951 -0.01627878
v -0.01569725 0.00098951 -0.01627878
v -0.01569725 0.00098951 -0.01627878
v -0.01569725 0.00208102 -0.01651798
v -0.01569725 0.00208102 -0.01651798
v -0.01569725 0.00208102 -0.01651798
v -0.01569725 0.00208102 -0.01651798
v -0.01569725 0.00208102 -0.01651798
v -0.01561605 0.00208102 -0.01627878
v -0.01561605 0.00208102 -0.01627878
v -0.01561605 0.00208102 -0.01627878
v -0.01561605 0.00208102 -0.01627878
v -0.01569725 0.00453410 -0.01789058
v -0.01569725 0.00453410 -0.01789058
v -0.01569725 0.00453410 -0.01789058
v -0.01569725 0.00453410 -0.01789058
v -0.01569725 0.00453410 -0.01789058
v -0.01569725 0.00453410 -0.01789058
v -0.01569725 0.00453410 -0.01789058
v -0.01517845 0.00453410 -0.01627878
v -0.01517845 0.00453410 -0.01627878
v -0.01517845 0.00453410 -0.01627878
v -0.01517845 0.00453410 -0.01627878
v -0.01517845 0.00453410 -0.01627878
v -0.01517845 0.00453410 -0.01627878
v -0.01569725 0.00521622 -0.01873188
v -0.01569725 0.00521622 -0.01873188
v -0.01569725 0.00521622 -0.01873188
v -0.01569725 0.00521622 -0.01873188
v -0.01569725 0.00521622 -0.01873188
v -0.01491945 0.00698717 -0.01873188
v -0.01491945 0.00698717 -0.01873188
v -0.01491945 0.00698717 -0.01873188
v -0.01491945 0.00698717 -0.01873188
v -0.01491945 0.00698717 -0.01873188
v -0.01491945 0.00698717 -0.01873188
v -0.01491945 0.00698717 -0.01873188
v -0.01491945 0.00698717 -0.01873188
v -0.01491945 0.00698717 -0.01873188
v -0.01324415 0.00936285 -0.01873188
v -0.01324415 0.00936285 -0.01873188
v -0.01324415 0.00936285 -0.01873188
v -0.01324415 0.00936285 -0.01873188
v -0.01324415 0.00936285 -0.01873188
v -0.01324415 0.00944025 -0.01908608
v -0.01324415 0.00944025 -0.01908608
v -0.01324415 0.00944025 -0.01908608
v -0.01324415 0.00944025 -0.01908608
v -0.01324415 0.00944025 -0.01908608
v -0.01324415 0.00944025 -0.01908608
v -0.01324415 0.00944025 -0.01908608
v -0.01415015 0.00698717 -0.01627878
v -0.01415015 0.00698717 -0.01627878
v -0.01415015 0.00698717 -0.01627878
v -0.01415015 0.00698717 -0.01627878
v -0.01415015 0.00698717 -0.01627878
v -0.01415015 0.00698717 -0.01627878
v -0.01415015 0.00698717 -0.01627878
v -0.01324415 0.00837944 -0.01627878
v -0.01324415 0.00837944 -0.01627878
v -0.01324415 0.00837944 -0.01627878
v -0.01324415 0.00837944 -0.01627878
v -0.01324415 0.00837944 -0.01627878
v -0.01317915 0.00944025 -0.01873188
v -0.01317915 0.00944025 -0.01873188
v -0.01317915 0.00944025 -0.01873188
v -0.01317915 0.00944025 -0.01873188
v -0.01238415 0.00944025 -0.01627878
v -0.01238415 0.00944025 -0.01627878
v -0.01238415 0.00944025 -0.01627878
v -0.01238415 0.00944025 -0.01627878
v -0.01238415 0.00944025 -0.01627878
v -0.01238415 0.00944025 -0.01627878
v -0.01238415 0.00944025 -0.01627878
v -0.01238415 0.00944025 -0.01627878
v -0.01324415 0.00960055 -0.02363798
v -0.01324415 0.00960055 -0.02363798
v -0.01324415 0.00960055 -0.02363798
v -0.01324415 0.00960055 -0.02363798
v -0.01324415 0.00960055 -0.02363798
v -0.01324415 0.00969825 -0.02118498
v -0.01324415 0.00969825 -0.02118498
v -0.01324415 0.00969825 -0.02118498
v -0.01324415 0.00969825 -0.02118498
v -0.01324415 0.00969825 -0.02118498
v -0.01324415 0.00969825 -0.02118498
v -0.01098495 0.01189335 -0.02363798
v -0.01098495 0.01189335 -0.02363798
v -0.01098495 0.01189335 -0.02363798
v -0.01098495 0.01189335 -0.02363798
v -0.01098495 0.01189335 -0.02363798
v -0.01098495 0.01189335 -0.02363798
v -0.01098495 0.01189335 -0.02363798
v -0.01079115 0.01189335 -0.02478038
v -0.01079115 0.01189335 -0.02478038
v -0.01079115 0.01189335 -0.02478038
v -0.01079115 0.01189335 -0.02478038
v -0.01079115 0.01189335 -0.02478038
v -0.01079115 0.01189335 -0.02478038
v -0.01079115 0.01189335 -0.02478038
v -0.01079115 0.01189335 -0.02478038
v -0.01079115 0.01206755 -0.02363798
v -0.01079115 0.01206755 -0.02363798
v -0.01079115 0.01206755 -0.02363798
v -0.01079115 0.01206755 -0.02363798
v -0.00833803 0.01395455 -0.02363798
v -0.00833803 0.01395455 -0.02363798
v -0.00833803 0.01395455 -0.02363798
v -0.00833803 0.01395455 -0.02363798
v -0.00833803 0.01395455 -0.02363798
v -0.00833803 0.01395455 -0.02363798
v -0.00833803 0.01395455 -0.02363798
v -0.01102765 0.01189335 -0.02118498
v -0.01102765 0.01189335 -0.02118498
v -0.01102765 0.01189335 -0.02118498
v -0.01102765 0.01189335 -0.02118498
v -0.01079115 0.01210275 -0.02118498
v -0.01079115 0.01210275 -0.02118498
v -0.01079115 0.01210275 -0.02118498
v -0.01079115 0.01210275 -0.02118498
v -0.01079115 0.01210275 -0.02118498
v -0.01079115 0.01210275 -0.02118498
v -0.00833803 0.01402325 -0.02118498
v -0.00833803 0.01402325 -0.02118498
v -0.00833803 0.01402325 -0.02118498
v -0.00833803 0.01402325 -0.02118498
v -0.00833803 0.01402325 -0.02118498
v -0.01079115 0.01180015 -0.01873188
v -0.01079115 0.01180015 -0.01873188
v -0.01079115 0.01180015 -0.01873188
v -0.01079115 0.01180015 -0.01873188
v -0.01079115 0.01180015 -0.01873188
v -0.01079115 0.01180015 -0.01873188
v -0.01079115 0.01189335 -0.01923788
v -0.01079115 0.01189335 -0.01923788
v -0.01079115 0.01189335 -0.01923788
v -0.01079115 0.01189335 -0.01923788
v -0.01079115 0.01189335 -0.01923788
v -0.01079115 0.01189335 -0.01923788
v -0.01079115 0.01189335 -0.01923788
v -0.01079115 0.01189335 -0.01923788
v -0.01068255 0.01189335 -0.01873188
v -0.01068255 0.01189335 -0.01873188
v -0.01068255 0.01189335 -0.01873188
v -0.01068255 0.01189335 -0.01873188
v -0.01068255 0.01189335 -0.01873188
v -0.00833803 0.01374355 -0.01873188
v -0.00833803 0.01374355 -0.01873188
v -0.00833803 0.01374355 -0.01873188
v -0.00833803 0.01374355 -0.01873188
v -0.00833803 0.01374355 -0.01873188
v -0.00833803 0.01374355 -0.01873188
v -0.00833803 0.01374355 -0.01873188
v -0.01079115 0.01102785 -0.01627878
v -0.01079115 0.01102785 -0.01627878
v -0.01079115 0.01102785 -0.01627878
v -0.01079115 0.01102785 -0.01627878
v -0.01079115 0.01102785 -0.01627878
v -0.01079115 0.01102785 -0.01627878
v -0.00975561 0.01189335 -0.01627878
v -0.00975561 0.01189335 -0.01627878
v -0.00975561 0.01189335 -0.01627878
v -0.00975561 0.01189335 -0.01627878
v -0.00975561 0.01189335 -0.01627878
v -0.00833803 0.01296545 -0.01627878
v -0.00833803 0.01296545 -0.01627878
v -0.00833803 0.01296545 -0.01627878
v -0.00833803 0.01296545 -0.01627878
v -0.00833803 0.01296545 -0.01627878
v -0.00833803 0.01296545 -0.01627878
v -0.00833803 0.01296545 -0.01627878
v -0.00765737 0.01434645 -0.02363798
v -0.00765737 0.01434645 -0.02363798
v -0.00765737 0.01434645 -0.02363798
v -0.00765737 0.01434645 -0.02363798
v -0.00765737 0.01434645 -0.02363798
v -0.00765737 0.01434645 -0.02363798
v -0.00779759 0.01434645 -0.02118498
v -0.00779759 0.01434645 -0.02118498
v -0.00779759 0.01434645 -0.02118498
v -0.00779759 0.01434645 -0.02118498
v -0.00779759 0.01434645 -0.02118498
v -0.00779759 0.01434645 -0.02118498
v -0.00588495 0.01514195 -0.02363798
v -0.00588495 0.01514195 -0.02363798
v -0.00588495 0.01514195 -0.02363798
v -0.00588495 0.01514195 -0.02363798
v -0.00588495 0.01514195 -0.02363798
v -0.00588495 0.01514195 -0.02363798
v -0.00343188 0.01585085 -0.02363798
v -0.00343188 0.01585085 -0.02363798
v -0.00343188 0.01585085 -0.02363798
v -0.00343188 0.01585085 -0.02363798
v -0.00343188 0.01585085 -0.02363798
v -0.00343188 0.01585085 -0.02363798
v -0.00588495 0.01523225 -0.02118498
v -0.00588495 0.01523225 -0.02118498
v -0.00588495 0.01523225 -0.02118498
v -0.00588495 0.01523225 -0.02118498
v -0.00588495 0.01523225 -0.02118498
v -0.00588495 0.01523225 -0.02118498
v -0.00588495 0.01523225 -0.02118498
v -0.00588495 0.01523225 -0.02118498
v -0.00343188 0.01595855 -0.02118498
v -0.00343188 0.01595855 -0.02118498
v -0.00343188 0.01595855 -0.02118498
v -0.00343188 0.01595855 -0.02118498
v -0.00343188 0.01595855 -0.02118498
v -0.00343188 0.01595855 -0.02118498
v -0.00097880 0.01614565 -0.02363798
v -0.00097880 0.01614565 -0.02363798
v -0.00097880 0.01614565 -0.02363798
v -0.00097880 0.01614565 -0.02363798
v -0.00097880 0.01614565 -0.02363798
v -0.00097880 0.01614565 -0.02363798
v -0.00097880 0.01625335 -0.02118498
v -0.00097880 0.01625335 -0.02118498
v -0.00097880 0.01625335 -0.02118498
v -0.00097880 0.01625335 -0.02118498
v -0.00734687 0.01434645 -0.01873188
v -0.00734687 0.01434645 -0.01873188
v -0.00734687 0.01434645 -0.01873188
v -0.00734687 0.01434645 -0.01873188
v -0.00734687 0.01434645 -0.01873188
v -0.00734687 0.01434645 -0.01873188
v -0.00588495 0.01434485 -0.01627878
v -0.00588495 0.01434485 -0.01627878
v -0.00588495 0.01434485 -0.01627878
v -0.00588495 0.01434485 -0.01627878
v -0.00588495 0.01434645 -0.01628288
v -0.00588495 0.01434645 -0.01628288
v -0.00588495 0.01434645 -0.01628288
v -0.00588495 0.01434645 -0.01628288
v -0.00588495 0.01434645 -0.01628288
v -0.00588092 0.01434645 -0.01627878
v -0.00588092 0.01434645 -0.01627878
v -0.00588092 0.01434645 -0.01627878
v -0.00588092 0.01434645 -0.01627878
v -0.00588092 0.01434645 -0.01627878
v -0.00588092 0.01434645 -0.01627878
v -0.00588495 0.01500335 -0.01873188
v -0.00588495 0.01500335 -0.01873188
v -0.00588495 0.01500335 -0.01873188
v -0.00588495 0.01500335 -0.01873188
v -0.00588495 0.01500335 -0.01873188
v -0.00588495 0.01500335 -0.01873188
v -0.00343188 0.01571605 -0.01873188
v -0.00343188 0.01571605 -0.01873188
v -0.00343188 0.01571605 -0.01873188
v -0.00343188 0.01571605 -0.01873188
v -0.00343188 0.01571605 -0.01873188
v -0.00343188 0.01571605 -0.01873188
v -0.00343188 0.01502725 -0.01627878
v -0.00343188 0.01502725 -0.01627878
v -0.00343188 0.01502725 -0.01627878
v -0.00343188 0.01502725 -0.01627878
v -0.00343188 0.01502725 -0.01627878
v -0.00097880 0.01599085 -0.01873188
v -0.00097880 0.01599085 -0.01873188
v -0.00097880 0.01599085 -0.01873188
v -0.00097880 0.01599085 -0.01873188
v -0.00097880 0.01599085 -0.01873188
v -0.00097880 0.01599085 -0.01873188
v -0.00097880 0.01526085 -0.01627878
v -0.00097880 0.01526085 -0.01627878
v -0.00097880 0.01526085 -0.01627878
v -0.00097880 0.01526085 -0.01627878
v -0.00097880 0.01526085 -0.01627878
v -0.00097880 0.01526085 -0.01627878
v -0.00097880 0.01526085 -0.01627878
v -0.00097880 0.01526085 -0.01627878
v -0.01465225 0.00208102 -0.01382568
v -0.01465225 0.00208102 -0.01382568
v -0.01465225 0.00208102 -0.01382568
v -0.01465225 0.00208102 -0.01382568
v -0.01465225 0.00208102 -0.01382568
v -0.01465225 0.00208102 -0.01382568
v -0.01465225 0.00208102 -0.01382568
v -0.01465225 0.00208102 -0.01382568
v -0.01465225 0.00208102 -0.01382568
v -0.01406075 0.00453410 -0.01382568
v -0.01406075 0.00453410 -0.01382568
v -0.01406075 0.00453410 -0.01382568
v -0.01406075 0.00453410 -0.01382568
v -0.01406075 0.00453410 -0.01382568
v -0.01324415 0.00204146 -0.01137258
v -0.01324415 0.00204146 -0.01137258
v -0.01324415 0.00204146 -0.01137258
v -0.01324415 0.00204146 -0.01137258
v -0.01324415 0.00204146 -0.01137258
v -0.01324415 0.00204146 -0.01137258
v -0.01324415 0.00204146 -0.01137258
v -0.01324415 0.00208102 -0.01138198
v -0.01324415 0.00208102 -0.01138198
v -0.01324415 0.00208102 -0.01138198
v -0.01324415 0.00208102 -0.01138198
v -0.01324415 0.00208102 -0.01138198
v -0.01324415 0.00453410 -0.01243808
v -0.01324415 0.00453410 -0.01243808
v -0.01324415 0.00453410 -0.01243808
v -0.01324415 0.00453410 -0.01243808
v -0.01324415 0.00453410 -0.01243808
v -0.01323745 0.00208102 -0.01137258
v -0.01323745 0.00208102 -0.01137258
v -0.01323745 0.00208102 -0.01137258
v -0.01323745 0.00208102 -0.01137258
v -0.01244715 0.00453410 -0.01137258
v -0.01244715 0.00453410 -0.01137258
v -0.01244715 0.00453410 -0.01137258
v -0.01244715 0.00453410 -0.01137258
v -0.01244715 0.00453410 -0.01137258
v -0.01244715 0.00453410 -0.01137258
v -0.01244715 0.00453410 -0.01137258
v -0.01244715 0.00453410 -0.01137258
v -0.01244715 0.00453410 -0.01137258
v -0.01324415 0.00632428 -0.01382568
v -0.01324415 0.00632428 -0.01382568
v -0.01324415 0.00632428 -0.01382568
v -0.01324415 0.00632428 -0.01382568
v -0.01324415 0.00632428 -0.01382568
v -0.01324415 0.00632428 -0.01382568
v -0.01324415 0.00632428 -0.01382568
v -0.01324415 0.00698717 -0.01447348
v -0.01324415 0.00698717 -0.01447348
v -0.01324415 0.00698717 -0.01447348
v -0.01324415 0.00698717 -0.01447348
v -0.01324415 0.00698717 -0.01447348
v -0.01324415 0.00698717 -0.01447348
v -0.01284395 0.00698717 -0.01382568
v -0.01284395 0.00698717 -0.01382568
v -0.01284395 0.00698717 -0.01382568
v -0.01284395 0.00698717 -0.01382568
v -0.01284395 0.00698717 -0.01382568
v -0.01284395 0.00698717 -0.01382568
v -0.01090385 0.00944025 -0.01382568
v -0.01090385 0.00944025 -0.01382568
v -0.01090385 0.00944025 -0.01382568
v -0.01090385 0.00944025 -0.01382568
v -0.01090385 0.00944025 -0.01382568
v -0.01089395 0.00698717 -0.01137258
v -0.01089395 0.00698717 -0.01137258
v -0.01089395 0.00698717 -0.01137258
v -0.01089395 0.00698717 -0.01137258
v -0.01089395 0.00698717 -0.01137258
v -0.01079115 0.00712566 -0.01137258
v -0.01079115 0.00712566 -0.01137258
v -0.01079115 0.00712566 -0.01137258
v -0.01079115 0.00712566 -0.01137258
v -0.01079115 0.00712566 -0.01137258
v -0.01079115 0.00712566 -0.01137258
v -0.01079115 0.00712566 -0.01137258
v -0.01079115 0.00944025 -0.01367358
v -0.01079115 0.00944025 -0.01367358
v -0.01079115 0.00944025 -0.01367358
v -0.01079115 0.00944025 -0.01367358
v -0.01079115 0.00944025 -0.01367358
v -0.01079115 0.00944025 -0.01367358
v -0.00875812 0.00944025 -0.01137258
v -0.00875812 0.00944025 -0.01137258
v -0.00875812 0.00944025 -0.01137258
v -0.00875812 0.00944025 -0.01137258
v -0.00875812 0.00944025 -0.01137258
v -0.00875812 0.00944025 -0.01137258
v -0.01143345 0.00208102 -0.00891948
v -0.01143345 0.00208102 -0.00891948
v -0.01143345 0.00208102 -0.00891948
v -0.01143345 0.00208102 -0.00891948
v -0.01143345 0.00208102 -0.00891948
v -0.01143345 0.00208102 -0.00891948
v -0.01079115 0.00385066 -0.00891948
v -0.01079115 0.00385066 -0.00891948
v -0.01079115 0.00385066 -0.00891948
v -0.01079115 0.00385066 -0.00891948
v -0.01079115 0.00385066 -0.00891948
v -0.01079115 0.00385066 -0.00891948
v -0.01079115 0.00453410 -0.00941188
v -0.01079115 0.00453410 -0.00941188
v -0.01079115 0.00453410 -0.00941188
v -0.01079115 0.00453410 -0.00941188
v -0.01079115 0.00453410 -0.00941188
v -0.01042895 0.00453410 -0.00891948
v -0.01042895 0.00453410 -0.00891948
v -0.01042895 0.00453410 -0.00891948
v -0.01042895 0.00453410 -0.00891948
v -0.01042895 0.00453410 -0.00891948
v -0.01042895 0.00453410 -0.00891948
v -0.01079115 0.00208102 -0.00780328
v -0.01079115 0.00208102 -0.00780328
v -0.01079115 0.00208102 -0.00780328
v -0.01079115 0.00208102 -0.00780328
v -0.01079115 0.00208102 -0.00780328
v -0.01079115 0.00208102 -0.00780328
v -0.01024905 0.00208102 -0.00646648
v -0.01024905 0.00208102 -0.00646648
v -0.01024905 0.00208102 -0.00646648
v -0.01024905 0.00208102 -0.00646648
v -0.01024905 0.00208102 -0.00646648
v -0.01024905 0.00208102 -0.00646648
v -0.00922404 0.00453410 -0.00646648
v -0.00922404 0.00453410 -0.00646648
v -0.00922404 0.00453410 -0.00646648
v -0.00922404 0.00453410 -0.00646648
v -0.00922404 0.00453410 -0.00646648
v -0.00922404 0.00453410 -0.00646648
v -0.00922404 0.00453410 -0.00646648
v -0.00922404 0.00453410 -0.00646648
v -0.01079115 0.00698717 -0.01126368
v -0.01079115 0.00698717 -0.01126368
v -0.01079115 0.00698717 -0.01126368
v -0.01079115 0.00698717 -0.01126368
v -0.01079115 0.00698717 -0.01126368
v -0.00870509 0.00698717 -0.00891948
v -0.00870509 0.00698717 -0.00891948
v -0.00870509 0.00698717 -0.00891948
v -0.00870509 0.00698717 -0.00891948
v -0.00870509 0.00698717 -0.00891948
v -0.00870509 0.00698717 -0.00891948
v -0.00833803 0.00744744 -0.00891948
v -0.00833803 0.00744744 -0.00891948
v -0.00833803 0.00744744 -0.00891948
v -0.00833803 0.00744744 -0.00891948
v -0.00833803 0.00744744 -0.00891948
v -0.00833803 0.00744744 -0.00891948
v -0.00833803 0.00744744 -0.00891948
v -0.00833803 0.00744744 -0.00891948
v -0.00833803 0.00944025 -0.01095738
v -0.00833803 0.00944025 -0.01095738
v -0.00833803 0.00944025 -0.01095738
v -0.00833803 0.00944025 -0.01095738
v -0.00833803 0.00944025 -0.01095738
v -0.00833803 0.00574097 -0.00646648
v -0.00833803 0.00574097 -0.00646648
v -0.00833803 0.00574097 -0.00646648
v -0.00833803 0.00574097 -0.00646648
v -0.00833803 0.00574097 -0.00646648
v -0.00833803 0.00698717 -0.00842468
v -0.00833803 0.00698717 -0.00842468
v -0.00833803 0.00698717 -0.00842468
v -0.00833803 0.00698717 -0.00842468
v -0.00833803 0.00698717 -0.00842468
v -0.00619408 0.00944025 -0.00891948
v -0.00619408 0.00944025 -0.00891948
v -0.00619408 0.00944025 -0.00891948
v -0.00619408 0.00944025 -0.00891948
v -0.00619408 0.00944025 -0.00891948
v -0.00619408 0.00944025 -0.00891948
v -0.00713952 0.00698717 -0.00646648
v -0.00713952 0.00698717 -0.00646648
v -0.00713952 0.00698717 -0.00646648
v -0.00713952 0.00698717 -0.00646648
v -0.00713952 0.00698717 -0.00646648
v -0.00713952 0.00698717 -0.00646648
v -0.00588495 0.00798965 -0.00646648
v -0.00588495 0.00798965 -0.00646648
v -0.00588495 0.00798965 -0.00646648
v -0.00588495 0.00798965 -0.00646648
v -0.00588495 0.00798965 -0.00646648
v -0.00588495 0.00798965 -0.00646648
v -0.00588495 0.00798965 -0.00646648
v -0.00588495 0.00798965 -0.00646648
v -0.00588495 0.00798965 -0.00646648
v -0.00588495 0.00944025 -0.00865088
v -0.00588495 0.00944025 -0.00865088
v -0.00588495 0.00944025 -0.00865088
v -0.00588495 0.00944025 -0.00865088
v -0.00588495 0.00944025 -0.00865088
v -0.00343188 0.00923715 -0.00646648
v -0.00343188 0.00923715 -0.00646648
v -0.00343188 0.00923715 -0.00646648
v -0.00343188 0.00923715 -0.00646648
v -0.00343188 0.00944025 -0.00683398
v -0.00343188 0.00944025 -0.00683398
v -0.00343188 0.00944025 -0.00683398
v -0.00343188 0.00944025 -0.00683398
v -0.00343188 0.00944025 -0.00683398
v -0.00277837 0.00944025 -0.00646648
v -0.00277837 0.00944025 -0.00646648
v -0.00277837 0.00944025 -0.00646648
v -0.00277837 0.00944025 -0.00646648
v -0.00277837 0.00944025 -0.00646648
v -0.00277837 0.00944025 -0.00646648
v -0.00277837 0.00944025 -0.00646648
v -0.01079115 0.00955985 -0.01382568
v -0.01079115 0.00955985 -0.01382568
v -0.01079115 0.00955985 -0.01382568
v -0.01079115 0.00955985 -0.01382568
v -0.01079115 0.00955985 -0.01382568
v -0.01079115 0.00955985 -0.01382568
v -0.00833803 0.01165135 -0.01382568
v -0.00833803 0.01165135 -0.01382568
v -0.00833803 0.01165135 -0.01382568
v -0.00833803 0.01165135 -0.01382568
v -0.00833803 0.01165135 -0.01382568
v -0.00833803 0.01165135 -0.01382568
v -0.00833803 0.01189335 -0.01421848
v -0.00833803 0.01189335 -0.01421848
v -0.00833803 0.01189335 -0.01421848
v -0.00833803 0.01189335 -0.01421848
v -0.00833803 0.01189335 -0.01421848
v -0.00833803 0.01189335 -0.01421848
v -0.00833803 0.01189335 -0.01421848
v -0.00833803 0.00981245 -0.01137258
v -0.00833803 0.00981245 -0.01137258
v -0.00833803 0.00981245 -0.01137258
v -0.00833803 0.00981245 -0.01137258
v -0.00833803 0.00981245 -0.01137258
v -0.00833803 0.00981245 -0.01137258
v -0.00797970 0.01189335 -0.01382568
v -0.00797970 0.01189335 -0.01382568
v -0.00797970 0.01189335 -0.01382568
v -0.00797970 0.01189335 -0.01382568
v -0.00797970 0.01189335 -0.01382568
v -0.00588495 0.01308545 -0.01382568
v -0.00588495 0.01308545 -0.01382568
v -0.00588495 0.01308545 -0.01382568
v -0.00588495 0.01308545 -0.01382568
v -0.00588495 0.01308545 -0.01382568
v -0.00588495 0.01308545 -0.01382568
v -0.00588495 0.01308545 -0.01382568
v -0.00588495 0.01308545 -0.01382568
v -0.00588495 0.01308545 -0.01382568
v -0.00588495 0.01308545 -0.01382568
v -0.00343188 0.01390015 -0.01382568
v -0.00343188 0.01390015 -0.01382568
v -0.00343188 0.01390015 -0.01382568
v -0.00343188 0.01390015 -0.01382568
v -0.00343188 0.01390015 -0.01382568
v -0.00343188 0.01390015 -0.01382568
v -0.00343188 0.01434645 -0.01467418
v -0.00343188 0.01434645 -0.01467418
v -0.00343188 0.01434645 -0.01467418
v -0.00343188 0.01434645 -0.01467418
v -0.00343188 0.01434645 -0.01467418
v -0.00343188 0.01434645 -0.01467418
v -0.00588495 0.01143445 -0.01137258
v -0.00588495 0.01143445 -0.01137258
v -0.00588495 0.01143445 -0.01137258
v -0.00588495 0.01143445 -0.01137258
v -0.00588495 0.01143445 -0.01137258
v -0.00588495 0.01143445 -0.01137258
v -0.00588495 0.01189335 -0.01204798
v -0.00588495 0.01189335 -0.01204798
v -0.00588495 0.01189335 -0.01204798
v -0.00588495 0.01189335 -0.01204798
v -0.00588495 0.01189335 -0.01204798
v -0.00484283 0.01189335 -0.01137258
v -0.00484283 0.01189335 -0.01137258
v -0.00484283 0.01189335 -0.01137258
v -0.00484283 0.01189335 -0.01137258
v -0.00484283 0.01189335 -0.01137258
v -0.00484283 0.01189335 -0.01137258
v -0.00484283 0.01189335 -0.01137258
v -0.00343188 0.01236025 -0.01137258
v -0.00343188 0.01236025 -0.01137258
v -0.00343188 0.01236025 -0.01137258
v -0.00343188 0.01236025 -0.01137258
v -0.00343188 0.01236025 -0.01137258
v -0.00097880 0.01416545 -0.01382568
v -0.00097880 0.01416545 -0.01382568
v -0.00097880 0.01416545 -0.01382568
v -0.00097880 0.01416545 -0.01382568
v -0.00097880 0.01434645 -0.01418558
v -0.00097880 0.01434645 -0.01418558
v -0.00097880 0.01434645 -0.01418558
v -0.00097880 0.01434645 -0.01418558
v -0.00097880 0.01434645 -0.01418558
v -0.00097880 0.01434645 -0.01418558
v -0.00097880 0.01276835 -0.01137258
v -0.00097880 0.01276835 -0.01137258
v -0.00097880 0.01276835 -0.01137258
v -0.00097880 0.01276835 -0.01137258
v -0.00097880 0.01276835 -0.01137258
v -0.00097880 0.01276835 -0.01137258
v -0.00097880 0.01276835 -0.01137258
v -0.00097880 0.01276835 -0.01137258
v -0.00588495 0.00964385 -0.00891948
v -0.00588495 0.00964385 -0.00891948
v -0.00588495 0.00964385 -0.00891948
v -0.00588495 0.00964385 -0.00891948
v -0.00588495 0.00964385 -0.00891948
v -0.00343188 0.01077785 -0.00891948
v -0.00343188 0.01077785 -0.00891948
v -0.00343188 0.01077785 -0.00891948
v -0.00343188 0.01077785 -0.00891948
v -0.00343188 0.01077785 -0.00891948
v -0.00343188 0.01077785 -0.00891948
v -0.00343188 0.01077785 -0.00891948
v -0.00343188 0.01077785 -0.00891948
v -0.00343188 0.01189335 -0.01063298
v -0.00343188 0.01189335 -0.01063298
v -0.00343188 0.01189335 -0.01063298
v -0.00343188 0.01189335 -0.01063298
v -0.00343188 0.01189335 -0.01063298
v -0.00097880 0.01127665 -0.00891948
v -0.00097880 0.01127665 -0.00891948
v -0.00097880 0.01127665 -0.00891948
v -0.00097880 0.01127665 -0.00891948
v -0.00097880 0.01127665 -0.00891948
v -0.00097880 0.01189335 -0.00990568
v -0.00097880 0.01189335 -0.00990568
v -0.00097880 0.01189335 -0.00990568
v -0.00097880 0.01189335 -0.00990568
v -0.00097880 0.01189335 -0.00990568
v -0.00097880 0.01189335 -0.00990568
v -0.00097880 0.00978165 -0.00646648
v -0.00097880 0.00978165 -0.00646648
v -0.00097880 0.00978165 -0.00646648
v -0.00097880 0.00978165 -0.00646648
v -0.00097880 0.00978165 -0.00646648
v -0.00097880 0.00978165 -0.00646648
v -0.00952627 0.00208102 -0.00401338
v -0.00952627 0.00208102 -0.00401338
v -0.00952627 0.00208102 -0.00401338
v -0.00952627 0.00208102 -0.00401338
v -0.00952627 0.00208102 -0.00401338
v -0.00952627 0.00208102 -0.00401338
v -0.00952627 0.00208102 -0.00401338
v -0.00853144 0.00453410 -0.00401338
v -0.00853144 0.00453410 -0.00401338
v -0.00853144 0.00453410 -0.00401338
v -0.00853144 0.00453410 -0.00401338
v -0.00917047 0.00208102 -0.00156028
v -0.00917047 0.00208102 -0.00156028
v -0.00917047 0.00208102 -0.00156028
v -0.00917047 0.00208102 -0.00156028
v -0.00917047 0.00208102 -0.00156028
v -0.00917047 0.00208102 -0.00156028
v -0.00833803 0.00436118 -0.00156028
v -0.00833803 0.00436118 -0.00156028
v -0.00833803 0.00436118 -0.00156028
v -0.00833803 0.00436118 -0.00156028
v -0.00833803 0.00453410 -0.00301648
v -0.00833803 0.00453410 -0.00301648
v -0.00833803 0.00453410 -0.00301648
v -0.00833803 0.00453410 -0.00301648
v -0.00833803 0.00453410 -0.00301648
v -0.00833803 0.00453410 -0.00301648
v -0.00833803 0.00453410 -0.00301648
v -0.00833803 0.00453410 -0.00301648
v -0.00833803 0.00481406 -0.00401338
v -0.00833803 0.00481406 -0.00401338
v -0.00833803 0.00481406 -0.00401338
v -0.00833803 0.00481406 -0.00401338
v -0.00833803 0.00481406 -0.00401338
v -0.00833803 0.00481406 -0.00401338
v -0.00934485 0.00208102 0.00089282
v -0.00934485 0.00208102 0.00089282
v -0.00934485 0.00208102 0.00089282
v -0.00934485 0.00208102 0.00089282
v -0.00934485 0.00208102 0.00089282
v -0.00934485 0.00208102 0.00089282
v -0.00934485 0.00208102 0.00089282
v -0.00847004 0.00453410 0.00089282
v -0.00847004 0.00453410 0.00089282
v -0.00847004 0.00453410 0.00089282
v -0.00847004 0.00453410 0.00089282
v -0.00833803 0.00453410 0.00005452
v -0.00833803 0.00453410 0.00005452
v -0.00833803 0.00453410 0.00005452
v -0.00833803 0.00453410 0.00005452
v -0.00833803 0.00453410 0.00005452
v -0.00833803 0.00453410 0.00005452
v -0.00833803 0.00453410 0.00005452
v -0.00833803 0.00453410 0.00005452
v -0.00833803 0.00476736 0.00089282
v -0.00833803 0.00476736 0.00089282
v -0.00833803 0.00476736 0.00089282
v -0.00833803 0.00476736 0.00089282
v -0.00833803 0.00476736 0.00089282
v -0.00823593 0.00453410 -0.00156028
v -0.00823593 0.00453410 -0.00156028
v -0.00823593 0.00453410 -0.00156028
v -0.00823593 0.00453410 -0.00156028
v -0.00607518 0.00698717 -0.00401338
v -0.00607518 0.00698717 -0.00401338
v -0.00607518 0.00698717 -0.00401338
v -0.00607518 0.00698717 -0.00401338
v -0.00607518 0.00698717 -0.00401338
v -0.00607518 0.00698717 -0.00401338
v -0.00588495 0.00711691 -0.00401338
v -0.00588495 0.00711691 -0.00401338
v -0.00588495 0.00711691 -0.00401338
v -0.00588495 0.00711691 -0.00401338
v -0.00588495 0.00711691 -0.00401338
v -0.00588495 0.00711691 -0.00401338
v -0.00343188 0.00840139 -0.00401338
v -0.00343188 0.00840139 -0.00401338
v -0.00343188 0.00840139 -0.00401338
v -0.00343188 0.00840139 -0.00401338
v -0.00343188 0.00840139 -0.00401338
v -0.00343188 0.00840139 -0.00401338
v -0.00343188 0.00840139 -0.00401338
v -0.00343188 0.00840139 -0.00401338
v -0.00591353 0.00698717 -0.00156028
v -0.00591353 0.00698717 -0.00156028
v -0.00591353 0.00698717 -0.00156028
v -0.00591353 0.00698717 -0.00156028
v -0.00591353 0.00698717 -0.00156028
v -0.00591353 0.00698717 -0.00156028
v -0.00591353 0.00698717 -0.00156028
v -0.00591353 0.00698717 -0.00156028
v -0.00588495 0.00700801 -0.00156028
v -0.00588495 0.00700801 -0.00156028
v -0.00588495 0.00700801 -0.00156028
v -0.00588495 0.00700801 -0.00156028
v -0.00343188 0.00836014 -0.00156028
v -0.00343188 0.00836014 -0.00156028
v -0.00343188 0.00836014 -0.00156028
v -0.00343188 0.00836014 -0.00156028
v -0.00343188 0.00836014 -0.00156028
v -0.00343188 0.00836014 -0.00156028
v -0.00097880 0.00899135 -0.00401338
v -0.00097880 0.00899135 -0.00401338
v -0.00097880 0.00899135 -0.00401338
v -0.00097880 0.00899135 -0.00401338
v -0.00097880 0.00944025 -0.00571488
v -0.00097880 0.00944025 -0.00571488
v -0.00097880 0.00944025 -0.00571488
v -0.00097880 0.00944025 -0.00571488
v -0.00097880 0.00944025 -0.00571488
v -0.00097880 0.00944025 -0.00571488
v -0.00097880 0.00892175 -0.00156028
v -0.00097880 0.00892175 -0.00156028
v -0.00097880 0.00892175 -0.00156028
v -0.00097880 0.00892175 -0.00156028
v -0.00097880 0.00892175 -0.00156028
v -0.00097880 0.00892175 -0.00156028
v -0.00097880 0.00892175 -0.00156028
v -0.00097880 0.00892175 -0.00156028
v -0.00639186 0.00698717 0.00089282
v -0.00639186 0.00698717 0.00089282
v -0.00639186 0.00698717 0.00089282
v -0.00639186 0.00698717 0.00089282
v -0.00639186 0.00698717 0.00089282
v -0.00639186 0.00698717 0.00089282
v -0.00639186 0.00698717 0.00089282
v -0.00588495 0.00737438 0.00089282
v -0.00588495 0.00737438 0.00089282
v -0.00588495 0.00737438 0.00089282
v -0.00588495 0.00737438 0.00089282
v -0.00588495 0.00737438 0.00089282
v -0.00588495 0.00737438 0.00089282
v -0.00343188 0.00866835 0.00089282
v -0.00343188 0.00866835 0.00089282
v -0.00343188 0.00866835 0.00089282
v -0.00343188 0.00866835 0.00089282
v -0.00343188 0.00866835 0.00089282
v -0.00343188 0.00866835 0.00089282
v -0.00343188 0.00866835 0.00089282
v -0.00097880 0.00914165 0.00089282
v -0.00097880 0.00914165 0.00089282
v -0.00097880 0.00914165 0.00089282
v -0.00097880 0.00914165 0.00089282
v -0.00097880 0.00914165 0.00089282
v -0.00097880 0.00914165 0.00089282
v -0.00097880 0.00944025 0.00302922
v -0.00097880 0.00944025 0.00302922
v -0.00097880 0.00944025 0.00302922
v -0.00097880 0.00944025 0.00302922
v -0.01079115 0.00052802 0.00579892
v -0.01079115 0.00052802 0.00579892
v -0.01079115 0.00052802 0.00579892
v -0.01079115 0.00052802 0.00579892
v -0.01079115 0.00052802 0.00579892
v -0.01079115 0.00052802 0.00579892
v -0.01079115 0.00052802 0.00579892
v -0.01079115 0.00052802 0.00579892
v -0.01061585 0.00208102 0.00579892
v -0.01061585 0.00208102 0.00579892
v -0.01061585 0.00208102 0.00579892
v -0.01061585 0.00208102 0.00579892
v -0.00984923 0.00453410 0.00579892
v -0.00984923 0.00453410 0.00579892
v -0.00984923 0.00453410 0.00579892
v -0.00984923 0.00453410 0.00579892
v -0.00984923 0.00453410 0.00579892
v -0.00984923 0.00453410 0.00579892
v -0.00984923 0.00453410 0.00579892
v -0.00984923 0.00453410 0.00579892
v -0.00984923 0.00453410 0.00579892
v -0.00984923 0.00453410 0.00579892
v -0.01144495 0.00208102 0.00825202
v -0.01144495 0.00208102 0.00825202
v -0.01144495 0.00208102 0.00825202
v -0.01144495 0.00208102 0.00825202
v -0.01144495 0.00208102 0.00825202
v -0.01144495 0.00208102 0.00825202
v -0.01144495 0.00208102 0.00825202
v -0.01079115 0.00208102 0.00634172
v -0.01079115 0.00208102 0.00634172
v -0.01079115 0.00208102 0.00634172
v -0.01079115 0.00208102 0.00634172
v -0.01079115 0.00208102 0.00634172
v -0.01079115 0.00440533 0.00825202
v -0.01079115 0.00440533 0.00825202
v -0.01079115 0.00440533 0.00825202
v -0.01079115 0.00440533 0.00825202
v -0.01079115 0.00440533 0.00825202
v -0.01073965 0.00453410 0.00825202
v -0.01073965 0.00453410 0.00825202
v -0.01073965 0.00453410 0.00825202
v -0.01073965 0.00453410 0.00825202
v -0.00833803 0.00684885 0.00579892
v -0.00833803 0.00684885 0.00579892
v -0.00833803 0.00684885 0.00579892
v -0.00833803 0.00684885 0.00579892
v -0.00833803 0.00684885 0.00579892
v -0.00931471 0.00698717 0.00825202
v -0.00931471 0.00698717 0.00825202
v -0.00931471 0.00698717 0.00825202
v -0.00931471 0.00698717 0.00825202
v -0.00931471 0.00698717 0.00825202
v -0.00931471 0.00698717 0.00825202
v -0.00931471 0.00698717 0.00825202
v -0.00833803 0.00698717 0.00610112
v -0.00833803 0.00698717 0.00610112
v -0.00833803 0.00698717 0.00610112
v -0.00833803 0.00698717 0.00610112
v -0.00833803 0.00698717 0.00610112
v -0.00833803 0.00698717 0.00610112
v -0.00833803 0.00806469 0.00825202
v -0.00833803 0.00806469 0.00825202
v -0.00833803 0.00806469 0.00825202
v -0.00833803 0.00806469 0.00825202
v -0.00833803 0.00806469 0.00825202
v -0.00833803 0.00806469 0.00825202
v -0.00833803 0.00806469 0.00825202
v -0.01324415 0.00314595 0.01315822
v -0.01324415 0.00314595 0.01315822
v -0.01324415 0.00314595 0.01315822
v -0.01324415 0.00314595 0.01315822
v -0.01324415 0.00314595 0.01315822
v -0.01324415 0.00314595 0.01315822
v -0.01324415 0.00314595 0.01315822
v -0.01242155 0.00208102 0.01070512
v -0.01242155 0.00208102 0.01070512
v -0.01242155 0.00208102 0.01070512
v -0.01242155 0.00208102 0.01070512
v -0.01242155 0.00208102 0.01070512
v -0.01242155 0.00208102 0.01070512
v -0.01242155 0.00208102 0.01070512
v -0.01173715 0.00453410 0.01070512
v -0.01173715 0.00453410 0.01070512
v -0.01173715 0.00453410 0.01070512
v -0.01173715 0.00453410 0.01070512
v -0.01173715 0.00453410 0.01070512
v -0.01173715 0.00453410 0.01070512
v -0.01173715 0.00453410 0.01070512
v -0.01173715 0.00453410 0.01070512
v -0.01079115 0.00453410 0.00839082
v -0.01079115 0.00453410 0.00839082
v -0.01079115 0.00453410 0.00839082
v -0.01079115 0.00453410 0.00839082
v -0.01079115 0.00453410 0.00839082
v -0.01079115 0.00453410 0.00839082
v -0.01324415 0.00208102 0.01262172
v -0.01324415 0.00208102 0.01262172
v -0.01324415 0.00208102 0.01262172
v -0.01324415 0.00208102 0.01262172
v -0.01324415 0.00208102 0.01262172
v -0.01281755 0.00453410 0.01315822
v -0.01281755 0.00453410 0.01315822
v -0.01281755 0.00453410 0.01315822
v -0.01281755 0.00453410 0.01315822
v -0.01079115 0.00653607 0.01070512
v -0.01079115 0.00653607 0.01070512
v -0.01079115 0.00653607 0.01070512
v -0.01079115 0.00653607 0.01070512
v -0.01079115 0.00653607 0.01070512
v -0.01051795 0.00698717 0.01070512
v -0.01051795 0.00698717 0.01070512
v -0.01051795 0.00698717 0.01070512
v -0.01051795 0.00698717 0.01070512
v -0.01051795 0.00698717 0.01070512
v -0.01051795 0.00698717 0.01070512
v -0.00835911 0.00944025 0.01070512
v -0.00835911 0.00944025 0.01070512
v -0.00835911 0.00944025 0.01070512
v -0.00835911 0.00944025 0.01070512
v -0.00835911 0.00944025 0.01070512
v -0.00835911 0.00944025 0.01070512
v -0.00833803 0.00944025 0.01067482
v -0.00833803 0.00944025 0.01067482
v -0.00833803 0.00944025 0.01067482
v -0.00833803 0.00944025 0.01067482
v -0.00833803 0.00944025 0.01067482
v -0.00833803 0.00944025 0.01067482
v -0.01167995 0.00698717 0.01315822
v -0.01167995 0.00698717 0.01315822
v -0.01167995 0.00698717 0.01315822
v -0.01167995 0.00698717 0.01315822
v -0.01167995 0.00698717 0.01315822
v -0.01167995 0.00698717 0.01315822
v -0.01167995 0.00698717 0.01315822
v -0.01167995 0.00698717 0.01315822
v -0.01079115 0.00698717 0.01127342
v -0.01079115 0.00698717 0.01127342
v -0.01079115 0.00698717 0.01127342
v -0.01079115 0.00698717 0.01127342
v -0.01079115 0.00698717 0.01127342
v -0.01079115 0.00698717 0.01127342
v -0.01079115 0.00698717 0.01127342
v -0.01079115 0.00838534 0.01315822
v -0.01079115 0.00838534 0.01315822
v -0.01079115 0.00838534 0.01315822
v -0.01079115 0.00838534 0.01315822
v -0.00992359 0.00944025 0.01315822
v -0.00992359 0.00944025 0.01315822
v -0.00992359 0.00944025 0.01315822
v -0.00992359 0.00944025 0.01315822
v -0.00992359 0.00944025 0.01315822
v -0.00821032 0.00698717 0.00579892
v -0.00821032 0.00698717 0.00579892
v -0.00821032 0.00698717 0.00579892
v -0.00821032 0.00698717 0.00579892
v -0.00588495 0.00881185 0.00579892
v -0.00588495 0.00881185 0.00579892
v -0.00588495 0.00881185 0.00579892
v -0.00588495 0.00881185 0.00579892
v -0.00588495 0.00881185 0.00579892
v -0.00588495 0.00881185 0.00579892
v -0.00588495 0.00881185 0.00579892
v -0.00455450 0.00944025 0.00579892
v -0.00455450 0.00944025 0.00579892
v -0.00455450 0.00944025 0.00579892
v -0.00455450 0.00944025 0.00579892
v -0.00455450 0.00944025 0.00579892
v -0.00455450 0.00944025 0.00579892
v -0.00343188 0.00944025 0.00460732
v -0.00343188 0.00944025 0.00460732
v -0.00343188 0.00944025 0.00460732
v -0.00343188 0.00944025 0.00460732
v -0.00343188 0.00944025 0.00460732
v -0.00343188 0.00944025 0.00460732
v -0.00653258 0.00944025 0.00825202
v -0.00653258 0.00944025 0.00825202
v -0.00653258 0.00944025 0.00825202
v -0.00653258 0.00944025 0.00825202
v -0.00653258 0.00944025 0.00825202
v -0.00588495 0.00944025 0.00741322
v -0.00588495 0.00944025 0.00741322
v -0.00588495 0.00944025 0.00741322
v -0.00588495 0.00944025 0.00741322
v -0.00588495 0.00944025 0.00741322
v -0.00588495 0.00944025 0.00741322
v -0.00833803 0.00945775 0.01070512
v -0.00833803 0.00945775 0.01070512
v -0.00833803 0.00945775 0.01070512
v -0.00833803 0.00945775 0.01070512
v -0.00833803 0.01081075 0.01315822
v -0.00833803 0.01081075 0.01315822
v -0.00833803 0.01081075 0.01315822
v -0.00833803 0.01081075 0.01315822
v -0.00833803 0.01081075 0.01315822
v -0.00833803 0.01081075 0.01315822
v -0.00833803 0.01081075 0.01315822
v -0.00833803 0.01081075 0.01315822
v -0.00343188 0.00978985 0.00579892
v -0.00343188 0.00978985 0.00579892
v -0.00343188 0.00978985 0.00579892
v -0.00343188 0.00978985 0.00579892
v -0.00588495 0.00979605 0.00825202
v -0.00588495 0.00979605 0.00825202
v -0.00588495 0.00979605 0.00825202
v -0.00588495 0.00979605 0.00825202
v -0.00343188 0.01068225 0.00825202
v -0.00343188 0.01068225 0.00825202
v -0.00343188 0.01068225 0.00825202
v -0.00343188 0.01068225 0.00825202
v -0.00343188 0.01068225 0.00825202
v -0.00343188 0.01068225 0.00825202
v -0.00343188 0.01068225 0.00825202
v -0.00343188 0.01068225 0.00825202
v -0.00343188 0.01068225 0.00825202
v -0.00097880 0.01008595 0.00579892
v -0.00097880 0.01008595 0.00579892
v -0.00097880 0.01008595 0.00579892
v -0.00097880 0.01008595 0.00579892
v -0.00097880 0.01008595 0.00579892
v -0.00097880 0.01008595 0.00579892
v -0.00097880 0.01008595 0.00579892
v -0.00097880 0.01008595 0.00579892
v -0.00097880 0.01008595 0.00579892
v -0.00097880 0.01008595 0.00579892
v -0.00097880 0.01093405 0.00825202
v -0.00097880 0.01093405 0.00825202
v -0.00097880 0.01093405 0.00825202
v -0.00097880 0.01093405 0.00825202
v -0.00097880 0.01093405 0.00825202
v -0.00097880 0.01093405 0.00825202
v -0.00588495 0.01096975 0.01070512
v -0.00588495 0.01096975 0.01070512
v -0.00588495 0.01096975 0.01070512
v -0.00588495 0.01096975 0.01070512
v -0.00588495 0.01096975 0.01070512
v -0.00588495 0.01096975 0.01070512
v -0.00588495 0.01096975 0.01070512
v -0.00588495 0.01096975 0.01070512
v -0.00588495 0.01096975 0.01070512
v -0.00588495 0.01096975 0.01070512
v -0.00343188 0.01174555 0.01070512
v -0.00343188 0.01174555 0.01070512
v -0.00343188 0.01174555 0.01070512
v -0.00343188 0.01174555 0.01070512
v -0.00639937 0.01189335 0.01315822
v -0.00639937 0.01189335 0.01315822
v -0.00639937 0.01189335 0.01315822
v -0.00639937 0.01189335 0.01315822
v -0.00639937 0.01189335 0.01315822
v -0.00639937 0.01189335 0.01315822
v -0.00588495 0.01189335 0.01267012
v -0.00588495 0.01189335 0.01267012
v -0.00588495 0.01189335 0.01267012
v -0.00588495 0.01189335 0.01267012
v -0.00588495 0.01189335 0.01267012
v -0.00343188 0.01189335 0.01103722
v -0.00343188 0.01189335 0.01103722
v -0.00343188 0.01189335 0.01103722
v -0.00343188 0.01189335 0.01103722
v -0.00343188 0.01189335 0.01103722
v -0.00588495 0.01210585 0.01315822
v -0.00588495 0.01210585 0.01315822
v -0.00588495 0.01210585 0.01315822
v -0.00588495 0.01210585 0.01315822
v -0.00343188 0.01282575 0.01315822
v -0.00343188 0.01282575 0.01315822
v -0.00343188 0.01282575 0.01315822
v -0.00343188 0.01282575 0.01315822
v -0.00343188 0.01282575 0.01315822
v -0.00343188 0.01282575 0.01315822
v -0.00343188 0.01282575 0.01315822
v -0.00246278 0.01189335 0.01070512
v -0.00246278 0.01189335 0.01070512
v -0.00246278 0.01189335 0.01070512
v -0.00246278 0.01189335 0.01070512
v -0.00246278 0.01189335 0.01070512
v -0.00246278 0.01189335 0.01070512
v -0.00246278 0.01189335 0.01070512
v -0.00246278 0.01189335 0.01070512
v -0.00097880 0.01189335 0.01053282
v -0.00097880 0.01189335 0.01053282
v -0.00097880 0.01189335 0.01053282
v -0.00097880 0.01189335 0.01053282
v 0.00038155 0.01189335 0.01070512
v 0.00038155 0.01189335 0.01070512
v 0.00038155 0.01189335 0.01070512
v 0.00038155 0.01189335 0.01070512
v 0.00038155 0.01189335 0.01070512
v 0.00038155 0.01189335 0.01070512
v 0.00038155 0.01189335 0.01070512
v 0.00038155 0.01189335 0.01070512
v -0.00097880 0.01196955 0.01070512
v -0.00097880 0.01196955 0.01070512
v -0.00097880 0.01196955 0.01070512
v -0.00097880 0.01196955 0.01070512
v -0.00097880 0.01308025 0.01315822
v -0.00097880 0.01308025 0.01315822
v -0.00097880 0.01308025 0.01315822
v -0.00097880 0.01308025 0.01315822
v -0.00097880 0.01308025 0.01315822
v -0.00097880 0.01308025 0.01315822
v -0.00097880 0.01308025 0.01315822
v -0.00097880 0.01308025 0.01315822
v -0.01347415 0.00208102 0.01315822
v -0.01347415 0.00208102 0.01315822
v -0.01347415 0.00208102 0.01315822
v -0.01347415 0.00208102 0.01315822
v -0.01447675 0.00208102 0.01561132
v -0.01447675 0.00208102 0.01561132
v -0.01447675 0.00208102 0.01561132
v -0.01447675 0.00208102 0.01561132
v -0.01447675 0.00208102 0.01561132
v -0.01447675 0.00208102 0.01561132
v -0.01447675 0.00208102 0.01561132
v -0.01447675 0.00208102 0.01561132
v -0.01380445 0.00453410 0.01561132
v -0.01380445 0.00453410 0.01561132
v -0.01380445 0.00453410 0.01561132
v -0.01380445 0.00453410 0.01561132
v -0.01324415 0.00453410 0.01417832
v -0.01324415 0.00453410 0.01417832
v -0.01324415 0.00453410 0.01417832
v -0.01324415 0.00453410 0.01417832
v -0.01324415 0.00453410 0.01417832
v -0.01324415 0.00453410 0.01417832
v -0.01526465 0.00208102 0.01806432
v -0.01526465 0.00208102 0.01806432
v -0.01526465 0.00208102 0.01806432
v -0.01526465 0.00208102 0.01806432
v -0.01526465 0.00208102 0.01806432
v -0.01526465 0.00208102 0.01806432
v -0.01526465 0.00208102 0.01806432
v -0.01460275 0.00453410 0.01806432
v -0.01460275 0.00453410 0.01806432
v -0.01460275 0.00453410 0.01806432
v -0.01460275 0.00453410 0.01806432
v -0.01460275 0.00453410 0.01806432
v -0.01460275 0.00453410 0.01806432
v -0.01460275 0.00453410 0.01806432
v -0.01460275 0.00453410 0.01806432
v -0.01324415 0.00594567 0.01561132
v -0.01324415 0.00594567 0.01561132
v -0.01324415 0.00594567 0.01561132
v -0.01324415 0.00594567 0.01561132
v -0.01324415 0.00594567 0.01561132
v -0.01324415 0.00594567 0.01561132
v -0.01353925 0.00698717 0.01806432
v -0.01353925 0.00698717 0.01806432
v -0.01353925 0.00698717 0.01806432
v -0.01353925 0.00698717 0.01806432
v -0.01324415 0.00698717 0.01705542
v -0.01324415 0.00698717 0.01705542
v -0.01324415 0.00698717 0.01705542
v -0.01324415 0.00698717 0.01705542
v -0.01324415 0.00698717 0.01705542
v -0.01324415 0.00698717 0.01705542
v -0.01324415 0.00754040 0.01806432
v -0.01324415 0.00754040 0.01806432
v -0.01324415 0.00754040 0.01806432
v -0.01324415 0.00754040 0.01806432
v -0.01324415 0.00754040 0.01806432
v -0.01273495 0.00698717 0.01561132
v -0.01273495 0.00698717 0.01561132
v -0.01273495 0.00698717 0.01561132
v -0.01273495 0.00698717 0.01561132
v -0.01273495 0.00698717 0.01561132
v -0.01273495 0.00698717 0.01561132
v -0.01111875 0.00944025 0.01561132
v -0.01111875 0.00944025 0.01561132
v -0.01111875 0.00944025 0.01561132
v -0.01111875 0.00944025 0.01561132
v -0.01079115 0.00944025 0.01485922
v -0.01079115 0.00944025 0.01485922
v -0.01079115 0.00944025 0.01485922
v -0.01079115 0.00944025 0.01485922
v -0.01079115 0.00944025 0.01485922
v -0.01079115 0.00944025 0.01485922
v -0.01079115 0.00944025 0.01485922
v -0.01079115 0.00944025 0.01485922
v -0.01199105 0.00944025 0.01806432
v -0.01199105 0.00944025 0.01806432
v -0.01199105 0.00944025 0.01806432
v -0.01199105 0.00944025 0.01806432
v -0.01199105 0.00944025 0.01806432
v -0.01199105 0.00944025 0.01806432
v -0.01199105 0.00944025 0.01806432
v -0.01199105 0.00944025 0.01806432
v -0.01573475 0.00208102 0.02051742
v -0.01573475 0.00208102 0.02051742
v -0.01573475 0.00208102 0.02051742
v -0.01573475 0.00208102 0.02051742
v -0.01569725 0.00208102 0.02023342
v -0.01569725 0.00208102 0.02023342
v -0.01569725 0.00208102 0.02023342
v -0.01569725 0.00208102 0.02023342
v -0.01569725 0.00208102 0.02023342
v -0.01569725 0.00208102 0.02023342
v -0.01569725 0.00227839 0.02051742
v -0.01569725 0.00227839 0.02051742
v -0.01569725 0.00227839 0.02051742
v -0.01569725 0.00227839 0.02051742
v -0.01569725 0.00227839 0.02051742
v -0.01509025 0.00453410 0.02051742
v -0.01509025 0.00453410 0.02051742
v -0.01509025 0.00453410 0.02051742
v -0.01509025 0.00453410 0.02051742
v -0.01509025 0.00453410 0.02051742
v -0.01509025 0.00453410 0.02051742
v -0.01509025 0.00453410 0.02051742
v -0.01509025 0.00453410 0.02051742
v -0.01579475 0.00208102 0.02297052
v -0.01579475 0.00208102 0.02297052
v -0.01579475 0.00208102 0.02297052
v -0.01579475 0.00208102 0.02297052
v -0.01579475 0.00208102 0.02297052
v -0.01579475 0.00208102 0.02297052
v -0.01569725 0.00257173 0.02297052
v -0.01569725 0.00257173 0.02297052
v -0.01569725 0.00257173 0.02297052
v -0.01569725 0.00257173 0.02297052
v -0.01569725 0.00257173 0.02297052
v -0.01515365 0.00453410 0.02297052
v -0.01515365 0.00453410 0.02297052
v -0.01515365 0.00453410 0.02297052
v -0.01515365 0.00453410 0.02297052
v -0.01515365 0.00453410 0.02297052
v -0.01402415 0.00698717 0.02051742
v -0.01402415 0.00698717 0.02051742
v -0.01402415 0.00698717 0.02051742
v -0.01402415 0.00698717 0.02051742
v -0.01402415 0.00698717 0.02051742
v -0.01402415 0.00698717 0.02051742
v -0.01324415 0.00836742 0.02051742
v -0.01324415 0.00836742 0.02051742
v -0.01324415 0.00836742 0.02051742
v -0.01324415 0.00836742 0.02051742
v -0.01324415 0.00836742 0.02051742
v -0.01324415 0.00836742 0.02051742
v -0.01411435 0.00698717 0.02297052
v -0.01411435 0.00698717 0.02297052
v -0.01411435 0.00698717 0.02297052
v -0.01411435 0.00698717 0.02297052
v -0.01411435 0.00698717 0.02297052
v -0.01411435 0.00698717 0.02297052
v -0.01411435 0.00698717 0.02297052
v -0.01411435 0.00698717 0.02297052
v -0.01324415 0.00852705 0.02297052
v -0.01324415 0.00852705 0.02297052
v -0.01324415 0.00852705 0.02297052
v -0.01324415 0.00852705 0.02297052
v -0.01324415 0.00852705 0.02297052
v -0.01324415 0.00852705 0.02297052
v -0.01249275 0.00944025 0.02051742
v -0.01249275 0.00944025 0.02051742
v -0.01249275 0.00944025 0.02051742
v -0.01249275 0.00944025 0.02051742
v -0.01249275 0.00944025 0.02051742
v -0.01249275 0.00944025 0.02051742
v -0.01249275 0.00944025 0.02051742
v -0.01258495 0.00944025 0.02297052
v -0.01258495 0.00944025 0.02297052
v -0.01258495 0.00944025 0.02297052
v -0.01258495 0.00944025 0.02297052
v -0.01258495 0.00944025 0.02297052
v -0.01079115 0.00982915 0.01561132
v -0.01079115 0.00982915 0.01561132
v -0.01079115 0.00982915 0.01561132
v -0.01079115 0.00982915 0.01561132
v -0.01079115 0.00982915 0.01561132
v -0.01079115 0.00982915 0.01561132
v -0.01079115 0.00982915 0.01561132
v -0.00833803 0.01188565 0.01561132
v -0.00833803 0.01188565 0.01561132
v -0.00833803 0.01188565 0.01561132
v -0.00833803 0.01188565 0.01561132
v -0.00833803 0.01188565 0.01561132
v -0.01079115 0.01080075 0.01806432
v -0.01079115 0.01080075 0.01806432
v -0.01079115 0.01080075 0.01806432
v -0.01079115 0.01080075 0.01806432
v -0.01079115 0.01080075 0.01806432
v -0.01079115 0.01080075 0.01806432
v -0.00948668 0.01189335 0.01806432
v -0.00948668 0.01189335 0.01806432
v -0.00948668 0.01189335 0.01806432
v -0.00948668 0.01189335 0.01806432
v -0.00948668 0.01189335 0.01806432
v -0.00948668 0.01189335 0.01806432
v -0.00833803 0.01189335 0.01563242
v -0.00833803 0.01189335 0.01563242
v -0.00833803 0.01189335 0.01563242
v -0.00833803 0.01189335 0.01563242
v -0.00833803 0.01189335 0.01563242
v -0.00833803 0.01189335 0.01563242
v -0.00833803 0.01262615 0.01806432
v -0.00833803 0.01262615 0.01806432
v -0.00833803 0.01262615 0.01806432
v -0.00833803 0.01262615 0.01806432
v -0.01079115 0.01127845 0.02051742
v -0.01079115 0.01127845 0.02051742
v -0.01079115 0.01127845 0.02051742
v -0.01079115 0.01127845 0.02051742
v -0.01004125 0.01189335 0.02051742
v -0.01004125 0.01189335 0.02051742
v -0.01004125 0.01189335 0.02051742
v -0.01004125 0.01189335 0.02051742
v -0.01004125 0.01189335 0.02051742
v -0.01004125 0.01189335 0.02051742
v -0.01004125 0.01189335 0.02051742
v -0.00833803 0.01300325 0.02051742
v -0.00833803 0.01300325 0.02051742
v -0.00833803 0.01300325 0.02051742
v -0.00833803 0.01300325 0.02051742
v -0.00833803 0.01300325 0.02051742
v -0.00833803 0.01300325 0.02051742
v -0.00833803 0.01300325 0.02051742
v -0.01079115 0.01129485 0.02297052
v -0.01079115 0.01129485 0.02297052
v -0.01079115 0.01129485 0.02297052
v -0.01079115 0.01129485 0.02297052
v -0.01079115 0.01129485 0.02297052
v -0.01079115 0.01129485 0.02297052
v -0.01002435 0.01189335 0.02297052
v -0.01002435 0.01189335 0.02297052
v -0.01002435 0.01189335 0.02297052
v -0.01002435 0.01189335 0.02297052
v -0.01002435 0.01189335 0.02297052
v -0.00833803 0.01296045 0.02297052
v -0.00833803 0.01296045 0.02297052
v -0.00833803 0.01296045 0.02297052
v -0.00833803 0.01296045 0.02297052
v -0.00833803 0.01296045 0.02297052
v -0.00833803 0.01296045 0.02297052
v -0.00833803 0.01296045 0.02297052
v -0.00832534 0.01189335 0.01561132
v -0.00832534 0.01189335 0.01561132
v -0.00832534 0.01189335 0.01561132
v -0.00832534 0.01189335 0.01561132
v -0.00832534 0.01189335 0.01561132
v -0.00832534 0.01189335 0.01561132
v -0.00588495 0.01307355 0.01561132
v -0.00588495 0.01307355 0.01561132
v -0.00588495 0.01307355 0.01561132
v -0.00588495 0.01307355 0.01561132
v -0.00588495 0.01307355 0.01561132
v -0.00588495 0.01307355 0.01561132
v -0.00588495 0.01307355 0.01561132
v -0.00343188 0.01379525 0.01561132
v -0.00343188 0.01379525 0.01561132
v -0.00343188 0.01379525 0.01561132
v -0.00343188 0.01379525 0.01561132
v -0.00343188 0.01379525 0.01561132
v -0.00343188 0.01379525 0.01561132
v -0.00343188 0.01379525 0.01561132
v -0.00588495 0.01380355 0.01806432
v -0.00588495 0.01380355 0.01806432
v -0.00588495 0.01380355 0.01806432
v -0.00588495 0.01380355 0.01806432
v -0.00588495 0.01380355 0.01806432
v -0.00588495 0.01380355 0.01806432
v -0.00588495 0.01380355 0.01806432
v -0.00588495 0.01380355 0.01806432
v -0.00420104 0.01434645 0.01806432
v -0.00420104 0.01434645 0.01806432
v -0.00420104 0.01434645 0.01806432
v -0.00420104 0.01434645 0.01806432
v -0.00420104 0.01434645 0.01806432
v -0.00420104 0.01434645 0.01806432
v -0.00420104 0.01434645 0.01806432
v -0.00343188 0.01434645 0.01735382
v -0.00343188 0.01434645 0.01735382
v -0.00343188 0.01434645 0.01735382
v -0.00343188 0.01434645 0.01735382
v -0.00343188 0.01434645 0.01735382
v -0.00097880 0.01408065 0.01561132
v -0.00097880 0.01408065 0.01561132
v -0.00097880 0.01408065 0.01561132
v -0.00097880 0.01408065 0.01561132
v -0.00097880 0.01434645 0.01636472
v -0.00097880 0.01434645 0.01636472
v -0.00097880 0.01434645 0.01636472
v -0.00097880 0.01434645 0.01636472
v -0.00097880 0.01434645 0.01636472
v -0.00097880 0.01434645 0.01636472
v -0.00343188 0.01453085 0.01806432
v -0.00343188 0.01453085 0.01806432
v -0.00343188 0.01453085 0.01806432
v -0.00343188 0.01453085 0.01806432
v -0.00097880 0.01485325 0.01806432
v -0.00097880 0.01485325 0.01806432
v -0.00097880 0.01485325 0.01806432
v -0.00097880 0.01485325 0.01806432
v -0.00097880 0.01485325 0.01806432
v -0.00097880 0.01485325 0.01806432
v -0.00097880 0.01485325 0.01806432
v -0.00097880 0.01485325 0.01806432
v -0.00588495 0.01419885 0.02051742
v -0.00588495 0.01419885 0.02051742
v -0.00588495 0.01419885 0.02051742
v -0.00588495 0.01419885 0.02051742
v -0.00549892 0.01434645 0.02051742
v -0.00549892 0.01434645 0.02051742
v -0.00549892 0.01434645 0.02051742
v -0.00549892 0.01434645 0.02051742
v -0.00549892 0.01434645 0.02051742
v -0.00549892 0.01434645 0.02051742
v -0.00588495 0.01417485 0.02297052
v -0.00588495 0.01417485 0.02297052
v -0.00588495 0.01417485 0.02297052
v -0.00588495 0.01417485 0.02297052
v -0.00588495 0.01417485 0.02297052
v -0.00588495 0.01417485 0.02297052
v -0.00545320 0.01434645 0.02297052
v -0.00545320 0.01434645 0.02297052
v -0.00545320 0.01434645 0.02297052
v -0.00545320 0.01434645 0.02297052
v -0.00545320 0.01434645 0.02297052
v -0.00545320 0.01434645 0.02297052
v -0.00343188 0.01496255 0.02051742
v -0.00343188 0.01496255 0.02051742
v -0.00343188 0.01496255 0.02051742
v -0.00343188 0.01496255 0.02051742
v -0.00343188 0.01496255 0.02051742
v -0.00343188 0.01496255 0.02051742
v -0.00343188 0.01496255 0.02051742
v -0.00343188 0.01497355 0.02297052
v -0.00343188 0.01497355 0.02297052
v -0.00343188 0.01497355 0.02297052
v -0.00343188 0.01497355 0.02297052
v -0.00343188 0.01497355 0.02297052
v -0.00343188 0.01497355 0.02297052
v -0.00343188 0.01497355 0.02297052
v -0.00097880 0.01531895 0.02051742
v -0.00097880 0.01531895 0.02051742
v -0.00097880 0.01531895 0.02051742
v -0.00097880 0.01531895 0.02051742
v -0.00097880 0.01531895 0.02051742
v -0.00097880 0.01531895 0.02051742
v -0.00097880 0.01535005 0.02297052
v -0.00097880 0.01535005 0.02297052
v -0.00097880 0.01535005 0.02297052
v -0.00097880 0.01535005 0.02297052
v -0.01569725 0.00208102 0.02392172
v -0.01569725 0.00208102 0.02392172
v -0.01569725 0.00208102 0.02392172
v -0.01569725 0.00208102 0.02392172
v -0.01569725 0.00208102 0.02392172
v -0.01569725 0.00208102 0.02392172
v -0.01569725 0.00208102 0.02392172
v -0.01540185 0.00208102 0.02542362
v -0.01540185 0.00208102 0.02542362
v -0.01540185 0.00208102 0.02542362
v -0.01540185 0.00208102 0.02542362
v -0.01540185 0.00208102 0.02542362
v -0.01540185 0.00208102 0.02542362
v -0.01477995 0.00453410 0.02542362
v -0.01477995 0.00453410 0.02542362
v -0.01477995 0.00453410 0.02542362
v -0.01477995 0.00453410 0.02542362
v -0.01477995 0.00453410 0.02542362
v -0.01477995 0.00453410 0.02542362
v -0.01477995 0.00453410 0.02542362
v -0.01477995 0.00453410 0.02542362
v -0.01477995 0.00453410 0.02542362
v -0.01438865 0.00208102 0.02787672
v -0.01438865 0.00208102 0.02787672
v -0.01438865 0.00208102 0.02787672
v -0.01438865 0.00208102 0.02787672
v -0.01438865 0.00208102 0.02787672
v -0.01438865 0.00208102 0.02787672
v -0.01438865 0.00208102 0.02787672
v -0.01385275 0.00453410 0.02787672
v -0.01385275 0.00453410 0.02787672
v -0.01385275 0.00453410 0.02787672
v -0.01385275 0.00453410 0.02787672
v -0.01376325 0.00698717 0.02542362
v -0.01376325 0.00698717 0.02542362
v -0.01376325 0.00698717 0.02542362
v -0.01376325 0.00698717 0.02542362
v -0.01324415 0.00794189 0.02542362
v -0.01324415 0.00794189 0.02542362
v -0.01324415 0.00794189 0.02542362
v -0.01324415 0.00794189 0.02542362
v -0.01324415 0.00794189 0.02542362
v -0.01324415 0.00612208 0.02787672
v -0.01324415 0.00612208 0.02787672
v -0.01324415 0.00612208 0.02787672
v -0.01324415 0.00612208 0.02787672
v -0.01324415 0.00612208 0.02787672
v -0.01324415 0.00612208 0.02787672
v -0.01324415 0.00612208 0.02787672
v -0.01324415 0.00698717 0.02699232
v -0.01324415 0.00698717 0.02699232
v -0.01324415 0.00698717 0.02699232
v -0.01324415 0.00698717 0.02699232
v -0.01324415 0.00698717 0.02699232
v -0.01324415 0.00698717 0.02699232
v -0.01324415 0.00698717 0.02699232
v -0.01218195 0.00944025 0.02542362
v -0.01218195 0.00944025 0.02542362
v -0.01218195 0.00944025 0.02542362
v -0.01218195 0.00944025 0.02542362
v -0.01218195 0.00944025 0.02542362
v -0.01218195 0.00944025 0.02542362
v -0.01218195 0.00944025 0.02542362
v -0.01280125 0.00698717 0.02787672
v -0.01280125 0.00698717 0.02787672
v -0.01280125 0.00698717 0.02787672
v -0.01280125 0.00698717 0.02787672
v -0.01280125 0.00698717 0.02787672
v -0.01280125 0.00698717 0.02787672
v -0.01104385 0.00944025 0.02787672
v -0.01104385 0.00944025 0.02787672
v -0.01104385 0.00944025 0.02787672
v -0.01104385 0.00944025 0.02787672
v -0.01104385 0.00944025 0.02787672
v -0.01324415 0.00208102 0.02935972
v -0.01324415 0.00208102 0.02935972
v -0.01324415 0.00208102 0.02935972
v -0.01324415 0.00208102 0.02935972
v -0.01324415 0.00208102 0.02935972
v -0.01324415 0.00453410 0.02884572
v -0.01324415 0.00453410 0.02884572
v -0.01324415 0.00453410 0.02884572
v -0.01324415 0.00453410 0.02884572
v -0.01324415 0.00453410 0.02884572
v -0.01202735 0.00208102 0.03032972
v -0.01202735 0.00208102 0.03032972
v -0.01202735 0.00208102 0.03032972
v -0.01202735 0.00208102 0.03032972
v -0.01202735 0.00208102 0.03032972
v -0.01172185 0.00453410 0.03032972
v -0.01172185 0.00453410 0.03032972
v -0.01172185 0.00453410 0.03032972
v -0.01172185 0.00453410 0.03032972
v -0.01172185 0.00453410 0.03032972
v -0.01172185 0.00453410 0.03032972
v -0.01172185 0.00453410 0.03032972
v -0.01079115 0.00208102 0.03097662
v -0.01079115 0.00208102 0.03097662
v -0.01079115 0.00208102 0.03097662
v -0.01079115 0.00208102 0.03097662
v -0.01079115 0.00208102 0.03097662
v -0.01079115 0.00208102 0.03097662
v -0.01079115 0.00208102 0.03097662
v -0.01079115 0.00208102 0.03097662
v -0.00833803 0.00208102 0.03171182
v -0.00833803 0.00208102 0.03171182
v -0.00833803 0.00208102 0.03171182
v -0.00833803 0.00208102 0.03171182
v -0.00833803 0.00208102 0.03171182
v -0.01079115 0.00453410 0.03089182
v -0.01079115 0.00453410 0.03089182
v -0.01079115 0.00453410 0.03089182
v -0.01079115 0.00453410 0.03089182
v -0.01079115 0.00453410 0.03089182
v -0.00833803 0.00453410 0.03176322
v -0.00833803 0.00453410 0.03176322
v -0.00833803 0.00453410 0.03176322
v -0.00833803 0.00453410 0.03176322
v -0.00833803 0.00453410 0.03176322
v -0.00833803 0.00453410 0.03176322
v -0.00833803 0.00453410 0.03176322
v -0.01079115 0.00674203 0.03032972
v -0.01079115 0.00674203 0.03032972
v -0.01079115 0.00674203 0.03032972
v -0.01079115 0.00674203 0.03032972
v -0.01079115 0.00674203 0.03032972
v -0.01079115 0.00674203 0.03032972
v -0.01079115 0.00674203 0.03032972
v -0.01079115 0.00698717 0.03022192
v -0.01079115 0.00698717 0.03022192
v -0.01079115 0.00698717 0.03022192
v -0.01079115 0.00698717 0.03022192
v -0.01064945 0.00698717 0.03032972
v -0.01064945 0.00698717 0.03032972
v -0.01064945 0.00698717 0.03032972
v -0.01064945 0.00698717 0.03032972
v -0.01064945 0.00698717 0.03032972
v -0.01079115 0.00944025 0.02824442
v -0.01079115 0.00944025 0.02824442
v -0.01079115 0.00944025 0.02824442
v -0.01079115 0.00944025 0.02824442
v -0.01079115 0.00944025 0.02824442
v -0.01079115 0.00944025 0.02824442
v -0.01079115 0.00944025 0.02824442
v -0.00856523 0.00944025 0.03032972
v -0.00856523 0.00944025 0.03032972
v -0.00856523 0.00944025 0.03032972
v -0.00856523 0.00944025 0.03032972
v -0.00856523 0.00944025 0.03032972
v -0.00856523 0.00944025 0.03032972
v -0.00833803 0.00698717 0.03151232
v -0.00833803 0.00698717 0.03151232
v -0.00833803 0.00698717 0.03151232
v -0.00833803 0.00698717 0.03151232
v -0.00833803 0.00698717 0.03151232
v -0.00833803 0.00698717 0.03151232
v -0.00833803 0.00698717 0.03151232
v -0.00833803 0.00698717 0.03151232
v -0.00833803 0.00944025 0.03046332
v -0.00833803 0.00944025 0.03046332
v -0.00833803 0.00944025 0.03046332
v -0.00833803 0.00944025 0.03046332
v -0.00588495 0.00208102 0.03191242
v -0.00588495 0.00208102 0.03191242
v -0.00588495 0.00208102 0.03191242
v -0.00588495 0.00208102 0.03191242
v -0.00588495 0.00208102 0.03191242
v -0.00343188 0.00208102 0.03189342
v -0.00343188 0.00208102 0.03189342
v -0.00343188 0.00208102 0.03189342
v -0.00343188 0.00208102 0.03189342
v -0.00343188 0.00208102 0.03189342
v -0.00343188 0.00208102 0.03189342
v -0.00343188 0.00208102 0.03189342
v -0.00588495 0.00453410 0.03206812
v -0.00588495 0.00453410 0.03206812
v -0.00588495 0.00453410 0.03206812
v -0.00588495 0.00453410 0.03206812
v -0.00588495 0.00453410 0.03206812
v -0.00343188 0.00453410 0.03215552
v -0.00343188 0.00453410 0.03215552
v -0.00343188 0.00453410 0.03215552
v -0.00343188 0.00453410 0.03215552
v -0.00343188 0.00453410 0.03215552
v -0.00343188 0.00453410 0.03215552
v -0.00097880 0.00208102 0.03189732
v -0.00097880 0.00208102 0.03189732
v -0.00097880 0.00208102 0.03189732
v -0.00097880 0.00208102 0.03189732
v -0.00097880 0.00208102 0.03189732
v -0.00097880 0.00208102 0.03189732
v -0.00097880 0.00453410 0.03221472
v -0.00097880 0.00453410 0.03221472
v -0.00097880 0.00453410 0.03221472
v -0.00097880 0.00453410 0.03221472
v -0.00097880 0.00453410 0.03221472
v -0.00097880 0.00453410 0.03221472
v -0.00097880 0.00453410 0.03221472
v -0.00588495 0.00698717 0.03208022
v -0.00588495 0.00698717 0.03208022
v -0.00588495 0.00698717 0.03208022
v -0.00588495 0.00698717 0.03208022
v -0.00588495 0.00698717 0.03208022
v -0.00588495 0.00698717 0.03208022
v -0.00588495 0.00698717 0.03208022
v -0.00343188 0.00698717 0.03233052
v -0.00343188 0.00698717 0.03233052
v -0.00343188 0.00698717 0.03233052
v -0.00343188 0.00698717 0.03233052
v -0.00343188 0.00698717 0.03233052
v -0.00343188 0.00698717 0.03233052
v -0.00588495 0.00944025 0.03143622
v -0.00588495 0.00944025 0.03143622
v -0.00588495 0.00944025 0.03143622
v -0.00588495 0.00944025 0.03143622
v -0.00588495 0.00944025 0.03143622
v -0.00588495 0.00944025 0.03143622
v -0.00343188 0.00944025 0.03187532
v -0.00343188 0.00944025 0.03187532
v -0.00343188 0.00944025 0.03187532
v -0.00343188 0.00944025 0.03187532
v -0.00343188 0.00944025 0.03187532
v -0.00343188 0.00944025 0.03187532
v -0.00343188 0.00944025 0.03187532
v -0.00097880 0.00698717 0.03243462
v -0.00097880 0.00698717 0.03243462
v -0.00097880 0.00698717 0.03243462
v -0.00097880 0.00698717 0.03243462
v -0.00097880 0.00944025 0.03199312
v -0.00097880 0.00944025 0.03199312
v -0.00097880 0.00944025 0.03199312
v -0.00097880 0.00944025 0.03199312
v -0.00097880 0.00944025 0.03199312
v -0.00097880 0.00944025 0.03199312
v -0.00097880 0.00944025 0.03199312
v -0.00097880 0.00944025 0.03199312
v -0.01079115 0.01086015 0.02542362
v -0.01079115 0.01086015 0.02542362
v -0.01079115 0.01086015 0.02542362
v -0.01079115 0.01086015 0.02542362
v -0.01079115 0.01086015 0.02542362
v -0.01079115 0.01086015 0.02542362
v -0.01079115 0.01086015 0.02542362
v -0.00939002 0.01189335 0.02542362
v -0.00939002 0.01189335 0.02542362
v -0.00939002 0.01189335 0.02542362
v -0.00939002 0.01189335 0.02542362
v -0.00939002 0.01189335 0.02542362
v -0.00833803 0.01249945 0.02542362
v -0.00833803 0.01249945 0.02542362
v -0.00833803 0.01249945 0.02542362
v -0.00833803 0.01249945 0.02542362
v -0.00833803 0.01249945 0.02542362
v -0.01079115 0.00971215 0.02787672
v -0.01079115 0.00971215 0.02787672
v -0.01079115 0.00971215 0.02787672
v -0.01079115 0.00971215 0.02787672
v -0.01079115 0.00971215 0.02787672
v -0.01079115 0.00971215 0.02787672
v -0.00833803 0.01156905 0.02787672
v -0.00833803 0.01156905 0.02787672
v -0.00833803 0.01156905 0.02787672
v -0.00833803 0.01156905 0.02787672
v -0.00833803 0.01156905 0.02787672
v -0.00833803 0.01156905 0.02787672
v -0.00833803 0.01189335 0.02717962
v -0.00833803 0.01189335 0.02717962
v -0.00833803 0.01189335 0.02717962
v -0.00833803 0.01189335 0.02717962
v -0.00833803 0.01189335 0.02717962
v -0.00833803 0.01189335 0.02717962
v -0.00833803 0.01189335 0.02717962
v -0.00833803 0.00961695 0.03032972
v -0.00833803 0.00961695 0.03032972
v -0.00833803 0.00961695 0.03032972
v -0.00833803 0.00961695 0.03032972
v -0.00833803 0.00961695 0.03032972
v -0.00833803 0.00961695 0.03032972
v -0.00588495 0.01365125 0.02542362
v -0.00588495 0.01365125 0.02542362
v -0.00588495 0.01365125 0.02542362
v -0.00588495 0.01365125 0.02542362
v -0.00588495 0.01365125 0.02542362
v -0.00588495 0.01365125 0.02542362
v -0.00588495 0.01365125 0.02542362
v -0.00383302 0.01434645 0.02542362
v -0.00383302 0.01434645 0.02542362
v -0.00383302 0.01434645 0.02542362
v -0.00383302 0.01434645 0.02542362
v -0.00383302 0.01434645 0.02542362
v -0.00383302 0.01434645 0.02542362
v -0.00768555 0.01189335 0.02787672
v -0.00768555 0.01189335 0.02787672
v -0.00768555 0.01189335 0.02787672
v -0.00768555 0.01189335 0.02787672
v -0.00768555 0.01189335 0.02787672
v -0.00768555 0.01189335 0.02787672
v -0.00588495 0.01261085 0.02787672
v -0.00588495 0.01261085 0.02787672
v -0.00588495 0.01261085 0.02787672
v -0.00588495 0.01261085 0.02787672
v -0.00588495 0.01261085 0.02787672
v -0.00588495 0.01261085 0.02787672
v -0.00343188 0.01335285 0.02787672
v -0.00343188 0.01335285 0.02787672
v -0.00343188 0.01335285 0.02787672
v -0.00343188 0.01335285 0.02787672
v -0.00343188 0.01335285 0.02787672
v -0.00343188 0.01335285 0.02787672
v -0.00343188 0.01335285 0.02787672
v -0.00343188 0.01335285 0.02787672
v -0.00343188 0.01335285 0.02787672
v -0.00343188 0.01434645 0.02571912
v -0.00343188 0.01434645 0.02571912
v -0.00343188 0.01434645 0.02571912
v -0.00343188 0.01434645 0.02571912
v -0.00343188 0.01434645 0.02571912
v -0.00097880 0.01374425 0.02787672
v -0.00097880 0.01374425 0.02787672
v -0.00097880 0.01374425 0.02787672
v -0.00097880 0.01374425 0.02787672
v -0.00097880 0.01374425 0.02787672
v -0.00097880 0.01374425 0.02787672
v -0.00097880 0.01434645 0.02668192
v -0.00097880 0.01434645 0.02668192
v -0.00097880 0.01434645 0.02668192
v -0.00097880 0.01434645 0.02668192
v -0.00097880 0.01434645 0.02668192
v -0.00097880 0.01434645 0.02668192
v -0.00343188 0.01445095 0.02542362
v -0.00343188 0.01445095 0.02542362
v -0.00343188 0.01445095 0.02542362
v -0.00343188 0.01445095 0.02542362
v -0.00097880 0.01483135 0.02542362
v -0.00097880 0.01483135 0.02542362
v -0.00097880 0.01483135 0.02542362
v -0.00097880 0.01483135 0.02542362
v -0.00097880 0.01483135 0.02542362
v -0.00097880 0.01483135 0.02542362
v -0.00097880 0.01483135 0.02542362
v -0.00097880 0.01483135 0.02542362
v -0.00588495 0.01096795 0.03032972
v -0.00588495 0.01096795 0.03032972
v -0.00588495 0.01096795 0.03032972
v -0.00588495 0.01096795 0.03032972
v -0.00588495 0.01096795 0.03032972
v -0.00588495 0.01096795 0.03032972
v -0.00588495 0.01096795 0.03032972
v -0.00588495 0.01189335 0.02914962
v -0.00588495 0.01189335 0.02914962
v -0.00588495 0.01189335 0.02914962
v -0.00588495 0.01189335 0.02914962
v -0.00588495 0.01189335 0.02914962
v -0.00343188 0.01166745 0.03032972
v -0.00343188 0.01166745 0.03032972
v -0.00343188 0.01166745 0.03032972
v -0.00343188 0.01166745 0.03032972
v -0.00343188 0.01189335 0.03006702
v -0.00343188 0.01189335 0.03006702
v -0.00343188 0.01189335 0.03006702
v -0.00343188 0.01189335 0.03006702
v -0.00343188 0.01189335 0.03006702
v -0.00184935 0.01189335 0.03032972
v -0.00184935 0.01189335 0.03032972
v -0.00184935 0.01189335 0.03032972
v -0.00184935 0.01189335 0.03032972
v -0.00184935 0.01189335 0.03032972
v -0.00184935 0.01189335 0.03032972
v -0.00184935 0.01189335 0.03032972
v -0.00184935 0.01189335 0.03032972
v 0.00045371 0.01189335 0.03032972
v 0.00045371 0.01189335 0.03032972
v 0.00045371 0.01189335 0.03032972
v 0.00045371 0.01189335 0.03032972
v 0.00045371 0.01189335 0.03032972
v 0.00045371 0.01189335 0.03032972
v 0.00045371 0.01189335 0.03032972
v 0.00045371 0.01189335 0.03032972
v -0.00097880 0.01194385 0.03032972
v -0.00097880 0.01194385 0.03032972
v -0.00097880 0.01194385 0.03032972
v -0.00097880 0.01194385 0.03032972
v -0.00097880 0.01189335 0.03038262
v -0.00097880 0.01189335 0.03038262
v -0.00097880 0.01189335 0.03038262
v -0.00097880 0.01189335 0.03038262
v 0.00638045 -0.01439985 -0.02609109
v 0.00638045 -0.01439985 -0.02609109
v 0.00638045 -0.01439985 -0.02609109
v 0.00638045 -0.01439985 -0.02609109
v 0.00638045 -0.01018439 -0.02954981
v 0.00638045 -0.01018439 -0.02954981
v 0.00638045 -0.01018439 -0.02954981
v 0.00638045 -0.01018439 -0.02954981
v 0.00638045 -0.01018439 -0.02954981
v 0.00638045 -0.01018439 -0.02954981
v 0.00638045 -0.01018439 -0.02954981
v 0.00638045 -0.01018439 -0.02954981
v 0.01128665 -0.01231235 -0.02609109
v 0.01128665 -0.01231235 -0.02609109
v 0.01128665 -0.01231235 -0.02609109
v 0.01128665 -0.01231235 -0.02609109
v 0.01128665 -0.01231235 -0.02609109
v 0.01128665 -0.01018439 -0.02790022
v 0.01128665 -0.01018439 -0.02790022
v 0.01128665 -0.01018439 -0.02790022
v 0.01128665 -0.01018439 -0.02790022
v 0.01128665 -0.01018439 -0.02790022
v 0.01128665 -0.01018439 -0.02790022
v 0.01128665 -0.01018439 -0.02790022
v 0.01128665 -0.01018439 -0.02790022
v 0.01128665 -0.01018439 -0.02790022
v 0.01322545 -0.01018439 -0.02609109
v 0.01322545 -0.01018439 -0.02609109
v 0.01322545 -0.01018439 -0.02609109
v 0.01322545 -0.01018439 -0.02609109
v 0.00638045 -0.00655578 -0.03099725
v 0.00638045 -0.00655578 -0.03099725
v 0.00638045 -0.00655578 -0.03099725
v 0.00638045 -0.00655578 -0.03099725
v 0.00638045 -0.00655578 -0.03099725
v 0.00638045 -0.00527823 -0.03131264
v 0.00638045 -0.00527823 -0.03131264
v 0.00638045 -0.00527823 -0.03131264
v 0.00638045 -0.00527823 -0.03131264
v 0.00814221 -0.00527823 -0.03099725
v 0.00814221 -0.00527823 -0.03099725
v 0.00814221 -0.00527823 -0.03099725
v 0.00814221 -0.00527823 -0.03099725
v 0.00814221 -0.00527823 -0.03099725
v 0.00814221 -0.00527823 -0.03099725
v 0.00814221 -0.00527823 -0.03099725
v 0.01128665 -0.00527823 -0.02998731
v 0.01128665 -0.00527823 -0.02998731
v 0.01128665 -0.00527823 -0.02998731
v 0.01128665 -0.00527823 -0.02998731
v 0.01128665 -0.00527823 -0.02998731
v 0.01128665 -0.00527823 -0.02998731
v 0.01128665 -0.00527823 -0.02998731
v 0.01552615 -0.00527823 -0.02609109
v 0.01552615 -0.00527823 -0.02609109
v 0.01552615 -0.00527823 -0.02609109
v 0.01552615 -0.00527823 -0.02609109
v 0.01552615 -0.00527823 -0.02609109
v 0.00392737 -0.01577965 -0.02363798
v 0.00392737 -0.01577965 -0.02363798
v 0.00392737 -0.01577965 -0.02363798
v 0.00392737 -0.01577965 -0.02363798
v 0.00392737 -0.01577965 -0.02363798
v 0.00392737 -0.01577965 -0.02363798
v 0.00392737 -0.01577965 -0.02363798
v 0.00392737 -0.01577965 -0.02363798
v 0.00392737 -0.01509055 -0.02508578
v 0.00392737 -0.01509055 -0.02508578
v 0.00392737 -0.01509055 -0.02508578
v 0.00392737 -0.01509055 -0.02508578
v 0.00392737 -0.01509055 -0.02508578
v 0.00638045 -0.01578055 -0.02363798
v 0.00638045 -0.01578055 -0.02363798
v 0.00638045 -0.01578055 -0.02363798
v 0.00638045 -0.01578055 -0.02363798
v 0.00638045 -0.01578055 -0.02363798
v 0.00638045 -0.01578055 -0.02363798
v 0.00638045 -0.01509055 -0.02507208
v 0.00638045 -0.01509055 -0.02507208
v 0.00638045 -0.01509055 -0.02507208
v 0.00638045 -0.01509055 -0.02507208
v 0.00638045 -0.01509055 -0.02507208
v 0.00638045 -0.01509055 -0.02507208
v 0.00638045 -0.01509055 -0.02507208
v 0.00392737 -0.01625335 -0.02118498
v 0.00392737 -0.01625335 -0.02118498
v 0.00392737 -0.01625335 -0.02118498
v 0.00392737 -0.01625335 -0.02118498
v 0.00638045 -0.01621745 -0.02118498
v 0.00638045 -0.01621745 -0.02118498
v 0.00638045 -0.01621745 -0.02118498
v 0.00638045 -0.01621745 -0.02118498
v 0.00638045 -0.01621745 -0.02118498
v 0.00638045 -0.01621745 -0.02118498
v 0.00883353 -0.01524455 -0.02363798
v 0.00883353 -0.01524455 -0.02363798
v 0.00883353 -0.01524455 -0.02363798
v 0.00883353 -0.01524455 -0.02363798
v 0.00883353 -0.01509055 -0.02399958
v 0.00883353 -0.01509055 -0.02399958
v 0.00883353 -0.01509055 -0.02399958
v 0.00883353 -0.01509055 -0.02399958
v 0.00883353 -0.01509055 -0.02399958
v 0.00923106 -0.01509055 -0.02363798
v 0.00923106 -0.01509055 -0.02363798
v 0.00923106 -0.01509055 -0.02363798
v 0.00923106 -0.01509055 -0.02363798
v 0.00923106 -0.01509055 -0.02363798
v 0.00923106 -0.01509055 -0.02363798
v 0.00883353 -0.01572665 -0.02118498
v 0.00883353 -0.01572665 -0.02118498
v 0.00883353 -0.01572665 -0.02118498
v 0.00883353 -0.01572665 -0.02118498
v 0.00883353 -0.01572665 -0.02118498
v 0.00883353 -0.01572665 -0.02118498
v 0.00883353 -0.01572665 -0.02118498
v 0.00883353 -0.01572665 -0.02118498
v 0.01027825 -0.01509055 -0.02118498
v 0.01027825 -0.01509055 -0.02118498
v 0.01027825 -0.01509055 -0.02118498
v 0.01027825 -0.01509055 -0.02118498
v 0.01027825 -0.01509055 -0.02118498
v 0.01027825 -0.01509055 -0.02118498
v 0.00392737 -0.01441875 -0.02609109
v 0.00392737 -0.01441875 -0.02609109
v 0.00392737 -0.01441875 -0.02609109
v 0.00392737 -0.01441875 -0.02609109
v 0.00392737 -0.01441875 -0.02609109
v 0.00392737 -0.01441875 -0.02609109
v 0.00883353 -0.01382635 -0.02609109
v 0.00883353 -0.01382635 -0.02609109
v 0.00883353 -0.01382635 -0.02609109
v 0.00883353 -0.01382635 -0.02609109
v 0.00883353 -0.01382635 -0.02609109
v 0.00883353 -0.01382635 -0.02609109
v 0.00883353 -0.01382635 -0.02609109
v 0.00883353 -0.01382635 -0.02609109
v 0.01089175 -0.01263745 -0.02609109
v 0.01089175 -0.01263745 -0.02609109
v 0.01089175 -0.01263745 -0.02609109
v 0.01089175 -0.01263745 -0.02609109
v 0.01089175 -0.01263745 -0.02609109
v 0.01128665 -0.01384425 -0.02363798
v 0.01128665 -0.01384425 -0.02363798
v 0.01128665 -0.01384425 -0.02363798
v 0.01128665 -0.01384425 -0.02363798
v 0.01128665 -0.01384425 -0.02363798
v 0.01128665 -0.01384425 -0.02363798
v 0.01128665 -0.01384425 -0.02363798
v 0.01128665 -0.01263745 -0.02570504
v 0.01128665 -0.01263745 -0.02570504
v 0.01128665 -0.01263745 -0.02570504
v 0.01128665 -0.01263745 -0.02570504
v 0.01128665 -0.01263745 -0.02570504
v 0.01128665 -0.01440685 -0.02118498
v 0.01128665 -0.01440685 -0.02118498
v 0.01128665 -0.01440685 -0.02118498
v 0.01128665 -0.01440685 -0.02118498
v 0.01128665 -0.01440685 -0.02118498
v 0.00392737 -0.01609945 -0.01873188
v 0.00392737 -0.01609945 -0.01873188
v 0.00392737 -0.01609945 -0.01873188
v 0.00392737 -0.01609945 -0.01873188
v 0.00392737 -0.01609945 -0.01873188
v 0.00392737 -0.01609945 -0.01873188
v 0.00638045 -0.01599465 -0.01873188
v 0.00638045 -0.01599465 -0.01873188
v 0.00638045 -0.01599465 -0.01873188
v 0.00638045 -0.01599465 -0.01873188
v 0.00638045 -0.01599465 -0.01873188
v 0.00638045 -0.01599465 -0.01873188
v 0.00638045 -0.01599465 -0.01873188
v 0.00638045 -0.01599465 -0.01873188
v 0.00392737 -0.01563355 -0.01627878
v 0.00392737 -0.01563355 -0.01627878
v 0.00392737 -0.01563355 -0.01627878
v 0.00392737 -0.01563355 -0.01627878
v 0.00392737 -0.01563355 -0.01627878
v 0.00392737 -0.01563355 -0.01627878
v 0.00392737 -0.01563355 -0.01627878
v 0.00392737 -0.01563355 -0.01627878
v 0.00638045 -0.01539435 -0.01627878
v 0.00638045 -0.01539435 -0.01627878
v 0.00638045 -0.01539435 -0.01627878
v 0.00638045 -0.01539435 -0.01627878
v 0.00883353 -0.01547855 -0.01873188
v 0.00883353 -0.01547855 -0.01873188
v 0.00883353 -0.01547855 -0.01873188
v 0.00883353 -0.01547855 -0.01873188
v 0.00982038 -0.01509055 -0.01873188
v 0.00982038 -0.01509055 -0.01873188
v 0.00982038 -0.01509055 -0.01873188
v 0.00982038 -0.01509055 -0.01873188
v 0.00982038 -0.01509055 -0.01873188
v 0.00771325 -0.01509055 -0.01627878
v 0.00771325 -0.01509055 -0.01627878
v 0.00771325 -0.01509055 -0.01627878
v 0.00771325 -0.01509055 -0.01627878
v 0.00771325 -0.01509055 -0.01627878
v 0.00771325 -0.01509055 -0.01627878
v 0.00771325 -0.01509055 -0.01627878
v 0.00883353 -0.01509055 -0.01728518
v 0.00883353 -0.01509055 -0.01728518
v 0.00883353 -0.01509055 -0.01728518
v 0.00883353 -0.01509055 -0.01728518
v 0.00883353 -0.01509055 -0.01728518
v 0.00883353 -0.01509055 -0.01728518
v 0.00883353 -0.01509055 -0.01728518
v 0.01128665 -0.01417245 -0.01873188
v 0.01128665 -0.01417245 -0.01873188
v 0.01128665 -0.01417245 -0.01873188
v 0.01128665 -0.01417245 -0.01873188
v 0.01128665 -0.01417245 -0.01873188
v 0.01128665 -0.01417245 -0.01873188
v 0.01128665 -0.01417245 -0.01873188
v 0.01128665 -0.01417245 -0.01873188
v 0.00883353 -0.01471105 -0.01627878
v 0.00883353 -0.01471105 -0.01627878
v 0.00883353 -0.01471105 -0.01627878
v 0.00883353 -0.01471105 -0.01627878
v 0.00883353 -0.01471105 -0.01627878
v 0.01128665 -0.01325715 -0.01627878
v 0.01128665 -0.01325715 -0.01627878
v 0.01128665 -0.01325715 -0.01627878
v 0.01128665 -0.01325715 -0.01627878
v 0.01128665 -0.01325715 -0.01627878
v 0.01257905 -0.01263745 -0.02363798
v 0.01257905 -0.01263745 -0.02363798
v 0.01257905 -0.01263745 -0.02363798
v 0.01257905 -0.01263745 -0.02363798
v 0.01257905 -0.01263745 -0.02363798
v 0.01257905 -0.01263745 -0.02363798
v 0.01257905 -0.01263745 -0.02363798
v 0.01373965 -0.01115468 -0.02363798
v 0.01373965 -0.01115468 -0.02363798
v 0.01373965 -0.01115468 -0.02363798
v 0.01373965 -0.01115468 -0.02363798
v 0.01373965 -0.01115468 -0.02363798
v 0.01373965 -0.01018439 -0.02524261
v 0.01373965 -0.01018439 -0.02524261
v 0.01373965 -0.01018439 -0.02524261
v 0.01373965 -0.01018439 -0.02524261
v 0.01373965 -0.01018439 -0.02524261
v 0.01373965 -0.01018439 -0.02524261
v 0.01373965 -0.01018439 -0.02524261
v 0.01373965 -0.01018439 -0.02524261
v 0.01373965 -0.01018439 -0.02524261
v 0.01433375 -0.01018439 -0.02363798
v 0.01433375 -0.01018439 -0.02363798
v 0.01433375 -0.01018439 -0.02363798
v 0.01433375 -0.01018439 -0.02363798
v 0.01311815 -0.01263745 -0.02118498
v 0.01311815 -0.01263745 -0.02118498
v 0.01311815 -0.01263745 -0.02118498
v 0.01311815 -0.01263745 -0.02118498
v 0.01311815 -0.01263745 -0.02118498
v 0.01373965 -0.01183895 -0.02118498
v 0.01373965 -0.01183895 -0.02118498
v 0.01373965 -0.01183895 -0.02118498
v 0.01373965 -0.01183895 -0.02118498
v 0.01373965 -0.01183895 -0.02118498
v 0.01373965 -0.01183895 -0.02118498
v 0.01476925 -0.01018439 -0.02118498
v 0.01476925 -0.01018439 -0.02118498
v 0.01476925 -0.01018439 -0.02118498
v 0.01476925 -0.01018439 -0.02118498
v 0.01476925 -0.01018439 -0.02118498
v 0.01476925 -0.01018439 -0.02118498
v 0.01476925 -0.01018439 -0.02118498
v 0.01476925 -0.01018439 -0.02118498
v 0.01295875 -0.01263745 -0.01873188
v 0.01295875 -0.01263745 -0.01873188
v 0.01295875 -0.01263745 -0.01873188
v 0.01295875 -0.01263745 -0.01873188
v 0.01295875 -0.01263745 -0.01873188
v 0.01373965 -0.01169135 -0.01873188
v 0.01373965 -0.01169135 -0.01873188
v 0.01373965 -0.01169135 -0.01873188
v 0.01373965 -0.01169135 -0.01873188
v 0.01373965 -0.01169135 -0.01873188
v 0.01373965 -0.01169135 -0.01873188
v 0.01470875 -0.01018439 -0.01873188
v 0.01470875 -0.01018439 -0.01873188
v 0.01470875 -0.01018439 -0.01873188
v 0.01470875 -0.01018439 -0.01873188
v 0.01470875 -0.01018439 -0.01873188
v 0.01470875 -0.01018439 -0.01873188
v 0.01203425 -0.01263745 -0.01627878
v 0.01203425 -0.01263745 -0.01627878
v 0.01203425 -0.01263745 -0.01627878
v 0.01203425 -0.01263745 -0.01627878
v 0.01203425 -0.01263745 -0.01627878
v 0.01203425 -0.01263745 -0.01627878
v 0.01203425 -0.01263745 -0.01627878
v 0.01373965 -0.01071544 -0.01627878
v 0.01373965 -0.01071544 -0.01627878
v 0.01373965 -0.01071544 -0.01627878
v 0.01373965 -0.01071544 -0.01627878
v 0.01373965 -0.01071544 -0.01627878
v 0.01408845 -0.01018439 -0.01627878
v 0.01408845 -0.01018439 -0.01627878
v 0.01408845 -0.01018439 -0.01627878
v 0.01408845 -0.01018439 -0.01627878
v 0.01373965 -0.00941892 -0.02609109
v 0.01373965 -0.00941892 -0.02609109
v 0.01373965 -0.00941892 -0.02609109
v 0.01373965 -0.00941892 -0.02609109
v 0.01464815 -0.00773131 -0.02609109
v 0.01464815 -0.00773131 -0.02609109
v 0.01464815 -0.00773131 -0.02609109
v 0.01464815 -0.00773131 -0.02609109
v 0.01464815 -0.00773131 -0.02609109
v 0.01464815 -0.00773131 -0.02609109
v 0.01464815 -0.00773131 -0.02609109
v 0.01553375 -0.00773131 -0.02363798
v 0.01553375 -0.00773131 -0.02363798
v 0.01553375 -0.00773131 -0.02363798
v 0.01553375 -0.00773131 -0.02363798
v 0.01553375 -0.00773131 -0.02363798
v 0.01553375 -0.00773131 -0.02363798
v 0.01553375 -0.00773131 -0.02363798
v 0.01553375 -0.00773131 -0.02363798
v 0.01619275 -0.00571531 -0.02363798
v 0.01619275 -0.00571531 -0.02363798
v 0.01619275 -0.00571531 -0.02363798
v 0.01619275 -0.00571531 -0.02363798
v 0.01619275 -0.00571531 -0.02363798
v 0.01619275 -0.00527823 -0.02420458
v 0.01619275 -0.00527823 -0.02420458
v 0.01619275 -0.00527823 -0.02420458
v 0.01619275 -0.00527823 -0.02420458
v 0.01619275 -0.00527823 -0.02420458
v 0.01619275 -0.00527823 -0.02420458
v 0.01619275 -0.00527823 -0.02420458
v 0.01586325 -0.00773131 -0.02118498
v 0.01586325 -0.00773131 -0.02118498
v 0.01586325 -0.00773131 -0.02118498
v 0.01586325 -0.00773131 -0.02118498
v 0.01619275 -0.00661782 -0.02118498
v 0.01619275 -0.00661782 -0.02118498
v 0.01619275 -0.00661782 -0.02118498
v 0.01619275 -0.00661782 -0.02118498
v 0.01619275 -0.00661782 -0.02118498
v 0.01619275 -0.00661782 -0.02118498
v 0.01629965 -0.00527823 -0.02363798
v 0.01629965 -0.00527823 -0.02363798
v 0.01629965 -0.00527823 -0.02363798
v 0.01629965 -0.00527823 -0.02363798
v 0.01648175 -0.00527823 -0.02118498
v 0.01648175 -0.00527823 -0.02118498
v 0.01648175 -0.00527823 -0.02118498
v 0.01648175 -0.00527823 -0.02118498
v 0.01648175 -0.00527823 -0.02118498
v 0.01648175 -0.00527823 -0.02118498
v 0.01648175 -0.00527823 -0.02118498
v 0.01648175 -0.00527823 -0.02118498
v 0.01593705 -0.00282515 -0.02609109
v 0.01593705 -0.00282515 -0.02609109
v 0.01593705 -0.00282515 -0.02609109
v 0.01593705 -0.00282515 -0.02609109
v 0.01593705 -0.00282515 -0.02609109
v 0.01619275 -0.00282515 -0.02550867
v 0.01619275 -0.00282515 -0.02550867
v 0.01619275 -0.00282515 -0.02550867
v 0.01619275 -0.00282515 -0.02550867
v 0.01619275 -0.00282515 -0.02550867
v 0.01619275 -0.00282515 -0.02550867
v 0.01665275 -0.00282515 -0.02363798
v 0.01665275 -0.00282515 -0.02363798
v 0.01665275 -0.00282515 -0.02363798
v 0.01665275 -0.00282515 -0.02363798
v 0.01665275 -0.00282515 -0.02363798
v 0.01665275 -0.00282515 -0.02363798
v 0.01665275 -0.00282515 -0.02363798
v 0.01665275 -0.00282515 -0.02363798
v 0.01673095 -0.00282515 -0.02118498
v 0.01673095 -0.00282515 -0.02118498
v 0.01673095 -0.00282515 -0.02118498
v 0.01673095 -0.00282515 -0.02118498
v 0.01580375 -0.00773131 -0.01873188
v 0.01580375 -0.00773131 -0.01873188
v 0.01580375 -0.00773131 -0.01873188
v 0.01580375 -0.00773131 -0.01873188
v 0.01580375 -0.00773131 -0.01873188
v 0.01580375 -0.00773131 -0.01873188
v 0.01619275 -0.00619132 -0.01873188
v 0.01619275 -0.00619132 -0.01873188
v 0.01619275 -0.00619132 -0.01873188
v 0.01619275 -0.00619132 -0.01873188
v 0.01619275 -0.00619132 -0.01873188
v 0.01619275 -0.00619132 -0.01873188
v 0.01530015 -0.00773131 -0.01627878
v 0.01530015 -0.00773131 -0.01627878
v 0.01530015 -0.00773131 -0.01627878
v 0.01530015 -0.00773131 -0.01627878
v 0.01530015 -0.00773131 -0.01627878
v 0.01530015 -0.00773131 -0.01627878
v 0.01530015 -0.00773131 -0.01627878
v 0.01530015 -0.00773131 -0.01627878
v 0.01530015 -0.00773131 -0.01627878
v 0.01530015 -0.00773131 -0.01627878
v 0.01588135 -0.00527823 -0.01627878
v 0.01588135 -0.00527823 -0.01627878
v 0.01588135 -0.00527823 -0.01627878
v 0.01588135 -0.00527823 -0.01627878
v 0.01588135 -0.00527823 -0.01627878
v 0.01588135 -0.00527823 -0.01627878
v 0.01619275 -0.00527823 -0.01772718
v 0.01619275 -0.00527823 -0.01772718
v 0.01619275 -0.00527823 -0.01772718
v 0.01619275 -0.00527823 -0.01772718
v 0.01619275 -0.00527823 -0.01772718
v 0.01619275 -0.00527823 -0.01772718
v 0.01633735 -0.00527823 -0.01873188
v 0.01633735 -0.00527823 -0.01873188
v 0.01633735 -0.00527823 -0.01873188
v 0.01633735 -0.00527823 -0.01873188
v 0.01596365 -0.00282515 -0.01627878
v 0.01596365 -0.00282515 -0.01627878
v 0.01596365 -0.00282515 -0.01627878
v 0.01596365 -0.00282515 -0.01627878
v 0.01619275 -0.00282515 -0.01720498
v 0.01619275 -0.00282515 -0.01720498
v 0.01619275 -0.00282515 -0.01720498
v 0.01619275 -0.00282515 -0.01720498
v 0.01619275 -0.00282515 -0.01720498
v 0.01619275 -0.00282515 -0.01720498
v 0.01647645 -0.00282515 -0.01873188
v 0.01647645 -0.00282515 -0.01873188
v 0.01647645 -0.00282515 -0.01873188
v 0.01647645 -0.00282515 -0.01873188
v 0.01647645 -0.00282515 -0.01873188
v 0.01647645 -0.00282515 -0.01873188
v 0.01647645 -0.00282515 -0.01873188
v 0.01647645 -0.00282515 -0.01873188
v 0.00392737 -0.01509055 -0.01444778
v 0.00392737 -0.01509055 -0.01444778
v 0.00392737 -0.01509055 -0.01444778
v 0.00392737 -0.01509055 -0.01444778
v 0.00392737 -0.01509055 -0.01444778
v 0.00392737 -0.01509055 -0.01444778
v 0.00638045 -0.01509055 -0.01538798
v 0.00638045 -0.01509055 -0.01538798
v 0.00638045 -0.01509055 -0.01538798
v 0.00638045 -0.01509055 -0.01538798
v 0.00638045 -0.01509055 -0.01538798
v 0.00392737 -0.01483585 -0.01382568
v 0.00392737 -0.01483585 -0.01382568
v 0.00392737 -0.01483585 -0.01382568
v 0.00392737 -0.01483585 -0.01382568
v 0.00392737 -0.01483585 -0.01382568
v 0.00638045 -0.01438045 -0.01382568
v 0.00638045 -0.01438045 -0.01382568
v 0.00638045 -0.01438045 -0.01382568
v 0.00638045 -0.01438045 -0.01382568
v 0.00638045 -0.01438045 -0.01382568
v 0.00638045 -0.01438045 -0.01382568
v 0.00638045 -0.01438045 -0.01382568
v 0.00638045 -0.01438045 -0.01382568
v 0.00638045 -0.01438045 -0.01382568
v 0.00392737 -0.01353145 -0.01137258
v 0.00392737 -0.01353145 -0.01137258
v 0.00392737 -0.01353145 -0.01137258
v 0.00392737 -0.01353145 -0.01137258
v 0.00392737 -0.01353145 -0.01137258
v 0.00392737 -0.01353145 -0.01137258
v 0.00638045 -0.01299985 -0.01137258
v 0.00638045 -0.01299985 -0.01137258
v 0.00638045 -0.01299985 -0.01137258
v 0.00638045 -0.01299985 -0.01137258
v 0.00883353 -0.01339615 -0.01382568
v 0.00883353 -0.01339615 -0.01382568
v 0.00883353 -0.01339615 -0.01382568
v 0.00883353 -0.01339615 -0.01382568
v 0.00883353 -0.01339615 -0.01382568
v 0.00883353 -0.01339615 -0.01382568
v 0.01013915 -0.01263745 -0.01382568
v 0.01013915 -0.01263745 -0.01382568
v 0.01013915 -0.01263745 -0.01382568
v 0.01013915 -0.01263745 -0.01382568
v 0.01128665 -0.01263745 -0.01513728
v 0.01128665 -0.01263745 -0.01513728
v 0.01128665 -0.01263745 -0.01513728
v 0.01128665 -0.01263745 -0.01513728
v 0.01128665 -0.01263745 -0.01513728
v 0.01128665 -0.01263745 -0.01513728
v 0.01128665 -0.01263745 -0.01513728
v 0.01128665 -0.01263745 -0.01513728
v 0.01128665 -0.01177885 -0.01382568
v 0.01128665 -0.01177885 -0.01382568
v 0.01128665 -0.01177885 -0.01382568
v 0.01128665 -0.01177885 -0.01382568
v 0.01128665 -0.01177885 -0.01382568
v 0.01128665 -0.01177885 -0.01382568
v 0.00738984 -0.01263745 -0.01137258
v 0.00738984 -0.01263745 -0.01137258
v 0.00738984 -0.01263745 -0.01137258
v 0.00738984 -0.01263745 -0.01137258
v 0.00738984 -0.01263745 -0.01137258
v 0.00738984 -0.01263745 -0.01137258
v 0.00883353 -0.01263745 -0.01258178
v 0.00883353 -0.01263745 -0.01258178
v 0.00883353 -0.01263745 -0.01258178
v 0.00883353 -0.01263745 -0.01258178
v 0.00883353 -0.01263745 -0.01258178
v 0.00883353 -0.01263745 -0.01258178
v 0.00883353 -0.01189535 -0.01137258
v 0.00883353 -0.01189535 -0.01137258
v 0.00883353 -0.01189535 -0.01137258
v 0.00883353 -0.01189535 -0.01137258
v 0.00883353 -0.01189535 -0.01137258
v 0.00883353 -0.01189535 -0.01137258
v 0.00883353 -0.01189535 -0.01137258
v 0.00883353 -0.01189535 -0.01137258
v 0.01098315 -0.01018439 -0.01137258
v 0.01098315 -0.01018439 -0.01137258
v 0.01098315 -0.01018439 -0.01137258
v 0.01098315 -0.01018439 -0.01137258
v 0.01128665 -0.01018439 -0.01175788
v 0.01128665 -0.01018439 -0.01175788
v 0.01128665 -0.01018439 -0.01175788
v 0.01128665 -0.01018439 -0.01175788
v 0.01128665 -0.01018439 -0.01175788
v 0.01128665 -0.01018439 -0.01175788
v 0.00392737 -0.01263745 -0.00970158
v 0.00392737 -0.01263745 -0.00970158
v 0.00392737 -0.01263745 -0.00970158
v 0.00392737 -0.01263745 -0.00970158
v 0.00392737 -0.01263745 -0.00970158
v 0.00392737 -0.01263745 -0.00970158
v 0.00638045 -0.01263745 -0.01071218
v 0.00638045 -0.01263745 -0.01071218
v 0.00638045 -0.01263745 -0.01071218
v 0.00638045 -0.01263745 -0.01071218
v 0.00638045 -0.01263745 -0.01071218
v 0.00392737 -0.01227955 -0.00891948
v 0.00392737 -0.01227955 -0.00891948
v 0.00392737 -0.01227955 -0.00891948
v 0.00392737 -0.01227955 -0.00891948
v 0.00392737 -0.01227955 -0.00891948
v 0.00392737 -0.01227955 -0.00891948
v 0.00638045 -0.01172655 -0.00891948
v 0.00638045 -0.01172655 -0.00891948
v 0.00638045 -0.01172655 -0.00891948
v 0.00638045 -0.01172655 -0.00891948
v 0.00638045 -0.01172655 -0.00891948
v 0.00638045 -0.01172655 -0.00891948
v 0.00638045 -0.01172655 -0.00891948
v 0.00638045 -0.01172655 -0.00891948
v 0.00638045 -0.01172655 -0.00891948
v 0.00638045 -0.01172655 -0.00891948
v 0.00392737 -0.01134135 -0.00646648
v 0.00392737 -0.01134135 -0.00646648
v 0.00392737 -0.01134135 -0.00646648
v 0.00392737 -0.01134135 -0.00646648
v 0.00392737 -0.01134135 -0.00646648
v 0.00392737 -0.01134135 -0.00646648
v 0.00638045 -0.01071026 -0.00646648
v 0.00638045 -0.01071026 -0.00646648
v 0.00638045 -0.01071026 -0.00646648
v 0.00638045 -0.01071026 -0.00646648
v 0.00883353 -0.01039663 -0.00891948
v 0.00883353 -0.01039663 -0.00891948
v 0.00883353 -0.01039663 -0.00891948
v 0.00883353 -0.01039663 -0.00891948
v 0.00910972 -0.01018439 -0.00891948
v 0.00910972 -0.01018439 -0.00891948
v 0.00910972 -0.01018439 -0.00891948
v 0.00910972 -0.01018439 -0.00891948
v 0.00910972 -0.01018439 -0.00891948
v 0.00910972 -0.01018439 -0.00891948
v 0.00910972 -0.01018439 -0.00891948
v 0.00747940 -0.01018439 -0.00646648
v 0.00747940 -0.01018439 -0.00646648
v 0.00747940 -0.01018439 -0.00646648
v 0.00747940 -0.01018439 -0.00646648
v 0.00747940 -0.01018439 -0.00646648
v 0.00883353 -0.01018439 -0.00852908
v 0.00883353 -0.01018439 -0.00852908
v 0.00883353 -0.01018439 -0.00852908
v 0.00883353 -0.01018439 -0.00852908
v 0.00883353 -0.01018439 -0.00852908
v 0.00883353 -0.01018439 -0.00852908
v 0.00883353 -0.01018439 -0.00852908
v 0.01282975 -0.01018439 -0.01382568
v 0.01282975 -0.01018439 -0.01382568
v 0.01282975 -0.01018439 -0.01382568
v 0.01282975 -0.01018439 -0.01382568
v 0.01282975 -0.01018439 -0.01382568
v 0.01282975 -0.01018439 -0.01382568
v 0.01373965 -0.01018439 -0.01543508
v 0.01373965 -0.01018439 -0.01543508
v 0.01373965 -0.01018439 -0.01543508
v 0.01373965 -0.01018439 -0.01543508
v 0.01373965 -0.01018439 -0.01543508
v 0.01373965 -0.01018439 -0.01543508
v 0.01373965 -0.01018439 -0.01543508
v 0.01128665 -0.00986625 -0.01137258
v 0.01128665 -0.00986625 -0.01137258
v 0.01128665 -0.00986625 -0.01137258
v 0.01128665 -0.00986625 -0.01137258
v 0.01128665 -0.00986625 -0.01137258
v 0.01120855 -0.00773131 -0.00891948
v 0.01120855 -0.00773131 -0.00891948
v 0.01120855 -0.00773131 -0.00891948
v 0.01120855 -0.00773131 -0.00891948
v 0.01120855 -0.00773131 -0.00891948
v 0.01128665 -0.00773131 -0.00906498
v 0.01128665 -0.00773131 -0.00906498
v 0.01128665 -0.00773131 -0.00906498
v 0.01128665 -0.00773131 -0.00906498
v 0.01128665 -0.00773131 -0.00906498
v 0.01128665 -0.00773131 -0.00906498
v 0.01128665 -0.00758538 -0.00891948
v 0.01128665 -0.00758538 -0.00891948
v 0.01128665 -0.00758538 -0.00891948
v 0.01128665 -0.00758538 -0.00891948
v 0.01128665 -0.00758538 -0.00891948
v 0.00883353 -0.00919330 -0.00646648
v 0.00883353 -0.00919330 -0.00646648
v 0.00883353 -0.00919330 -0.00646648
v 0.00883353 -0.00919330 -0.00646648
v 0.00883353 -0.00919330 -0.00646648
v 0.01005395 -0.00773131 -0.00646648
v 0.01005395 -0.00773131 -0.00646648
v 0.01005395 -0.00773131 -0.00646648
v 0.01005395 -0.00773131 -0.00646648
v 0.01005395 -0.00773131 -0.00646648
v 0.01005395 -0.00773131 -0.00646648
v 0.01005395 -0.00773131 -0.00646648
v 0.01005395 -0.00773131 -0.00646648
v 0.01005395 -0.00773131 -0.00646648
v 0.01103585 -0.00527823 -0.00646648
v 0.01103585 -0.00527823 -0.00646648
v 0.01103585 -0.00527823 -0.00646648
v 0.01103585 -0.00527823 -0.00646648
v 0.01103585 -0.00527823 -0.00646648
v 0.01103585 -0.00527823 -0.00646648
v 0.01128665 -0.00527823 -0.00712578
v 0.01128665 -0.00527823 -0.00712578
v 0.01128665 -0.00527823 -0.00712578
v 0.01128665 -0.00527823 -0.00712578
v 0.01128665 -0.00527823 -0.00712578
v 0.01128665 -0.00527823 -0.00712578
v 0.01119905 -0.00282515 -0.00646648
v 0.01119905 -0.00282515 -0.00646648
v 0.01119905 -0.00282515 -0.00646648
v 0.01119905 -0.00282515 -0.00646648
v 0.01128665 -0.00282515 -0.00669498
v 0.01128665 -0.00282515 -0.00669498
v 0.01128665 -0.00282515 -0.00669498
v 0.01128665 -0.00282515 -0.00669498
v 0.01128665 -0.00282515 -0.00669498
v 0.01128665 -0.00282515 -0.00669498
v 0.01373965 -0.00881478 -0.01382568
v 0.01373965 -0.00881478 -0.01382568
v 0.01373965 -0.00881478 -0.01382568
v 0.01373965 -0.00881478 -0.01382568
v 0.01373965 -0.00881478 -0.01382568
v 0.01373965 -0.00881478 -0.01382568
v 0.01425505 -0.00773131 -0.01382568
v 0.01425505 -0.00773131 -0.01382568
v 0.01425505 -0.00773131 -0.01382568
v 0.01425505 -0.00773131 -0.01382568
v 0.01494755 -0.00527823 -0.01382568
v 0.01494755 -0.00527823 -0.01382568
v 0.01494755 -0.00527823 -0.01382568
v 0.01494755 -0.00527823 -0.01382568
v 0.01494755 -0.00527823 -0.01382568
v 0.01494755 -0.00527823 -0.01382568
v 0.01272315 -0.00773131 -0.01137258
v 0.01272315 -0.00773131 -0.01137258
v 0.01272315 -0.00773131 -0.01137258
v 0.01272315 -0.00773131 -0.01137258
v 0.01272315 -0.00773131 -0.01137258
v 0.01272315 -0.00773131 -0.01137258
v 0.01272315 -0.00773131 -0.01137258
v 0.01272315 -0.00773131 -0.01137258
v 0.01272315 -0.00773131 -0.01137258
v 0.01373965 -0.00773131 -0.01293148
v 0.01373965 -0.00773131 -0.01293148
v 0.01373965 -0.00773131 -0.01293148
v 0.01373965 -0.00773131 -0.01293148
v 0.01373965 -0.00773131 -0.01293148
v 0.01352215 -0.00527823 -0.01137258
v 0.01352215 -0.00527823 -0.01137258
v 0.01352215 -0.00527823 -0.01137258
v 0.01352215 -0.00527823 -0.01137258
v 0.01352215 -0.00527823 -0.01137258
v 0.01352215 -0.00527823 -0.01137258
v 0.01373965 -0.00527823 -0.01171898
v 0.01373965 -0.00527823 -0.01171898
v 0.01373965 -0.00527823 -0.01171898
v 0.01373965 -0.00527823 -0.01171898
v 0.01373965 -0.00527823 -0.01171898
v 0.01373965 -0.00527823 -0.01171898
v 0.01503725 -0.00282515 -0.01382568
v 0.01503725 -0.00282515 -0.01382568
v 0.01503725 -0.00282515 -0.01382568
v 0.01503725 -0.00282515 -0.01382568
v 0.01503725 -0.00282515 -0.01382568
v 0.01503725 -0.00282515 -0.01382568
v 0.01503725 -0.00282515 -0.01382568
v 0.01503725 -0.00282515 -0.01382568
v 0.01371325 -0.00282515 -0.01137258
v 0.01371325 -0.00282515 -0.01137258
v 0.01371325 -0.00282515 -0.01137258
v 0.01371325 -0.00282515 -0.01137258
v 0.01373965 -0.00282515 -0.01141878
v 0.01373965 -0.00282515 -0.01141878
v 0.01373965 -0.00282515 -0.01141878
v 0.01373965 -0.00282515 -0.01141878
v 0.01373965 -0.00282515 -0.01141878
v 0.01373965 -0.00282515 -0.01141878
v 0.01209085 -0.00527823 -0.00891948
v 0.01209085 -0.00527823 -0.00891948
v 0.01209085 -0.00527823 -0.00891948
v 0.01209085 -0.00527823 -0.00891948
v 0.01209085 -0.00527823 -0.00891948
v 0.01209085 -0.00527823 -0.00891948
v 0.01231375 -0.00282515 -0.00891948
v 0.01231375 -0.00282515 -0.00891948
v 0.01231375 -0.00282515 -0.00891948
v 0.01231375 -0.00282515 -0.00891948
v 0.01231375 -0.00282515 -0.00891948
v 0.01231375 -0.00282515 -0.00891948
v 0.01231375 -0.00282515 -0.00891948
v 0.01231375 -0.00282515 -0.00891948
v 0.00392737 -0.01065558 -0.00401338
v 0.00392737 -0.01065558 -0.00401338
v 0.00392737 -0.01065558 -0.00401338
v 0.00392737 -0.01065558 -0.00401338
v 0.00392737 -0.01065558 -0.00401338
v 0.00392737 -0.01065558 -0.00401338
v 0.00392737 -0.01065558 -0.00401338
v 0.00595244 -0.01018439 -0.00401338
v 0.00595244 -0.01018439 -0.00401338
v 0.00595244 -0.01018439 -0.00401338
v 0.00595244 -0.01018439 -0.00401338
v 0.00595244 -0.01018439 -0.00401338
v 0.00638045 -0.01018439 -0.00469228
v 0.00638045 -0.01018439 -0.00469228
v 0.00638045 -0.01018439 -0.00469228
v 0.00638045 -0.01018439 -0.00469228
v 0.00638045 -0.01018439 -0.00469228
v 0.00638045 -0.01018439 -0.00469228
v 0.00638045 -0.01018439 -0.00469228
v 0.00638045 -0.01018439 -0.00469228
v 0.00392737 -0.01021191 -0.00156028
v 0.00392737 -0.01021191 -0.00156028
v 0.00392737 -0.01021191 -0.00156028
v 0.00392737 -0.01021191 -0.00156028
v 0.00392737 -0.01021191 -0.00156028
v 0.00413568 -0.01018439 -0.00156028
v 0.00413568 -0.01018439 -0.00156028
v 0.00413568 -0.01018439 -0.00156028
v 0.00413568 -0.01018439 -0.00156028
v 0.00413568 -0.01018439 -0.00156028
v 0.00366486 -0.01018439 0.00089282
v 0.00366486 -0.01018439 0.00089282
v 0.00366486 -0.01018439 0.00089282
v 0.00366486 -0.01018439 0.00089282
v 0.00366486 -0.01018439 0.00089282
v 0.00392737 -0.01018439 -0.00131028
v 0.00392737 -0.01018439 -0.00131028
v 0.00392737 -0.01018439 -0.00131028
v 0.00392737 -0.01018439 -0.00131028
v 0.00392737 -0.01018439 -0.00131028
v 0.00392737 -0.01018439 -0.00131028
v 0.00392737 -0.01018439 -0.00131028
v 0.00392737 -0.01018439 0.00141272
v 0.00392737 -0.01018439 0.00141272
v 0.00392737 -0.01018439 0.00141272
v 0.00392737 -0.01018439 0.00141272
v 0.00392737 -0.01018439 0.00141272
v 0.00392737 -0.01018439 0.00141272
v 0.00392737 -0.01018439 0.00141272
v 0.00638045 -0.01001455 -0.00401338
v 0.00638045 -0.01001455 -0.00401338
v 0.00638045 -0.01001455 -0.00401338
v 0.00638045 -0.01001455 -0.00401338
v 0.00638045 -0.01001455 -0.00401338
v 0.00638045 -0.00947615 -0.00156028
v 0.00638045 -0.00947615 -0.00156028
v 0.00638045 -0.00947615 -0.00156028
v 0.00638045 -0.00947615 -0.00156028
v 0.00638045 -0.00947615 -0.00156028
v 0.00638045 -0.00947615 -0.00156028
v 0.00638045 -0.00947615 -0.00156028
v 0.00638045 -0.00947615 -0.00156028
v 0.00883353 -0.00815619 -0.00401338
v 0.00883353 -0.00815619 -0.00401338
v 0.00883353 -0.00815619 -0.00401338
v 0.00883353 -0.00815619 -0.00401338
v 0.00883353 -0.00815619 -0.00401338
v 0.00883353 -0.00815619 -0.00401338
v 0.00914735 -0.00773131 -0.00401338
v 0.00914735 -0.00773131 -0.00401338
v 0.00914735 -0.00773131 -0.00401338
v 0.00914735 -0.00773131 -0.00401338
v 0.01017865 -0.00527823 -0.00401338
v 0.01017865 -0.00527823 -0.00401338
v 0.01017865 -0.00527823 -0.00401338
v 0.01017865 -0.00527823 -0.00401338
v 0.01017865 -0.00527823 -0.00401338
v 0.01017865 -0.00527823 -0.00401338
v 0.01017865 -0.00527823 -0.00401338
v 0.00845085 -0.00773131 -0.00156028
v 0.00845085 -0.00773131 -0.00156028
v 0.00845085 -0.00773131 -0.00156028
v 0.00845085 -0.00773131 -0.00156028
v 0.00883353 -0.00773131 -0.00299348
v 0.00883353 -0.00773131 -0.00299348
v 0.00883353 -0.00773131 -0.00299348
v 0.00883353 -0.00773131 -0.00299348
v 0.00883353 -0.00773131 -0.00299348
v 0.00883353 -0.00773131 -0.00299348
v 0.00883353 -0.00773131 -0.00299348
v 0.00883353 -0.00773131 -0.00299348
v 0.00883353 -0.00713346 -0.00156028
v 0.00883353 -0.00713346 -0.00156028
v 0.00883353 -0.00713346 -0.00156028
v 0.00883353 -0.00713346 -0.00156028
v 0.00883353 -0.00713346 -0.00156028
v 0.00950328 -0.00527823 -0.00156028
v 0.00950328 -0.00527823 -0.00156028
v 0.00950328 -0.00527823 -0.00156028
v 0.00950328 -0.00527823 -0.00156028
v 0.00950328 -0.00527823 -0.00156028
v 0.00950328 -0.00527823 -0.00156028
v 0.00950328 -0.00527823 -0.00156028
v 0.01033555 -0.00282515 -0.00401338
v 0.01033555 -0.00282515 -0.00401338
v 0.01033555 -0.00282515 -0.00401338
v 0.01033555 -0.00282515 -0.00401338
v 0.01033555 -0.00282515 -0.00401338
v 0.01033555 -0.00282515 -0.00401338
v 0.00969954 -0.00282515 -0.00156028
v 0.00969954 -0.00282515 -0.00156028
v 0.00969954 -0.00282515 -0.00156028
v 0.00969954 -0.00282515 -0.00156028
v 0.00969954 -0.00282515 -0.00156028
v 0.00969954 -0.00282515 -0.00156028
v 0.00392737 -0.01014141 0.00089282
v 0.00392737 -0.01014141 0.00089282
v 0.00392737 -0.01014141 0.00089282
v 0.00392737 -0.01014141 0.00089282
v 0.00638045 -0.00919795 0.00089282
v 0.00638045 -0.00919795 0.00089282
v 0.00638045 -0.00919795 0.00089282
v 0.00638045 -0.00919795 0.00089282
v 0.00638045 -0.00919795 0.00089282
v 0.00638045 -0.00919795 0.00089282
v 0.00638045 -0.00919795 0.00089282
v 0.00638045 -0.00919795 0.00089282
v 0.00802847 -0.00773131 0.00089282
v 0.00802847 -0.00773131 0.00089282
v 0.00802847 -0.00773131 0.00089282
v 0.00802847 -0.00773131 0.00089282
v 0.00802847 -0.00773131 0.00089282
v 0.00802847 -0.00773131 0.00089282
v 0.00802847 -0.00773131 0.00089282
v 0.00883353 -0.00635455 0.00089282
v 0.00883353 -0.00635455 0.00089282
v 0.00883353 -0.00635455 0.00089282
v 0.00883353 -0.00635455 0.00089282
v 0.00883353 -0.00635455 0.00089282
v 0.00883353 -0.00635455 0.00089282
v 0.00918538 -0.00527823 0.00089282
v 0.00918538 -0.00527823 0.00089282
v 0.00918538 -0.00527823 0.00089282
v 0.00918538 -0.00527823 0.00089282
v 0.00949180 -0.00282515 0.00089282
v 0.00949180 -0.00282515 0.00089282
v 0.00949180 -0.00282515 0.00089282
v 0.00949180 -0.00282515 0.00089282
v 0.00949180 -0.00282515 0.00089282
v 0.00949180 -0.00282515 0.00089282
v 0.00949180 -0.00282515 0.00089282
v 0.00949180 -0.00282515 0.00089282
v 0.00392737 -0.01122577 0.00579892
v 0.00392737 -0.01122577 0.00579892
v 0.00392737 -0.01122577 0.00579892
v 0.00392737 -0.01122577 0.00579892
v 0.00392737 -0.01122577 0.00579892
v 0.00392737 -0.01122577 0.00579892
v 0.00392737 -0.01122577 0.00579892
v 0.00392737 -0.01122577 0.00579892
v 0.00638045 -0.01024788 0.00579892
v 0.00638045 -0.01024788 0.00579892
v 0.00638045 -0.01024788 0.00579892
v 0.00638045 -0.01024788 0.00579892
v 0.00638045 -0.01018439 0.00564052
v 0.00638045 -0.01018439 0.00564052
v 0.00638045 -0.01018439 0.00564052
v 0.00638045 -0.01018439 0.00564052
v 0.00638045 -0.01018439 0.00564052
v 0.00638045 -0.01018439 0.00564052
v 0.00638045 -0.01018439 0.00564052
v 0.00392737 -0.01212185 0.00825202
v 0.00392737 -0.01212185 0.00825202
v 0.00392737 -0.01212185 0.00825202
v 0.00392737 -0.01212185 0.00825202
v 0.00392737 -0.01212185 0.00825202
v 0.00392737 -0.01212185 0.00825202
v 0.00638045 -0.01131578 0.00825202
v 0.00638045 -0.01131578 0.00825202
v 0.00638045 -0.01131578 0.00825202
v 0.00638045 -0.01131578 0.00825202
v 0.00638045 -0.01131578 0.00825202
v 0.00638045 -0.01131578 0.00825202
v 0.00638045 -0.01131578 0.00825202
v 0.00638045 -0.01131578 0.00825202
v 0.00638045 -0.01131578 0.00825202
v 0.00647873 -0.01018439 0.00579892
v 0.00647873 -0.01018439 0.00579892
v 0.00647873 -0.01018439 0.00579892
v 0.00647873 -0.01018439 0.00579892
v 0.00647873 -0.01018439 0.00579892
v 0.00647873 -0.01018439 0.00579892
v 0.00647873 -0.01018439 0.00579892
v 0.00799068 -0.01018439 0.00825202
v 0.00799068 -0.01018439 0.00825202
v 0.00799068 -0.01018439 0.00825202
v 0.00799068 -0.01018439 0.00825202
v 0.00392737 -0.01302095 0.01070512
v 0.00392737 -0.01302095 0.01070512
v 0.00392737 -0.01302095 0.01070512
v 0.00392737 -0.01302095 0.01070512
v 0.00392737 -0.01263745 0.00965312
v 0.00392737 -0.01263745 0.00965312
v 0.00392737 -0.01263745 0.00965312
v 0.00392737 -0.01263745 0.00965312
v 0.00392737 -0.01263745 0.00965312
v 0.00392737 -0.01263745 0.00965312
v 0.00572524 -0.01263745 0.01070512
v 0.00572524 -0.01263745 0.01070512
v 0.00572524 -0.01263745 0.01070512
v 0.00572524 -0.01263745 0.01070512
v 0.00572524 -0.01263745 0.01070512
v 0.00572524 -0.01263745 0.01070512
v 0.00638045 -0.01239485 0.01070512
v 0.00638045 -0.01239485 0.01070512
v 0.00638045 -0.01239485 0.01070512
v 0.00638045 -0.01239485 0.01070512
v 0.00638045 -0.01239485 0.01070512
v 0.00392737 -0.01389305 0.01315822
v 0.00392737 -0.01389305 0.01315822
v 0.00392737 -0.01389305 0.01315822
v 0.00392737 -0.01389305 0.01315822
v 0.00392737 -0.01389305 0.01315822
v 0.00392737 -0.01389305 0.01315822
v 0.00392737 -0.01389305 0.01315822
v 0.00392737 -0.01389305 0.01315822
v 0.00638045 -0.01333895 0.01315822
v 0.00638045 -0.01333895 0.01315822
v 0.00638045 -0.01333895 0.01315822
v 0.00638045 -0.01333895 0.01315822
v 0.00638045 -0.01263745 0.01129792
v 0.00638045 -0.01263745 0.01129792
v 0.00638045 -0.01263745 0.01129792
v 0.00638045 -0.01263745 0.01129792
v 0.00638045 -0.01263745 0.01129792
v 0.00638045 -0.01263745 0.01129792
v 0.00883353 -0.01077737 0.01070512
v 0.00883353 -0.01077737 0.01070512
v 0.00883353 -0.01077737 0.01070512
v 0.00883353 -0.01077737 0.01070512
v 0.00883353 -0.01077737 0.01070512
v 0.00883353 -0.01077737 0.01070512
v 0.00883353 -0.01018439 0.00970742
v 0.00883353 -0.01018439 0.00970742
v 0.00883353 -0.01018439 0.00970742
v 0.00883353 -0.01018439 0.00970742
v 0.00883353 -0.01018439 0.00970742
v 0.00883353 -0.01018439 0.00970742
v 0.00883353 -0.01018439 0.00970742
v 0.00883353 -0.01018439 0.00970742
v 0.00940182 -0.01018439 0.01070512
v 0.00940182 -0.01018439 0.01070512
v 0.00940182 -0.01018439 0.01070512
v 0.00940182 -0.01018439 0.01070512
v 0.00940182 -0.01018439 0.01070512
v 0.00940182 -0.01018439 0.01070512
v 0.00940182 -0.01018439 0.01070512
v 0.00792339 -0.01263745 0.01315822
v 0.00792339 -0.01263745 0.01315822
v 0.00792339 -0.01263745 0.01315822
v 0.00792339 -0.01263745 0.01315822
v 0.00792339 -0.01263745 0.01315822
v 0.00792339 -0.01263745 0.01315822
v 0.00883353 -0.01204945 0.01315822
v 0.00883353 -0.01204945 0.01315822
v 0.00883353 -0.01204945 0.01315822
v 0.00883353 -0.01204945 0.01315822
v 0.00883353 -0.01204945 0.01315822
v 0.00883353 -0.01204945 0.01315822
v 0.01073265 -0.01018439 0.01315822
v 0.01073265 -0.01018439 0.01315822
v 0.01073265 -0.01018439 0.01315822
v 0.01073265 -0.01018439 0.01315822
v 0.00881936 -0.00773131 0.00579892
v 0.00881936 -0.00773131 0.00579892
v 0.00881936 -0.00773131 0.00579892
v 0.00881936 -0.00773131 0.00579892
v 0.00881936 -0.00773131 0.00579892
v 0.00883353 -0.00770827 0.00579892
v 0.00883353 -0.00770827 0.00579892
v 0.00883353 -0.00770827 0.00579892
v 0.00883353 -0.00770827 0.00579892
v 0.00883353 -0.00770827 0.00579892
v 0.00991862 -0.00527823 0.00579892
v 0.00991862 -0.00527823 0.00579892
v 0.00991862 -0.00527823 0.00579892
v 0.00991862 -0.00527823 0.00579892
v 0.00991862 -0.00527823 0.00579892
v 0.00991862 -0.00527823 0.00579892
v 0.00991862 -0.00527823 0.00579892
v 0.00991862 -0.00527823 0.00579892
v 0.00883353 -0.00926796 0.00825202
v 0.00883353 -0.00926796 0.00825202
v 0.00883353 -0.00926796 0.00825202
v 0.00883353 -0.00926796 0.00825202
v 0.00883353 -0.00926796 0.00825202
v 0.00883353 -0.00773131 0.00583752
v 0.00883353 -0.00773131 0.00583752
v 0.00883353 -0.00773131 0.00583752
v 0.00883353 -0.00773131 0.00583752
v 0.00883353 -0.00773131 0.00583752
v 0.00883353 -0.00773131 0.00583752
v 0.00983995 -0.00773131 0.00825202
v 0.00983995 -0.00773131 0.00825202
v 0.00983995 -0.00773131 0.00825202
v 0.00983995 -0.00773131 0.00825202
v 0.00983995 -0.00773131 0.00825202
v 0.00983995 -0.00773131 0.00825202
v 0.00983995 -0.00773131 0.00825202
v 0.00983995 -0.00773131 0.00825202
v 0.01082955 -0.00527823 0.00825202
v 0.01082955 -0.00527823 0.00825202
v 0.01082955 -0.00527823 0.00825202
v 0.01082955 -0.00527823 0.00825202
v 0.01082955 -0.00527823 0.00825202
v 0.01082955 -0.00527823 0.00825202
v 0.01031935 -0.00282515 0.00579892
v 0.01031935 -0.00282515 0.00579892
v 0.01031935 -0.00282515 0.00579892
v 0.01031935 -0.00282515 0.00579892
v 0.01031935 -0.00282515 0.00579892
v 0.01031935 -0.00282515 0.00579892
v 0.01117445 -0.00282515 0.00825202
v 0.01117445 -0.00282515 0.00825202
v 0.01117445 -0.00282515 0.00825202
v 0.01117445 -0.00282515 0.00825202
v 0.01101015 -0.00773131 0.01070512
v 0.01101015 -0.00773131 0.01070512
v 0.01101015 -0.00773131 0.01070512
v 0.01101015 -0.00773131 0.01070512
v 0.01101015 -0.00773131 0.01070512
v 0.01128665 -0.00709304 0.01070512
v 0.01128665 -0.00709304 0.01070512
v 0.01128665 -0.00709304 0.01070512
v 0.01128665 -0.00709304 0.01070512
v 0.01128665 -0.00709304 0.01070512
v 0.01128665 -0.00709304 0.01070512
v 0.01128665 -0.00709304 0.01070512
v 0.01128665 -0.00527823 0.00936432
v 0.01128665 -0.00527823 0.00936432
v 0.01128665 -0.00527823 0.00936432
v 0.01128665 -0.00527823 0.00936432
v 0.01128665 -0.00527823 0.00936432
v 0.01128665 -0.00527823 0.00936432
v 0.01128665 -0.00937562 0.01315822
v 0.01128665 -0.00937562 0.01315822
v 0.01128665 -0.00937562 0.01315822
v 0.01128665 -0.00937562 0.01315822
v 0.01128665 -0.00937562 0.01315822
v 0.01128665 -0.00773131 0.01129362
v 0.01128665 -0.00773131 0.01129362
v 0.01128665 -0.00773131 0.01129362
v 0.01128665 -0.00773131 0.01129362
v 0.01128665 -0.00773131 0.01129362
v 0.01128665 -0.00282515 0.00854162
v 0.01128665 -0.00282515 0.00854162
v 0.01128665 -0.00282515 0.00854162
v 0.01128665 -0.00282515 0.00854162
v 0.01128665 -0.00282515 0.00854162
v 0.01128665 -0.00282515 0.00854162
v 0.01184845 -0.00527823 0.01070512
v 0.01184845 -0.00527823 0.01070512
v 0.01184845 -0.00527823 0.01070512
v 0.01184845 -0.00527823 0.01070512
v 0.01209895 -0.00773131 0.01315822
v 0.01209895 -0.00773131 0.01315822
v 0.01209895 -0.00773131 0.01315822
v 0.01209895 -0.00773131 0.01315822
v 0.01209895 -0.00773131 0.01315822
v 0.01209895 -0.00773131 0.01315822
v 0.01280955 -0.00527823 0.01315822
v 0.01280955 -0.00527823 0.01315822
v 0.01280955 -0.00527823 0.01315822
v 0.01280955 -0.00527823 0.01315822
v 0.01280955 -0.00527823 0.01315822
v 0.01280955 -0.00527823 0.01315822
v 0.01280955 -0.00527823 0.01315822
v 0.01215965 -0.00282515 0.01070512
v 0.01215965 -0.00282515 0.01070512
v 0.01215965 -0.00282515 0.01070512
v 0.01215965 -0.00282515 0.01070512
v 0.01215965 -0.00282515 0.01070512
v 0.01215965 -0.00282515 0.01070512
v 0.01215965 -0.00282515 0.01070512
v 0.01215965 -0.00282515 0.01070512
v 0.01305845 -0.00282515 0.01315822
v 0.01305845 -0.00282515 0.01315822
v 0.01305845 -0.00282515 0.01315822
v 0.01305845 -0.00282515 0.01315822
v 0.01305845 -0.00282515 0.01315822
v 0.01305845 -0.00282515 0.01315822
v 0.00392737 -0.01523075 0.01806432
v 0.00392737 -0.01523075 0.01806432
v 0.00392737 -0.01523075 0.01806432
v 0.00392737 -0.01523075 0.01806432
v 0.00392737 -0.01509055 0.01743332
v 0.00392737 -0.01509055 0.01743332
v 0.00392737 -0.01509055 0.01743332
v 0.00392737 -0.01509055 0.01743332
v 0.00392737 -0.01509055 0.01743332
v 0.00492329 -0.01509055 0.01806432
v 0.00492329 -0.01509055 0.01806432
v 0.00492329 -0.01509055 0.01806432
v 0.00492329 -0.01509055 0.01806432
v 0.00492329 -0.01509055 0.01806432
v 0.00492329 -0.01509055 0.01806432
v 0.00492329 -0.01509055 0.01806432
v 0.00392737 -0.01463645 0.01561132
v 0.00392737 -0.01463645 0.01561132
v 0.00392737 -0.01463645 0.01561132
v 0.00392737 -0.01463645 0.01561132
v 0.00392737 -0.01463645 0.01561132
v 0.00392737 -0.01463645 0.01561132
v 0.00392737 -0.01463645 0.01561132
v 0.00638045 -0.01413105 0.01561132
v 0.00638045 -0.01413105 0.01561132
v 0.00638045 -0.01413105 0.01561132
v 0.00638045 -0.01413105 0.01561132
v 0.00638045 -0.01413105 0.01561132
v 0.00638045 -0.01413105 0.01561132
v 0.00638045 -0.01413105 0.01561132
v 0.00638045 -0.01413105 0.01561132
v 0.00638045 -0.01413105 0.01561132
v 0.00638045 -0.01474725 0.01806432
v 0.00638045 -0.01474725 0.01806432
v 0.00638045 -0.01474725 0.01806432
v 0.00638045 -0.01474725 0.01806432
v 0.00883353 -0.01299725 0.01561132
v 0.00883353 -0.01299725 0.01561132
v 0.00883353 -0.01299725 0.01561132
v 0.00883353 -0.01299725 0.01561132
v 0.00883353 -0.01263745 0.01459342
v 0.00883353 -0.01263745 0.01459342
v 0.00883353 -0.01263745 0.01459342
v 0.00883353 -0.01263745 0.01459342
v 0.00883353 -0.01263745 0.01459342
v 0.00883353 -0.01263745 0.01459342
v 0.00883353 -0.01263745 0.01459342
v 0.00938866 -0.01263745 0.01561132
v 0.00938866 -0.01263745 0.01561132
v 0.00938866 -0.01263745 0.01561132
v 0.00938866 -0.01263745 0.01561132
v 0.00938866 -0.01263745 0.01561132
v 0.01128665 -0.01086545 0.01561132
v 0.01128665 -0.01086545 0.01561132
v 0.01128665 -0.01086545 0.01561132
v 0.01128665 -0.01086545 0.01561132
v 0.01128665 -0.01086545 0.01561132
v 0.01128665 -0.01086545 0.01561132
v 0.01128665 -0.01086545 0.01561132
v 0.01128665 -0.01018439 0.01436322
v 0.01128665 -0.01018439 0.01436322
v 0.01128665 -0.01018439 0.01436322
v 0.01128665 -0.01018439 0.01436322
v 0.01128665 -0.01018439 0.01436322
v 0.01128665 -0.01018439 0.01436322
v 0.01128665 -0.01018439 0.01436322
v 0.01128665 -0.01018439 0.01436322
v 0.00883353 -0.01371935 0.01806432
v 0.00883353 -0.01371935 0.01806432
v 0.00883353 -0.01371935 0.01806432
v 0.00883353 -0.01371935 0.01806432
v 0.00883353 -0.01371935 0.01806432
v 0.00883353 -0.01371935 0.01806432
v 0.00883353 -0.01371935 0.01806432
v 0.01045595 -0.01263745 0.01806432
v 0.01045595 -0.01263745 0.01806432
v 0.01045595 -0.01263745 0.01806432
v 0.01045595 -0.01263745 0.01806432
v 0.01045595 -0.01263745 0.01806432
v 0.01045595 -0.01263745 0.01806432
v 0.01128665 -0.01187135 0.01806432
v 0.01128665 -0.01187135 0.01806432
v 0.01128665 -0.01187135 0.01806432
v 0.01128665 -0.01187135 0.01806432
v 0.01128665 -0.01187135 0.01806432
v 0.01128665 -0.01187135 0.01806432
v 0.00392737 -0.01566085 0.02051742
v 0.00392737 -0.01566085 0.02051742
v 0.00392737 -0.01566085 0.02051742
v 0.00392737 -0.01566085 0.02051742
v 0.00392737 -0.01566085 0.02051742
v 0.00392737 -0.01566085 0.02051742
v 0.00392737 -0.01566085 0.02051742
v 0.00392737 -0.01566085 0.02051742
v 0.00638045 -0.01512955 0.02051742
v 0.00638045 -0.01512955 0.02051742
v 0.00638045 -0.01512955 0.02051742
v 0.00638045 -0.01512955 0.02051742
v 0.00638045 -0.01509055 0.02015952
v 0.00638045 -0.01509055 0.02015952
v 0.00638045 -0.01509055 0.02015952
v 0.00638045 -0.01509055 0.02015952
v 0.00638045 -0.01509055 0.02015952
v 0.00638045 -0.01509055 0.02015952
v 0.00638045 -0.01509055 0.02015952
v 0.00392737 -0.01575955 0.02297052
v 0.00392737 -0.01575955 0.02297052
v 0.00392737 -0.01575955 0.02297052
v 0.00392737 -0.01575955 0.02297052
v 0.00392737 -0.01575955 0.02297052
v 0.00392737 -0.01575955 0.02297052
v 0.00392737 -0.01575955 0.02297052
v 0.00392737 -0.01575955 0.02297052
v 0.00638045 -0.01518405 0.02297052
v 0.00638045 -0.01518405 0.02297052
v 0.00638045 -0.01518405 0.02297052
v 0.00638045 -0.01518405 0.02297052
v 0.00638045 -0.01518405 0.02297052
v 0.00638045 -0.01518405 0.02297052
v 0.00651109 -0.01509055 0.02051742
v 0.00651109 -0.01509055 0.02051742
v 0.00651109 -0.01509055 0.02051742
v 0.00651109 -0.01509055 0.02051742
v 0.00651109 -0.01509055 0.02051742
v 0.00667364 -0.01509055 0.02297052
v 0.00667364 -0.01509055 0.02297052
v 0.00667364 -0.01509055 0.02297052
v 0.00667364 -0.01509055 0.02297052
v 0.00667364 -0.01509055 0.02297052
v 0.00883353 -0.01414135 0.02051742
v 0.00883353 -0.01414135 0.02051742
v 0.00883353 -0.01414135 0.02051742
v 0.00883353 -0.01414135 0.02051742
v 0.00883353 -0.01414135 0.02051742
v 0.00883353 -0.01414135 0.02051742
v 0.00883353 -0.01414135 0.02051742
v 0.00883353 -0.01414135 0.02051742
v 0.01103365 -0.01263745 0.02051742
v 0.01103365 -0.01263745 0.02051742
v 0.01103365 -0.01263745 0.02051742
v 0.01103365 -0.01263745 0.02051742
v 0.01103365 -0.01263745 0.02051742
v 0.01128665 -0.01240745 0.02051742
v 0.01128665 -0.01240745 0.02051742
v 0.01128665 -0.01240745 0.02051742
v 0.01128665 -0.01240745 0.02051742
v 0.01128665 -0.01240745 0.02051742
v 0.01128665 -0.01240745 0.02051742
v 0.00883353 -0.01416305 0.02297052
v 0.00883353 -0.01416305 0.02297052
v 0.00883353 -0.01416305 0.02297052
v 0.00883353 -0.01416305 0.02297052
v 0.00883353 -0.01416305 0.02297052
v 0.01100915 -0.01263745 0.02297052
v 0.01100915 -0.01263745 0.02297052
v 0.01100915 -0.01263745 0.02297052
v 0.01100915 -0.01263745 0.02297052
v 0.01100915 -0.01263745 0.02297052
v 0.01100915 -0.01263745 0.02297052
v 0.01100915 -0.01263745 0.02297052
v 0.01128665 -0.01237635 0.02297052
v 0.01128665 -0.01237635 0.02297052
v 0.01128665 -0.01237635 0.02297052
v 0.01128665 -0.01237635 0.02297052
v 0.01128665 -0.01237635 0.02297052
v 0.01177895 -0.01018439 0.01561132
v 0.01177895 -0.01018439 0.01561132
v 0.01177895 -0.01018439 0.01561132
v 0.01177895 -0.01018439 0.01561132
v 0.01253815 -0.01018439 0.01806432
v 0.01253815 -0.01018439 0.01806432
v 0.01253815 -0.01018439 0.01806432
v 0.01253815 -0.01018439 0.01806432
v 0.01253815 -0.01018439 0.01806432
v 0.01253815 -0.01018439 0.01806432
v 0.01253815 -0.01018439 0.01806432
v 0.01294725 -0.01018439 0.02051742
v 0.01294725 -0.01018439 0.02051742
v 0.01294725 -0.01018439 0.02051742
v 0.01294725 -0.01018439 0.02051742
v 0.01294725 -0.01018439 0.02051742
v 0.01294725 -0.01018439 0.02051742
v 0.01283735 -0.01018439 0.02297052
v 0.01283735 -0.01018439 0.02297052
v 0.01283735 -0.01018439 0.02297052
v 0.01283735 -0.01018439 0.02297052
v 0.01283735 -0.01018439 0.02297052
v 0.01283735 -0.01018439 0.02297052
v 0.01283735 -0.01018439 0.02297052
v 0.01283735 -0.01018439 0.02297052
v 0.01283735 -0.01018439 0.02297052
v 0.01296045 -0.00773131 0.01561132
v 0.01296045 -0.00773131 0.01561132
v 0.01296045 -0.00773131 0.01561132
v 0.01296045 -0.00773131 0.01561132
v 0.01296045 -0.00773131 0.01561132
v 0.01296045 -0.00773131 0.01561132
v 0.01296045 -0.00773131 0.01561132
v 0.01296045 -0.00773131 0.01561132
v 0.01296045 -0.00773131 0.01561132
v 0.01353435 -0.00527823 0.01561132
v 0.01353435 -0.00527823 0.01561132
v 0.01353435 -0.00527823 0.01561132
v 0.01353435 -0.00527823 0.01561132
v 0.01353435 -0.00527823 0.01561132
v 0.01353435 -0.00527823 0.01561132
v 0.01354275 -0.00773131 0.01806432
v 0.01354275 -0.00773131 0.01806432
v 0.01354275 -0.00773131 0.01806432
v 0.01354275 -0.00773131 0.01806432
v 0.01373965 -0.00691426 0.01806432
v 0.01373965 -0.00691426 0.01806432
v 0.01373965 -0.00691426 0.01806432
v 0.01373965 -0.00691426 0.01806432
v 0.01373965 -0.00691426 0.01806432
v 0.01373965 -0.00691426 0.01806432
v 0.01373965 -0.00527823 0.01653342
v 0.01373965 -0.00527823 0.01653342
v 0.01373965 -0.00527823 0.01653342
v 0.01373965 -0.00527823 0.01653342
v 0.01373965 -0.00527823 0.01653342
v 0.01373965 -0.00527823 0.01653342
v 0.01401675 -0.00527823 0.01806432
v 0.01401675 -0.00527823 0.01806432
v 0.01401675 -0.00527823 0.01806432
v 0.01401675 -0.00527823 0.01806432
v 0.01372165 -0.00282515 0.01561132
v 0.01372165 -0.00282515 0.01561132
v 0.01372165 -0.00282515 0.01561132
v 0.01372165 -0.00282515 0.01561132
v 0.01373965 -0.00282515 0.01569322
v 0.01373965 -0.00282515 0.01569322
v 0.01373965 -0.00282515 0.01569322
v 0.01373965 -0.00282515 0.01569322
v 0.01373965 -0.00282515 0.01569322
v 0.01373965 -0.00282515 0.01569322
v 0.01417385 -0.00282515 0.01806432
v 0.01417385 -0.00282515 0.01806432
v 0.01417385 -0.00282515 0.01806432
v 0.01417385 -0.00282515 0.01806432
v 0.01417385 -0.00282515 0.01806432
v 0.01417385 -0.00282515 0.01806432
v 0.01417385 -0.00282515 0.01806432
v 0.01417385 -0.00282515 0.01806432
v 0.01373965 -0.00808282 0.02051742
v 0.01373965 -0.00808282 0.02051742
v 0.01373965 -0.00808282 0.02051742
v 0.01373965 -0.00808282 0.02051742
v 0.01373965 -0.00808282 0.02051742
v 0.01373965 -0.00773131 0.01941392
v 0.01373965 -0.00773131 0.01941392
v 0.01373965 -0.00773131 0.01941392
v 0.01373965 -0.00773131 0.01941392
v 0.01373965 -0.00773131 0.01941392
v 0.01373965 -0.00773131 0.01941392
v 0.01373965 -0.00773131 0.01941392
v 0.01382905 -0.00773131 0.02051742
v 0.01382905 -0.00773131 0.02051742
v 0.01382905 -0.00773131 0.02051742
v 0.01382905 -0.00773131 0.02051742
v 0.01428195 -0.00527823 0.02051742
v 0.01428195 -0.00527823 0.02051742
v 0.01428195 -0.00527823 0.02051742
v 0.01428195 -0.00527823 0.02051742
v 0.01428195 -0.00527823 0.02051742
v 0.01428195 -0.00527823 0.02051742
v 0.01428195 -0.00527823 0.02051742
v 0.01428195 -0.00527823 0.02051742
v 0.01428195 -0.00527823 0.02051742
v 0.01368875 -0.00773131 0.02297052
v 0.01368875 -0.00773131 0.02297052
v 0.01368875 -0.00773131 0.02297052
v 0.01368875 -0.00773131 0.02297052
v 0.01373965 -0.00773131 0.02264862
v 0.01373965 -0.00773131 0.02264862
v 0.01373965 -0.00773131 0.02264862
v 0.01373965 -0.00773131 0.02264862
v 0.01373965 -0.00773131 0.02264862
v 0.01373965 -0.00773131 0.02264862
v 0.01373965 -0.00773131 0.02264862
v 0.01373965 -0.00751184 0.02297052
v 0.01373965 -0.00751184 0.02297052
v 0.01373965 -0.00751184 0.02297052
v 0.01373965 -0.00751184 0.02297052
v 0.01373965 -0.00751184 0.02297052
v 0.01416115 -0.00527823 0.02297052
v 0.01416115 -0.00527823 0.02297052
v 0.01416115 -0.00527823 0.02297052
v 0.01416115 -0.00527823 0.02297052
v 0.01416115 -0.00527823 0.02297052
v 0.01416115 -0.00527823 0.02297052
v 0.01444715 -0.00282515 0.02051742
v 0.01444715 -0.00282515 0.02051742
v 0.01444715 -0.00282515 0.02051742
v 0.01444715 -0.00282515 0.02051742
v 0.01438045 -0.00282515 0.02297052
v 0.01438045 -0.00282515 0.02297052
v 0.01438045 -0.00282515 0.02297052
v 0.01438045 -0.00282515 0.02297052
v 0.01438045 -0.00282515 0.02297052
v 0.01438045 -0.00282515 0.02297052
v 0.01438045 -0.00282515 0.02297052
v 0.00392737 -0.01535465 0.02542362
v 0.00392737 -0.01535465 0.02542362
v 0.00392737 -0.01535465 0.02542362
v 0.00392737 -0.01535465 0.02542362
v 0.00535158 -0.01509055 0.02542362
v 0.00535158 -0.01509055 0.02542362
v 0.00535158 -0.01509055 0.02542362
v 0.00535158 -0.01509055 0.02542362
v 0.00535158 -0.01509055 0.02542362
v 0.00535158 -0.01509055 0.02542362
v 0.00535158 -0.01509055 0.02542362
v 0.00638045 -0.01509055 0.02398852
v 0.00638045 -0.01509055 0.02398852
v 0.00638045 -0.01509055 0.02398852
v 0.00638045 -0.01509055 0.02398852
v 0.00638045 -0.01509055 0.02398852
v 0.00638045 -0.01509055 0.02398852
v 0.00638045 -0.01509055 0.02398852
v 0.00392737 -0.01509055 0.02622022
v 0.00392737 -0.01509055 0.02622022
v 0.00392737 -0.01509055 0.02622022
v 0.00392737 -0.01509055 0.02622022
v 0.00392737 -0.01509055 0.02622022
v 0.00638045 -0.01480605 0.02542362
v 0.00638045 -0.01480605 0.02542362
v 0.00638045 -0.01480605 0.02542362
v 0.00638045 -0.01480605 0.02542362
v 0.00392737 -0.01419215 0.02787672
v 0.00392737 -0.01419215 0.02787672
v 0.00392737 -0.01419215 0.02787672
v 0.00392737 -0.01419215 0.02787672
v 0.00392737 -0.01419215 0.02787672
v 0.00392737 -0.01419215 0.02787672
v 0.00392737 -0.01419215 0.02787672
v 0.00638045 -0.01365975 0.02787672
v 0.00638045 -0.01365975 0.02787672
v 0.00638045 -0.01365975 0.02787672
v 0.00638045 -0.01365975 0.02787672
v 0.00638045 -0.01365975 0.02787672
v 0.00638045 -0.01365975 0.02787672
v 0.00638045 -0.01365975 0.02787672
v 0.00883353 -0.01371625 0.02542362
v 0.00883353 -0.01371625 0.02542362
v 0.00883353 -0.01371625 0.02542362
v 0.00883353 -0.01371625 0.02542362
v 0.00883353 -0.01371625 0.02542362
v 0.00883353 -0.01371625 0.02542362
v 0.00883353 -0.01371625 0.02542362
v 0.00883353 -0.01371625 0.02542362
v 0.01037215 -0.01263745 0.02542362
v 0.01037215 -0.01263745 0.02542362
v 0.01037215 -0.01263745 0.02542362
v 0.01037215 -0.01263745 0.02542362
v 0.01037215 -0.01263745 0.02542362
v 0.01037215 -0.01263745 0.02542362
v 0.01128665 -0.01170145 0.02542362
v 0.01128665 -0.01170145 0.02542362
v 0.01128665 -0.01170145 0.02542362
v 0.01128665 -0.01170145 0.02542362
v 0.01128665 -0.01170145 0.02542362
v 0.00865729 -0.01263745 0.02787672
v 0.00865729 -0.01263745 0.02787672
v 0.00865729 -0.01263745 0.02787672
v 0.00865729 -0.01263745 0.02787672
v 0.00865729 -0.01263745 0.02787672
v 0.00865729 -0.01263745 0.02787672
v 0.00865729 -0.01263745 0.02787672
v 0.00883353 -0.01263745 0.02771802
v 0.00883353 -0.01263745 0.02771802
v 0.00883353 -0.01263745 0.02771802
v 0.00883353 -0.01263745 0.02771802
v 0.00883353 -0.01263745 0.02771802
v 0.00883353 -0.01263745 0.02771802
v 0.00883353 -0.01253045 0.02787672
v 0.00883353 -0.01253045 0.02787672
v 0.00883353 -0.01253045 0.02787672
v 0.00883353 -0.01253045 0.02787672
v 0.01103125 -0.01018439 0.02787672
v 0.01103125 -0.01018439 0.02787672
v 0.01103125 -0.01018439 0.02787672
v 0.01103125 -0.01018439 0.02787672
v 0.01103125 -0.01018439 0.02787672
v 0.01128665 -0.01018439 0.02745862
v 0.01128665 -0.01018439 0.02745862
v 0.01128665 -0.01018439 0.02745862
v 0.01128665 -0.01018439 0.02745862
v 0.01128665 -0.01018439 0.02745862
v 0.01128665 -0.01018439 0.02745862
v 0.00392737 -0.01263745 0.02937122
v 0.00392737 -0.01263745 0.02937122
v 0.00392737 -0.01263745 0.02937122
v 0.00392737 -0.01263745 0.02937122
v 0.00392737 -0.01263745 0.02937122
v 0.00392737 -0.01263745 0.02937122
v 0.00392737 -0.01263745 0.02937122
v 0.00638045 -0.01263745 0.02906832
v 0.00638045 -0.01263745 0.02906832
v 0.00638045 -0.01263745 0.02906832
v 0.00638045 -0.01263745 0.02906832
v 0.00638045 -0.01263745 0.02906832
v 0.00334544 -0.01018439 0.03032972
v 0.00334544 -0.01018439 0.03032972
v 0.00334544 -0.01018439 0.03032972
v 0.00334544 -0.01018439 0.03032972
v 0.00334544 -0.01018439 0.03032972
v 0.00334544 -0.01018439 0.03032972
v 0.00334544 -0.01018439 0.03032972
v 0.00392737 -0.01046099 0.03032972
v 0.00392737 -0.01046099 0.03032972
v 0.00392737 -0.01046099 0.03032972
v 0.00392737 -0.01046099 0.03032972
v 0.00392737 -0.01046099 0.03032972
v 0.00638045 -0.01067263 0.03032972
v 0.00638045 -0.01067263 0.03032972
v 0.00638045 -0.01067263 0.03032972
v 0.00638045 -0.01067263 0.03032972
v 0.00638045 -0.01067263 0.03032972
v 0.00392737 -0.01018439 0.03039312
v 0.00392737 -0.01018439 0.03039312
v 0.00392737 -0.01018439 0.03039312
v 0.00392737 -0.01018439 0.03039312
v 0.00638045 -0.01018439 0.03050162
v 0.00638045 -0.01018439 0.03050162
v 0.00638045 -0.01018439 0.03050162
v 0.00638045 -0.01018439 0.03050162
v 0.00638045 -0.01018439 0.03050162
v 0.00638045 -0.01018439 0.03050162
v 0.00766796 -0.01018439 0.03032972
v 0.00766796 -0.01018439 0.03032972
v 0.00766796 -0.01018439 0.03032972
v 0.00766796 -0.01018439 0.03032972
v 0.00766796 -0.01018439 0.03032972
v 0.00766796 -0.01018439 0.03032972
v 0.00766796 -0.01018439 0.03032972
v 0.00883353 -0.01018439 0.02989872
v 0.00883353 -0.01018439 0.02989872
v 0.00883353 -0.01018439 0.02989872
v 0.00883353 -0.01018439 0.02989872
v 0.00883353 -0.01018439 0.02989872
v 0.00883353 -0.01018439 0.02989872
v 0.01220865 -0.01018439 0.02542362
v 0.01220865 -0.01018439 0.02542362
v 0.01220865 -0.01018439 0.02542362
v 0.01220865 -0.01018439 0.02542362
v 0.01220865 -0.01018439 0.02542362
v 0.01220865 -0.01018439 0.02542362
v 0.01128665 -0.00961449 0.02787672
v 0.01128665 -0.00961449 0.02787672
v 0.01128665 -0.00961449 0.02787672
v 0.01128665 -0.00961449 0.02787672
v 0.01128665 -0.00961449 0.02787672
v 0.01128665 -0.00961449 0.02787672
v 0.01128665 -0.00961449 0.02787672
v 0.00392737 -0.00773131 0.03083602
v 0.00392737 -0.00773131 0.03083602
v 0.00392737 -0.00773131 0.03083602
v 0.00392737 -0.00773131 0.03083602
v 0.00392737 -0.00773131 0.03083602
v 0.00392737 -0.00773131 0.03083602
v 0.00392737 -0.00773131 0.03083602
v 0.00392737 -0.00773131 0.03083602
v 0.00638045 -0.00773131 0.03105952
v 0.00638045 -0.00773131 0.03105952
v 0.00638045 -0.00773131 0.03105952
v 0.00638045 -0.00773131 0.03105952
v 0.00638045 -0.00773131 0.03105952
v 0.00638045 -0.00773131 0.03105952
v 0.00638045 -0.00773131 0.03105952
v 0.00638045 -0.00773131 0.03105952
v 0.00392737 -0.00527823 0.03139282
v 0.00392737 -0.00527823 0.03139282
v 0.00392737 -0.00527823 0.03139282
v 0.00392737 -0.00527823 0.03139282
v 0.00392737 -0.00527823 0.03139282
v 0.00392737 -0.00527823 0.03139282
v 0.00392737 -0.00527823 0.03139282
v 0.00638045 -0.00527823 0.03147282
v 0.00638045 -0.00527823 0.03147282
v 0.00638045 -0.00527823 0.03147282
v 0.00638045 -0.00527823 0.03147282
v 0.00638045 -0.00527823 0.03147282
v 0.00883353 -0.00899694 0.03032972
v 0.00883353 -0.00899694 0.03032972
v 0.00883353 -0.00899694 0.03032972
v 0.00883353 -0.00899694 0.03032972
v 0.00883353 -0.00899694 0.03032972
v 0.00883353 -0.00899694 0.03032972
v 0.00883353 -0.00899694 0.03032972
v 0.00939465 -0.00773131 0.03032972
v 0.00939465 -0.00773131 0.03032972
v 0.00939465 -0.00773131 0.03032972
v 0.00939465 -0.00773131 0.03032972
v 0.00939465 -0.00773131 0.03032972
v 0.01128665 -0.00773131 0.02867222
v 0.01128665 -0.00773131 0.02867222
v 0.01128665 -0.00773131 0.02867222
v 0.01128665 -0.00773131 0.02867222
v 0.01128665 -0.00773131 0.02867222
v 0.01128665 -0.00773131 0.02867222
v 0.01128665 -0.00773131 0.02867222
v 0.01006925 -0.00527823 0.03032972
v 0.01006925 -0.00527823 0.03032972
v 0.01006925 -0.00527823 0.03032972
v 0.01006925 -0.00527823 0.03032972
v 0.01006925 -0.00527823 0.03032972
v 0.01006925 -0.00527823 0.03032972
v 0.01128665 -0.00527823 0.02928642
v 0.01128665 -0.00527823 0.02928642
v 0.01128665 -0.00527823 0.02928642
v 0.01128665 -0.00527823 0.02928642
v 0.01128665 -0.00527823 0.02928642
v 0.01128665 -0.00527823 0.02928642
v 0.00883353 -0.00773131 0.03059822
v 0.00883353 -0.00773131 0.03059822
v 0.00883353 -0.00773131 0.03059822
v 0.00883353 -0.00773131 0.03059822
v 0.00883353 -0.00527823 0.03096962
v 0.00883353 -0.00527823 0.03096962
v 0.00883353 -0.00527823 0.03096962
v 0.00883353 -0.00527823 0.03096962
v 0.00883353 -0.00527823 0.03096962
v 0.00883353 -0.00527823 0.03096962
v 0.00392737 -0.00282515 0.03199102
v 0.00392737 -0.00282515 0.03199102
v 0.00392737 -0.00282515 0.03199102
v 0.00392737 -0.00282515 0.03199102
v 0.00392737 -0.00282515 0.03199102
v 0.00392737 -0.00282515 0.03199102
v 0.00638045 -0.00282515 0.03184652
v 0.00638045 -0.00282515 0.03184652
v 0.00638045 -0.00282515 0.03184652
v 0.00638045 -0.00282515 0.03184652
v 0.00638045 -0.00282515 0.03184652
v 0.00638045 -0.00282515 0.03184652
v 0.01055565 -0.00282515 0.03032972
v 0.01055565 -0.00282515 0.03032972
v 0.01055565 -0.00282515 0.03032972
v 0.01055565 -0.00282515 0.03032972
v 0.01055565 -0.00282515 0.03032972
v 0.01055565 -0.00282515 0.03032972
v 0.01128665 -0.00282515 0.02974982
v 0.01128665 -0.00282515 0.02974982
v 0.01128665 -0.00282515 0.02974982
v 0.01128665 -0.00282515 0.02974982
v 0.01128665 -0.00282515 0.02974982
v 0.01128665 -0.00282515 0.02974982
v 0.00883353 -0.00282515 0.03120662
v 0.00883353 -0.00282515 0.03120662
v 0.00883353 -0.00282515 0.03120662
v 0.00883353 -0.00282515 0.03120662
v 0.00883353 -0.00282515 0.03120662
v 0.00883353 -0.00282515 0.03120662
v 0.01304425 -0.00773131 0.02542362
v 0.01304425 -0.00773131 0.02542362
v 0.01304425 -0.00773131 0.02542362
v 0.01304425 -0.00773131 0.02542362
v 0.01304425 -0.00773131 0.02542362
v 0.01304425 -0.00773131 0.02542362
v 0.01304425 -0.00773131 0.02542362
v 0.01304425 -0.00773131 0.02542362
v 0.01359905 -0.00527823 0.02542362
v 0.01359905 -0.00527823 0.02542362
v 0.01359905 -0.00527823 0.02542362
v 0.01359905 -0.00527823 0.02542362
v 0.01373965 -0.00527823 0.02496192
v 0.01373965 -0.00527823 0.02496192
v 0.01373965 -0.00527823 0.02496192
v 0.01373965 -0.00527823 0.02496192
v 0.01373965 -0.00527823 0.02496192
v 0.01183285 -0.00773131 0.02787672
v 0.01183285 -0.00773131 0.02787672
v 0.01183285 -0.00773131 0.02787672
v 0.01183285 -0.00773131 0.02787672
v 0.01183285 -0.00773131 0.02787672
v 0.01239905 -0.00527823 0.02787672
v 0.01239905 -0.00527823 0.02787672
v 0.01239905 -0.00527823 0.02787672
v 0.01239905 -0.00527823 0.02787672
v 0.01239905 -0.00527823 0.02787672
v 0.01239905 -0.00527823 0.02787672
v 0.01239905 -0.00527823 0.02787672
v 0.01373965 -0.00446167 0.02542362
v 0.01373965 -0.00446167 0.02542362
v 0.01373965 -0.00446167 0.02542362
v 0.01373965 -0.00446167 0.02542362
v 0.01373965 -0.00446167 0.02542362
v 0.01373965 -0.00446167 0.02542362
v 0.01373965 -0.00446167 0.02542362
v 0.01373965 -0.00446167 0.02542362
v 0.01388775 -0.00282515 0.02542362
v 0.01388775 -0.00282515 0.02542362
v 0.01388775 -0.00282515 0.02542362
v 0.01388775 -0.00282515 0.02542362
v 0.01388775 -0.00282515 0.02542362
v 0.01388775 -0.00282515 0.02542362
v 0.01283265 -0.00282515 0.02787672
v 0.01283265 -0.00282515 0.02787672
v 0.01283265 -0.00282515 0.02787672
v 0.01283265 -0.00282515 0.02787672
v 0.01283265 -0.00282515 0.02787672
v 0.01283265 -0.00282515 0.02787672
v 0.01373965 -0.00282515 0.02590582
v 0.01373965 -0.00282515 0.02590582
v 0.01373965 -0.00282515 0.02590582
v 0.01373965 -0.00282515 0.02590582
v 0.01373965 -0.00282515 0.02590582
v 0.00638045 0.00453410 -0.03177692
v 0.00638045 0.00453410 -0.03177692
v 0.00638045 0.00453410 -0.03177692
v 0.00638045 0.00453410 -0.03177692
v 0.00919802 0.00453410 -0.03099725
v 0.00919802 0.00453410 -0.03099725
v 0.00919802 0.00453410 -0.03099725
v 0.00919802 0.00453410 -0.03099725
v 0.00919802 0.00453410 -0.03099725
v 0.00919802 0.00453410 -0.03099725
v 0.00383280 0.00944025 -0.03099725
v 0.00383280 0.00944025 -0.03099725
v 0.00383280 0.00944025 -0.03099725
v 0.00383280 0.00944025 -0.03099725
v 0.00383280 0.00944025 -0.03099725
v 0.00383280 0.00944025 -0.03099725
v 0.00638045 0.00798346 -0.03099725
v 0.00638045 0.00798346 -0.03099725
v 0.00638045 0.00798346 -0.03099725
v 0.00638045 0.00798346 -0.03099725
v 0.00638045 0.00798346 -0.03099725
v 0.00638045 0.00798346 -0.03099725
v 0.00638045 0.00798346 -0.03099725
v 0.01128665 0.00453410 -0.03000188
v 0.01128665 0.00453410 -0.03000188
v 0.01128665 0.00453410 -0.03000188
v 0.01128665 0.00453410 -0.03000188
v 0.01128665 0.00453410 -0.03000188
v 0.01128665 0.00453410 -0.03000188
v 0.01128665 0.00453410 -0.03000188
v 0.01128665 0.00453410 -0.03000188
v 0.00638045 0.00944025 -0.03040950
v 0.00638045 0.00944025 -0.03040950
v 0.00638045 0.00944025 -0.03040950
v 0.00638045 0.00944025 -0.03040950
v 0.00638045 0.00944025 -0.03040950
v 0.01128665 0.00944025 -0.02701125
v 0.01128665 0.00944025 -0.02701125
v 0.01128665 0.00944025 -0.02701125
v 0.01128665 0.00944025 -0.02701125
v 0.01128665 0.00944025 -0.02701125
v 0.01128665 0.00944025 -0.02701125
v 0.01128665 0.00944025 -0.02701125
v 0.01128665 0.00944025 -0.02701125
v 0.01128665 0.00944025 -0.02701125
v 0.01468815 0.00453410 -0.02609109
v 0.01468815 0.00453410 -0.02609109
v 0.01468815 0.00453410 -0.02609109
v 0.01468815 0.00453410 -0.02609109
v 0.01468815 0.00453410 -0.02609109
v 0.01184025 0.00944025 -0.02609109
v 0.01184025 0.00944025 -0.02609109
v 0.01184025 0.00944025 -0.02609109
v 0.01184025 0.00944025 -0.02609109
v 0.01184025 0.00944025 -0.02609109
v 0.00392737 0.00944025 -0.03098154
v 0.00392737 0.00944025 -0.03098154
v 0.00392737 0.00944025 -0.03098154
v 0.00392737 0.00944025 -0.03098154
v 0.00392737 0.01189335 -0.02967908
v 0.00392737 0.01189335 -0.02967908
v 0.00392737 0.01189335 -0.02967908
v 0.00392737 0.01189335 -0.02967908
v 0.00392737 0.01189335 -0.02967908
v 0.00392737 0.01189335 -0.02967908
v 0.00392737 0.01189335 -0.02967908
v 0.00392737 0.01189335 -0.02967908
v 0.00638045 0.01189335 -0.02877951
v 0.00638045 0.01189335 -0.02877951
v 0.00638045 0.01189335 -0.02877951
v 0.00638045 0.01189335 -0.02877951
v 0.00638045 0.01189335 -0.02877951
v 0.00638045 0.01189335 -0.02877951
v 0.00392737 0.01324475 -0.02854417
v 0.00392737 0.01324475 -0.02854417
v 0.00392737 0.01324475 -0.02854417
v 0.00392737 0.01324475 -0.02854417
v 0.00392737 0.01324475 -0.02854417
v 0.00392737 0.01324475 -0.02854417
v 0.00392737 0.01324475 -0.02854417
v 0.00638045 0.01213875 -0.02854417
v 0.00638045 0.01213875 -0.02854417
v 0.00638045 0.01213875 -0.02854417
v 0.00638045 0.01213875 -0.02854417
v 0.00638045 0.01213875 -0.02854417
v 0.00638045 0.01213875 -0.02854417
v 0.00392737 0.01434645 -0.02711258
v 0.00392737 0.01434645 -0.02711258
v 0.00392737 0.01434645 -0.02711258
v 0.00392737 0.01434645 -0.02711258
v 0.00392737 0.01434645 -0.02711258
v 0.00530061 0.01434645 -0.02609109
v 0.00530061 0.01434645 -0.02609109
v 0.00530061 0.01434645 -0.02609109
v 0.00530061 0.01434645 -0.02609109
v 0.00530061 0.01434645 -0.02609109
v 0.00530061 0.01434645 -0.02609109
v 0.00530061 0.01434645 -0.02609109
v 0.00638045 0.01383125 -0.02609109
v 0.00638045 0.01383125 -0.02609109
v 0.00638045 0.01383125 -0.02609109
v 0.00638045 0.01383125 -0.02609109
v 0.01128665 0.01008635 -0.02609109
v 0.01128665 0.01008635 -0.02609109
v 0.01128665 0.01008635 -0.02609109
v 0.01128665 0.01008635 -0.02609109
v 0.01128665 0.01008635 -0.02609109
v 0.01128665 0.01008635 -0.02609109
v 0.00392737 0.01486035 -0.02609109
v 0.00392737 0.01486035 -0.02609109
v 0.00392737 0.01486035 -0.02609109
v 0.00392737 0.01486035 -0.02609109
v 0.01548645 0.00208102 -0.02609109
v 0.01548645 0.00208102 -0.02609109
v 0.01548645 0.00208102 -0.02609109
v 0.01548645 0.00208102 -0.02609109
v 0.01548645 0.00208102 -0.02609109
v 0.01548645 0.00208102 -0.02609109
v 0.01548645 0.00208102 -0.02609109
v 0.01548645 0.00208102 -0.02609109
v 0.01606945 0.00208102 -0.02363798
v 0.01606945 0.00208102 -0.02363798
v 0.01606945 0.00208102 -0.02363798
v 0.01606945 0.00208102 -0.02363798
v 0.01619275 0.00160683 -0.02363798
v 0.01619275 0.00160683 -0.02363798
v 0.01619275 0.00160683 -0.02363798
v 0.01619275 0.00160683 -0.02363798
v 0.01619275 0.00160683 -0.02363798
v 0.01619275 0.00160683 -0.02363798
v 0.01521945 0.00453410 -0.02363798
v 0.01521945 0.00453410 -0.02363798
v 0.01521945 0.00453410 -0.02363798
v 0.01521945 0.00453410 -0.02363798
v 0.01521945 0.00453410 -0.02363798
v 0.01521945 0.00453410 -0.02363798
v 0.01521945 0.00453410 -0.02363798
v 0.01604365 0.00208102 -0.02118498
v 0.01604365 0.00208102 -0.02118498
v 0.01604365 0.00208102 -0.02118498
v 0.01604365 0.00208102 -0.02118498
v 0.01604365 0.00208102 -0.02118498
v 0.01604365 0.00208102 -0.02118498
v 0.01619275 0.00154321 -0.02118498
v 0.01619275 0.00154321 -0.02118498
v 0.01619275 0.00154321 -0.02118498
v 0.01619275 0.00154321 -0.02118498
v 0.01619275 0.00154321 -0.02118498
v 0.01619275 0.00154321 -0.02118498
v 0.01517135 0.00453410 -0.02118498
v 0.01517135 0.00453410 -0.02118498
v 0.01517135 0.00453410 -0.02118498
v 0.01517135 0.00453410 -0.02118498
v 0.01517135 0.00453410 -0.02118498
v 0.01517135 0.00453410 -0.02118498
v 0.01517135 0.00453410 -0.02118498
v 0.01352715 0.00698717 -0.02609109
v 0.01352715 0.00698717 -0.02609109
v 0.01352715 0.00698717 -0.02609109
v 0.01352715 0.00698717 -0.02609109
v 0.01352715 0.00698717 -0.02609109
v 0.01373965 0.00659311 -0.02609109
v 0.01373965 0.00659311 -0.02609109
v 0.01373965 0.00659311 -0.02609109
v 0.01373965 0.00659311 -0.02609109
v 0.01373965 0.00698717 -0.02547684
v 0.01373965 0.00698717 -0.02547684
v 0.01373965 0.00698717 -0.02547684
v 0.01373965 0.00698717 -0.02547684
v 0.01373965 0.00698717 -0.02547684
v 0.01373965 0.00698717 -0.02547684
v 0.01373965 0.00698717 -0.02547684
v 0.01373965 0.00698717 -0.02547684
v 0.01405845 0.00698717 -0.02363798
v 0.01405845 0.00698717 -0.02363798
v 0.01405845 0.00698717 -0.02363798
v 0.01405845 0.00698717 -0.02363798
v 0.01405845 0.00698717 -0.02363798
v 0.01405845 0.00698717 -0.02363798
v 0.01256135 0.00944025 -0.02363798
v 0.01256135 0.00944025 -0.02363798
v 0.01256135 0.00944025 -0.02363798
v 0.01256135 0.00944025 -0.02363798
v 0.01256135 0.00944025 -0.02363798
v 0.01256135 0.00944025 -0.02363798
v 0.01373965 0.00758708 -0.02363798
v 0.01373965 0.00758708 -0.02363798
v 0.01373965 0.00758708 -0.02363798
v 0.01373965 0.00758708 -0.02363798
v 0.01373965 0.00758708 -0.02363798
v 0.01402575 0.00698717 -0.02118498
v 0.01402575 0.00698717 -0.02118498
v 0.01402575 0.00698717 -0.02118498
v 0.01402575 0.00698717 -0.02118498
v 0.01257665 0.00944025 -0.02118498
v 0.01257665 0.00944025 -0.02118498
v 0.01257665 0.00944025 -0.02118498
v 0.01257665 0.00944025 -0.02118498
v 0.01257665 0.00944025 -0.02118498
v 0.01257665 0.00944025 -0.02118498
v 0.01257665 0.00944025 -0.02118498
v 0.01257665 0.00944025 -0.02118498
v 0.01373965 0.00753883 -0.02118498
v 0.01373965 0.00753883 -0.02118498
v 0.01373965 0.00753883 -0.02118498
v 0.01373965 0.00753883 -0.02118498
v 0.01373965 0.00753883 -0.02118498
v 0.01560855 0.00208102 -0.01873188
v 0.01560855 0.00208102 -0.01873188
v 0.01560855 0.00208102 -0.01873188
v 0.01560855 0.00208102 -0.01873188
v 0.01560855 0.00208102 -0.01873188
v 0.01560855 0.00208102 -0.01873188
v 0.01560855 0.00208102 -0.01873188
v 0.01619275 -0.00014916 -0.01873188
v 0.01619275 -0.00014916 -0.01873188
v 0.01619275 -0.00014916 -0.01873188
v 0.01619275 -0.00014916 -0.01873188
v 0.01619275 -0.00014916 -0.01873188
v 0.01619275 -0.00014916 -0.01873188
v 0.01471505 0.00453410 -0.01873188
v 0.01471505 0.00453410 -0.01873188
v 0.01471505 0.00453410 -0.01873188
v 0.01471505 0.00453410 -0.01873188
v 0.01471505 0.00453410 -0.01873188
v 0.01471505 0.00453410 -0.01873188
v 0.01471505 0.00453410 -0.01873188
v 0.01487725 0.00208102 -0.01627878
v 0.01487725 0.00208102 -0.01627878
v 0.01487725 0.00208102 -0.01627878
v 0.01487725 0.00208102 -0.01627878
v 0.01487725 0.00208102 -0.01627878
v 0.01487725 0.00208102 -0.01627878
v 0.01487725 0.00208102 -0.01627878
v 0.01487725 0.00208102 -0.01627878
v 0.01400155 0.00453410 -0.01627878
v 0.01400155 0.00453410 -0.01627878
v 0.01400155 0.00453410 -0.01627878
v 0.01400155 0.00453410 -0.01627878
v 0.01363455 0.00698717 -0.01873188
v 0.01363455 0.00698717 -0.01873188
v 0.01363455 0.00698717 -0.01873188
v 0.01363455 0.00698717 -0.01873188
v 0.01373965 0.00676933 -0.01873188
v 0.01373965 0.00676933 -0.01873188
v 0.01373965 0.00676933 -0.01873188
v 0.01373965 0.00676933 -0.01873188
v 0.01373965 0.00676933 -0.01873188
v 0.01373965 0.00698717 -0.01923698
v 0.01373965 0.00698717 -0.01923698
v 0.01373965 0.00698717 -0.01923698
v 0.01373965 0.00698717 -0.01923698
v 0.01373965 0.00698717 -0.01923698
v 0.01373965 0.00698717 -0.01923698
v 0.01373965 0.00698717 -0.01923698
v 0.01373965 0.00698717 -0.01923698
v 0.01219965 0.00944025 -0.01873188
v 0.01219965 0.00944025 -0.01873188
v 0.01219965 0.00944025 -0.01873188
v 0.01219965 0.00944025 -0.01873188
v 0.01219965 0.00944025 -0.01873188
v 0.01219965 0.00944025 -0.01873188
v 0.01219965 0.00944025 -0.01873188
v 0.01294455 0.00698717 -0.01627878
v 0.01294455 0.00698717 -0.01627878
v 0.01294455 0.00698717 -0.01627878
v 0.01294455 0.00698717 -0.01627878
v 0.01294455 0.00698717 -0.01627878
v 0.01294455 0.00698717 -0.01627878
v 0.01294455 0.00698717 -0.01627878
v 0.01294455 0.00698717 -0.01627878
v 0.01294455 0.00698717 -0.01627878
v 0.01294455 0.00698717 -0.01627878
v 0.01373965 0.00521107 -0.01627878
v 0.01373965 0.00521107 -0.01627878
v 0.01373965 0.00521107 -0.01627878
v 0.01373965 0.00521107 -0.01627878
v 0.01373965 0.00521107 -0.01627878
v 0.01143005 0.00944025 -0.01627878
v 0.01143005 0.00944025 -0.01627878
v 0.01143005 0.00944025 -0.01627878
v 0.01143005 0.00944025 -0.01627878
v 0.00638045 0.01434645 -0.02465008
v 0.00638045 0.01434645 -0.02465008
v 0.00638045 0.01434645 -0.02465008
v 0.00638045 0.01434645 -0.02465008
v 0.00638045 0.01434645 -0.02465008
v 0.00638045 0.01434645 -0.02465008
v 0.00638045 0.01434645 -0.02465008
v 0.00937416 0.01189335 -0.02609109
v 0.00937416 0.01189335 -0.02609109
v 0.00937416 0.01189335 -0.02609109
v 0.00937416 0.01189335 -0.02609109
v 0.00937416 0.01189335 -0.02609109
v 0.00937416 0.01189335 -0.02609109
v 0.01030205 0.01189335 -0.02363798
v 0.01030205 0.01189335 -0.02363798
v 0.01030205 0.01189335 -0.02363798
v 0.01030205 0.01189335 -0.02363798
v 0.01030205 0.01189335 -0.02363798
v 0.01030205 0.01189335 -0.02363798
v 0.01128665 0.01095805 -0.02363798
v 0.01128665 0.01095805 -0.02363798
v 0.01128665 0.01095805 -0.02363798
v 0.01128665 0.01095805 -0.02363798
v 0.01128665 0.01095805 -0.02363798
v 0.01128665 0.01095805 -0.02363798
v 0.00680804 0.01434645 -0.02363798
v 0.00680804 0.01434645 -0.02363798
v 0.00680804 0.01434645 -0.02363798
v 0.00680804 0.01434645 -0.02363798
v 0.00680804 0.01434645 -0.02363798
v 0.00883353 0.01230465 -0.02609109
v 0.00883353 0.01230465 -0.02609109
v 0.00883353 0.01230465 -0.02609109
v 0.00883353 0.01230465 -0.02609109
v 0.00883353 0.01230465 -0.02609109
v 0.00883353 0.01230465 -0.02609109
v 0.00883353 0.01306795 -0.02363798
v 0.00883353 0.01306795 -0.02363798
v 0.00883353 0.01306795 -0.02363798
v 0.00883353 0.01306795 -0.02363798
v 0.00883353 0.01306795 -0.02363798
v 0.00883353 0.01306795 -0.02363798
v 0.00883353 0.01306795 -0.02363798
v 0.01046175 0.01189335 -0.02118498
v 0.01046175 0.01189335 -0.02118498
v 0.01046175 0.01189335 -0.02118498
v 0.01046175 0.01189335 -0.02118498
v 0.01046175 0.01189335 -0.02118498
v 0.01128665 0.01106325 -0.02118498
v 0.01128665 0.01106325 -0.02118498
v 0.01128665 0.01106325 -0.02118498
v 0.01128665 0.01106325 -0.02118498
v 0.01128665 0.01106325 -0.02118498
v 0.00706913 0.01434645 -0.02118498
v 0.00706913 0.01434645 -0.02118498
v 0.00706913 0.01434645 -0.02118498
v 0.00706913 0.01434645 -0.02118498
v 0.00706913 0.01434645 -0.02118498
v 0.00706913 0.01434645 -0.02118498
v 0.00883353 0.01323425 -0.02118498
v 0.00883353 0.01323425 -0.02118498
v 0.00883353 0.01323425 -0.02118498
v 0.00883353 0.01323425 -0.02118498
v 0.00883353 0.01323425 -0.02118498
v 0.00883353 0.01323425 -0.02118498
v 0.00392737 0.01552485 -0.02363798
v 0.00392737 0.01552485 -0.02363798
v 0.00392737 0.01552485 -0.02363798
v 0.00392737 0.01552485 -0.02363798
v 0.00392737 0.01552485 -0.02363798
v 0.00392737 0.01552485 -0.02363798
v 0.00392737 0.01552485 -0.02363798
v 0.00392737 0.01552485 -0.02363798
v 0.00638045 0.01456195 -0.02363798
v 0.00638045 0.01456195 -0.02363798
v 0.00638045 0.01456195 -0.02363798
v 0.00638045 0.01456195 -0.02363798
v 0.00392737 0.01563775 -0.02118498
v 0.00392737 0.01563775 -0.02118498
v 0.00392737 0.01563775 -0.02118498
v 0.00392737 0.01563775 -0.02118498
v 0.00392737 0.01563775 -0.02118498
v 0.00392737 0.01563775 -0.02118498
v 0.00638045 0.01469035 -0.02118498
v 0.00638045 0.01469035 -0.02118498
v 0.00638045 0.01469035 -0.02118498
v 0.00638045 0.01469035 -0.02118498
v 0.00638045 0.01469035 -0.02118498
v 0.00638045 0.01469035 -0.02118498
v 0.00638045 0.01469035 -0.02118498
v 0.00634389 0.01434645 -0.01873188
v 0.00634389 0.01434645 -0.01873188
v 0.00634389 0.01434645 -0.01873188
v 0.00634389 0.01434645 -0.01873188
v 0.00634389 0.01434645 -0.01873188
v 0.00638045 0.01432915 -0.01873188
v 0.00638045 0.01432915 -0.01873188
v 0.00638045 0.01432915 -0.01873188
v 0.00638045 0.01432915 -0.01873188
v 0.00638045 0.01434645 -0.01880298
v 0.00638045 0.01434645 -0.01880298
v 0.00638045 0.01434645 -0.01880298
v 0.00638045 0.01434645 -0.01880298
v 0.00638045 0.01434645 -0.01880298
v 0.00638045 0.01434645 -0.01880298
v 0.00436399 0.01434645 -0.01627878
v 0.00436399 0.01434645 -0.01627878
v 0.00436399 0.01434645 -0.01627878
v 0.00436399 0.01434645 -0.01627878
v 0.00436399 0.01434645 -0.01627878
v 0.00436399 0.01434645 -0.01627878
v 0.00638045 0.01348675 -0.01627878
v 0.00638045 0.01348675 -0.01627878
v 0.00638045 0.01348675 -0.01627878
v 0.00638045 0.01348675 -0.01627878
v 0.00638045 0.01348675 -0.01627878
v 0.00638045 0.01348675 -0.01627878
v 0.00638045 0.01348675 -0.01627878
v 0.00638045 0.01348675 -0.01627878
v 0.00638045 0.01348675 -0.01627878
v 0.01003615 0.01189335 -0.01873188
v 0.01003615 0.01189335 -0.01873188
v 0.01003615 0.01189335 -0.01873188
v 0.01003615 0.01189335 -0.01873188
v 0.01003615 0.01189335 -0.01873188
v 0.01003615 0.01189335 -0.01873188
v 0.01003615 0.01189335 -0.01873188
v 0.01128665 0.01064075 -0.01873188
v 0.01128665 0.01064075 -0.01873188
v 0.01128665 0.01064075 -0.01873188
v 0.01128665 0.01064075 -0.01873188
v 0.01128665 0.01064075 -0.01873188
v 0.00883353 0.01284465 -0.01873188
v 0.00883353 0.01284465 -0.01873188
v 0.00883353 0.01284465 -0.01873188
v 0.00883353 0.01284465 -0.01873188
v 0.00883353 0.01284465 -0.01873188
v 0.00883353 0.01284465 -0.01873188
v 0.00883353 0.01284465 -0.01873188
v 0.00883353 0.01284465 -0.01873188
v 0.00890525 0.01189335 -0.01627878
v 0.00890525 0.01189335 -0.01627878
v 0.00890525 0.01189335 -0.01627878
v 0.00890525 0.01189335 -0.01627878
v 0.00890525 0.01189335 -0.01627878
v 0.01128665 0.00962615 -0.01627878
v 0.01128665 0.00962615 -0.01627878
v 0.01128665 0.00962615 -0.01627878
v 0.01128665 0.00962615 -0.01627878
v 0.01128665 0.00962615 -0.01627878
v 0.01128665 0.00962615 -0.01627878
v 0.01128665 0.00962615 -0.01627878
v 0.00883353 0.01194545 -0.01627878
v 0.00883353 0.01194545 -0.01627878
v 0.00883353 0.01194545 -0.01627878
v 0.00883353 0.01194545 -0.01627878
v 0.00392737 0.01527815 -0.01873188
v 0.00392737 0.01527815 -0.01873188
v 0.00392737 0.01527815 -0.01873188
v 0.00392737 0.01527815 -0.01873188
v 0.00392737 0.01527815 -0.01873188
v 0.00392737 0.01527815 -0.01873188
v 0.00392737 0.01527815 -0.01873188
v 0.00392737 0.01527815 -0.01873188
v 0.00392737 0.01448705 -0.01627878
v 0.00392737 0.01448705 -0.01627878
v 0.00392737 0.01448705 -0.01627878
v 0.00392737 0.01448705 -0.01627878
v 0.01005285 0.00944025 -0.01382568
v 0.01005285 0.00944025 -0.01382568
v 0.01005285 0.00944025 -0.01382568
v 0.01005285 0.00944025 -0.01382568
v 0.01005285 0.00944025 -0.01382568
v 0.01005285 0.00944025 -0.01382568
v 0.01128665 0.00792761 -0.01382568
v 0.01128665 0.00792761 -0.01382568
v 0.01128665 0.00792761 -0.01382568
v 0.01128665 0.00792761 -0.01382568
v 0.01128665 0.00792761 -0.01382568
v 0.01128665 0.00944025 -0.01594118
v 0.01128665 0.00944025 -0.01594118
v 0.01128665 0.00944025 -0.01594118
v 0.01128665 0.00944025 -0.01594118
v 0.01128665 0.00944025 -0.01594118
v 0.01128665 0.00944025 -0.01594118
v 0.01128665 0.00944025 -0.01594118
v 0.01019655 0.00698717 -0.01137258
v 0.01019655 0.00698717 -0.01137258
v 0.01019655 0.00698717 -0.01137258
v 0.01019655 0.00698717 -0.01137258
v 0.01019655 0.00698717 -0.01137258
v 0.01019655 0.00698717 -0.01137258
v 0.01019655 0.00698717 -0.01137258
v 0.01128665 0.00526508 -0.01137258
v 0.01128665 0.00526508 -0.01137258
v 0.01128665 0.00526508 -0.01137258
v 0.01128665 0.00526508 -0.01137258
v 0.01128665 0.00526508 -0.01137258
v 0.01128665 0.00526508 -0.01137258
v 0.01128665 0.00698717 -0.01285058
v 0.01128665 0.00698717 -0.01285058
v 0.01128665 0.00698717 -0.01285058
v 0.01128665 0.00698717 -0.01285058
v 0.01128665 0.00698717 -0.01285058
v 0.01128665 0.00698717 -0.01285058
v 0.00786061 0.00944025 -0.01137258
v 0.00786061 0.00944025 -0.01137258
v 0.00786061 0.00944025 -0.01137258
v 0.00786061 0.00944025 -0.01137258
v 0.00786061 0.00944025 -0.01137258
v 0.00883353 0.00857865 -0.01137258
v 0.00883353 0.00857865 -0.01137258
v 0.00883353 0.00857865 -0.01137258
v 0.00883353 0.00857865 -0.01137258
v 0.00883353 0.00944025 -0.01236888
v 0.00883353 0.00944025 -0.01236888
v 0.00883353 0.00944025 -0.01236888
v 0.00883353 0.00944025 -0.01236888
v 0.00883353 0.00944025 -0.01236888
v 0.00883353 0.00944025 -0.01236888
v 0.01121005 0.00208102 -0.00891948
v 0.01121005 0.00208102 -0.00891948
v 0.01121005 0.00208102 -0.00891948
v 0.01121005 0.00208102 -0.00891948
v 0.01128665 0.00188907 -0.00891948
v 0.01128665 0.00188907 -0.00891948
v 0.01128665 0.00188907 -0.00891948
v 0.01128665 0.00188907 -0.00891948
v 0.01128665 0.00188907 -0.00891948
v 0.01128665 0.00188907 -0.00891948
v 0.01128665 0.00208102 -0.00904658
v 0.01128665 0.00208102 -0.00904658
v 0.01128665 0.00208102 -0.00904658
v 0.01128665 0.00208102 -0.00904658
v 0.01128665 0.00208102 -0.00904658
v 0.00998288 0.00453410 -0.00891948
v 0.00998288 0.00453410 -0.00891948
v 0.00998288 0.00453410 -0.00891948
v 0.00998288 0.00453410 -0.00891948
v 0.00998288 0.00453410 -0.00891948
v 0.00998288 0.00453410 -0.00891948
v 0.00998288 0.00453410 -0.00891948
v 0.00998288 0.00453410 -0.00891948
v 0.00998288 0.00453410 -0.00891948
v 0.01128665 0.00453410 -0.01082468
v 0.01128665 0.00453410 -0.01082468
v 0.01128665 0.00453410 -0.01082468
v 0.01128665 0.00453410 -0.01082468
v 0.01128665 0.00453410 -0.01082468
v 0.00998638 0.00208102 -0.00646648
v 0.00998638 0.00208102 -0.00646648
v 0.00998638 0.00208102 -0.00646648
v 0.00998638 0.00208102 -0.00646648
v 0.00998638 0.00208102 -0.00646648
v 0.00998638 0.00208102 -0.00646648
v 0.00998638 0.00208102 -0.00646648
v 0.00998638 0.00208102 -0.00646648
v 0.00998638 0.00208102 -0.00646648
v 0.00998638 0.00208102 -0.00646648
v 0.00875399 0.00453410 -0.00646648
v 0.00875399 0.00453410 -0.00646648
v 0.00875399 0.00453410 -0.00646648
v 0.00875399 0.00453410 -0.00646648
v 0.00875399 0.00453410 -0.00646648
v 0.00883353 0.00440015 -0.00646648
v 0.00883353 0.00440015 -0.00646648
v 0.00883353 0.00440015 -0.00646648
v 0.00883353 0.00440015 -0.00646648
v 0.00883353 0.00440015 -0.00646648
v 0.00883353 0.00453410 -0.00666938
v 0.00883353 0.00453410 -0.00666938
v 0.00883353 0.00453410 -0.00666938
v 0.00883353 0.00453410 -0.00666938
v 0.00883353 0.00453410 -0.00666938
v 0.00883353 0.00453410 -0.00666938
v 0.00883353 0.00453410 -0.00666938
v 0.00546125 0.00944025 -0.00891948
v 0.00546125 0.00944025 -0.00891948
v 0.00546125 0.00944025 -0.00891948
v 0.00546125 0.00944025 -0.00891948
v 0.00546125 0.00944025 -0.00891948
v 0.00638045 0.00878375 -0.00891948
v 0.00638045 0.00878375 -0.00891948
v 0.00638045 0.00878375 -0.00891948
v 0.00638045 0.00878375 -0.00891948
v 0.00638045 0.00878375 -0.00891948
v 0.00638045 0.00944025 -0.00988608
v 0.00638045 0.00944025 -0.00988608
v 0.00638045 0.00944025 -0.00988608
v 0.00638045 0.00944025 -0.00988608
v 0.00638045 0.00944025 -0.00988608
v 0.00638045 0.00944025 -0.00988608
v 0.00638045 0.00944025 -0.00988608
v 0.00245958 0.00944025 -0.00646648
v 0.00245958 0.00944025 -0.00646648
v 0.00245958 0.00944025 -0.00646648
v 0.00245958 0.00944025 -0.00646648
v 0.00245958 0.00944025 -0.00646648
v 0.00245958 0.00944025 -0.00646648
v 0.00245958 0.00944025 -0.00646648
v 0.00392737 0.00888285 -0.00646648
v 0.00392737 0.00888285 -0.00646648
v 0.00392737 0.00888285 -0.00646648
v 0.00392737 0.00888285 -0.00646648
v 0.00392737 0.00888285 -0.00646648
v 0.00392737 0.00944025 -0.00750638
v 0.00392737 0.00944025 -0.00750638
v 0.00392737 0.00944025 -0.00750638
v 0.00392737 0.00944025 -0.00750638
v 0.00392737 0.00944025 -0.00750638
v 0.00392737 0.00944025 -0.00750638
v 0.00638045 0.00730864 -0.00646648
v 0.00638045 0.00730864 -0.00646648
v 0.00638045 0.00730864 -0.00646648
v 0.00638045 0.00730864 -0.00646648
v 0.00638045 0.00730864 -0.00646648
v 0.00638045 0.00730864 -0.00646648
v 0.00827248 0.00698717 -0.00891948
v 0.00827248 0.00698717 -0.00891948
v 0.00827248 0.00698717 -0.00891948
v 0.00827248 0.00698717 -0.00891948
v 0.00827248 0.00698717 -0.00891948
v 0.00827248 0.00698717 -0.00891948
v 0.00883353 0.00628434 -0.00891948
v 0.00883353 0.00628434 -0.00891948
v 0.00883353 0.00628434 -0.00891948
v 0.00883353 0.00628434 -0.00891948
v 0.00883353 0.00698717 -0.00969648
v 0.00883353 0.00698717 -0.00969648
v 0.00883353 0.00698717 -0.00969648
v 0.00883353 0.00698717 -0.00969648
v 0.00883353 0.00698717 -0.00969648
v 0.00883353 0.00698717 -0.00969648
v 0.00883353 0.00698717 -0.00969648
v 0.00674850 0.00698717 -0.00646648
v 0.00674850 0.00698717 -0.00646648
v 0.00674850 0.00698717 -0.00646648
v 0.00674850 0.00698717 -0.00646648
v 0.00674850 0.00698717 -0.00646648
v 0.00674850 0.00698717 -0.00646648
v 0.01394235 0.00208102 -0.01382568
v 0.01394235 0.00208102 -0.01382568
v 0.01394235 0.00208102 -0.01382568
v 0.01394235 0.00208102 -0.01382568
v 0.01306615 0.00453410 -0.01382568
v 0.01306615 0.00453410 -0.01382568
v 0.01306615 0.00453410 -0.01382568
v 0.01306615 0.00453410 -0.01382568
v 0.01306615 0.00453410 -0.01382568
v 0.01306615 0.00453410 -0.01382568
v 0.01306615 0.00453410 -0.01382568
v 0.01306615 0.00453410 -0.01382568
v 0.01373965 0.00271255 -0.01382568
v 0.01373965 0.00271255 -0.01382568
v 0.01373965 0.00271255 -0.01382568
v 0.01373965 0.00271255 -0.01382568
v 0.01373965 0.00271255 -0.01382568
v 0.01373965 0.00271255 -0.01382568
v 0.01373965 0.00453410 -0.01551018
v 0.01373965 0.00453410 -0.01551018
v 0.01373965 0.00453410 -0.01551018
v 0.01373965 0.00453410 -0.01551018
v 0.01373965 0.00453410 -0.01551018
v 0.01373965 0.00453410 -0.01551018
v 0.01273365 0.00208102 -0.01137258
v 0.01273365 0.00208102 -0.01137258
v 0.01273365 0.00208102 -0.01137258
v 0.01273365 0.00208102 -0.01137258
v 0.01273365 0.00208102 -0.01137258
v 0.01273365 0.00208102 -0.01137258
v 0.01273365 0.00208102 -0.01137258
v 0.01273365 0.00208102 -0.01137258
v 0.01273365 0.00208102 -0.01137258
v 0.01273365 0.00208102 -0.01137258
v 0.01373965 0.00208102 -0.01334928
v 0.01373965 0.00208102 -0.01334928
v 0.01373965 0.00208102 -0.01334928
v 0.01373965 0.00208102 -0.01334928
v 0.01373965 0.00208102 -0.01334928
v 0.01166925 0.00453410 -0.01137258
v 0.01166925 0.00453410 -0.01137258
v 0.01166925 0.00453410 -0.01137258
v 0.01166925 0.00453410 -0.01137258
v 0.01186235 0.00698717 -0.01382568
v 0.01186235 0.00698717 -0.01382568
v 0.01186235 0.00698717 -0.01382568
v 0.01186235 0.00698717 -0.01382568
v 0.00392737 0.01331745 -0.01382568
v 0.00392737 0.01331745 -0.01382568
v 0.00392737 0.01331745 -0.01382568
v 0.00392737 0.01331745 -0.01382568
v 0.00392737 0.01331745 -0.01382568
v 0.00392737 0.01331745 -0.01382568
v 0.00392737 0.01331745 -0.01382568
v 0.00392737 0.01331745 -0.01382568
v 0.00392737 0.01331745 -0.01382568
v 0.00392737 0.01331745 -0.01382568
v 0.00392737 0.01434645 -0.01593218
v 0.00392737 0.01434645 -0.01593218
v 0.00392737 0.01434645 -0.01593218
v 0.00392737 0.01434645 -0.01593218
v 0.00392737 0.01434645 -0.01593218
v 0.00638045 0.01219135 -0.01382568
v 0.00638045 0.01219135 -0.01382568
v 0.00638045 0.01219135 -0.01382568
v 0.00638045 0.01219135 -0.01382568
v 0.00388060 0.01189335 -0.01137258
v 0.00388060 0.01189335 -0.01137258
v 0.00388060 0.01189335 -0.01137258
v 0.00388060 0.01189335 -0.01137258
v 0.00388060 0.01189335 -0.01137258
v 0.00388060 0.01189335 -0.01137258
v 0.00392737 0.01187375 -0.01137258
v 0.00392737 0.01187375 -0.01137258
v 0.00392737 0.01187375 -0.01137258
v 0.00392737 0.01187375 -0.01137258
v 0.00392737 0.01189335 -0.01140508
v 0.00392737 0.01189335 -0.01140508
v 0.00392737 0.01189335 -0.01140508
v 0.00392737 0.01189335 -0.01140508
v 0.00392737 0.01189335 -0.01140508
v 0.00638045 0.01052685 -0.01137258
v 0.00638045 0.01052685 -0.01137258
v 0.00638045 0.01052685 -0.01137258
v 0.00638045 0.01052685 -0.01137258
v 0.00638045 0.01052685 -0.01137258
v 0.00638045 0.01052685 -0.01137258
v 0.00638045 0.01052685 -0.01137258
v 0.00638045 0.01052685 -0.01137258
v 0.00638045 0.01052685 -0.01137258
v 0.00638045 0.01189335 -0.01334518
v 0.00638045 0.01189335 -0.01334518
v 0.00638045 0.01189335 -0.01334518
v 0.00638045 0.01189335 -0.01334518
v 0.00638045 0.01189335 -0.01334518
v 0.00690399 0.01189335 -0.01382568
v 0.00690399 0.01189335 -0.01382568
v 0.00690399 0.01189335 -0.01382568
v 0.00690399 0.01189335 -0.01382568
v 0.00690399 0.01189335 -0.01382568
v 0.00690399 0.01189335 -0.01382568
v 0.00883353 0.01054615 -0.01382568
v 0.00883353 0.01054615 -0.01382568
v 0.00883353 0.01054615 -0.01382568
v 0.00883353 0.01054615 -0.01382568
v 0.00883353 0.01054615 -0.01382568
v 0.00883353 0.01054615 -0.01382568
v 0.00883353 0.01189335 -0.01616508
v 0.00883353 0.01189335 -0.01616508
v 0.00883353 0.01189335 -0.01616508
v 0.00883353 0.01189335 -0.01616508
v 0.00883353 0.01189335 -0.01616508
v 0.00883353 0.01189335 -0.01616508
v 0.00883353 0.01189335 -0.01616508
v 0.00392737 0.01031225 -0.00891948
v 0.00392737 0.01031225 -0.00891948
v 0.00392737 0.01031225 -0.00891948
v 0.00392737 0.01031225 -0.00891948
v 0.00392737 0.01031225 -0.00891948
v 0.00392737 0.01031225 -0.00891948
v 0.00392737 0.01031225 -0.00891948
v 0.00392737 0.01031225 -0.00891948
v 0.00914074 0.00208102 -0.00401338
v 0.00914074 0.00208102 -0.00401338
v 0.00914074 0.00208102 -0.00401338
v 0.00914074 0.00208102 -0.00401338
v 0.00788902 0.00453410 -0.00401338
v 0.00788902 0.00453410 -0.00401338
v 0.00788902 0.00453410 -0.00401338
v 0.00788902 0.00453410 -0.00401338
v 0.00788902 0.00453410 -0.00401338
v 0.00788902 0.00453410 -0.00401338
v 0.00788902 0.00453410 -0.00401338
v 0.00788902 0.00453410 -0.00401338
v 0.00883353 0.00281389 -0.00401338
v 0.00883353 0.00281389 -0.00401338
v 0.00883353 0.00281389 -0.00401338
v 0.00883353 0.00281389 -0.00401338
v 0.00883353 0.00281389 -0.00401338
v 0.00868431 0.00208102 -0.00156028
v 0.00868431 0.00208102 -0.00156028
v 0.00868431 0.00208102 -0.00156028
v 0.00868431 0.00208102 -0.00156028
v 0.00868431 0.00208102 -0.00156028
v 0.00883353 0.00166633 -0.00156028
v 0.00883353 0.00166633 -0.00156028
v 0.00883353 0.00166633 -0.00156028
v 0.00883353 0.00166633 -0.00156028
v 0.00883353 0.00166633 -0.00156028
v 0.00883353 0.00208102 -0.00268248
v 0.00883353 0.00208102 -0.00268248
v 0.00883353 0.00208102 -0.00268248
v 0.00883353 0.00208102 -0.00268248
v 0.00883353 0.00208102 -0.00268248
v 0.00883353 0.00208102 -0.00268248
v 0.00883353 0.00208102 -0.00268248
v 0.00883353 0.00208102 -0.00268248
v 0.00739313 0.00453410 -0.00156028
v 0.00739313 0.00453410 -0.00156028
v 0.00739313 0.00453410 -0.00156028
v 0.00739313 0.00453410 -0.00156028
v 0.00739313 0.00453410 -0.00156028
v 0.00552450 0.00698717 -0.00401338
v 0.00552450 0.00698717 -0.00401338
v 0.00552450 0.00698717 -0.00401338
v 0.00552450 0.00698717 -0.00401338
v 0.00552450 0.00698717 -0.00401338
v 0.00638045 0.00629471 -0.00401338
v 0.00638045 0.00629471 -0.00401338
v 0.00638045 0.00629471 -0.00401338
v 0.00638045 0.00629471 -0.00401338
v 0.00638045 0.00698717 -0.00579238
v 0.00638045 0.00698717 -0.00579238
v 0.00638045 0.00698717 -0.00579238
v 0.00638045 0.00698717 -0.00579238
v 0.00638045 0.00698717 -0.00579238
v 0.00638045 0.00698717 -0.00579238
v 0.00638045 0.00698717 -0.00579238
v 0.00638045 0.00698717 -0.00579238
v 0.00392737 0.00796443 -0.00401338
v 0.00392737 0.00796443 -0.00401338
v 0.00392737 0.00796443 -0.00401338
v 0.00392737 0.00796443 -0.00401338
v 0.00392737 0.00796443 -0.00401338
v 0.00392737 0.00796443 -0.00401338
v 0.00392737 0.00796443 -0.00401338
v 0.00392737 0.00796443 -0.00401338
v 0.00497069 0.00698717 -0.00156028
v 0.00497069 0.00698717 -0.00156028
v 0.00497069 0.00698717 -0.00156028
v 0.00497069 0.00698717 -0.00156028
v 0.00497069 0.00698717 -0.00156028
v 0.00497069 0.00698717 -0.00156028
v 0.00638045 0.00577796 -0.00156028
v 0.00638045 0.00577796 -0.00156028
v 0.00638045 0.00577796 -0.00156028
v 0.00638045 0.00577796 -0.00156028
v 0.00638045 0.00577796 -0.00156028
v 0.00638045 0.00577796 -0.00156028
v 0.00638045 0.00577796 -0.00156028
v 0.00638045 0.00577796 -0.00156028
v 0.00392737 0.00765694 -0.00156028
v 0.00392737 0.00765694 -0.00156028
v 0.00392737 0.00765694 -0.00156028
v 0.00392737 0.00765694 -0.00156028
v 0.00865217 0.00208102 0.00089282
v 0.00865217 0.00208102 0.00089282
v 0.00865217 0.00208102 0.00089282
v 0.00865217 0.00208102 0.00089282
v 0.00865217 0.00208102 0.00089282
v 0.00883353 0.00152290 0.00089282
v 0.00883353 0.00152290 0.00089282
v 0.00883353 0.00152290 0.00089282
v 0.00883353 0.00152290 0.00089282
v 0.00883353 0.00152290 0.00089282
v 0.00883353 0.00152290 0.00089282
v 0.00742535 0.00453410 0.00089282
v 0.00742535 0.00453410 0.00089282
v 0.00742535 0.00453410 0.00089282
v 0.00742535 0.00453410 0.00089282
v 0.00742535 0.00453410 0.00089282
v 0.00742535 0.00453410 0.00089282
v 0.00742535 0.00453410 0.00089282
v 0.00742535 0.00453410 0.00089282
v 0.00883353 0.00208102 0.00268092
v 0.00883353 0.00208102 0.00268092
v 0.00883353 0.00208102 0.00268092
v 0.00883353 0.00208102 0.00268092
v 0.00883353 0.00208102 0.00268092
v 0.00883353 0.00208102 0.00268092
v 0.00883353 0.00208102 0.00268092
v 0.00512519 0.00698717 0.00089282
v 0.00512519 0.00698717 0.00089282
v 0.00512519 0.00698717 0.00089282
v 0.00512519 0.00698717 0.00089282
v 0.00512519 0.00698717 0.00089282
v 0.00512519 0.00698717 0.00089282
v 0.00638045 0.00585833 0.00089282
v 0.00638045 0.00585833 0.00089282
v 0.00638045 0.00585833 0.00089282
v 0.00638045 0.00585833 0.00089282
v 0.00638045 0.00585833 0.00089282
v 0.00392737 0.00779513 0.00089282
v 0.00392737 0.00779513 0.00089282
v 0.00392737 0.00779513 0.00089282
v 0.00392737 0.00779513 0.00089282
v 0.00392737 0.00779513 0.00089282
v 0.00392737 0.00779513 0.00089282
v 0.00950878 0.00208102 0.00579892
v 0.00950878 0.00208102 0.00579892
v 0.00950878 0.00208102 0.00579892
v 0.00950878 0.00208102 0.00579892
v 0.00950878 0.00208102 0.00579892
v 0.00950878 0.00208102 0.00579892
v 0.00950878 0.00208102 0.00579892
v 0.00843180 0.00453410 0.00579892
v 0.00843180 0.00453410 0.00579892
v 0.00843180 0.00453410 0.00579892
v 0.00843180 0.00453410 0.00579892
v 0.00843180 0.00453410 0.00579892
v 0.00883353 0.00377023 0.00579892
v 0.00883353 0.00377023 0.00579892
v 0.00883353 0.00377023 0.00579892
v 0.00883353 0.00377023 0.00579892
v 0.00883353 0.00377023 0.00579892
v 0.01039895 0.00208102 0.00825202
v 0.01039895 0.00208102 0.00825202
v 0.01039895 0.00208102 0.00825202
v 0.01039895 0.00208102 0.00825202
v 0.01039895 0.00208102 0.00825202
v 0.01039895 0.00208102 0.00825202
v 0.01039895 0.00208102 0.00825202
v 0.01039895 0.00208102 0.00825202
v 0.00883353 0.00453410 0.00701222
v 0.00883353 0.00453410 0.00701222
v 0.00883353 0.00453410 0.00701222
v 0.00883353 0.00453410 0.00701222
v 0.00883353 0.00453410 0.00701222
v 0.00883353 0.00453410 0.00701222
v 0.00883353 0.00453410 0.00701222
v 0.00883353 0.00453410 0.00701222
v 0.00932198 0.00453410 0.00825202
v 0.00932198 0.00453410 0.00825202
v 0.00932198 0.00453410 0.00825202
v 0.00932198 0.00453410 0.00825202
v 0.00932198 0.00453410 0.00825202
v 0.00638045 0.00698717 0.00555622
v 0.00638045 0.00698717 0.00555622
v 0.00638045 0.00698717 0.00555622
v 0.00638045 0.00698717 0.00555622
v 0.00638045 0.00698717 0.00555622
v 0.00638045 0.00698717 0.00555622
v 0.00638045 0.00698717 0.00555622
v 0.00256098 0.00944025 0.00579892
v 0.00256098 0.00944025 0.00579892
v 0.00256098 0.00944025 0.00579892
v 0.00256098 0.00944025 0.00579892
v 0.00256098 0.00944025 0.00579892
v 0.00256098 0.00944025 0.00579892
v 0.00392737 0.00882135 0.00579892
v 0.00392737 0.00882135 0.00579892
v 0.00392737 0.00882135 0.00579892
v 0.00392737 0.00882135 0.00579892
v 0.00392737 0.00882135 0.00579892
v 0.00392737 0.00882135 0.00579892
v 0.00392737 0.00882135 0.00579892
v 0.00638045 0.00707073 0.00579892
v 0.00638045 0.00707073 0.00579892
v 0.00638045 0.00707073 0.00579892
v 0.00638045 0.00707073 0.00579892
v 0.00392737 0.00944025 0.00753762
v 0.00392737 0.00944025 0.00753762
v 0.00392737 0.00944025 0.00753762
v 0.00392737 0.00944025 0.00753762
v 0.00392737 0.00944025 0.00753762
v 0.00392737 0.00944025 0.00753762
v 0.00450693 0.00944025 0.00825202
v 0.00450693 0.00944025 0.00825202
v 0.00450693 0.00944025 0.00825202
v 0.00450693 0.00944025 0.00825202
v 0.00450693 0.00944025 0.00825202
v 0.00638045 0.00813957 0.00825202
v 0.00638045 0.00813957 0.00825202
v 0.00638045 0.00813957 0.00825202
v 0.00638045 0.00813957 0.00825202
v 0.00638045 0.00813957 0.00825202
v 0.00638045 0.00813957 0.00825202
v 0.00638045 0.00813957 0.00825202
v 0.00647146 0.00698717 0.00579892
v 0.00647146 0.00698717 0.00579892
v 0.00647146 0.00698717 0.00579892
v 0.00647146 0.00698717 0.00579892
v 0.00647146 0.00698717 0.00579892
v 0.00647146 0.00698717 0.00579892
v 0.00757886 0.00698717 0.00825202
v 0.00757886 0.00698717 0.00825202
v 0.00757886 0.00698717 0.00825202
v 0.00757886 0.00698717 0.00825202
v 0.00757886 0.00698717 0.00825202
v 0.00757886 0.00698717 0.00825202
v 0.00757886 0.00698717 0.00825202
v 0.00883353 0.00535273 0.00825202
v 0.00883353 0.00535273 0.00825202
v 0.00883353 0.00535273 0.00825202
v 0.00883353 0.00535273 0.00825202
v 0.00883353 0.00535273 0.00825202
v 0.01128665 0.00453410 0.01247732
v 0.01128665 0.00453410 0.01247732
v 0.01128665 0.00453410 0.01247732
v 0.01128665 0.00453410 0.01247732
v 0.01128665 0.00453410 0.01247732
v 0.01128665 0.00453410 0.01247732
v 0.01128665 0.00453410 0.01247732
v 0.00638045 0.00944025 0.01056482
v 0.00638045 0.00944025 0.01056482
v 0.00638045 0.00944025 0.01056482
v 0.00638045 0.00944025 0.01056482
v 0.00638045 0.00944025 0.01056482
v 0.00638045 0.00944025 0.01056482
v 0.00638045 0.00944025 0.01056482
v 0.00826305 0.00944025 0.01315822
v 0.00826305 0.00944025 0.01315822
v 0.00826305 0.00944025 0.01315822
v 0.00826305 0.00944025 0.01315822
v 0.00826305 0.00944025 0.01315822
v 0.01128665 0.00520428 0.01315822
v 0.01128665 0.00520428 0.01315822
v 0.01128665 0.00520428 0.01315822
v 0.01128665 0.00520428 0.01315822
v 0.01128665 0.00520428 0.01315822
v 0.01141985 0.00208102 0.01070512
v 0.01141985 0.00208102 0.01070512
v 0.01141985 0.00208102 0.01070512
v 0.01141985 0.00208102 0.01070512
v 0.01128665 0.00208102 0.01036482
v 0.01128665 0.00208102 0.01036482
v 0.01128665 0.00208102 0.01036482
v 0.01128665 0.00208102 0.01036482
v 0.01128665 0.00208102 0.01036482
v 0.01128665 0.00252712 0.01070512
v 0.01128665 0.00252712 0.01070512
v 0.01128665 0.00252712 0.01070512
v 0.01128665 0.00252712 0.01070512
v 0.01128665 0.00252712 0.01070512
v 0.01128665 0.00252712 0.01070512
v 0.01242155 0.00208102 0.01315822
v 0.01242155 0.00208102 0.01315822
v 0.01242155 0.00208102 0.01315822
v 0.01242155 0.00208102 0.01315822
v 0.01242155 0.00208102 0.01315822
v 0.01242155 0.00208102 0.01315822
v 0.01242155 0.00208102 0.01315822
v 0.01242155 0.00208102 0.01315822
v 0.01158535 0.00453410 0.01315822
v 0.01158535 0.00453410 0.01315822
v 0.01158535 0.00453410 0.01315822
v 0.01158535 0.00453410 0.01315822
v 0.00392737 0.00974695 0.00825202
v 0.00392737 0.00974695 0.00825202
v 0.00392737 0.00974695 0.00825202
v 0.00392737 0.00974695 0.00825202
v 0.00392737 0.01098235 0.01070512
v 0.00392737 0.01098235 0.01070512
v 0.00392737 0.01098235 0.01070512
v 0.00392737 0.01098235 0.01070512
v 0.00392737 0.01098235 0.01070512
v 0.00392737 0.01098235 0.01070512
v 0.00392737 0.01098235 0.01070512
v 0.00392737 0.01098235 0.01070512
v 0.00392737 0.01098235 0.01070512
v 0.00392737 0.01098235 0.01070512
v 0.00638045 0.00952185 0.01070512
v 0.00638045 0.00952185 0.01070512
v 0.00638045 0.00952185 0.01070512
v 0.00638045 0.00952185 0.01070512
v 0.00392737 0.01189335 0.01250322
v 0.00392737 0.01189335 0.01250322
v 0.00392737 0.01189335 0.01250322
v 0.00392737 0.01189335 0.01250322
v 0.00392737 0.01189335 0.01250322
v 0.00469331 0.01189335 0.01315822
v 0.00469331 0.01189335 0.01315822
v 0.00469331 0.01189335 0.01315822
v 0.00469331 0.01189335 0.01315822
v 0.00469331 0.01189335 0.01315822
v 0.00469331 0.01189335 0.01315822
v 0.00469331 0.01189335 0.01315822
v 0.00638045 0.01096485 0.01315822
v 0.00638045 0.01096485 0.01315822
v 0.00638045 0.01096485 0.01315822
v 0.00638045 0.01096485 0.01315822
v 0.00638045 0.01096485 0.01315822
v 0.00638045 0.01096485 0.01315822
v 0.00638045 0.01096485 0.01315822
v 0.00392737 0.01220445 0.01315822
v 0.00392737 0.01220445 0.01315822
v 0.00392737 0.01220445 0.01315822
v 0.00392737 0.01220445 0.01315822
v 0.01029695 0.00698717 0.01315822
v 0.01029695 0.00698717 0.01315822
v 0.01029695 0.00698717 0.01315822
v 0.01029695 0.00698717 0.01315822
v 0.01029695 0.00698717 0.01315822
v 0.01029695 0.00698717 0.01315822
v 0.01029695 0.00698717 0.01315822
v 0.01029695 0.00698717 0.01315822
v 0.01128665 0.00698717 0.01544832
v 0.01128665 0.00698717 0.01544832
v 0.01128665 0.00698717 0.01544832
v 0.01128665 0.00698717 0.01544832
v 0.01128665 0.00698717 0.01544832
v 0.01128665 0.00698717 0.01544832
v 0.00883353 0.00886685 0.01315822
v 0.00883353 0.00886685 0.01315822
v 0.00883353 0.00886685 0.01315822
v 0.00883353 0.00886685 0.01315822
v 0.00883353 0.00886685 0.01315822
v 0.00883353 0.00944025 0.01407832
v 0.00883353 0.00944025 0.01407832
v 0.00883353 0.00944025 0.01407832
v 0.00883353 0.00944025 0.01407832
v 0.00883353 0.00944025 0.01407832
v 0.00883353 0.00944025 0.01407832
v 0.00961267 0.00944025 0.01561132
v 0.00961267 0.00944025 0.01561132
v 0.00961267 0.00944025 0.01561132
v 0.00961267 0.00944025 0.01561132
v 0.00961267 0.00944025 0.01561132
v 0.00961267 0.00944025 0.01561132
v 0.00961267 0.00944025 0.01561132
v 0.01128665 0.00709125 0.01561132
v 0.01128665 0.00709125 0.01561132
v 0.01128665 0.00709125 0.01561132
v 0.01128665 0.00709125 0.01561132
v 0.01128665 0.00709125 0.01561132
v 0.01053185 0.00944025 0.01806432
v 0.01053185 0.00944025 0.01806432
v 0.01053185 0.00944025 0.01806432
v 0.01053185 0.00944025 0.01806432
v 0.01053185 0.00944025 0.01806432
v 0.01053185 0.00944025 0.01806432
v 0.01128665 0.00836736 0.01806432
v 0.01128665 0.00836736 0.01806432
v 0.01128665 0.00836736 0.01806432
v 0.01128665 0.00836736 0.01806432
v 0.01128665 0.00836736 0.01806432
v 0.01128665 0.00836736 0.01806432
v 0.01100645 0.00944025 0.02051742
v 0.01100645 0.00944025 0.02051742
v 0.01100645 0.00944025 0.02051742
v 0.01100645 0.00944025 0.02051742
v 0.01100645 0.00944025 0.02051742
v 0.01100645 0.00944025 0.02051742
v 0.01128665 0.00903795 0.02051742
v 0.01128665 0.00903795 0.02051742
v 0.01128665 0.00903795 0.02051742
v 0.01128665 0.00903795 0.02051742
v 0.01128665 0.00903795 0.02051742
v 0.01101185 0.00944025 0.02297052
v 0.01101185 0.00944025 0.02297052
v 0.01101185 0.00944025 0.02297052
v 0.01101185 0.00944025 0.02297052
v 0.01101185 0.00944025 0.02297052
v 0.01101185 0.00944025 0.02297052
v 0.01101185 0.00944025 0.02297052
v 0.01128665 0.00904625 0.02297052
v 0.01128665 0.00904625 0.02297052
v 0.01128665 0.00904625 0.02297052
v 0.01128665 0.00904625 0.02297052
v 0.01128665 0.00904625 0.02297052
v 0.01128665 0.00904625 0.02297052
v 0.01321975 0.00208102 0.01561132
v 0.01321975 0.00208102 0.01561132
v 0.01321975 0.00208102 0.01561132
v 0.01321975 0.00208102 0.01561132
v 0.01321975 0.00208102 0.01561132
v 0.01321975 0.00208102 0.01561132
v 0.01321975 0.00208102 0.01561132
v 0.01321975 0.00208102 0.01561132
v 0.01250065 0.00453410 0.01561132
v 0.01250065 0.00453410 0.01561132
v 0.01250065 0.00453410 0.01561132
v 0.01250065 0.00453410 0.01561132
v 0.01250065 0.00453410 0.01561132
v 0.01250065 0.00453410 0.01561132
v 0.01250065 0.00453410 0.01561132
v 0.01250065 0.00453410 0.01561132
v 0.01371575 0.00208102 0.01806432
v 0.01371575 0.00208102 0.01806432
v 0.01371575 0.00208102 0.01806432
v 0.01371575 0.00208102 0.01806432
v 0.01373965 0.00194972 0.01806432
v 0.01373965 0.00194972 0.01806432
v 0.01373965 0.00194972 0.01806432
v 0.01373965 0.00194972 0.01806432
v 0.01373965 0.00194972 0.01806432
v 0.01309285 0.00453410 0.01806432
v 0.01309285 0.00453410 0.01806432
v 0.01309285 0.00453410 0.01806432
v 0.01309285 0.00453410 0.01806432
v 0.01309285 0.00453410 0.01806432
v 0.01309285 0.00453410 0.01806432
v 0.01309285 0.00453410 0.01806432
v 0.01309285 0.00453410 0.01806432
v 0.01134685 0.00698717 0.01561132
v 0.01134685 0.00698717 0.01561132
v 0.01134685 0.00698717 0.01561132
v 0.01134685 0.00698717 0.01561132
v 0.01206755 0.00698717 0.01806432
v 0.01206755 0.00698717 0.01806432
v 0.01206755 0.00698717 0.01806432
v 0.01206755 0.00698717 0.01806432
v 0.01206755 0.00698717 0.01806432
v 0.01206755 0.00698717 0.01806432
v 0.01373965 0.00208102 0.01821862
v 0.01373965 0.00208102 0.01821862
v 0.01373965 0.00208102 0.01821862
v 0.01373965 0.00208102 0.01821862
v 0.01373965 0.00208102 0.01821862
v 0.01373965 0.00208102 0.01821862
v 0.01373965 0.00208102 0.01821862
v 0.01398995 0.00208102 0.02051742
v 0.01398995 0.00208102 0.02051742
v 0.01398995 0.00208102 0.02051742
v 0.01398995 0.00208102 0.02051742
v 0.01398995 0.00208102 0.02051742
v 0.01341215 0.00453410 0.02051742
v 0.01341215 0.00453410 0.02051742
v 0.01341215 0.00453410 0.02051742
v 0.01341215 0.00453410 0.02051742
v 0.01341215 0.00453410 0.02051742
v 0.01341215 0.00453410 0.02051742
v 0.01373965 0.00329523 0.02051742
v 0.01373965 0.00329523 0.02051742
v 0.01373965 0.00329523 0.02051742
v 0.01373965 0.00329523 0.02051742
v 0.01373965 0.00329523 0.02051742
v 0.01373965 0.00329523 0.02051742
v 0.01400395 0.00208102 0.02297052
v 0.01400395 0.00208102 0.02297052
v 0.01400395 0.00208102 0.02297052
v 0.01400395 0.00208102 0.02297052
v 0.01400395 0.00208102 0.02297052
v 0.01400395 0.00208102 0.02297052
v 0.01347205 0.00453410 0.02297052
v 0.01347205 0.00453410 0.02297052
v 0.01347205 0.00453410 0.02297052
v 0.01347205 0.00453410 0.02297052
v 0.01373965 0.00346448 0.02297052
v 0.01373965 0.00346448 0.02297052
v 0.01373965 0.00346448 0.02297052
v 0.01373965 0.00346448 0.02297052
v 0.01373965 0.00346448 0.02297052
v 0.01373965 0.00346448 0.02297052
v 0.01245005 0.00698717 0.02051742
v 0.01245005 0.00698717 0.02051742
v 0.01245005 0.00698717 0.02051742
v 0.01245005 0.00698717 0.02051742
v 0.01245005 0.00698717 0.02051742
v 0.01245005 0.00698717 0.02051742
v 0.01245005 0.00698717 0.02051742
v 0.01249135 0.00698717 0.02297052
v 0.01249135 0.00698717 0.02297052
v 0.01249135 0.00698717 0.02297052
v 0.01249135 0.00698717 0.02297052
v 0.01249135 0.00698717 0.02297052
v 0.01249135 0.00698717 0.02297052
v 0.01249135 0.00698717 0.02297052
v 0.00638045 0.01189335 0.01502712
v 0.00638045 0.01189335 0.01502712
v 0.00638045 0.01189335 0.01502712
v 0.00638045 0.01189335 0.01502712
v 0.00638045 0.01189335 0.01502712
v 0.00392737 0.01329515 0.01561132
v 0.00392737 0.01329515 0.01561132
v 0.00392737 0.01329515 0.01561132
v 0.00392737 0.01329515 0.01561132
v 0.00392737 0.01329515 0.01561132
v 0.00392737 0.01329515 0.01561132
v 0.00392737 0.01329515 0.01561132
v 0.00392737 0.01329515 0.01561132
v 0.00392737 0.01329515 0.01561132
v 0.00638045 0.01214165 0.01561132
v 0.00638045 0.01214165 0.01561132
v 0.00638045 0.01214165 0.01561132
v 0.00638045 0.01214165 0.01561132
v 0.00638045 0.01214165 0.01561132
v 0.00330340 0.01434645 0.01806432
v 0.00330340 0.01434645 0.01806432
v 0.00330340 0.01434645 0.01806432
v 0.00330340 0.01434645 0.01806432
v 0.00330340 0.01434645 0.01806432
v 0.00330340 0.01434645 0.01806432
v 0.00392737 0.01414955 0.01806432
v 0.00392737 0.01414955 0.01806432
v 0.00392737 0.01414955 0.01806432
v 0.00392737 0.01414955 0.01806432
v 0.00638045 0.01302405 0.01806432
v 0.00638045 0.01302405 0.01806432
v 0.00638045 0.01302405 0.01806432
v 0.00638045 0.01302405 0.01806432
v 0.00638045 0.01302405 0.01806432
v 0.00638045 0.01302405 0.01806432
v 0.00638045 0.01302405 0.01806432
v 0.00638045 0.01302405 0.01806432
v 0.00679148 0.01189335 0.01561132
v 0.00679148 0.01189335 0.01561132
v 0.00679148 0.01189335 0.01561132
v 0.00679148 0.01189335 0.01561132
v 0.00679148 0.01189335 0.01561132
v 0.00883353 0.01027455 0.01561132
v 0.00883353 0.01027455 0.01561132
v 0.00883353 0.01027455 0.01561132
v 0.00883353 0.01027455 0.01561132
v 0.00883353 0.01027455 0.01561132
v 0.00883353 0.01027455 0.01561132
v 0.00883353 0.01027455 0.01561132
v 0.00883353 0.01027455 0.01561132
v 0.00808521 0.01189335 0.01806432
v 0.00808521 0.01189335 0.01806432
v 0.00808521 0.01189335 0.01806432
v 0.00808521 0.01189335 0.01806432
v 0.00808521 0.01189335 0.01806432
v 0.00808521 0.01189335 0.01806432
v 0.00883353 0.01127325 0.01806432
v 0.00883353 0.01127325 0.01806432
v 0.00883353 0.01127325 0.01806432
v 0.00883353 0.01127325 0.01806432
v 0.00883353 0.01127325 0.01806432
v 0.00883353 0.01127325 0.01806432
v 0.00392737 0.01434645 0.01881582
v 0.00392737 0.01434645 0.01881582
v 0.00392737 0.01434645 0.01881582
v 0.00392737 0.01434645 0.01881582
v 0.00392737 0.01434645 0.01881582
v 0.00392737 0.01434645 0.01881582
v 0.00477429 0.01434645 0.02051742
v 0.00477429 0.01434645 0.02051742
v 0.00477429 0.01434645 0.02051742
v 0.00477429 0.01434645 0.02051742
v 0.00477429 0.01434645 0.02051742
v 0.00477429 0.01434645 0.02051742
v 0.00638045 0.01356175 0.02051742
v 0.00638045 0.01356175 0.02051742
v 0.00638045 0.01356175 0.02051742
v 0.00638045 0.01356175 0.02051742
v 0.00638045 0.01356175 0.02051742
v 0.00638045 0.01356175 0.02051742
v 0.00638045 0.01356175 0.02051742
v 0.00488309 0.01434645 0.02297052
v 0.00488309 0.01434645 0.02297052
v 0.00488309 0.01434645 0.02297052
v 0.00488309 0.01434645 0.02297052
v 0.00488309 0.01434645 0.02297052
v 0.00488309 0.01434645 0.02297052
v 0.00638045 0.01360205 0.02297052
v 0.00638045 0.01360205 0.02297052
v 0.00638045 0.01360205 0.02297052
v 0.00638045 0.01360205 0.02297052
v 0.00638045 0.01360205 0.02297052
v 0.00874812 0.01189335 0.02051742
v 0.00874812 0.01189335 0.02051742
v 0.00874812 0.01189335 0.02051742
v 0.00874812 0.01189335 0.02051742
v 0.00874812 0.01189335 0.02051742
v 0.00874812 0.01189335 0.02051742
v 0.00883353 0.01182045 0.02051742
v 0.00883353 0.01182045 0.02051742
v 0.00883353 0.01182045 0.02051742
v 0.00883353 0.01182045 0.02051742
v 0.00883353 0.01182045 0.02051742
v 0.00878012 0.01189335 0.02297052
v 0.00878012 0.01189335 0.02297052
v 0.00878012 0.01189335 0.02297052
v 0.00878012 0.01189335 0.02297052
v 0.00878012 0.01189335 0.02297052
v 0.00878012 0.01189335 0.02297052
v 0.00883353 0.01184745 0.02297052
v 0.00883353 0.01184745 0.02297052
v 0.00883353 0.01184745 0.02297052
v 0.00883353 0.01184745 0.02297052
v 0.00883353 0.01184745 0.02297052
v 0.00392737 0.01465825 0.02051742
v 0.00392737 0.01465825 0.02051742
v 0.00392737 0.01465825 0.02051742
v 0.00392737 0.01465825 0.02051742
v 0.00392737 0.01470165 0.02297052
v 0.00392737 0.01470165 0.02297052
v 0.00392737 0.01470165 0.02297052
v 0.00392737 0.01470165 0.02297052
v 0.00392737 0.01470165 0.02297052
v 0.00392737 0.01470165 0.02297052
v 0.01054305 0.00944025 0.02542362
v 0.01054305 0.00944025 0.02542362
v 0.01054305 0.00944025 0.02542362
v 0.01054305 0.00944025 0.02542362
v 0.01054305 0.00944025 0.02542362
v 0.01128665 0.00837728 0.02542362
v 0.01128665 0.00837728 0.02542362
v 0.01128665 0.00837728 0.02542362
v 0.01128665 0.00837728 0.02542362
v 0.01128665 0.00837728 0.02542362
v 0.01128665 0.00837728 0.02542362
v 0.01128665 0.00837728 0.02542362
v 0.01106425 0.00698717 0.02787672
v 0.01106425 0.00698717 0.02787672
v 0.01106425 0.00698717 0.02787672
v 0.01106425 0.00698717 0.02787672
v 0.01128665 0.00660313 0.02787672
v 0.01128665 0.00660313 0.02787672
v 0.01128665 0.00660313 0.02787672
v 0.01128665 0.00660313 0.02787672
v 0.01128665 0.00660313 0.02787672
v 0.01128665 0.00660313 0.02787672
v 0.01128665 0.00660313 0.02787672
v 0.01128665 0.00698717 0.02752252
v 0.01128665 0.00698717 0.02752252
v 0.01128665 0.00698717 0.02752252
v 0.01128665 0.00698717 0.02752252
v 0.01128665 0.00698717 0.02752252
v 0.00929426 0.00944025 0.02787672
v 0.00929426 0.00944025 0.02787672
v 0.00929426 0.00944025 0.02787672
v 0.00929426 0.00944025 0.02787672
v 0.00929426 0.00944025 0.02787672
v 0.00929426 0.00944025 0.02787672
v 0.00929426 0.00944025 0.02787672
v 0.00392737 0.00208102 0.03204032
v 0.00392737 0.00208102 0.03204032
v 0.00392737 0.00208102 0.03204032
v 0.00392737 0.00208102 0.03204032
v 0.00392737 0.00208102 0.03204032
v 0.00392737 0.00208102 0.03204032
v 0.00638045 0.00208102 0.03181502
v 0.00638045 0.00208102 0.03181502
v 0.00638045 0.00208102 0.03181502
v 0.00638045 0.00208102 0.03181502
v 0.00638045 0.00208102 0.03181502
v 0.00392737 0.00453410 0.03195252
v 0.00392737 0.00453410 0.03195252
v 0.00392737 0.00453410 0.03195252
v 0.00392737 0.00453410 0.03195252
v 0.00392737 0.00453410 0.03195252
v 0.00392737 0.00453410 0.03195252
v 0.00638045 0.00453410 0.03152672
v 0.00638045 0.00453410 0.03152672
v 0.00638045 0.00453410 0.03152672
v 0.00638045 0.00453410 0.03152672
v 0.00638045 0.00453410 0.03152672
v 0.00638045 0.00453410 0.03152672
v 0.00638045 0.00453410 0.03152672
v 0.01037325 0.00208102 0.03032972
v 0.01037325 0.00208102 0.03032972
v 0.01037325 0.00208102 0.03032972
v 0.01037325 0.00208102 0.03032972
v 0.01037325 0.00208102 0.03032972
v 0.01037325 0.00208102 0.03032972
v 0.01128665 0.00208102 0.02969022
v 0.01128665 0.00208102 0.02969022
v 0.01128665 0.00208102 0.02969022
v 0.01128665 0.00208102 0.02969022
v 0.01128665 0.00208102 0.02969022
v 0.01128665 0.00208102 0.02969022
v 0.00959875 0.00453410 0.03032972
v 0.00959875 0.00453410 0.03032972
v 0.00959875 0.00453410 0.03032972
v 0.00959875 0.00453410 0.03032972
v 0.00959875 0.00453410 0.03032972
v 0.01128665 0.00453410 0.02908382
v 0.01128665 0.00453410 0.02908382
v 0.01128665 0.00453410 0.02908382
v 0.01128665 0.00453410 0.02908382
v 0.01128665 0.00453410 0.02908382
v 0.01128665 0.00453410 0.02908382
v 0.01128665 0.00453410 0.02908382
v 0.00883353 0.00208102 0.03104272
v 0.00883353 0.00208102 0.03104272
v 0.00883353 0.00208102 0.03104272
v 0.00883353 0.00208102 0.03104272
v 0.00883353 0.00208102 0.03104272
v 0.00883353 0.00208102 0.03104272
v 0.00883353 0.00208102 0.03104272
v 0.00883353 0.00453410 0.03069572
v 0.00883353 0.00453410 0.03069572
v 0.00883353 0.00453410 0.03069572
v 0.00883353 0.00453410 0.03069572
v 0.00596403 0.00944025 0.03032972
v 0.00596403 0.00944025 0.03032972
v 0.00596403 0.00944025 0.03032972
v 0.00596403 0.00944025 0.03032972
v 0.00596403 0.00944025 0.03032972
v 0.00596403 0.00944025 0.03032972
v 0.00596403 0.00944025 0.03032972
v 0.00638045 0.00906405 0.03032972
v 0.00638045 0.00906405 0.03032972
v 0.00638045 0.00906405 0.03032972
v 0.00638045 0.00906405 0.03032972
v 0.00638045 0.00906405 0.03032972
v 0.00638045 0.00944025 0.03012412
v 0.00638045 0.00944025 0.03012412
v 0.00638045 0.00944025 0.03012412
v 0.00638045 0.00944025 0.03012412
v 0.00638045 0.00944025 0.03012412
v 0.00638045 0.00944025 0.03012412
v 0.00392737 0.00698717 0.03184722
v 0.00392737 0.00698717 0.03184722
v 0.00392737 0.00698717 0.03184722
v 0.00392737 0.00698717 0.03184722
v 0.00392737 0.00698717 0.03184722
v 0.00392737 0.00698717 0.03184722
v 0.00392737 0.00698717 0.03184722
v 0.00638045 0.00698717 0.03107962
v 0.00638045 0.00698717 0.03107962
v 0.00638045 0.00698717 0.03107962
v 0.00638045 0.00698717 0.03107962
v 0.00638045 0.00698717 0.03107962
v 0.00638045 0.00698717 0.03107962
v 0.00638045 0.00698717 0.03107962
v 0.00392737 0.00944025 0.03116922
v 0.00392737 0.00944025 0.03116922
v 0.00392737 0.00944025 0.03116922
v 0.00392737 0.00944025 0.03116922
v 0.00392737 0.00944025 0.03116922
v 0.00814985 0.00698717 0.03032972
v 0.00814985 0.00698717 0.03032972
v 0.00814985 0.00698717 0.03032972
v 0.00814985 0.00698717 0.03032972
v 0.00814985 0.00698717 0.03032972
v 0.00883353 0.00596317 0.03032972
v 0.00883353 0.00596317 0.03032972
v 0.00883353 0.00596317 0.03032972
v 0.00883353 0.00596317 0.03032972
v 0.00883353 0.00596317 0.03032972
v 0.00883353 0.00596317 0.03032972
v 0.00883353 0.00596317 0.03032972
v 0.00883353 0.00596317 0.03032972
v 0.00883353 0.00698717 0.02995922
v 0.00883353 0.00698717 0.02995922
v 0.00883353 0.00698717 0.02995922
v 0.00883353 0.00698717 0.02995922
v 0.00883353 0.00698717 0.02995922
v 0.00883353 0.00698717 0.02995922
v 0.00883353 0.00944025 0.02839172
v 0.00883353 0.00944025 0.02839172
v 0.00883353 0.00944025 0.02839172
v 0.00883353 0.00944025 0.02839172
v 0.00883353 0.00944025 0.02839172
v 0.00883353 0.00944025 0.02839172
v 0.01368965 0.00208102 0.02542362
v 0.01368965 0.00208102 0.02542362
v 0.01368965 0.00208102 0.02542362
v 0.01368965 0.00208102 0.02542362
v 0.01373965 0.00155455 0.02542362
v 0.01373965 0.00155455 0.02542362
v 0.01373965 0.00155455 0.02542362
v 0.01373965 0.00155455 0.02542362
v 0.01373965 0.00155455 0.02542362
v 0.01373965 0.00155455 0.02542362
v 0.01373965 0.00155455 0.02542362
v 0.01373965 0.00208102 0.02516742
v 0.01373965 0.00208102 0.02516742
v 0.01373965 0.00208102 0.02516742
v 0.01373965 0.00208102 0.02516742
v 0.01373965 0.00208102 0.02516742
v 0.01321555 0.00453410 0.02542362
v 0.01321555 0.00453410 0.02542362
v 0.01321555 0.00453410 0.02542362
v 0.01321555 0.00453410 0.02542362
v 0.01321555 0.00453410 0.02542362
v 0.01321555 0.00453410 0.02542362
v 0.01321555 0.00453410 0.02542362
v 0.01321555 0.00453410 0.02542362
v 0.01280555 0.00208102 0.02787672
v 0.01280555 0.00208102 0.02787672
v 0.01280555 0.00208102 0.02787672
v 0.01280555 0.00208102 0.02787672
v 0.01280555 0.00208102 0.02787672
v 0.01280555 0.00208102 0.02787672
v 0.01280555 0.00208102 0.02787672
v 0.01280555 0.00208102 0.02787672
v 0.01225795 0.00453410 0.02787672
v 0.01225795 0.00453410 0.02787672
v 0.01225795 0.00453410 0.02787672
v 0.01225795 0.00453410 0.02787672
v 0.01225795 0.00453410 0.02787672
v 0.01212695 0.00698717 0.02542362
v 0.01212695 0.00698717 0.02542362
v 0.01212695 0.00698717 0.02542362
v 0.01212695 0.00698717 0.02542362
v 0.01212695 0.00698717 0.02542362
v 0.01212695 0.00698717 0.02542362
v 0.00342960 0.01434645 0.02542362
v 0.00342960 0.01434645 0.02542362
v 0.00342960 0.01434645 0.02542362
v 0.00342960 0.01434645 0.02542362
v 0.00342960 0.01434645 0.02542362
v 0.00392737 0.01418785 0.02542362
v 0.00392737 0.01418785 0.02542362
v 0.00392737 0.01418785 0.02542362
v 0.00392737 0.01418785 0.02542362
v 0.00392737 0.01434645 0.02492302
v 0.00392737 0.01434645 0.02492302
v 0.00392737 0.01434645 0.02492302
v 0.00392737 0.01434645 0.02492302
v 0.00392737 0.01434645 0.02492302
v 0.00392737 0.01434645 0.02492302
v 0.00392737 0.01434645 0.02492302
v 0.00638045 0.01304835 0.02542362
v 0.00638045 0.01304835 0.02542362
v 0.00638045 0.01304835 0.02542362
v 0.00638045 0.01304835 0.02542362
v 0.00638045 0.01304835 0.02542362
v 0.00638045 0.01304835 0.02542362
v 0.00638045 0.01304835 0.02542362
v 0.00638045 0.01304835 0.02542362
v 0.00628117 0.01189335 0.02787672
v 0.00628117 0.01189335 0.02787672
v 0.00628117 0.01189335 0.02787672
v 0.00628117 0.01189335 0.02787672
v 0.00628117 0.01189335 0.02787672
v 0.00628117 0.01189335 0.02787672
v 0.00628117 0.01189335 0.02787672
v 0.00638045 0.01183735 0.02787672
v 0.00638045 0.01183735 0.02787672
v 0.00638045 0.01183735 0.02787672
v 0.00638045 0.01183735 0.02787672
v 0.00638045 0.01189335 0.02779182
v 0.00638045 0.01189335 0.02779182
v 0.00638045 0.01189335 0.02779182
v 0.00638045 0.01189335 0.02779182
v 0.00638045 0.01189335 0.02779182
v 0.00392737 0.01299625 0.02787672
v 0.00392737 0.01299625 0.02787672
v 0.00392737 0.01299625 0.02787672
v 0.00392737 0.01299625 0.02787672
v 0.00392737 0.01299625 0.02787672
v 0.00392737 0.01299625 0.02787672
v 0.00392737 0.01299625 0.02787672
v 0.00813444 0.01189335 0.02542362
v 0.00813444 0.01189335 0.02542362
v 0.00813444 0.01189335 0.02542362
v 0.00813444 0.01189335 0.02542362
v 0.00813444 0.01189335 0.02542362
v 0.00813444 0.01189335 0.02542362
v 0.00883353 0.01132025 0.02542362
v 0.00883353 0.01132025 0.02542362
v 0.00883353 0.01132025 0.02542362
v 0.00883353 0.01132025 0.02542362
v 0.00883353 0.01132025 0.02542362
v 0.00883353 0.01132025 0.02542362
v 0.00883353 0.00992945 0.02787672
v 0.00883353 0.00992945 0.02787672
v 0.00883353 0.00992945 0.02787672
v 0.00883353 0.00992945 0.02787672
v 0.00883353 0.00992945 0.02787672
v 0.00883353 0.00992945 0.02787672
v 0.00883353 0.00992945 0.02787672
v 0.00883353 0.00992945 0.02787672
v 0.00392737 0.01086355 0.03032972
v 0.00392737 0.01086355 0.03032972
v 0.00392737 0.01086355 0.03032972
v 0.00392737 0.01086355 0.03032972
v 0.00392737 0.01086355 0.03032972
v 0.00392737 0.01189335 0.02936602
v 0.00392737 0.01189335 0.02936602
v 0.00392737 0.01189335 0.02936602
v 0.00392737 0.01189335 0.02936602
v 0.00392737 0.01189335 0.02936602
v 0.00392737 0.01189335 0.02936602
v 0.00392737 0.01189335 0.02936602
vt 0.95131600 0.08881580
vt 0.95131600 0.08881580
vt 0.95131600 0.08881580
vt 0.95131600 0.08881580
vt 0.95131600 0.08881580
vt 0.93421100 0.07565790
vt 0.00000000 0.99671100
vt 0.93421100 0.07565790
vt 0.93421100 0.07565790
vt 0.00000000 0.99671100
vt 0.00000000 0.99671100
vt 0.00000000 1.00000000
vt 0.00131579 1.00000000
vt 0.00000000 0.99671100
vt 0.00131579 1.00000000
vt 0.00000000 0.99671100
vt 0.00000000 0.99671100
vt 0.00000000 0.99671100
vt 0.00000000 0.99671100
vt 0.00131579 1.00000000
vt 0.00131579 1.00000000
vt 0.74342100 0.05263160
vt 0.74342100 0.05263160
vt 0.81447400 0.08552630
vt 0.81447400 0.08552630
vt 0.73289500 0.03618420
vt 0.00131579 1.00000000
vt 0.82500000 0.06578950
vt 0.00000000 0.99671100
vt 0.82500000 0.06578950
vt 0.00131579 1.00000000
vt 0.00000000 1.00000000
vt 0.73289500 0.03618420
vt 0.00000000 0.99671100
vt 0.00000000 1.00000000
vt 0.00131579 1.00000000
vt 0.00131579 1.00000000
vt 0.00000000 1.00000000
vt 0.00000000 1.00000000
vt 0.00000000 0.99671100
vt 0.00000000 0.99671100
vt 0.00131579 1.00000000
vt 0.00131579 1.00000000
vt 0.00000000 0.99671100
vt 0.00131579 1.00000000
vt 0.00000000 1.00000000
vt 0.00131579 1.00000000
vt 0.00000000 0.99671100
vt 0.00000000 0.99671100
vt 0.00131579 1.00000000
vt 0.00000000 1.00000000
vt 0.00131579 1.00000000
vt 0.00131579 1.00000000
vt 0.00000000 0.99671100
vt 0.00000000 0.99671100
vt 0.00000000 1.00000000
vt 0.00131579 1.00000000
vt 0.00000000 1.00000000
vt 0.95789500 0.20065800
vt 0.95789500 0.20065800
vt 0.95789500 0.20065800
vt 0.95789500 0.20065800
vt 0.95789500 0.20065800
vt 0.95657900 0.10855300
vt 0.95657900 0.10855300
vt 0.95657900 0.10855300
vt 0.95657900 0.10855300
vt 0.95657900 0.10855300
vt 0.95657900 0.10855300
vt 0.95526300 0.10197400
vt 0.95526300 0.10197400
vt 0.95526300 0.10197400
vt 0.95526300 0.10197400
vt 0.95526300 0.10197400
vt 0.95526300 0.10197400
vt 0.96052600 0.13486800
vt 0.96052600 0.13486800
vt 0.96052600 0.13486800
vt 0.96052600 0.13486800
vt 0.96052600 0.13486800
vt 0.96052600 0.13486800
vt 0.95921100 0.16776300
vt 0.95921100 0.16776300
vt 0.95921100 0.16776300
vt 0.95921100 0.16776300
vt 0.95921100 0.16776300
vt 0.95921100 0.16776300
vt 0.95921100 0.16776300
vt 0.74868400 0.10526300
vt 0.80921100 0.13815800
vt 0.80921100 0.13815800
vt 0.74868400 0.10526300
vt 0.74736800 0.07565790
vt 0.74736800 0.07565790
vt 0.74736800 0.07565790
vt 0.81052600 0.11184200
vt 0.81052600 0.11184200
vt 0.81052600 0.11184200
vt 0.81052600 0.11184200
vt 0.74736800 0.07565790
vt 0.81447400 0.08552630
vt 0.81447400 0.08552630
vt 0.74342100 0.05263160
vt 0.81447400 0.08552630
vt 0.74342100 0.05263160
vt 0.74342100 0.05263160
vt 0.74605300 0.17434200
vt 0.74605300 0.17434200
vt 0.74605300 0.17434200
vt 0.74605300 0.17434200
vt 0.74736800 0.13815800
vt 0.81184200 0.17105300
vt 0.74736800 0.13815800
vt 0.74736800 0.13815800
vt 0.81184200 0.17105300
vt 0.81184200 0.17105300
vt 0.74736800 0.13815800
vt 0.74736800 0.13815800
vt 0.21578900 0.33223700
vt 0.94210500 0.35526300
vt 0.94210500 0.35526300
vt 0.94210500 0.35526300
vt 0.94210500 0.35526300
vt 0.94210500 0.35526300
vt 0.94210500 0.35526300
vt 0.94210500 0.35526300
vt 0.95657900 0.22368400
vt 0.95657900 0.22368400
vt 0.95657900 0.22368400
vt 0.95657900 0.22368400
vt 0.95657900 0.22368400
vt 0.95657900 0.22368400
vt 0.95131600 0.27631600
vt 0.95131600 0.27631600
vt 0.95131600 0.27631600
vt 0.95131600 0.27631600
vt 0.95131600 0.27631600
vt 0.20526300 0.25986800
vt 0.20526300 0.25986800
vt 0.95131600 0.27631600
vt 0.95657900 0.23684200
vt 0.95657900 0.23684200
vt 0.95657900 0.23684200
vt 0.95657900 0.23684200
vt 0.95657900 0.23684200
vt 0.94736800 0.30592100
vt 0.94736800 0.30592100
vt 0.94736800 0.30592100
vt 0.94736800 0.30592100
vt 0.94736800 0.30592100
vt 0.94736800 0.30592100
vt 0.94605300 0.31578900
vt 0.94605300 0.31578900
vt 0.94605300 0.31578900
vt 0.94605300 0.31578900
vt 0.73684200 0.25328900
vt 0.73684200 0.25328900
vt 0.73684200 0.25328900
vt 0.73684200 0.25328900
vt 0.73684200 0.25328900
vt 0.74605300 0.17763200
vt 0.74605300 0.17763200
vt 0.74605300 0.17763200
vt 0.74605300 0.17763200
vt 0.81973700 0.24342100
vt 0.74210500 0.21052600
vt 0.74210500 0.21052600
vt 0.81973700 0.24342100
vt 0.74210500 0.21052600
vt 0.74210500 0.21052600
vt 0.74210500 0.21052600
vt 0.73552600 0.25657900
vt 0.73552600 0.25657900
vt 0.73552600 0.25657900
vt 0.73552600 0.25657900
vt 0.83421100 0.32236800
vt 0.73026300 0.29605300
vt 0.73026300 0.29605300
vt 0.83421100 0.32236800
vt 0.73026300 0.29605300
vt 0.73026300 0.29605300
vt 0.73026300 0.29605300
vt 0.83421100 0.32236800
vt 0.72631600 0.32565800
vt 0.83947400 0.35197400
vt 0.72631600 0.32565800
vt 0.72631600 0.32565800
vt 0.83947400 0.35197400
vt 0.83947400 0.35197400
vt 0.72500000 0.33552600
vt 0.84078900 0.36184200
vt 0.72500000 0.33552600
vt 0.84078900 0.36184200
vt 0.92368400 0.46710500
vt 0.92368400 0.46710500
vt 0.92368400 0.46710500
vt 0.92368400 0.46710500
vt 0.92368400 0.46710500
vt 0.92368400 0.46710500
vt 0.94210500 0.48355300
vt 0.21842100 0.46381600
vt 0.21842100 0.46381600
vt 0.94210500 0.48355300
vt 0.94210500 0.48355300
vt 0.21842100 0.46381600
vt 0.94210500 0.48355300
vt 0.94210500 0.48355300
vt 0.94210500 0.48355300
vt 0.94078900 0.39144700
vt 0.94078900 0.39144700
vt 0.94078900 0.39144700
vt 0.94078900 0.39144700
vt 0.94078900 0.39144700
vt 0.94078900 0.39144700
vt 0.94078900 0.39144700
vt 0.93947400 0.42434200
vt 0.93947400 0.42434200
vt 0.22236800 0.40131600
vt 0.22236800 0.40131600
vt 0.93947400 0.42434200
vt 0.93947400 0.42434200
vt 0.93947400 0.45394700
vt 0.93947400 0.45394700
vt 0.22236800 0.43421100
vt 0.93947400 0.45394700
vt 0.93947400 0.45394700
vt 0.93947400 0.45394700
vt 0.92894700 0.47039500
vt 0.92894700 0.47039500
vt 0.92894700 0.47039500
vt 0.92894700 0.47039500
vt 0.72105300 0.40789500
vt 0.72105300 0.40789500
vt 0.72105300 0.40789500
vt 0.72105300 0.40789500
vt 0.84605300 0.43092100
vt 0.84605300 0.43092100
vt 0.84605300 0.43092100
vt 0.84605300 0.43092100
vt 0.72236800 0.37500000
vt 0.84473700 0.39802600
vt 0.72236800 0.37500000
vt 0.84473700 0.39802600
vt 0.84473700 0.39802600
vt 0.72236800 0.37500000
vt 0.87105300 0.46381600
vt 0.87105300 0.46381600
vt 0.87105300 0.46381600
vt 0.87105300 0.46381600
vt 0.87368400 0.46381600
vt 0.87368400 0.46381600
vt 0.87368400 0.46381600
vt 0.87368400 0.46381600
vt 0.87368400 0.46381600
vt 0.72236800 0.43750000
vt 0.84473700 0.46052600
vt 0.72236800 0.43750000
vt 0.84473700 0.46052600
vt 0.72236800 0.43750000
vt 0.84473700 0.46052600
vt 0.85394700 0.47368400
vt 0.85394700 0.47368400
vt 0.85394700 0.47368400
vt 0.85394700 0.47368400
vt 0.85394700 0.47368400
vt 0.85394700 0.47368400
vt 0.85394700 0.47368400
vt 0.85394700 0.47368400
vt 0.72500000 0.46381600
vt 0.84210500 0.49013200
vt 0.84210500 0.49013200
vt 0.72500000 0.46381600
vt 0.84210500 0.49013200
vt 0.72500000 0.46381600
vt 0.72500000 0.46381600
vt 0.91315800 0.46381600
vt 0.91315800 0.46381600
vt 0.91315800 0.46381600
vt 0.91315800 0.46381600
vt 0.91315800 0.46381600
vt 0.91315800 0.46381600
vt 0.89210500 0.45723700
vt 0.89210500 0.45723700
vt 0.89210500 0.45723700
vt 0.89210500 0.45723700
vt 0.89210500 0.45723700
vt 0.89210500 0.45723700
vt 0.89210500 0.45723700
vt 0.89473700 0.45723700
vt 0.89473700 0.45723700
vt 0.89473700 0.45723700
vt 0.89473700 0.45723700
vt 0.30526300 0.02960530
vt 0.41842100 0.05921050
vt 0.30526300 0.02960530
vt 0.00000000 0.99671100
vt 0.41842100 0.05921050
vt 0.00000000 0.99671100
vt 0.00131579 1.00000000
vt 0.00000000 1.00000000
vt 0.00000000 1.00000000
vt 0.00131579 1.00000000
vt 0.00000000 0.99671100
vt 0.00000000 1.00000000
vt 0.00000000 1.00000000
vt 0.00131579 1.00000000
vt 0.00131579 1.00000000
vt 0.00000000 1.00000000
vt 0.00000000 1.00000000
vt 0.00131579 1.00000000
vt 0.00000000 0.99671100
vt 0.00000000 1.00000000
vt 0.32500000 0.04934210
vt 0.39736800 0.08552630
vt 0.39736800 0.08552630
vt 0.32500000 0.04934210
vt 0.32500000 0.04934210
vt 0.40000000 0.20723700
vt 0.40000000 0.20723700
vt 0.40000000 0.20723700
vt 0.40000000 0.20723700
vt 0.40000000 0.20723700
vt 0.40000000 0.20723700
vt 0.40000000 0.20723700
vt 0.40000000 0.20723700
vt 0.39605300 0.09210530
vt 0.32631600 0.05592110
vt 0.32631600 0.05592110
vt 0.39605300 0.09210530
vt 0.39605300 0.09210530
vt 0.39605300 0.09210530
vt 0.39473700 0.11184200
vt 0.39473700 0.11184200
vt 0.39473700 0.11184200
vt 0.39473700 0.11184200
vt 0.39473700 0.11184200
vt 0.39473700 0.14144700
vt 0.39473700 0.14144700
vt 0.39473700 0.14144700
vt 0.39473700 0.14144700
vt 0.32894700 0.10526300
vt 0.32894700 0.10526300
vt 0.39473700 0.14144700
vt 0.39605300 0.17763200
vt 0.39605300 0.17763200
vt 0.39605300 0.17763200
vt 0.39605300 0.17763200
vt 0.39605300 0.17763200
vt 0.39605300 0.17434200
vt 0.39605300 0.17434200
vt 0.39605300 0.17434200
vt 0.39605300 0.17434200
vt 0.42368400 0.35855300
vt 0.42368400 0.35855300
vt 0.42368400 0.35855300
vt 0.42368400 0.35855300
vt 0.42368400 0.35855300
vt 0.42368400 0.35855300
vt 0.42105300 0.34210500
vt 0.42105300 0.34210500
vt 0.42105300 0.34210500
vt 0.42105300 0.34210500
vt 0.42105300 0.34210500
vt 0.42105300 0.34210500
vt 0.41052600 0.28289500
vt 0.41052600 0.28289500
vt 0.41052600 0.28289500
vt 0.41052600 0.28289500
vt 0.41052600 0.28289500
vt 0.41052600 0.28289500
vt 0.40394700 0.24342100
vt 0.40394700 0.24342100
vt 0.40394700 0.24342100
vt 0.40394700 0.24342100
vt 0.40394700 0.24342100
vt 0.40394700 0.24342100
vt 0.40921100 0.27302600
vt 0.40921100 0.27302600
vt 0.40921100 0.27302600
vt 0.40921100 0.27302600
vt 0.40921100 0.27302600
vt 0.40921100 0.27302600
vt 0.41710500 0.32236800
vt 0.41710500 0.32236800
vt 0.41710500 0.32236800
vt 0.41710500 0.32236800
vt 0.41710500 0.32236800
vt 0.23815800 0.44078900
vt 0.23815800 0.44078900
vt 0.23815800 0.44078900
vt 0.23815800 0.44078900
vt 0.23815800 0.44078900
vt 0.23815800 0.44078900
vt 0.23157900 0.44736800
vt 0.23157900 0.44736800
vt 0.23157900 0.44736800
vt 0.23157900 0.44736800
vt 0.43026300 0.43092100
vt 0.43026300 0.43092100
vt 0.43026300 0.43092100
vt 0.43026300 0.43092100
vt 0.43026300 0.43092100
vt 0.43026300 0.43092100
vt 0.43026300 0.43092100
vt 0.42763200 0.39473700
vt 0.42763200 0.39473700
vt 0.42763200 0.39473700
vt 0.42763200 0.39473700
vt 0.42763200 0.39473700
vt 0.42763200 0.39473700
vt 0.42763200 0.39473700
vt 0.24736800 0.43421100
vt 0.24736800 0.43421100
vt 0.24736800 0.43421100
vt 0.24736800 0.43421100
vt 0.26315800 0.43092100
vt 0.26315800 0.43092100
vt 0.26315800 0.43092100
vt 0.26315800 0.43092100
vt 0.26315800 0.43092100
vt 0.26315800 0.43092100
vt 0.26315800 0.43092100
vt 0.27105300 0.43421100
vt 0.27105300 0.43421100
vt 0.27105300 0.43421100
vt 0.27105300 0.43421100
vt 0.27105300 0.43421100
vt 0.27105300 0.43421100
vt 0.27894700 0.43750000
vt 0.27894700 0.43750000
vt 0.27894700 0.43750000
vt 0.27894700 0.43750000
vt 0.27894700 0.43750000
vt 0.27894700 0.43750000
vt 0.43157900 0.46381600
vt 0.43157900 0.46381600
vt 0.43157900 0.46381600
vt 0.43157900 0.46381600
vt 0.29210500 0.45065800
vt 0.29210500 0.45065800
vt 0.29210500 0.45065800
vt 0.29210500 0.45065800
vt 0.29210500 0.45065800
vt 0.41842100 0.50986800
vt 0.42894700 0.49342100
vt 0.42894700 0.49342100
vt 0.42894700 0.49342100
vt 0.42894700 0.49342100
vt 0.42894700 0.49342100
vt 0.42894700 0.49342100
vt 0.30394700 0.46710500
vt 0.42894700 0.49342100
vt 0.00000000 0.99671100
vt 0.00131579 1.00000000
vt 0.00000000 0.99671100
vt 0.00000000 0.99671100
vt 0.00000000 1.00000000
vt 0.00000000 1.00000000
vt 0.00000000 1.00000000
vt 0.00000000 1.00000000
vt 0.00131579 1.00000000
vt 0.00131579 1.00000000
vt 0.00131579 1.00000000
vt 0.00000000 1.00000000
vt 0.00000000 0.99671100
vt 0.00000000 1.00000000
vt 0.53026300 0.05592110
vt 0.53026300 0.05592110
vt 0.53026300 0.05592110
vt 0.53026300 0.05592110
vt 0.53026300 0.05592110
vt 0.53026300 0.05592110
vt 0.00000000 0.99671100
vt 0.00131579 1.00000000
vt 0.00000000 0.99671100
vt 0.00131579 1.00000000
vt 0.00000000 1.00000000
vt 0.52500000 0.03947370
vt 0.52500000 0.03947370
vt 0.52500000 0.03947370
vt 0.52500000 0.03947370
vt 0.52500000 0.03947370
vt 0.52500000 0.03947370
vt 0.00000000 0.99671100
vt 0.00131579 1.00000000
vt 0.00000000 0.99671100
vt 0.00131579 1.00000000
vt 0.00000000 0.99671100
vt 0.00000000 0.99671100
vt 0.00000000 1.00000000
vt 0.00000000 1.00000000
vt 0.52368400 0.03618420
vt 0.00000000 1.00000000
vt 0.00131579 1.00000000
vt 0.52368400 0.03618420
vt 0.53026300 0.18092100
vt 0.53026300 0.18092100
vt 0.53026300 0.18092100
vt 0.53026300 0.18092100
vt 0.53026300 0.18092100
vt 0.53026300 0.18092100
vt 0.53421100 0.11184200
vt 0.53421100 0.11184200
vt 0.53421100 0.11184200
vt 0.53421100 0.11184200
vt 0.53421100 0.11184200
vt 0.53421100 0.11184200
vt 0.53289500 0.08223680
vt 0.53289500 0.08223680
vt 0.53289500 0.08223680
vt 0.53289500 0.08223680
vt 0.53289500 0.08223680
vt 0.53289500 0.08223680
vt 0.53289500 0.14144700
vt 0.53289500 0.14144700
vt 0.53289500 0.14144700
vt 0.53289500 0.14144700
vt 0.53289500 0.14144700
vt 0.53289500 0.14144700
vt 0.50921100 0.34210500
vt 0.50921100 0.34210500
vt 0.50921100 0.34210500
vt 0.50921100 0.34210500
vt 0.52105300 0.25986800
vt 0.52105300 0.25986800
vt 0.52105300 0.25986800
vt 0.52105300 0.25986800
vt 0.52105300 0.25986800
vt 0.52763200 0.20723700
vt 0.52763200 0.20723700
vt 0.52763200 0.20723700
vt 0.52763200 0.20723700
vt 0.52763200 0.20723700
vt 0.52763200 0.20723700
vt 0.52631600 0.21710500
vt 0.52631600 0.21710500
vt 0.52631600 0.21710500
vt 0.52631600 0.21710500
vt 0.52631600 0.21710500
vt 0.52631600 0.21710500
vt 0.51578900 0.29934200
vt 0.51578900 0.29934200
vt 0.51578900 0.29934200
vt 0.51578900 0.29934200
vt 0.51578900 0.29934200
vt 0.51578900 0.29934200
vt 0.51578900 0.29934200
vt 0.51578900 0.29934200
vt 0.51842100 0.27960500
vt 0.51842100 0.27960500
vt 0.51842100 0.27960500
vt 0.51842100 0.27960500
vt 0.51842100 0.27960500
vt 0.51842100 0.27960500
vt 0.69736800 0.44407900
vt 0.69736800 0.44407900
vt 0.69736800 0.44407900
vt 0.69736800 0.44407900
vt 0.69736800 0.44407900
vt 0.69736800 0.44407900
vt 0.71315800 0.45065800
vt 0.71315800 0.45065800
vt 0.71315800 0.45065800
vt 0.71315800 0.45065800
vt 0.71315800 0.45065800
vt 0.71315800 0.45065800
vt 0.71315800 0.45065800
vt 0.68815800 0.44078900
vt 0.68815800 0.44078900
vt 0.68815800 0.44078900
vt 0.68815800 0.44078900
vt 0.68815800 0.44078900
vt 0.68815800 0.44078900
vt 0.50657900 0.41118400
vt 0.50657900 0.41118400
vt 0.50657900 0.41118400
vt 0.50657900 0.41118400
vt 0.50657900 0.41118400
vt 0.50657900 0.41118400
vt 0.50789500 0.35197400
vt 0.50789500 0.35197400
vt 0.50789500 0.35197400
vt 0.50789500 0.35197400
vt 0.50789500 0.35197400
vt 0.50657900 0.37828900
vt 0.50657900 0.37828900
vt 0.50657900 0.37828900
vt 0.50657900 0.37828900
vt 0.50657900 0.37828900
vt 0.50657900 0.37828900
vt 0.50657900 0.37828900
vt 0.65131600 0.45723700
vt 0.65131600 0.45723700
vt 0.65131600 0.45723700
vt 0.65131600 0.45723700
vt 0.67763200 0.44078900
vt 0.67763200 0.44078900
vt 0.67763200 0.44078900
vt 0.67763200 0.44078900
vt 0.67763200 0.44078900
vt 0.67763200 0.44078900
vt 0.66710500 0.44407900
vt 0.66710500 0.44407900
vt 0.66710500 0.44407900
vt 0.66710500 0.44407900
vt 0.66710500 0.44407900
vt 0.66710500 0.44407900
vt 0.66710500 0.44407900
vt 0.66710500 0.44407900
vt 0.50657900 0.44078900
vt 0.50657900 0.44078900
vt 0.50657900 0.44078900
vt 0.50657900 0.44078900
vt 0.50657900 0.44078900
vt 0.50657900 0.44078900
vt 0.50657900 0.44078900
vt 0.64342100 0.46710500
vt 0.52631600 0.49013200
vt 0.52631600 0.49013200
vt 0.64342100 0.46710500
vt 0.64342100 0.46710500
vt 0.64342100 0.46710500
vt 0.52631600 0.49013200
vt 0.51578900 0.47697400
vt 0.51578900 0.47697400
vt 0.51578900 0.47697400
vt 0.51578900 0.47697400
vt 0.51578900 0.47697400
vt 0.51578900 0.47697400
vt 0.51578900 0.47697400
vt 0.50921100 0.47039500
vt 0.50921100 0.47039500
vt 0.50921100 0.47039500
vt 0.50921100 0.47039500
vt 0.52236800 0.48355300
vt 0.52236800 0.48355300
vt 0.52236800 0.48355300
vt 0.52236800 0.48355300
vt 0.45921100 0.46710500
vt 0.45921100 0.46710500
vt 0.45921100 0.46710500
vt 0.45921100 0.46710500
vt 0.45921100 0.46710500
vt 0.45921100 0.46710500
vt 0.45921100 0.46710500
vt 0.44342100 0.47697400
vt 0.44342100 0.47697400
vt 0.44342100 0.47697400
vt 0.44342100 0.47697400
vt 0.44473700 0.47697400
vt 0.44473700 0.47697400
vt 0.44473700 0.47697400
vt 0.44473700 0.47697400
vt 0.44473700 0.47697400
vt 0.47894700 0.46381600
vt 0.47894700 0.46381600
vt 0.47894700 0.46381600
vt 0.47894700 0.46381600
vt 0.47894700 0.46381600
vt 0.47894700 0.46381600
vt 0.47368400 0.46381600
vt 0.47368400 0.46381600
vt 0.47368400 0.46381600
vt 0.47368400 0.46381600
vt 0.47368400 0.46381600
vt 0.49342100 0.46381600
vt 0.49342100 0.46381600
vt 0.49342100 0.46381600
vt 0.49342100 0.46381600
vt 0.49342100 0.46381600
vt 0.49342100 0.46381600
vt 0.49342100 0.46381600
vt 0.49342100 0.46381600
vt 0.95657900 0.58552600
vt 0.95657900 0.58552600
vt 0.20394700 0.56907900
vt 0.95657900 0.58552600
vt 0.95657900 0.58552600
vt 0.95657900 0.58552600
vt 0.94868400 0.53618400
vt 0.94868400 0.53618400
vt 0.94868400 0.53618400
vt 0.94868400 0.53618400
vt 0.94473700 0.50986800
vt 0.21578900 0.49013200
vt 0.94473700 0.50986800
vt 0.94473700 0.50986800
vt 0.21578900 0.49013200
vt 0.94473700 0.50986800
vt 0.95263200 0.56250000
vt 0.95263200 0.56250000
vt 0.95263200 0.56250000
vt 0.20789500 0.54276300
vt 0.95263200 0.56250000
vt 0.95263200 0.56250000
vt 0.95263200 0.56250000
vt 0.20789500 0.54276300
vt 0.95131600 0.54605300
vt 0.21052600 0.52960500
vt 0.95131600 0.54605300
vt 0.95131600 0.54605300
vt 0.95131600 0.54605300
vt 0.95131600 0.54605300
vt 0.74210500 0.56578900
vt 0.74210500 0.56578900
vt 0.82500000 0.59539500
vt 0.74210500 0.56578900
vt 0.82500000 0.59539500
vt 0.82500000 0.59539500
vt 0.74210500 0.56578900
vt 0.82500000 0.59539500
vt 0.73289500 0.51644700
vt 0.73289500 0.51644700
vt 0.83552600 0.54276300
vt 0.83552600 0.54276300
vt 0.73289500 0.51644700
vt 0.83552600 0.54276300
vt 0.73289500 0.51644700
vt 0.73289500 0.51644700
vt 0.83552600 0.54276300
vt 0.72894700 0.49013200
vt 0.72894700 0.49013200
vt 0.72894700 0.49013200
vt 0.72894700 0.49013200
vt 0.72894700 0.49013200
vt 0.72894700 0.49013200
vt 0.72894700 0.49013200
vt 0.72894700 0.49013200
vt 0.82763200 0.58223700
vt 0.82763200 0.58223700
vt 0.73947400 0.55263200
vt 0.73947400 0.55263200
vt 0.73947400 0.55263200
vt 0.82763200 0.58223700
vt 0.73684200 0.53947400
vt 0.83026300 0.56907900
vt 0.83026300 0.56907900
vt 0.73684200 0.53947400
vt 0.96710500 0.70065800
vt 0.96710500 0.70065800
vt 0.96710500 0.70065800
vt 0.96710500 0.70065800
vt 0.96447400 0.64144700
vt 0.96447400 0.64144700
vt 0.19868400 0.62500000
vt 0.96447400 0.64144700
vt 0.19868400 0.62500000
vt 0.96447400 0.64144700
vt 0.96315800 0.63157900
vt 0.96315800 0.63157900
vt 0.96315800 0.63157900
vt 0.96315800 0.63157900
vt 0.96315800 0.63157900
vt 0.96315800 0.63157900
vt 0.96052600 0.61513200
vt 0.96052600 0.61513200
vt 0.96052600 0.61513200
vt 0.96052600 0.61513200
vt 0.96710500 0.67105300
vt 0.96710500 0.67105300
vt 0.96710500 0.67105300
vt 0.19605300 0.65460500
vt 0.96710500 0.67105300
vt 0.96710500 0.67105300
vt 0.96710500 0.67105300
vt 0.75394700 0.67763200
vt 0.75394700 0.67763200
vt 0.81447400 0.71052600
vt 0.75394700 0.67763200
vt 0.75394700 0.67763200
vt 0.75394700 0.67763200
vt 0.75131600 0.61513200
vt 0.75131600 0.61513200
vt 0.75131600 0.61513200
vt 0.75131600 0.61513200
vt 0.82105300 0.62171100
vt 0.74736800 0.58881600
vt 0.74736800 0.58881600
vt 0.74736800 0.58881600
vt 0.74736800 0.58881600
vt 0.82105300 0.62171100
vt 0.75263200 0.64473700
vt 0.75263200 0.64473700
vt 0.81447400 0.67763200
vt 0.75263200 0.64473700
vt 0.81447400 0.67763200
vt 0.75263200 0.64473700
vt 0.75263200 0.64473700
vt 0.75263200 0.64473700
vt 0.75131600 0.62500000
vt 0.81578900 0.65789500
vt 0.75131600 0.62500000
vt 0.75131600 0.62500000
vt 0.75131600 0.62500000
vt 0.75131600 0.62500000
vt 0.04868420 0.71710500
vt 0.04868420 0.71710500
vt 0.04868420 0.71710500
vt 0.04868420 0.71710500
vt 0.20000000 0.74013200
vt 0.96447400 0.75328900
vt 0.96447400 0.75328900
vt 0.96447400 0.75328900
vt 0.96447400 0.75328900
vt 0.96447400 0.75328900
vt 0.96578900 0.73684200
vt 0.96578900 0.73684200
vt 0.96578900 0.73684200
vt 0.19736800 0.72368400
vt 0.96578900 0.73684200
vt 0.96578900 0.73684200
vt 0.96578900 0.73684200
vt 0.19736800 0.72368400
vt 0.03289470 0.67763200
vt 0.96184200 0.77960500
vt 0.96184200 0.77960500
vt 0.03289470 0.67763200
vt 0.03947370 0.69407900
vt 0.03947370 0.69407900
vt 0.03947370 0.69407900
vt 0.03947370 0.69407900
vt 0.03947370 0.69407900
vt 0.03947370 0.69407900
vt 0.03947370 0.69407900
vt 0.03947370 0.69407900
vt 0.74868400 0.75328900
vt 0.74868400 0.75328900
vt 0.82236800 0.78289500
vt 0.82236800 0.78289500
vt 0.82236800 0.78289500
vt 0.82236800 0.78289500
vt 0.74868400 0.75328900
vt 0.75263200 0.70723700
vt 0.75263200 0.70723700
vt 0.81710500 0.74013200
vt 0.75263200 0.70723700
vt 0.75263200 0.70723700
vt 0.75263200 0.70723700
vt 0.81710500 0.74342100
vt 0.75263200 0.71381600
vt 0.75263200 0.71381600
vt 0.75263200 0.71381600
vt 0.74342100 0.77960500
vt 0.82894700 0.80921100
vt 0.74342100 0.77960500
vt 0.82894700 0.80921100
vt 0.82894700 0.80921100
vt 0.74342100 0.77960500
vt 0.83684200 0.83223700
vt 0.83684200 0.83223700
vt 0.04210530 0.92763200
vt 0.83684200 0.83223700
vt 0.83684200 0.83223700
vt 0.83684200 0.83223700
vt 0.04473680 0.92105300
vt 0.04473680 0.92105300
vt 0.04473680 0.92105300
vt 0.84078900 0.84210500
vt 0.04473680 0.92105300
vt 0.04473680 0.92105300
vt 0.05263160 0.90131600
vt 0.05263160 0.90131600
vt 0.05263160 0.90131600
vt 0.05263160 0.90131600
vt 0.05263160 0.90131600
vt 0.05263160 0.90131600
vt 0.06842110 0.76315800
vt 0.06842110 0.76315800
vt 0.06842110 0.76315800
vt 0.06842110 0.76315800
vt 0.06842110 0.76315800
vt 0.06842110 0.76315800
vt 0.06842110 0.76315800
vt 0.06842110 0.76315800
vt 0.05394740 0.73355300
vt 0.05394740 0.73355300
vt 0.05394740 0.73355300
vt 0.05394740 0.73355300
vt 0.05394740 0.73355300
vt 0.05394740 0.73355300
vt 0.05789470 0.74013200
vt 0.05789470 0.74013200
vt 0.05789470 0.74013200
vt 0.05789470 0.74013200
vt 0.06184210 0.87828900
vt 0.06184210 0.87828900
vt 0.06184210 0.87828900
vt 0.06184210 0.87828900
vt 0.06184210 0.87828900
vt 0.06184210 0.87828900
vt 0.06973680 0.85526300
vt 0.06973680 0.85526300
vt 0.06973680 0.85526300
vt 0.06973680 0.85526300
vt 0.06973680 0.85526300
vt 0.06973680 0.85526300
vt 0.07763160 0.78618400
vt 0.07763160 0.78618400
vt 0.07763160 0.78618400
vt 0.07763160 0.78618400
vt 0.07763160 0.78618400
vt 0.07763160 0.78618400
vt 0.07894740 0.82894700
vt 0.07894740 0.82894700
vt 0.07894740 0.82894700
vt 0.07894740 0.82894700
vt 0.07894740 0.82894700
vt 0.07894740 0.82894700
vt 0.08684210 0.80921100
vt 0.08684210 0.80921100
vt 0.08684210 0.80921100
vt 0.08684210 0.80921100
vt 0.08684210 0.80921100
vt 0.08684210 0.80921100
vt 0.08684210 0.80921100
vt 0.42105300 0.55592100
vt 0.42105300 0.55592100
vt 0.42105300 0.55592100
vt 0.42105300 0.55592100
vt 0.42105300 0.55592100
vt 0.31184200 0.52631600
vt 0.31052600 0.51973700
vt 0.31052600 0.51973700
vt 0.42236800 0.54605300
vt 0.42236800 0.54605300
vt 0.42236800 0.54605300
vt 0.42236800 0.54605300
vt 0.42631600 0.51973700
vt 0.30657900 0.49342100
vt 0.42631600 0.51973700
vt 0.42631600 0.51973700
vt 0.42631600 0.51973700
vt 0.42631600 0.51973700
vt 0.41315800 0.59868400
vt 0.41315800 0.59868400
vt 0.41315800 0.59868400
vt 0.31973700 0.56907900
vt 0.41315800 0.59868400
vt 0.41315800 0.59868400
vt 0.41842100 0.57236800
vt 0.41842100 0.57236800
vt 0.41842100 0.57236800
vt 0.41842100 0.57236800
vt 0.41842100 0.57236800
vt 0.41842100 0.57236800
vt 0.40789500 0.72039500
vt 0.40789500 0.72039500
vt 0.40789500 0.72039500
vt 0.32763200 0.68750000
vt 0.32763200 0.68750000
vt 0.32763200 0.68750000
vt 0.40789500 0.72039500
vt 0.40789500 0.65789500
vt 0.40789500 0.65789500
vt 0.40789500 0.65789500
vt 0.40789500 0.65789500
vt 0.40789500 0.65789500
vt 0.41052600 0.62828900
vt 0.41052600 0.62828900
vt 0.41052600 0.62828900
vt 0.41052600 0.62828900
vt 0.32236800 0.59539500
vt 0.32236800 0.59539500
vt 0.41052600 0.63486800
vt 0.32368400 0.60197400
vt 0.41052600 0.63486800
vt 0.41052600 0.63486800
vt 0.41052600 0.63486800
vt 0.41052600 0.63486800
vt 0.40789500 0.68750000
vt 0.40789500 0.68750000
vt 0.32631600 0.65460500
vt 0.32631600 0.65460500
vt 0.32631600 0.65460500
vt 0.40789500 0.68750000
vt 0.40789500 0.68750000
vt 0.12105300 0.70723700
vt 0.31578900 0.79934200
vt 0.31578900 0.79934200
vt 0.12105300 0.70723700
vt 0.10394700 0.75986800
vt 0.10394700 0.75986800
vt 0.10394700 0.75986800
vt 0.10394700 0.75986800
vt 0.10394700 0.75986800
vt 0.10394700 0.75986800
vt 0.10394700 0.75986800
vt 0.09605260 0.78618400
vt 0.09605260 0.78618400
vt 0.09605260 0.78618400
vt 0.09605260 0.78618400
vt 0.11973700 0.71381600
vt 0.11973700 0.71381600
vt 0.11973700 0.71381600
vt 0.11973700 0.71381600
vt 0.11973700 0.71381600
vt 0.11973700 0.71381600
vt 0.11315800 0.73355300
vt 0.11315800 0.73355300
vt 0.11315800 0.73355300
vt 0.11315800 0.73355300
vt 0.11315800 0.73355300
vt 0.11315800 0.73355300
vt 0.11315800 0.73355300
vt 0.41447400 0.79276300
vt 0.32236800 0.76315800
vt 0.32236800 0.76315800
vt 0.32236800 0.76315800
vt 0.32236800 0.76315800
vt 0.41447400 0.79276300
vt 0.32236800 0.76315800
vt 0.32631600 0.72368400
vt 0.41052600 0.75657900
vt 0.32631600 0.72368400
vt 0.32631600 0.72368400
vt 0.32500000 0.73026300
vt 0.32500000 0.73026300
vt 0.41052600 0.76315800
vt 0.32500000 0.73026300
vt 0.32500000 0.73026300
vt 0.41052600 0.76315800
vt 0.51052600 0.48355300
vt 0.51052600 0.48355300
vt 0.51052600 0.48355300
vt 0.51052600 0.48355300
vt 0.51052600 0.48355300
vt 0.51052600 0.48355300
vt 0.52631600 0.57236800
vt 0.52631600 0.57236800
vt 0.52631600 0.57236800
vt 0.52631600 0.57236800
vt 0.52631600 0.57236800
vt 0.52631600 0.57236800
vt 0.52631600 0.57236800
vt 0.51578900 0.52302600
vt 0.51578900 0.52302600
vt 0.51578900 0.52302600
vt 0.51578900 0.52302600
vt 0.51578900 0.52302600
vt 0.51578900 0.52302600
vt 0.51578900 0.52302600
vt 0.51578900 0.52302600
vt 0.51578900 0.52302600
vt 0.51184200 0.50000000
vt 0.51184200 0.50000000
vt 0.51184200 0.50000000
vt 0.51184200 0.50000000
vt 0.52105300 0.54934200
vt 0.52105300 0.54934200
vt 0.52105300 0.54934200
vt 0.52105300 0.54934200
vt 0.52105300 0.55263200
vt 0.52105300 0.55263200
vt 0.52105300 0.55263200
vt 0.52105300 0.55263200
vt 0.52105300 0.55263200
vt 0.53815800 0.68421100
vt 0.53815800 0.68421100
vt 0.53815800 0.68421100
vt 0.53815800 0.68421100
vt 0.53815800 0.68421100
vt 0.53815800 0.68421100
vt 0.53815800 0.68421100
vt 0.53289500 0.60855300
vt 0.53289500 0.60855300
vt 0.53289500 0.60855300
vt 0.53289500 0.60855300
vt 0.53289500 0.60855300
vt 0.53289500 0.60855300
vt 0.53157900 0.59539500
vt 0.53157900 0.59539500
vt 0.53157900 0.59539500
vt 0.53157900 0.59539500
vt 0.53157900 0.59539500
vt 0.53157900 0.59539500
vt 0.53552600 0.62171100
vt 0.53552600 0.62171100
vt 0.53552600 0.62171100
vt 0.53552600 0.62171100
vt 0.53815800 0.65131600
vt 0.53815800 0.65131600
vt 0.53815800 0.65131600
vt 0.53815800 0.65131600
vt 0.53815800 0.65131600
vt 0.53815800 0.65131600
vt 0.53815800 0.65131600
vt 0.53815800 0.65131600
vt 0.51315800 0.84210500
vt 0.51315800 0.84210500
vt 0.12631600 0.89144700
vt 0.51315800 0.84210500
vt 0.12631600 0.89144700
vt 0.12631600 0.89144700
vt 0.12631600 0.89144700
vt 0.10657900 0.84868400
vt 0.10657900 0.84868400
vt 0.10657900 0.84868400
vt 0.10657900 0.84868400
vt 0.10657900 0.84868400
vt 0.09736840 0.82894700
vt 0.09736840 0.82894700
vt 0.09736840 0.82894700
vt 0.09736840 0.82894700
vt 0.09736840 0.82894700
vt 0.09736840 0.82894700
vt 0.11578900 0.87171100
vt 0.11578900 0.87171100
vt 0.11578900 0.87171100
vt 0.11578900 0.87171100
vt 0.11578900 0.87171100
vt 0.11578900 0.87171100
vt 0.53157900 0.75986800
vt 0.53157900 0.75986800
vt 0.53157900 0.75986800
vt 0.53157900 0.75986800
vt 0.53157900 0.75986800
vt 0.53157900 0.75986800
vt 0.53157900 0.75986800
vt 0.53552600 0.73684200
vt 0.53552600 0.73684200
vt 0.53552600 0.73684200
vt 0.53552600 0.73684200
vt 0.53552600 0.73684200
vt 0.53552600 0.73684200
vt 0.53684200 0.72039500
vt 0.53684200 0.72039500
vt 0.53684200 0.72039500
vt 0.53684200 0.72039500
vt 0.53684200 0.72039500
vt 0.52368400 0.80592100
vt 0.52368400 0.80592100
vt 0.52368400 0.80592100
vt 0.52368400 0.80592100
vt 0.52368400 0.80592100
vt 0.52500000 0.80263200
vt 0.52500000 0.80263200
vt 0.52500000 0.80263200
vt 0.52500000 0.80263200
vt 0.87631600 0.04276320
vt 0.87631600 0.04276320
vt 0.87631600 0.04276320
vt 0.87631600 0.04276320
vt 0.87631600 0.04276320
vt 0.87631600 0.04276320
vt 0.89605300 0.04605260
vt 0.89605300 0.04605260
vt 0.89605300 0.04605260
vt 0.89605300 0.04605260
vt 0.89605300 0.04605260
vt 0.88815800 0.03289470
vt 0.88815800 0.03289470
vt 0.00131579 1.00000000
vt 0.00131579 1.00000000
vt 0.00131579 1.00000000
vt 0.00000000 1.00000000
vt 0.88815800 0.03289470
vt 0.88815800 0.03289470
vt 0.88815800 0.03289470
vt 0.88815800 0.03289470
vt 0.92500000 0.06250000
vt 0.92500000 0.06250000
vt 0.92500000 0.06250000
vt 0.92500000 0.06250000
vt 0.92500000 0.06250000
vt 0.91184200 0.04934210
vt 0.00000000 0.99671100
vt 0.00131579 1.00000000
vt 0.00000000 0.99671100
vt 0.91184200 0.04934210
vt 0.91184200 0.04934210
vt 0.91184200 0.04934210
vt 0.91184200 0.04934210
vt 0.00000000 1.00000000
vt 0.00000000 0.99671100
vt 0.00131579 1.00000000
vt 0.00000000 1.00000000
vt 0.00131579 1.00000000
vt 0.00000000 1.00000000
vt 0.00000000 1.00000000
vt 0.83947400 0.05592110
vt 0.83947400 0.05592110
vt 0.83947400 0.05592110
vt 0.83947400 0.05592110
vt 0.83947400 0.05592110
vt 0.83947400 0.05592110
vt 0.83947400 0.05592110
vt 0.85657900 0.04605260
vt 0.85657900 0.04605260
vt 0.85657900 0.04605260
vt 0.85657900 0.04605260
vt 0.85657900 0.04605260
vt 0.85657900 0.04605260
vt 0.00000000 1.00000000
vt 0.00000000 0.99671100
vt 0.84605300 0.04276320
vt 0.00131579 1.00000000
vt 0.84605300 0.04276320
vt 0.84605300 0.04276320
vt 0.84605300 0.04276320
vt 0.84605300 0.04276320
vt 0.00000000 0.99671100
vt 0.00000000 0.99671100
vt 0.00000000 0.99671100
vt 0.00000000 0.99671100
vt 0.00131579 1.00000000
vt 0.00000000 1.00000000
vt 0.00000000 1.00000000
vt 0.00000000 1.00000000
vt 0.00000000 1.00000000
vt 0.00131579 1.00000000
vt 0.00000000 1.00000000
vt 0.00000000 0.99671100
vt 0.00131579 1.00000000
vt 0.00131579 1.00000000
vt 0.00000000 1.00000000
vt 0.00000000 1.00000000
vt 0.00000000 0.99671100
vt 0.00000000 0.99671100
vt 0.00000000 0.99671100
vt 0.00000000 0.99671100
vt 0.00131579 1.00000000
vt 0.89736800 0.06578950
vt 0.89736800 0.06578950
vt 0.89736800 0.06578950
vt 0.89736800 0.06578950
vt 0.89736800 0.06578950
vt 0.90000000 0.06907890
vt 0.90000000 0.06907890
vt 0.90000000 0.06907890
vt 0.90000000 0.06907890
vt 0.89868400 0.05921050
vt 0.89868400 0.05921050
vt 0.89868400 0.05921050
vt 0.89868400 0.05921050
vt 0.89868400 0.05921050
vt 0.89868400 0.05921050
vt 0.87105300 0.06250000
vt 0.87105300 0.06250000
vt 0.87105300 0.06250000
vt 0.87105300 0.06250000
vt 0.87105300 0.06250000
vt 0.87894700 0.04276320
vt 0.87894700 0.04276320
vt 0.87894700 0.04276320
vt 0.87894700 0.04276320
vt 0.88289500 0.06250000
vt 0.88289500 0.06250000
vt 0.88289500 0.06250000
vt 0.88289500 0.06250000
vt 0.88289500 0.06250000
vt 0.88289500 0.06250000
vt 0.88289500 0.06250000
vt 0.88289500 0.06250000
vt 0.89473700 0.09539470
vt 0.89473700 0.09539470
vt 0.89473700 0.09539470
vt 0.89473700 0.09539470
vt 0.89473700 0.09539470
vt 0.89473700 0.09539470
vt 0.90131600 0.09539470
vt 0.90131600 0.09539470
vt 0.90131600 0.09539470
vt 0.90131600 0.09539470
vt 0.90131600 0.09539470
vt 0.90131600 0.09539470
vt 0.90131600 0.09539470
vt 0.90131600 0.09539470
vt 0.86973700 0.09210530
vt 0.86973700 0.09210530
vt 0.86973700 0.09210530
vt 0.86973700 0.09210530
vt 0.86973700 0.09210530
vt 0.88421100 0.09210530
vt 0.88421100 0.09210530
vt 0.88421100 0.09210530
vt 0.88421100 0.09210530
vt 0.88421100 0.09210530
vt 0.88421100 0.09210530
vt 0.89736800 0.12828900
vt 0.89736800 0.12828900
vt 0.89736800 0.12828900
vt 0.89736800 0.12828900
vt 0.89736800 0.12828900
vt 0.90131600 0.12828900
vt 0.90131600 0.12828900
vt 0.90131600 0.12828900
vt 0.90131600 0.12828900
vt 0.87236800 0.12500000
vt 0.87236800 0.12500000
vt 0.87236800 0.12500000
vt 0.87236800 0.12500000
vt 0.87236800 0.12500000
vt 0.87236800 0.12500000
vt 0.88289500 0.12500000
vt 0.88289500 0.12500000
vt 0.88289500 0.12500000
vt 0.88289500 0.12500000
vt 0.88289500 0.12500000
vt 0.88289500 0.12500000
vt 0.88289500 0.12500000
vt 0.90000000 0.14473700
vt 0.90000000 0.14473700
vt 0.90000000 0.14473700
vt 0.90000000 0.14473700
vt 0.90000000 0.14473700
vt 0.90000000 0.14473700
vt 0.90000000 0.14473700
vt 0.90000000 0.14473700
vt 0.87631600 0.16118400
vt 0.87631600 0.16118400
vt 0.87631600 0.16118400
vt 0.87631600 0.16118400
vt 0.87631600 0.16118400
vt 0.87631600 0.16118400
vt 0.87631600 0.16118400
vt 0.88026300 0.16118400
vt 0.88026300 0.16118400
vt 0.88026300 0.16118400
vt 0.88026300 0.16118400
vt 0.88026300 0.16118400
vt 0.89868400 0.16447400
vt 0.89868400 0.16447400
vt 0.89868400 0.16447400
vt 0.89868400 0.16447400
vt 0.89868400 0.16447400
vt 0.94342100 0.09539470
vt 0.94342100 0.09539470
vt 0.94342100 0.09539470
vt 0.94342100 0.09539470
vt 0.94342100 0.09539470
vt 0.94342100 0.09539470
vt 0.94473700 0.09539470
vt 0.94473700 0.09539470
vt 0.94473700 0.09539470
vt 0.94473700 0.09539470
vt 0.94342100 0.09539470
vt 0.94342100 0.09539470
vt 0.94342100 0.09539470
vt 0.94342100 0.09539470
vt 0.94342100 0.09539470
vt 0.93421100 0.11513200
vt 0.93421100 0.11513200
vt 0.93421100 0.11513200
vt 0.93421100 0.11513200
vt 0.93421100 0.11513200
vt 0.93421100 0.11513200
vt 0.94736800 0.12171100
vt 0.94736800 0.12171100
vt 0.94736800 0.12171100
vt 0.94736800 0.12171100
vt 0.94736800 0.12171100
vt 0.94736800 0.12171100
vt 0.94736800 0.12171100
vt 0.94736800 0.12171100
vt 0.90789500 0.04934210
vt 0.90789500 0.04934210
vt 0.90789500 0.04934210
vt 0.90789500 0.04934210
vt 0.90789500 0.04934210
vt 0.90789500 0.04934210
vt 0.91184200 0.05263160
vt 0.91184200 0.05263160
vt 0.91184200 0.05263160
vt 0.91184200 0.05263160
vt 0.91578900 0.07565790
vt 0.91578900 0.07565790
vt 0.91578900 0.07565790
vt 0.91578900 0.07565790
vt 0.91578900 0.07565790
vt 0.91578900 0.07565790
vt 0.91578900 0.07565790
vt 0.91578900 0.07565790
vt 0.93026300 0.08552630
vt 0.93026300 0.08552630
vt 0.93026300 0.08552630
vt 0.93026300 0.08552630
vt 0.93026300 0.08552630
vt 0.93026300 0.08552630
vt 0.93026300 0.08552630
vt 0.91710500 0.10526300
vt 0.91710500 0.10526300
vt 0.91710500 0.10526300
vt 0.91710500 0.10526300
vt 0.91710500 0.10526300
vt 0.91710500 0.10526300
vt 0.93289500 0.11184200
vt 0.93289500 0.11184200
vt 0.93289500 0.11184200
vt 0.93289500 0.11184200
vt 0.93815800 0.07565790
vt 0.93815800 0.07565790
vt 0.93815800 0.07565790
vt 0.93815800 0.07565790
vt 0.93815800 0.07565790
vt 0.93815800 0.07565790
vt 0.93815800 0.07565790
vt 0.93815800 0.07565790
vt 0.93684200 0.14802600
vt 0.93684200 0.14802600
vt 0.93684200 0.14802600
vt 0.93684200 0.14802600
vt 0.93684200 0.14802600
vt 0.93684200 0.14802600
vt 0.94605300 0.15460500
vt 0.94605300 0.15460500
vt 0.94605300 0.15460500
vt 0.94605300 0.15460500
vt 0.94473700 0.18421100
vt 0.94473700 0.18421100
vt 0.94473700 0.18421100
vt 0.94473700 0.18421100
vt 0.94473700 0.18421100
vt 0.94473700 0.18421100
vt 0.94473700 0.18421100
vt 0.94605300 0.19078900
vt 0.94605300 0.19078900
vt 0.94605300 0.19078900
vt 0.94605300 0.19078900
vt 0.94605300 0.19078900
vt 0.91710500 0.13486800
vt 0.91710500 0.13486800
vt 0.91710500 0.13486800
vt 0.91710500 0.13486800
vt 0.91710500 0.13486800
vt 0.91710500 0.13486800
vt 0.91710500 0.13486800
vt 0.93289500 0.14473700
vt 0.93289500 0.14473700
vt 0.93289500 0.14473700
vt 0.93289500 0.14473700
vt 0.93289500 0.14473700
vt 0.93289500 0.14473700
vt 0.90394700 0.16447400
vt 0.90394700 0.16447400
vt 0.90394700 0.16447400
vt 0.90394700 0.16447400
vt 0.90394700 0.16447400
vt 0.91578900 0.17105300
vt 0.91578900 0.17105300
vt 0.91578900 0.17105300
vt 0.91578900 0.17105300
vt 0.91578900 0.17105300
vt 0.91578900 0.17105300
vt 0.91578900 0.17105300
vt 0.93026300 0.17763200
vt 0.93026300 0.17763200
vt 0.93026300 0.17763200
vt 0.93026300 0.17763200
vt 0.93026300 0.17763200
vt 0.93026300 0.17763200
vt 0.93026300 0.17763200
vt 0.93026300 0.17763200
vt 0.94473700 0.18750000
vt 0.94473700 0.18750000
vt 0.94473700 0.18750000
vt 0.94473700 0.18750000
vt 0.85526300 0.04605260
vt 0.85526300 0.04605260
vt 0.85526300 0.04605260
vt 0.85526300 0.04605260
vt 0.85131600 0.06907890
vt 0.85131600 0.06907890
vt 0.85131600 0.06907890
vt 0.85131600 0.06907890
vt 0.85131600 0.06907890
vt 0.85131600 0.06907890
vt 0.85131600 0.06907890
vt 0.86184200 0.06578950
vt 0.86184200 0.06578950
vt 0.86184200 0.06578950
vt 0.86184200 0.06578950
vt 0.86184200 0.06578950
vt 0.86184200 0.06578950
vt 0.86184200 0.06578950
vt 0.83552600 0.07894740
vt 0.83552600 0.07894740
vt 0.83552600 0.07894740
vt 0.83552600 0.07894740
vt 0.85000000 0.09868420
vt 0.85000000 0.09868420
vt 0.85000000 0.09868420
vt 0.85000000 0.09868420
vt 0.85000000 0.09868420
vt 0.85000000 0.09868420
vt 0.85000000 0.09868420
vt 0.85000000 0.09868420
vt 0.86315800 0.09539470
vt 0.86315800 0.09539470
vt 0.86315800 0.09539470
vt 0.86315800 0.09539470
vt 0.86315800 0.09539470
vt 0.83421100 0.10855300
vt 0.83421100 0.10855300
vt 0.83421100 0.10855300
vt 0.83421100 0.10855300
vt 0.83552600 0.10855300
vt 0.83552600 0.10855300
vt 0.83552600 0.10855300
vt 0.83552600 0.10855300
vt 0.83421100 0.08881580
vt 0.83421100 0.08881580
vt 0.83421100 0.08881580
vt 0.83421100 0.08881580
vt 0.83421100 0.08881580
vt 0.83421100 0.08881580
vt 0.83421100 0.08881580
vt 0.83421100 0.08881580
vt 0.82236800 0.09539470
vt 0.82236800 0.09539470
vt 0.82236800 0.09539470
vt 0.82236800 0.09539470
vt 0.82236800 0.09539470
vt 0.83289500 0.08223680
vt 0.83289500 0.08223680
vt 0.83289500 0.08223680
vt 0.83289500 0.08223680
vt 0.83289500 0.08223680
vt 0.82368400 0.07565790
vt 0.82368400 0.07565790
vt 0.82368400 0.07565790
vt 0.82368400 0.07565790
vt 0.82368400 0.07565790
vt 0.82368400 0.07565790
vt 0.82631600 0.06907890
vt 0.82631600 0.06907890
vt 0.82631600 0.06907890
vt 0.82631600 0.06907890
vt 0.82631600 0.06907890
vt 0.82631600 0.06907890
vt 0.82105300 0.12171100
vt 0.82105300 0.12171100
vt 0.82105300 0.12171100
vt 0.82105300 0.12171100
vt 0.82105300 0.12171100
vt 0.82105300 0.12171100
vt 0.82105300 0.12171100
vt 0.82105300 0.12171100
vt 0.85131600 0.13157900
vt 0.85131600 0.13157900
vt 0.85131600 0.13157900
vt 0.85131600 0.13157900
vt 0.85131600 0.13157900
vt 0.85131600 0.13157900
vt 0.85131600 0.13157900
vt 0.86184200 0.12828900
vt 0.86184200 0.12828900
vt 0.86184200 0.12828900
vt 0.86184200 0.12828900
vt 0.86184200 0.12828900
vt 0.86184200 0.12828900
vt 0.83421100 0.13486800
vt 0.83421100 0.13486800
vt 0.83421100 0.13486800
vt 0.83421100 0.13486800
vt 0.83421100 0.13486800
vt 0.83421100 0.13486800
vt 0.83421100 0.13486800
vt 0.83421100 0.13486800
vt 0.83552600 0.14144700
vt 0.83552600 0.14144700
vt 0.83552600 0.14144700
vt 0.83552600 0.14144700
vt 0.85526300 0.16776300
vt 0.85526300 0.16776300
vt 0.85526300 0.16776300
vt 0.85526300 0.16776300
vt 0.85789500 0.16447400
vt 0.85789500 0.16447400
vt 0.85789500 0.16447400
vt 0.85789500 0.16447400
vt 0.85789500 0.16447400
vt 0.83815800 0.17434200
vt 0.83815800 0.17434200
vt 0.83815800 0.17434200
vt 0.83815800 0.17434200
vt 0.83815800 0.17434200
vt 0.83815800 0.17434200
vt 0.83815800 0.17434200
vt 0.83815800 0.17434200
vt 0.83815800 0.17434200
vt 0.83815800 0.17434200
vt 0.82236800 0.15460500
vt 0.82236800 0.15460500
vt 0.82236800 0.15460500
vt 0.82236800 0.15460500
vt 0.82236800 0.15460500
vt 0.82236800 0.15460500
vt 0.83421100 0.14144700
vt 0.83421100 0.14144700
vt 0.83421100 0.14144700
vt 0.83421100 0.14144700
vt 0.83421100 0.14144700
vt 0.82500000 0.18421100
vt 0.82500000 0.18421100
vt 0.82500000 0.18421100
vt 0.82500000 0.18421100
vt 0.82500000 0.18421100
vt 0.82500000 0.19078900
vt 0.82500000 0.19078900
vt 0.82500000 0.19078900
vt 0.82500000 0.19078900
vt 0.82105300 0.19736800
vt 0.75263200 0.18421100
vt 0.82105300 0.19736800
vt 0.82105300 0.19736800
vt 0.82105300 0.19736800
vt 0.75263200 0.18421100
vt 0.82105300 0.19736800
vt 0.75263200 0.18421100
vt 0.87894700 0.17763200
vt 0.87894700 0.17763200
vt 0.87894700 0.17763200
vt 0.87894700 0.17763200
vt 0.87894700 0.17763200
vt 0.87894700 0.17763200
vt 0.87894700 0.17763200
vt 0.87894700 0.17763200
vt 0.88289500 0.20065800
vt 0.88289500 0.20065800
vt 0.88289500 0.20065800
vt 0.88289500 0.20065800
vt 0.89605300 0.20065800
vt 0.89605300 0.20065800
vt 0.89605300 0.20065800
vt 0.89605300 0.20065800
vt 0.89605300 0.20065800
vt 0.89605300 0.20065800
vt 0.89605300 0.20065800
vt 0.89605300 0.20065800
vt 0.89605300 0.20065800
vt 0.89078900 0.23684200
vt 0.89078900 0.23684200
vt 0.89078900 0.23684200
vt 0.89078900 0.23684200
vt 0.89078900 0.23684200
vt 0.89078900 0.23684200
vt 0.91184200 0.20723700
vt 0.91184200 0.20723700
vt 0.91184200 0.20723700
vt 0.91184200 0.20723700
vt 0.91184200 0.20723700
vt 0.91315800 0.20723700
vt 0.91315800 0.20723700
vt 0.91315800 0.20723700
vt 0.91315800 0.20723700
vt 0.92763200 0.21381600
vt 0.92763200 0.21381600
vt 0.92763200 0.21381600
vt 0.92763200 0.21381600
vt 0.92763200 0.21381600
vt 0.92763200 0.21381600
vt 0.92763200 0.21381600
vt 0.92763200 0.21381600
vt 0.91184200 0.21052600
vt 0.91184200 0.21052600
vt 0.91184200 0.21052600
vt 0.91184200 0.21052600
vt 0.91184200 0.21052600
vt 0.91184200 0.21052600
vt 0.92368400 0.25000000
vt 0.92368400 0.25000000
vt 0.92368400 0.25000000
vt 0.92368400 0.25000000
vt 0.92368400 0.25000000
vt 0.89210500 0.24342100
vt 0.89210500 0.24342100
vt 0.89210500 0.24342100
vt 0.89210500 0.24342100
vt 0.89210500 0.24342100
vt 0.89210500 0.24342100
vt 0.90789500 0.24671100
vt 0.90789500 0.24671100
vt 0.90789500 0.24671100
vt 0.90789500 0.24671100
vt 0.90789500 0.24671100
vt 0.90789500 0.24671100
vt 0.90789500 0.24671100
vt 0.90789500 0.24671100
vt 0.92368400 0.25328900
vt 0.92368400 0.25328900
vt 0.92368400 0.25328900
vt 0.92368400 0.25328900
vt 0.94210500 0.22368400
vt 0.94210500 0.22368400
vt 0.94210500 0.22368400
vt 0.94210500 0.22368400
vt 0.94210500 0.22368400
vt 0.94210500 0.22368400
vt 0.94210500 0.22368400
vt 0.94210500 0.22368400
vt 0.92631600 0.25657900
vt 0.92631600 0.25657900
vt 0.92631600 0.25657900
vt 0.92631600 0.25657900
vt 0.92631600 0.25657900
vt 0.92631600 0.25657900
vt 0.93815800 0.26315800
vt 0.93815800 0.26315800
vt 0.93815800 0.26315800
vt 0.93815800 0.26315800
vt 0.93815800 0.26315800
vt 0.90263200 0.27960500
vt 0.90263200 0.27960500
vt 0.90263200 0.27960500
vt 0.90263200 0.27960500
vt 0.90263200 0.27960500
vt 0.90657900 0.29276300
vt 0.90657900 0.29276300
vt 0.90657900 0.29276300
vt 0.90657900 0.29276300
vt 0.90657900 0.29276300
vt 0.90657900 0.29276300
vt 0.91710500 0.29605300
vt 0.91710500 0.29605300
vt 0.91710500 0.29605300
vt 0.91710500 0.29605300
vt 0.91710500 0.29605300
vt 0.91710500 0.29605300
vt 0.91710500 0.29605300
vt 0.91447400 0.31907900
vt 0.91447400 0.31907900
vt 0.91447400 0.31907900
vt 0.91447400 0.31907900
vt 0.91447400 0.31907900
vt 0.91447400 0.31907900
vt 0.93552600 0.28289500
vt 0.93552600 0.28289500
vt 0.93552600 0.28289500
vt 0.93552600 0.28289500
vt 0.93552600 0.28289500
vt 0.93552600 0.28289500
vt 0.93289500 0.30263200
vt 0.93289500 0.30263200
vt 0.93289500 0.30263200
vt 0.93289500 0.30263200
vt 0.93289500 0.30263200
vt 0.93289500 0.30263200
vt 0.93289500 0.30263200
vt 0.93289500 0.30263200
vt 0.91973700 0.33881600
vt 0.91973700 0.33881600
vt 0.91973700 0.33881600
vt 0.91973700 0.33881600
vt 0.91973700 0.33881600
vt 0.91973700 0.33881600
vt 0.92894700 0.34210500
vt 0.92894700 0.34210500
vt 0.92894700 0.34210500
vt 0.92894700 0.34210500
vt 0.85657900 0.17434200
vt 0.85657900 0.17434200
vt 0.85657900 0.17434200
vt 0.85657900 0.17434200
vt 0.85657900 0.17434200
vt 0.85657900 0.17434200
vt 0.85657900 0.17434200
vt 0.84473700 0.21381600
vt 0.84473700 0.21381600
vt 0.84473700 0.21381600
vt 0.84473700 0.21381600
vt 0.85131600 0.21052600
vt 0.85131600 0.21052600
vt 0.85131600 0.21052600
vt 0.85131600 0.21052600
vt 0.85131600 0.21052600
vt 0.85131600 0.21052600
vt 0.84736800 0.22697400
vt 0.84736800 0.22697400
vt 0.84736800 0.22697400
vt 0.84736800 0.22697400
vt 0.84736800 0.22697400
vt 0.86184200 0.20394700
vt 0.86184200 0.20394700
vt 0.86184200 0.20394700
vt 0.86184200 0.20394700
vt 0.86184200 0.20394700
vt 0.86184200 0.20394700
vt 0.87631600 0.20065800
vt 0.87631600 0.20065800
vt 0.87631600 0.20065800
vt 0.87631600 0.20065800
vt 0.87631600 0.20065800
vt 0.86842100 0.24013200
vt 0.86842100 0.24013200
vt 0.86842100 0.24013200
vt 0.86842100 0.24013200
vt 0.86842100 0.24013200
vt 0.86842100 0.24013200
vt 0.86842100 0.24013200
vt 0.86973700 0.24671100
vt 0.86973700 0.24671100
vt 0.86973700 0.24671100
vt 0.86973700 0.24671100
vt 0.88947400 0.24342100
vt 0.88947400 0.24342100
vt 0.88947400 0.24342100
vt 0.88947400 0.24342100
vt 0.88947400 0.24342100
vt 0.88947400 0.24342100
vt 0.85263200 0.25328900
vt 0.85263200 0.25328900
vt 0.85263200 0.25328900
vt 0.85263200 0.25328900
vt 0.85263200 0.25328900
vt 0.85263200 0.25328900
vt 0.85263200 0.25328900
vt 0.85263200 0.25328900
vt 0.85263200 0.25328900
vt 0.85263200 0.25328900
vt 0.86842100 0.24671100
vt 0.86842100 0.24671100
vt 0.86842100 0.24671100
vt 0.86842100 0.24671100
vt 0.86842100 0.24671100
vt 0.83026300 0.22697400
vt 0.83026300 0.22697400
vt 0.83026300 0.22697400
vt 0.83026300 0.22697400
vt 0.83026300 0.22697400
vt 0.83026300 0.22697400
vt 0.83026300 0.22697400
vt 0.83026300 0.22697400
vt 0.83684200 0.26315800
vt 0.83684200 0.26315800
vt 0.83684200 0.26315800
vt 0.83684200 0.26315800
vt 0.83684200 0.26315800
vt 0.83421100 0.26973700
vt 0.83421100 0.26973700
vt 0.83421100 0.26973700
vt 0.83421100 0.26973700
vt 0.74473700 0.26644700
vt 0.83421100 0.26973700
vt 0.74473700 0.26644700
vt 0.74473700 0.26644700
vt 0.83815800 0.26644700
vt 0.83815800 0.26644700
vt 0.83815800 0.26644700
vt 0.83815800 0.26644700
vt 0.88026300 0.28947400
vt 0.88026300 0.28947400
vt 0.88026300 0.28947400
vt 0.88026300 0.28947400
vt 0.88026300 0.28947400
vt 0.88026300 0.28947400
vt 0.88026300 0.28947400
vt 0.88157900 0.28947400
vt 0.88157900 0.28947400
vt 0.88157900 0.28947400
vt 0.88157900 0.28947400
vt 0.88157900 0.28947400
vt 0.88157900 0.28947400
vt 0.85921100 0.28618400
vt 0.85921100 0.28618400
vt 0.85921100 0.28618400
vt 0.85921100 0.28618400
vt 0.85921100 0.28618400
vt 0.86052600 0.29605300
vt 0.86052600 0.29605300
vt 0.86052600 0.29605300
vt 0.86052600 0.29605300
vt 0.86052600 0.29605300
vt 0.86052600 0.29605300
vt 0.88026300 0.28947400
vt 0.88026300 0.28947400
vt 0.88026300 0.28947400
vt 0.88026300 0.28947400
vt 0.88026300 0.28947400
vt 0.88026300 0.28947400
vt 0.86973700 0.33552600
vt 0.86973700 0.33552600
vt 0.86973700 0.33552600
vt 0.86973700 0.33552600
vt 0.86973700 0.33552600
vt 0.87368400 0.33552600
vt 0.87368400 0.33552600
vt 0.87368400 0.33552600
vt 0.87368400 0.33552600
vt 0.87368400 0.33552600
vt 0.87368400 0.33552600
vt 0.84605300 0.30592100
vt 0.84605300 0.30592100
vt 0.84605300 0.30592100
vt 0.84605300 0.30592100
vt 0.84605300 0.30592100
vt 0.84605300 0.30592100
vt 0.85657900 0.29934200
vt 0.85657900 0.29934200
vt 0.85657900 0.29934200
vt 0.85657900 0.29934200
vt 0.85657900 0.29934200
vt 0.85657900 0.29934200
vt 0.85657900 0.29934200
vt 0.84868400 0.32565800
vt 0.84868400 0.32565800
vt 0.84868400 0.32565800
vt 0.84868400 0.32565800
vt 0.84868400 0.32565800
vt 0.85263200 0.34539500
vt 0.85263200 0.34539500
vt 0.85263200 0.34539500
vt 0.85263200 0.34539500
vt 0.85263200 0.34539500
vt 0.85263200 0.34539500
vt 0.85263200 0.34539500
vt 0.85263200 0.34539500
vt 0.85263200 0.34539500
vt 0.90000000 0.28947400
vt 0.90000000 0.28947400
vt 0.90000000 0.28947400
vt 0.90000000 0.28947400
vt 0.90000000 0.28947400
vt 0.90000000 0.28947400
vt 0.89078900 0.33223700
vt 0.89078900 0.33223700
vt 0.89078900 0.33223700
vt 0.89078900 0.33223700
vt 0.89078900 0.33223700
vt 0.89473700 0.33223700
vt 0.89473700 0.33223700
vt 0.89473700 0.33223700
vt 0.89473700 0.33223700
vt 0.89473700 0.33223700
vt 0.89473700 0.33223700
vt 0.91315800 0.33552600
vt 0.91315800 0.33552600
vt 0.91315800 0.33552600
vt 0.91315800 0.33552600
vt 0.91315800 0.33552600
vt 0.92631600 0.37171100
vt 0.92631600 0.37171100
vt 0.92631600 0.37171100
vt 0.92631600 0.37171100
vt 0.92631600 0.37171100
vt 0.92631600 0.37171100
vt 0.92631600 0.37171100
vt 0.92894700 0.38157900
vt 0.92894700 0.38157900
vt 0.92894700 0.38157900
vt 0.92894700 0.38157900
vt 0.92894700 0.38157900
vt 0.93684200 0.42105300
vt 0.93684200 0.42105300
vt 0.93684200 0.42105300
vt 0.93684200 0.42105300
vt 0.93684200 0.42105300
vt 0.93684200 0.42105300
vt 0.93421100 0.45065800
vt 0.93421100 0.45065800
vt 0.93421100 0.45065800
vt 0.93421100 0.45065800
vt 0.93421100 0.45065800
vt 0.93421100 0.45065800
vt 0.92763200 0.46052600
vt 0.92763200 0.46052600
vt 0.92763200 0.46052600
vt 0.92763200 0.46052600
vt 0.92763200 0.46052600
vt 0.92763200 0.46052600
vt 0.87105300 0.34868400
vt 0.87105300 0.34868400
vt 0.87105300 0.34868400
vt 0.87105300 0.34868400
vt 0.87105300 0.34868400
vt 0.87105300 0.34868400
vt 0.85789500 0.38486800
vt 0.85789500 0.38486800
vt 0.85789500 0.38486800
vt 0.85789500 0.38486800
vt 0.85789500 0.38486800
vt 0.85789500 0.38486800
vt 0.86710500 0.37828900
vt 0.86710500 0.37828900
vt 0.86710500 0.37828900
vt 0.86710500 0.37828900
vt 0.86710500 0.37828900
vt 0.86710500 0.37828900
vt 0.85921100 0.41776300
vt 0.85921100 0.41776300
vt 0.85921100 0.41776300
vt 0.85921100 0.41776300
vt 0.86447400 0.41118400
vt 0.86447400 0.41118400
vt 0.86447400 0.41118400
vt 0.86447400 0.41118400
vt 0.86447400 0.41118400
vt 0.86447400 0.41118400
vt 0.87236800 0.45723700
vt 0.87236800 0.45723700
vt 0.87236800 0.45723700
vt 0.87236800 0.45723700
vt 0.87236800 0.45723700
vt 0.87236800 0.45723700
vt 0.87236800 0.45723700
vt 0.85789500 0.44736800
vt 0.85789500 0.44736800
vt 0.85789500 0.44736800
vt 0.85789500 0.44736800
vt 0.85789500 0.44736800
vt 0.85789500 0.44736800
vt 0.86842100 0.44078900
vt 0.86842100 0.44078900
vt 0.86842100 0.44078900
vt 0.86842100 0.44078900
vt 0.86842100 0.44078900
vt 0.86842100 0.44078900
vt 0.89342100 0.34539500
vt 0.89342100 0.34539500
vt 0.89342100 0.34539500
vt 0.89342100 0.34539500
vt 0.89342100 0.34539500
vt 0.89342100 0.34539500
vt 0.89342100 0.34539500
vt 0.89342100 0.34539500
vt 0.89342100 0.34539500
vt 0.89605300 0.37171100
vt 0.89605300 0.37171100
vt 0.89605300 0.37171100
vt 0.89605300 0.37171100
vt 0.89605300 0.37171100
vt 0.90921100 0.37171100
vt 0.90921100 0.37171100
vt 0.90921100 0.37171100
vt 0.90921100 0.37171100
vt 0.90921100 0.37171100
vt 0.90921100 0.37171100
vt 0.90921100 0.37171100
vt 0.90921100 0.37171100
vt 0.90921100 0.37171100
vt 0.87500000 0.37500000
vt 0.87500000 0.37500000
vt 0.87500000 0.37500000
vt 0.87500000 0.37500000
vt 0.87500000 0.37500000
vt 0.87500000 0.37500000
vt 0.89078900 0.37171100
vt 0.89078900 0.37171100
vt 0.89078900 0.37171100
vt 0.89078900 0.37171100
vt 0.89868400 0.40460500
vt 0.89868400 0.40460500
vt 0.89868400 0.40460500
vt 0.89868400 0.40460500
vt 0.89868400 0.40460500
vt 0.89868400 0.40460500
vt 0.90921100 0.40789500
vt 0.90921100 0.40789500
vt 0.90921100 0.40789500
vt 0.90921100 0.40789500
vt 0.87631600 0.40789500
vt 0.87631600 0.40789500
vt 0.87631600 0.40789500
vt 0.87631600 0.40789500
vt 0.87631600 0.40789500
vt 0.87631600 0.40789500
vt 0.88947400 0.40460500
vt 0.88947400 0.40460500
vt 0.88947400 0.40460500
vt 0.88947400 0.40460500
vt 0.88947400 0.40460500
vt 0.88947400 0.40460500
vt 0.88947400 0.40460500
vt 0.88947400 0.40460500
vt 0.92631600 0.37828900
vt 0.92631600 0.37828900
vt 0.92631600 0.37828900
vt 0.92631600 0.37828900
vt 0.92500000 0.41447400
vt 0.92500000 0.41447400
vt 0.92500000 0.41447400
vt 0.92500000 0.41447400
vt 0.92500000 0.41447400
vt 0.92500000 0.41447400
vt 0.92500000 0.41447400
vt 0.92500000 0.41447400
vt 0.89605300 0.43421100
vt 0.89605300 0.43421100
vt 0.89605300 0.43421100
vt 0.89605300 0.43421100
vt 0.89605300 0.43421100
vt 0.91052600 0.43421100
vt 0.91052600 0.43421100
vt 0.91052600 0.43421100
vt 0.91052600 0.43421100
vt 0.91052600 0.43421100
vt 0.91052600 0.43421100
vt 0.91052600 0.43421100
vt 0.91052600 0.43421100
vt 0.91052600 0.43421100
vt 0.87500000 0.43750000
vt 0.87500000 0.43750000
vt 0.87500000 0.43750000
vt 0.87500000 0.43750000
vt 0.87500000 0.43750000
vt 0.87500000 0.43750000
vt 0.89210500 0.43421100
vt 0.89210500 0.43421100
vt 0.89210500 0.43421100
vt 0.89210500 0.43421100
vt 0.89342100 0.44736800
vt 0.89342100 0.44736800
vt 0.89342100 0.44736800
vt 0.89342100 0.44736800
vt 0.89342100 0.44736800
vt 0.89342100 0.44736800
vt 0.89342100 0.44736800
vt 0.89342100 0.44736800
vt 0.92631600 0.44407900
vt 0.92631600 0.44407900
vt 0.92631600 0.44407900
vt 0.92631600 0.44407900
vt 0.89078900 0.55263200
vt 0.89078900 0.55263200
vt 0.89078900 0.55263200
vt 0.89078900 0.55263200
vt 0.89078900 0.55263200
vt 0.89342100 0.55263200
vt 0.89342100 0.55263200
vt 0.89342100 0.55263200
vt 0.89342100 0.55263200
vt 0.89210500 0.54605300
vt 0.89210500 0.54605300
vt 0.89210500 0.54605300
vt 0.89210500 0.54605300
vt 0.89210500 0.54605300
vt 0.89210500 0.54605300
vt 0.89210500 0.54605300
vt 0.89210500 0.54605300
vt 0.91578900 0.48684200
vt 0.91578900 0.48684200
vt 0.91578900 0.48684200
vt 0.91578900 0.48684200
vt 0.91578900 0.48684200
vt 0.91710500 0.49013200
vt 0.91710500 0.49013200
vt 0.91710500 0.49013200
vt 0.91710500 0.49013200
vt 0.91710500 0.48684200
vt 0.91710500 0.48684200
vt 0.91710500 0.48684200
vt 0.91710500 0.48684200
vt 0.91710500 0.48684200
vt 0.91710500 0.48684200
vt 0.90789500 0.50986800
vt 0.90789500 0.50986800
vt 0.90789500 0.50986800
vt 0.90789500 0.50986800
vt 0.90789500 0.50986800
vt 0.90789500 0.50986800
vt 0.90789500 0.50986800
vt 0.92105300 0.51315800
vt 0.92105300 0.51315800
vt 0.92105300 0.51315800
vt 0.92105300 0.51315800
vt 0.92105300 0.51315800
vt 0.92105300 0.51315800
vt 0.93157900 0.49671100
vt 0.93157900 0.49671100
vt 0.93157900 0.49671100
vt 0.93157900 0.49671100
vt 0.93157900 0.49671100
vt 0.93157900 0.49671100
vt 0.93157900 0.49671100
vt 0.93157900 0.49671100
vt 0.93552600 0.52302600
vt 0.93552600 0.52302600
vt 0.93552600 0.52302600
vt 0.93552600 0.52302600
vt 0.93552600 0.52302600
vt 0.93552600 0.52302600
vt 0.93552600 0.52302600
vt 0.93552600 0.52302600
vt 0.92894700 0.56578900
vt 0.92894700 0.56578900
vt 0.92894700 0.56578900
vt 0.92894700 0.56578900
vt 0.93684200 0.54605300
vt 0.93684200 0.54605300
vt 0.93684200 0.54605300
vt 0.93684200 0.54605300
vt 0.93684200 0.54605300
vt 0.93684200 0.54605300
vt 0.93947400 0.54934200
vt 0.93947400 0.54934200
vt 0.93947400 0.54934200
vt 0.93947400 0.54934200
vt 0.93947400 0.54605300
vt 0.93947400 0.54605300
vt 0.93947400 0.54605300
vt 0.93947400 0.54605300
vt 0.93947400 0.54605300
vt 0.92500000 0.53947400
vt 0.92500000 0.53947400
vt 0.92500000 0.53947400
vt 0.92500000 0.53947400
vt 0.92500000 0.53947400
vt 0.92500000 0.53947400
vt 0.92500000 0.53947400
vt 0.94473700 0.57565800
vt 0.94473700 0.57565800
vt 0.94473700 0.57565800
vt 0.94473700 0.57565800
vt 0.94473700 0.57565800
vt 0.94473700 0.57565800
vt 0.94473700 0.57565800
vt 0.94473700 0.57565800
vt 0.92763200 0.55592100
vt 0.92763200 0.55592100
vt 0.92763200 0.55592100
vt 0.92763200 0.55592100
vt 0.92763200 0.55592100
vt 0.86578900 0.49013200
vt 0.86578900 0.49013200
vt 0.86578900 0.49013200
vt 0.86578900 0.49013200
vt 0.86578900 0.49013200
vt 0.86578900 0.49013200
vt 0.86578900 0.49013200
vt 0.86578900 0.49013200
vt 0.86578900 0.49013200
vt 0.87894700 0.48355300
vt 0.87894700 0.48355300
vt 0.87894700 0.48355300
vt 0.87894700 0.48355300
vt 0.87894700 0.48355300
vt 0.88157900 0.50657900
vt 0.88157900 0.50657900
vt 0.88157900 0.50657900
vt 0.88157900 0.50657900
vt 0.88157900 0.50657900
vt 0.88157900 0.50657900
vt 0.88157900 0.50657900
vt 0.88421100 0.50657900
vt 0.88421100 0.50657900
vt 0.88421100 0.50657900
vt 0.88421100 0.50657900
vt 0.88289500 0.50328900
vt 0.88289500 0.50328900
vt 0.88289500 0.50328900
vt 0.88289500 0.50328900
vt 0.88289500 0.50328900
vt 0.88289500 0.50328900
vt 0.88289500 0.50328900
vt 0.88289500 0.50328900
vt 0.86184200 0.51315800
vt 0.86184200 0.51315800
vt 0.86184200 0.51315800
vt 0.86184200 0.51315800
vt 0.86184200 0.51315800
vt 0.85131600 0.50000000
vt 0.85131600 0.50000000
vt 0.85131600 0.50000000
vt 0.85131600 0.50000000
vt 0.85131600 0.50000000
vt 0.72894700 0.49342100
vt 0.83947400 0.51315800
vt 0.83947400 0.51315800
vt 0.72894700 0.49342100
vt 0.83947400 0.51315800
vt 0.72894700 0.49342100
vt 0.84605300 0.52631600
vt 0.84605300 0.52631600
vt 0.84605300 0.52631600
vt 0.84605300 0.52631600
vt 0.84605300 0.52631600
vt 0.85657900 0.51644700
vt 0.85657900 0.51644700
vt 0.85657900 0.51644700
vt 0.85657900 0.51644700
vt 0.85657900 0.51644700
vt 0.84868400 0.50986800
vt 0.84868400 0.50986800
vt 0.84868400 0.50986800
vt 0.84868400 0.50986800
vt 0.84868400 0.50986800
vt 0.84868400 0.50986800
vt 0.85131600 0.56578900
vt 0.85131600 0.56578900
vt 0.85131600 0.56578900
vt 0.85131600 0.56578900
vt 0.84210500 0.57236800
vt 0.84210500 0.57236800
vt 0.84210500 0.57236800
vt 0.84210500 0.57236800
vt 0.84210500 0.57236800
vt 0.84210500 0.57236800
vt 0.84210500 0.57236800
vt 0.85657900 0.53947400
vt 0.85657900 0.53947400
vt 0.85657900 0.53947400
vt 0.85657900 0.53947400
vt 0.85657900 0.53947400
vt 0.85657900 0.53947400
vt 0.85657900 0.53947400
vt 0.84078900 0.55263200
vt 0.84078900 0.55263200
vt 0.84078900 0.55263200
vt 0.84078900 0.55263200
vt 0.84078900 0.55263200
vt 0.84078900 0.55263200
vt 0.84078900 0.55263200
vt 0.84078900 0.55263200
vt 0.85921100 0.52302600
vt 0.85921100 0.52302600
vt 0.85921100 0.52302600
vt 0.85921100 0.52302600
vt 0.85921100 0.52302600
vt 0.85921100 0.52302600
vt 0.83815800 0.57236800
vt 0.83815800 0.57236800
vt 0.83815800 0.57236800
vt 0.83815800 0.57236800
vt 0.83815800 0.57236800
vt 0.88684200 0.48355300
vt 0.88684200 0.48355300
vt 0.88684200 0.48355300
vt 0.88684200 0.48355300
vt 0.89868400 0.48355300
vt 0.89868400 0.48355300
vt 0.89868400 0.48355300
vt 0.89868400 0.48355300
vt 0.89868400 0.48355300
vt 0.89868400 0.48355300
vt 0.89868400 0.48355300
vt 0.89868400 0.48355300
vt 0.89868400 0.48355300
vt 0.90394700 0.50986800
vt 0.90394700 0.50986800
vt 0.90394700 0.50986800
vt 0.90394700 0.50986800
vt 0.90394700 0.50986800
vt 0.88421100 0.57894700
vt 0.88421100 0.57894700
vt 0.88421100 0.57894700
vt 0.88421100 0.57894700
vt 0.88421100 0.57894700
vt 0.89868400 0.57894700
vt 0.89868400 0.57894700
vt 0.89868400 0.57894700
vt 0.89868400 0.57894700
vt 0.89868400 0.57894700
vt 0.89868400 0.57894700
vt 0.89868400 0.57894700
vt 0.89868400 0.57894700
vt 0.89868400 0.57894700
vt 0.88026300 0.60197400
vt 0.88026300 0.60197400
vt 0.88026300 0.60197400
vt 0.88026300 0.60197400
vt 0.88026300 0.60197400
vt 0.88026300 0.60197400
vt 0.88026300 0.60197400
vt 0.88289500 0.60197400
vt 0.88289500 0.60197400
vt 0.88289500 0.60197400
vt 0.88289500 0.60197400
vt 0.88289500 0.60197400
vt 0.88157900 0.59539500
vt 0.88157900 0.59539500
vt 0.88157900 0.59539500
vt 0.88157900 0.59539500
vt 0.88157900 0.59539500
vt 0.88157900 0.59539500
vt 0.88157900 0.59539500
vt 0.88157900 0.59539500
vt 0.90263200 0.60526300
vt 0.90263200 0.60526300
vt 0.90263200 0.60526300
vt 0.90263200 0.60526300
vt 0.90263200 0.60526300
vt 0.90131600 0.63157900
vt 0.90131600 0.63157900
vt 0.90131600 0.63157900
vt 0.90131600 0.63157900
vt 0.90526300 0.63157900
vt 0.90526300 0.63157900
vt 0.90526300 0.63157900
vt 0.90526300 0.63157900
vt 0.90526300 0.63157900
vt 0.90394700 0.61513200
vt 0.90394700 0.61513200
vt 0.90394700 0.61513200
vt 0.90394700 0.61513200
vt 0.90394700 0.61513200
vt 0.90394700 0.61513200
vt 0.90394700 0.61513200
vt 0.90394700 0.61513200
vt 0.87631600 0.63157900
vt 0.87631600 0.63157900
vt 0.87631600 0.63157900
vt 0.87631600 0.63157900
vt 0.87631600 0.63157900
vt 0.88684200 0.62828900
vt 0.88684200 0.62828900
vt 0.88684200 0.62828900
vt 0.88684200 0.62828900
vt 0.88684200 0.62828900
vt 0.88684200 0.62828900
vt 0.88684200 0.62828900
vt 0.88684200 0.62828900
vt 0.89868400 0.66118400
vt 0.89868400 0.66118400
vt 0.89868400 0.66118400
vt 0.89868400 0.66118400
vt 0.89868400 0.66118400
vt 0.89868400 0.66118400
vt 0.89868400 0.66118400
vt 0.90789500 0.66118400
vt 0.90789500 0.66118400
vt 0.90789500 0.66118400
vt 0.90789500 0.66118400
vt 0.90789500 0.66118400
vt 0.90789500 0.66118400
vt 0.90789500 0.66118400
vt 0.87500000 0.66118400
vt 0.87500000 0.66118400
vt 0.87500000 0.66118400
vt 0.87500000 0.66118400
vt 0.87500000 0.66118400
vt 0.88815800 0.65789500
vt 0.88815800 0.65789500
vt 0.88815800 0.65789500
vt 0.88815800 0.65789500
vt 0.88815800 0.65789500
vt 0.95263200 0.62828900
vt 0.95263200 0.62828900
vt 0.95263200 0.62828900
vt 0.95263200 0.62828900
vt 0.95263200 0.62828900
vt 0.95263200 0.62828900
vt 0.95263200 0.62828900
vt 0.91447400 0.58223700
vt 0.91447400 0.58223700
vt 0.91447400 0.58223700
vt 0.91447400 0.58223700
vt 0.91447400 0.58223700
vt 0.91710500 0.58223700
vt 0.91710500 0.58223700
vt 0.91710500 0.58223700
vt 0.91710500 0.58223700
vt 0.91710500 0.57565800
vt 0.91710500 0.57565800
vt 0.91710500 0.57565800
vt 0.91710500 0.57565800
vt 0.91710500 0.57565800
vt 0.91710500 0.57565800
vt 0.92368400 0.56250000
vt 0.92368400 0.56250000
vt 0.92368400 0.56250000
vt 0.92368400 0.56250000
vt 0.92368400 0.56250000
vt 0.92368400 0.56250000
vt 0.93289500 0.59210500
vt 0.93289500 0.59210500
vt 0.93289500 0.59210500
vt 0.93289500 0.59210500
vt 0.93289500 0.59210500
vt 0.93289500 0.59210500
vt 0.93289500 0.59210500
vt 0.93289500 0.59210500
vt 0.91315800 0.55592100
vt 0.91315800 0.55592100
vt 0.91315800 0.55592100
vt 0.91315800 0.55592100
vt 0.91315800 0.55592100
vt 0.91315800 0.55592100
vt 0.91315800 0.55592100
vt 0.90657900 0.60526300
vt 0.90657900 0.60526300
vt 0.90657900 0.60526300
vt 0.90657900 0.60526300
vt 0.90657900 0.60526300
vt 0.92105300 0.60855300
vt 0.92105300 0.60855300
vt 0.92105300 0.60855300
vt 0.92105300 0.60855300
vt 0.92105300 0.60855300
vt 0.92105300 0.60855300
vt 0.92105300 0.60855300
vt 0.93684200 0.61842100
vt 0.93684200 0.61842100
vt 0.93684200 0.61842100
vt 0.93684200 0.61842100
vt 0.93684200 0.61842100
vt 0.93684200 0.61842100
vt 0.93684200 0.61842100
vt 0.93684200 0.61842100
vt 0.94736800 0.60197400
vt 0.94736800 0.60197400
vt 0.94736800 0.60197400
vt 0.94736800 0.60197400
vt 0.94736800 0.60197400
vt 0.94736800 0.60197400
vt 0.94736800 0.60197400
vt 0.94736800 0.60197400
vt 0.95131600 0.62828900
vt 0.95131600 0.62828900
vt 0.95131600 0.62828900
vt 0.95131600 0.62828900
vt 0.93815800 0.67763200
vt 0.93815800 0.67763200
vt 0.93815800 0.67763200
vt 0.93815800 0.67763200
vt 0.94078900 0.67763200
vt 0.94078900 0.67763200
vt 0.94078900 0.67763200
vt 0.94078900 0.67763200
vt 0.93947400 0.65460500
vt 0.93947400 0.65460500
vt 0.93947400 0.65460500
vt 0.93947400 0.65460500
vt 0.93947400 0.65460500
vt 0.93947400 0.65460500
vt 0.93947400 0.65460500
vt 0.93947400 0.65460500
vt 0.94078900 0.64802600
vt 0.94078900 0.64802600
vt 0.94078900 0.64802600
vt 0.94078900 0.64802600
vt 0.94078900 0.64802600
vt 0.95394700 0.65789500
vt 0.95394700 0.65789500
vt 0.95394700 0.65789500
vt 0.95394700 0.65789500
vt 0.95394700 0.65789500
vt 0.95394700 0.65789500
vt 0.95131600 0.62828900
vt 0.95131600 0.62828900
vt 0.95131600 0.62828900
vt 0.95131600 0.62828900
vt 0.95131600 0.62828900
vt 0.95526300 0.68750000
vt 0.95526300 0.68750000
vt 0.95526300 0.68750000
vt 0.95526300 0.68750000
vt 0.95526300 0.68750000
vt 0.95526300 0.68750000
vt 0.95526300 0.68750000
vt 0.95526300 0.68750000
vt 0.95526300 0.68750000
vt 0.92368400 0.63815800
vt 0.92368400 0.63815800
vt 0.92368400 0.63815800
vt 0.92368400 0.63815800
vt 0.92368400 0.63815800
vt 0.92368400 0.63815800
vt 0.92368400 0.63815800
vt 0.92368400 0.63815800
vt 0.93947400 0.64802600
vt 0.93947400 0.64802600
vt 0.93947400 0.64802600
vt 0.93947400 0.64802600
vt 0.92368400 0.66776300
vt 0.92368400 0.66776300
vt 0.92368400 0.66776300
vt 0.92368400 0.66776300
vt 0.92368400 0.66776300
vt 0.92368400 0.66776300
vt 0.84605300 0.59210500
vt 0.84605300 0.59210500
vt 0.84605300 0.59210500
vt 0.84605300 0.59210500
vt 0.85263200 0.58552600
vt 0.85263200 0.58552600
vt 0.85263200 0.58552600
vt 0.85263200 0.58552600
vt 0.85263200 0.58552600
vt 0.84868400 0.57894700
vt 0.84868400 0.57894700
vt 0.84868400 0.57894700
vt 0.84868400 0.57894700
vt 0.84868400 0.57894700
vt 0.84868400 0.57894700
vt 0.84868400 0.57894700
vt 0.84210500 0.61842100
vt 0.84210500 0.61842100
vt 0.84210500 0.61842100
vt 0.84210500 0.61842100
vt 0.84210500 0.61842100
vt 0.84210500 0.61842100
vt 0.84210500 0.61842100
vt 0.84210500 0.61842100
vt 0.84210500 0.61842100
vt 0.85921100 0.60855300
vt 0.85921100 0.60855300
vt 0.85921100 0.60855300
vt 0.85921100 0.60855300
vt 0.85921100 0.60855300
vt 0.86842100 0.55592100
vt 0.86842100 0.55592100
vt 0.86842100 0.55592100
vt 0.86842100 0.55592100
vt 0.86842100 0.55592100
vt 0.86315800 0.58223700
vt 0.86315800 0.58223700
vt 0.86315800 0.58223700
vt 0.86315800 0.58223700
vt 0.86315800 0.58223700
vt 0.86315800 0.58223700
vt 0.86315800 0.58223700
vt 0.86315800 0.58223700
vt 0.87236800 0.55592100
vt 0.87236800 0.55592100
vt 0.87236800 0.55592100
vt 0.87236800 0.55592100
vt 0.87236800 0.55592100
vt 0.87236800 0.55592100
vt 0.87236800 0.55592100
vt 0.87236800 0.55592100
vt 0.87763200 0.57894700
vt 0.87763200 0.57894700
vt 0.87763200 0.57894700
vt 0.87763200 0.57894700
vt 0.85921100 0.60855300
vt 0.85921100 0.60855300
vt 0.85921100 0.60855300
vt 0.85921100 0.60855300
vt 0.85921100 0.60855300
vt 0.83684200 0.57894700
vt 0.83684200 0.57894700
vt 0.83684200 0.57894700
vt 0.83684200 0.57894700
vt 0.83157900 0.60526300
vt 0.83157900 0.60526300
vt 0.83157900 0.60526300
vt 0.83157900 0.60526300
vt 0.83157900 0.60526300
vt 0.83157900 0.60526300
vt 0.83157900 0.60526300
vt 0.83157900 0.60526300
vt 0.76184200 0.63157900
vt 0.82763200 0.63157900
vt 0.82763200 0.63157900
vt 0.82763200 0.63157900
vt 0.76184200 0.63157900
vt 0.82763200 0.63157900
vt 0.85657900 0.63815800
vt 0.85657900 0.63815800
vt 0.85657900 0.63815800
vt 0.85657900 0.63815800
vt 0.85657900 0.63815800
vt 0.86315800 0.63486800
vt 0.86315800 0.63486800
vt 0.86315800 0.63486800
vt 0.86315800 0.63486800
vt 0.86315800 0.63486800
vt 0.86315800 0.63486800
vt 0.85921100 0.60855300
vt 0.85921100 0.60855300
vt 0.85921100 0.60855300
vt 0.85921100 0.60855300
vt 0.85921100 0.60855300
vt 0.85921100 0.60855300
vt 0.83947400 0.64802600
vt 0.83947400 0.64802600
vt 0.83947400 0.64802600
vt 0.83947400 0.64802600
vt 0.83947400 0.64802600
vt 0.83947400 0.64802600
vt 0.83947400 0.64802600
vt 0.85526300 0.66776300
vt 0.85526300 0.66776300
vt 0.85526300 0.66776300
vt 0.85526300 0.66776300
vt 0.85526300 0.66776300
vt 0.85526300 0.66776300
vt 0.85526300 0.66776300
vt 0.85526300 0.66776300
vt 0.86447400 0.66447400
vt 0.86447400 0.66447400
vt 0.86447400 0.66447400
vt 0.86447400 0.66447400
vt 0.86447400 0.66447400
vt 0.86447400 0.66447400
vt 0.83947400 0.67763200
vt 0.83947400 0.67763200
vt 0.83947400 0.67763200
vt 0.83947400 0.67763200
vt 0.82631600 0.66118400
vt 0.82631600 0.66118400
vt 0.82631600 0.66118400
vt 0.82631600 0.66118400
vt 0.82894700 0.65789500
vt 0.82894700 0.65789500
vt 0.82894700 0.65789500
vt 0.82894700 0.65789500
vt 0.82894700 0.65789500
vt 0.82631600 0.65131600
vt 0.76315800 0.65131600
vt 0.82631600 0.65131600
vt 0.82631600 0.65131600
vt 0.82631600 0.65131600
vt 0.82631600 0.65131600
vt 0.82631600 0.65131600
vt 0.82631600 0.69407900
vt 0.82631600 0.69407900
vt 0.82631600 0.69407900
vt 0.76447400 0.69407900
vt 0.82631600 0.69407900
vt 0.82631600 0.69407900
vt 0.83026300 0.68750000
vt 0.83026300 0.68750000
vt 0.83026300 0.68750000
vt 0.83026300 0.68750000
vt 0.83026300 0.68750000
vt 0.83026300 0.68750000
vt 0.90263200 0.69736800
vt 0.90263200 0.69736800
vt 0.90263200 0.69736800
vt 0.90263200 0.69736800
vt 0.90263200 0.69736800
vt 0.90657900 0.69736800
vt 0.90657900 0.69736800
vt 0.90657900 0.69736800
vt 0.90657900 0.69736800
vt 0.87763200 0.69736800
vt 0.87763200 0.69736800
vt 0.87763200 0.69736800
vt 0.87763200 0.69736800
vt 0.87763200 0.69736800
vt 0.87763200 0.69736800
vt 0.87763200 0.69736800
vt 0.87763200 0.69736800
vt 0.88684200 0.69407900
vt 0.88684200 0.69407900
vt 0.88684200 0.69407900
vt 0.88684200 0.69407900
vt 0.88684200 0.69407900
vt 0.88684200 0.69407900
vt 0.88684200 0.69407900
vt 0.90526300 0.71052600
vt 0.90526300 0.71052600
vt 0.90526300 0.71052600
vt 0.90526300 0.71052600
vt 0.90526300 0.71052600
vt 0.90526300 0.71052600
vt 0.88289500 0.72368400
vt 0.88289500 0.72368400
vt 0.88289500 0.72368400
vt 0.88289500 0.72368400
vt 0.88289500 0.72368400
vt 0.88289500 0.72368400
vt 0.88552600 0.74013200
vt 0.88552600 0.74013200
vt 0.88552600 0.74013200
vt 0.88552600 0.74013200
vt 0.90000000 0.74013200
vt 0.90000000 0.74013200
vt 0.90000000 0.74013200
vt 0.90000000 0.74013200
vt 0.90000000 0.74013200
vt 0.90000000 0.74013200
vt 0.90000000 0.74013200
vt 0.89473700 0.76644700
vt 0.01315790 0.80921100
vt 0.89473700 0.76644700
vt 0.89473700 0.76644700
vt 0.89473700 0.76644700
vt 0.89473700 0.76644700
vt 0.01315790 0.80921100
vt 0.89473700 0.76644700
vt 0.94078900 0.69407900
vt 0.94078900 0.69407900
vt 0.94078900 0.69407900
vt 0.94078900 0.69407900
vt 0.94078900 0.69407900
vt 0.94078900 0.69407900
vt 0.94078900 0.69407900
vt 0.94605300 0.71710500
vt 0.94605300 0.71710500
vt 0.94605300 0.71710500
vt 0.94605300 0.71710500
vt 0.94605300 0.71710500
vt 0.94605300 0.71710500
vt 0.94605300 0.71710500
vt 0.95394700 0.72368400
vt 0.95394700 0.72368400
vt 0.95394700 0.72368400
vt 0.95394700 0.72368400
vt 0.95263200 0.73355300
vt 0.95263200 0.73355300
vt 0.95263200 0.73355300
vt 0.95263200 0.73355300
vt 0.95263200 0.73355300
vt 0.92236800 0.70394700
vt 0.92236800 0.70394700
vt 0.92236800 0.70394700
vt 0.92236800 0.70394700
vt 0.92236800 0.70394700
vt 0.92236800 0.70394700
vt 0.92236800 0.70394700
vt 0.92236800 0.70394700
vt 0.92236800 0.70394700
vt 0.93947400 0.71381600
vt 0.93947400 0.71381600
vt 0.93947400 0.71381600
vt 0.93947400 0.71381600
vt 0.91578900 0.74342100
vt 0.91578900 0.74342100
vt 0.91578900 0.74342100
vt 0.91578900 0.74342100
vt 0.91578900 0.74342100
vt 0.91578900 0.74342100
vt 0.91710500 0.74671100
vt 0.91710500 0.74671100
vt 0.91710500 0.74671100
vt 0.91710500 0.74671100
vt 0.91710500 0.74671100
vt 0.93289500 0.75328900
vt 0.93289500 0.75328900
vt 0.93289500 0.75328900
vt 0.93289500 0.75328900
vt 0.93289500 0.75328900
vt 0.93289500 0.75328900
vt 0.93289500 0.75328900
vt 0.94868400 0.76644700
vt 0.94868400 0.76644700
vt 0.94868400 0.76644700
vt 0.94868400 0.76644700
vt 0.02500000 0.70394700
vt 0.02500000 0.70394700
vt 0.94868400 0.76644700
vt 0.91710500 0.75000000
vt 0.91710500 0.75000000
vt 0.91710500 0.75000000
vt 0.91710500 0.75000000
vt 0.92894700 0.77302600
vt 0.92894700 0.77302600
vt 0.92894700 0.77302600
vt 0.02236840 0.74013200
vt 0.02236840 0.74013200
vt 0.92894700 0.77302600
vt 0.90657900 0.78947400
vt 0.02236840 0.78947400
vt 0.02236840 0.78947400
vt 0.90657900 0.78947400
vt 0.02236840 0.78947400
vt 0.90657900 0.78947400
vt 0.90657900 0.78947400
vt 0.02236840 0.78947400
vt 0.03157890 0.76315800
vt 0.03157890 0.76315800
vt 0.03157890 0.76315800
vt 0.03157890 0.76315800
vt 0.03157890 0.76315800
vt 0.03157890 0.76315800
vt 0.03026320 0.71710500
vt 0.94210500 0.78947400
vt 0.94210500 0.78947400
vt 0.03026320 0.71710500
vt 0.03026320 0.71710500
vt 0.03026320 0.71710500
vt 0.03947370 0.74013200
vt 0.03947370 0.74013200
vt 0.03947370 0.74013200
vt 0.03947370 0.74013200
vt 0.03947370 0.74013200
vt 0.03947370 0.74013200
vt 0.03947370 0.74013200
vt 0.03947370 0.74013200
vt 0.85921100 0.70394700
vt 0.85921100 0.70394700
vt 0.85921100 0.70394700
vt 0.85921100 0.70394700
vt 0.86184200 0.70394700
vt 0.86184200 0.70394700
vt 0.86184200 0.70394700
vt 0.86184200 0.70394700
vt 0.86184200 0.70394700
vt 0.84210500 0.71381600
vt 0.84210500 0.71381600
vt 0.84210500 0.71381600
vt 0.84210500 0.71381600
vt 0.84210500 0.71381600
vt 0.84210500 0.71381600
vt 0.84210500 0.71381600
vt 0.84210500 0.71381600
vt 0.84210500 0.71381600
vt 0.84210500 0.71381600
vt 0.86052600 0.71381600
vt 0.86052600 0.71381600
vt 0.86052600 0.71381600
vt 0.86052600 0.71381600
vt 0.86052600 0.71381600
vt 0.86052600 0.71381600
vt 0.85000000 0.75657900
vt 0.85000000 0.75657900
vt 0.85000000 0.75657900
vt 0.85000000 0.75657900
vt 0.85000000 0.75657900
vt 0.85000000 0.75657900
vt 0.85000000 0.75657900
vt 0.85000000 0.75657900
vt 0.85000000 0.75657900
vt 0.85000000 0.75657900
vt 0.86578900 0.74671100
vt 0.86578900 0.74671100
vt 0.86578900 0.74671100
vt 0.86578900 0.74671100
vt 0.86578900 0.74671100
vt 0.86578900 0.74671100
vt 0.86578900 0.74671100
vt 0.87894700 0.74013200
vt 0.87894700 0.74013200
vt 0.87894700 0.74013200
vt 0.87894700 0.74013200
vt 0.87894700 0.74013200
vt 0.82631600 0.71052600
vt 0.82631600 0.71052600
vt 0.76447400 0.71052600
vt 0.82631600 0.71052600
vt 0.82631600 0.71052600
vt 0.82631600 0.71052600
vt 0.82894700 0.72697400
vt 0.82894700 0.72697400
vt 0.82894700 0.72697400
vt 0.82894700 0.72697400
vt 0.76315800 0.72697400
vt 0.82894700 0.72697400
vt 0.83552600 0.76973700
vt 0.83552600 0.76973700
vt 0.83552600 0.76973700
vt 0.83552600 0.76973700
vt 0.83552600 0.76973700
vt 0.83552600 0.76973700
vt 0.85000000 0.75657900
vt 0.85000000 0.75657900
vt 0.85000000 0.75657900
vt 0.85000000 0.75657900
vt 0.85000000 0.75657900
vt 0.87236800 0.76973700
vt 0.87236800 0.76973700
vt 0.87236800 0.76973700
vt 0.87236800 0.76973700
vt 0.87236800 0.76973700
vt 0.87236800 0.76973700
vt 0.87236800 0.76973700
vt 0.02368420 0.83552600
vt 0.88421100 0.79934200
vt 0.88421100 0.79934200
vt 0.88421100 0.79934200
vt 0.86184200 0.79605300
vt 0.86184200 0.79605300
vt 0.86184200 0.79605300
vt 0.86184200 0.79605300
vt 0.86184200 0.79605300
vt 0.86184200 0.79605300
vt 0.86184200 0.79605300
vt 0.86578900 0.80592100
vt 0.86578900 0.80592100
vt 0.02763160 0.87171100
vt 0.02763160 0.87171100
vt 0.02763160 0.87171100
vt 0.86578900 0.80592100
vt 0.88421100 0.80263200
vt 0.02500000 0.83552600
vt 0.88421100 0.80263200
vt 0.02500000 0.83552600
vt 0.02500000 0.83552600
vt 0.03421050 0.85526300
vt 0.03421050 0.85526300
vt 0.03421050 0.85526300
vt 0.03421050 0.85526300
vt 0.03421050 0.85526300
vt 0.83947400 0.78618400
vt 0.83947400 0.78618400
vt 0.83947400 0.78618400
vt 0.83947400 0.78618400
vt 0.83947400 0.78618400
vt 0.83947400 0.78618400
vt 0.83947400 0.78618400
vt 0.83947400 0.78618400
vt 0.85131600 0.81907900
vt 0.85131600 0.81907900
vt 0.03421050 0.90131600
vt 0.85131600 0.81907900
vt 0.85131600 0.81907900
vt 0.03289470 0.89473700
vt 0.85394700 0.81578900
vt 0.85394700 0.81578900
vt 0.85394700 0.81578900
vt 0.03289470 0.89473700
vt 0.85394700 0.81578900
vt 0.03552630 0.90131600
vt 0.03552630 0.90131600
vt 0.03552630 0.90131600
vt 0.85131600 0.82236800
vt 0.04342110 0.87828900
vt 0.04342110 0.87828900
vt 0.04342110 0.87828900
vt 0.04342110 0.87828900
vt 0.04342110 0.87828900
vt 0.04342110 0.87828900
vt 0.04342110 0.87828900
vt 0.04342110 0.87828900
vt 0.02500000 0.83223700
vt 0.02500000 0.83223700
vt 0.02500000 0.83223700
vt 0.02500000 0.83223700
vt 0.02500000 0.83223700
vt 0.88552600 0.80263200
vt 0.02500000 0.83223700
vt 0.03026320 0.80592100
vt 0.03026320 0.80592100
vt 0.03026320 0.80592100
vt 0.03026320 0.80592100
vt 0.03026320 0.80592100
vt 0.03684210 0.79934200
vt 0.03684210 0.79934200
vt 0.03684210 0.79934200
vt 0.03684210 0.79934200
vt 0.03684210 0.79934200
vt 0.03684210 0.79934200
vt 0.03684210 0.79934200
vt 0.04078950 0.78618400
vt 0.04078950 0.78618400
vt 0.04078950 0.78618400
vt 0.04078950 0.78618400
vt 0.04078950 0.78618400
vt 0.04473680 0.79605300
vt 0.04473680 0.79605300
vt 0.04473680 0.79605300
vt 0.04473680 0.79605300
vt 0.04473680 0.79605300
vt 0.04473680 0.79605300
vt 0.03289470 0.81250000
vt 0.03289470 0.81250000
vt 0.03289470 0.81250000
vt 0.03289470 0.81250000
vt 0.04210530 0.83223700
vt 0.04210530 0.83223700
vt 0.04210530 0.83223700
vt 0.04210530 0.83223700
vt 0.04210530 0.83223700
vt 0.04210530 0.83223700
vt 0.04210530 0.83223700
vt 0.04210530 0.83223700
vt 0.04210530 0.83223700
vt 0.05131580 0.80921100
vt 0.05131580 0.80921100
vt 0.05131580 0.80921100
vt 0.05131580 0.80921100
vt 0.05131580 0.80921100
vt 0.05000000 0.76315800
vt 0.05000000 0.76315800
vt 0.05000000 0.76315800
vt 0.05000000 0.76315800
vt 0.05000000 0.76315800
vt 0.05394740 0.75000000
vt 0.05394740 0.75000000
vt 0.05394740 0.75000000
vt 0.05394740 0.75000000
vt 0.05394740 0.75000000
vt 0.05394740 0.75000000
vt 0.05263160 0.76973700
vt 0.05263160 0.76973700
vt 0.05263160 0.76973700
vt 0.05263160 0.76973700
vt 0.05263160 0.76973700
vt 0.05263160 0.76973700
vt 0.05921050 0.78618400
vt 0.05921050 0.78618400
vt 0.05921050 0.78618400
vt 0.05921050 0.78618400
vt 0.05921050 0.78618400
vt 0.05131580 0.85526300
vt 0.05131580 0.85526300
vt 0.05131580 0.85526300
vt 0.05131580 0.85526300
vt 0.05131580 0.85526300
vt 0.05131580 0.85526300
vt 0.06052630 0.83223700
vt 0.06052630 0.83223700
vt 0.06052630 0.83223700
vt 0.06052630 0.83223700
vt 0.06052630 0.83223700
vt 0.06052630 0.83223700
vt 0.06842110 0.80921100
vt 0.06842110 0.80921100
vt 0.06842110 0.80921100
vt 0.06842110 0.80921100
vt 0.06842110 0.80921100
vt 0.06842110 0.80921100
vt 0.00131579 1.00000000
vt 0.00131579 1.00000000
vt 0.00000000 0.99671100
vt 0.00000000 1.00000000
vt 0.00000000 1.00000000
vt 0.00000000 1.00000000
vt 0.00000000 0.99671100
vt 0.00000000 0.99671100
vt 0.00131579 1.00000000
vt 0.00000000 0.99671100
vt 0.00131579 1.00000000
vt 0.00000000 1.00000000
vt 0.00000000 1.00000000
vt 0.00000000 1.00000000
vt 0.00131579 1.00000000
vt 0.00131579 1.00000000
vt 0.00000000 1.00000000
vt 0.00000000 1.00000000
vt 0.71842100 0.02631580
vt 0.71842100 0.02631580
vt 0.71842100 0.02631580
vt 0.71842100 0.02631580
vt 0.71842100 0.02631580
vt 0.00000000 1.00000000
vt 0.71052600 0.01315790
vt 0.00131579 1.00000000
vt 0.71052600 0.01315790
vt 0.71052600 0.01315790
vt 0.00000000 0.99671100
vt 0.71052600 0.01315790
vt 0.71052600 0.01315790
vt 0.71052600 0.01315790
vt 0.69210500 0.01644740
vt 0.69210500 0.01644740
vt 0.69210500 0.01644740
vt 0.69210500 0.01644740
vt 0.69210500 0.01644740
vt 0.68421100 0.01644740
vt 0.68421100 0.01644740
vt 0.68421100 0.01644740
vt 0.68421100 0.01644740
vt 0.68421100 0.01644740
vt 0.66710500 0.00328946
vt 0.00000000 0.99671100
vt 0.00131579 1.00000000
vt 0.00000000 0.99671100
vt 0.00000000 0.99671100
vt 0.00000000 1.00000000
vt 0.00000000 1.00000000
vt 0.00000000 0.99671100
vt 0.00131579 1.00000000
vt 0.00000000 1.00000000
vt 0.00131579 1.00000000
vt 0.00131579 1.00000000
vt 0.00131579 1.00000000
vt 0.00000000 0.99671100
vt 0.00000000 0.99671100
vt 0.00131579 1.00000000
vt 0.00000000 1.00000000
vt 0.00131579 1.00000000
vt 0.00000000 1.00000000
vt 0.00000000 1.00000000
vt 0.00000000 0.99671100
vt 0.00000000 0.99671100
vt 0.00131579 1.00000000
vt 0.00131579 1.00000000
vt 0.67500000 0.00328946
vt 0.00000000 1.00000000
vt 0.00000000 0.99671100
vt 0.67500000 0.00328946
vt 0.67500000 0.00328946
vt 0.67500000 0.00328946
vt 0.67500000 0.00328946
vt 0.65789500 0.00657892
vt 0.65789500 0.00657892
vt 0.65789500 0.00657892
vt 0.65789500 0.00657892
vt 0.00131579 1.00000000
vt 0.65789500 0.00657892
vt 0.66842100 0.01644740
vt 0.66842100 0.01644740
vt 0.66842100 0.01644740
vt 0.66842100 0.01644740
vt 0.66842100 0.01644740
vt 0.67763200 0.00328946
vt 0.67763200 0.00328946
vt 0.67763200 0.00328946
vt 0.67763200 0.00328946
vt 0.67763200 0.00328946
vt 0.66315800 0.01973680
vt 0.66315800 0.01973680
vt 0.66315800 0.01973680
vt 0.66315800 0.01973680
vt 0.66315800 0.01973680
vt 0.66315800 0.01973680
vt 0.65526300 0.00657892
vt 0.65526300 0.00657892
vt 0.65526300 0.00657892
vt 0.65526300 0.00657892
vt 0.64868400 0.02302630
vt 0.64868400 0.02302630
vt 0.64868400 0.02302630
vt 0.64868400 0.02302630
vt 0.64868400 0.02302630
vt 0.64868400 0.02302630
vt 0.64868400 0.02302630
vt 0.64868400 0.02302630
vt 0.00000000 0.99671100
vt 0.00000000 0.99671100
vt 0.00000000 1.00000000
vt 0.00131579 1.00000000
vt 0.65263200 0.00657892
vt 0.65263200 0.00657892
vt 0.65263200 0.00657892
vt 0.65263200 0.00657892
vt 0.65263200 0.00657892
vt 0.00000000 0.99671100
vt 0.00131579 1.00000000
vt 0.00000000 1.00000000
vt 0.00131579 1.00000000
vt 0.00000000 0.99671100
vt 0.64473700 0.01315790
vt 0.00000000 1.00000000
vt 0.00000000 1.00000000
vt 0.00000000 0.99671100
vt 0.00000000 0.99671100
vt 0.64473700 0.01315790
vt 0.00000000 0.99671100
vt 0.00131579 1.00000000
vt 0.00000000 1.00000000
vt 0.00000000 0.99671100
vt 0.00000000 1.00000000
vt 0.00000000 1.00000000
vt 0.00131579 1.00000000
vt 0.00131579 1.00000000
vt 0.64078900 0.01644740
vt 0.64078900 0.01644740
vt 0.00131579 1.00000000
vt 0.64078900 0.01644740
vt 0.64078900 0.01644740
vt 0.64078900 0.01644740
vt 0.64078900 0.01644740
vt 0.00000000 1.00000000
vt 0.00000000 0.99671100
vt 0.62763200 0.02960530
vt 0.00131579 1.00000000
vt 0.00000000 1.00000000
vt 0.62763200 0.02960530
vt 0.00000000 1.00000000
vt 0.63552600 0.03289470
vt 0.63552600 0.03289470
vt 0.63552600 0.03289470
vt 0.63552600 0.03289470
vt 0.63552600 0.03289470
vt 0.63552600 0.03289470
vt 0.63421100 0.02960530
vt 0.63421100 0.02960530
vt 0.63421100 0.02960530
vt 0.63421100 0.02960530
vt 0.63421100 0.02960530
vt 0.62368400 0.03289470
vt 0.62368400 0.03289470
vt 0.62368400 0.03289470
vt 0.62368400 0.03289470
vt 0.62368400 0.03289470
vt 0.62368400 0.03289470
vt 0.00000000 1.00000000
vt 0.00000000 1.00000000
vt 0.00000000 1.00000000
vt 0.00131579 1.00000000
vt 0.00131579 1.00000000
vt 0.00000000 1.00000000
vt 0.00000000 1.00000000
vt 0.00131579 1.00000000
vt 0.00000000 1.00000000
vt 0.00000000 0.99671100
vt 0.00131579 1.00000000
vt 0.00000000 0.99671100
vt 0.00000000 0.99671100
vt 0.00131579 1.00000000
vt 0.00000000 0.99671100
vt 0.00131579 1.00000000
vt 0.00000000 0.99671100
vt 0.53684200 0.05263160
vt 0.61447400 0.04605260
vt 0.53684200 0.05263160
vt 0.00000000 0.99671100
vt 0.61447400 0.04605260
vt 0.00131579 1.00000000
vt 0.63289500 0.03618420
vt 0.63289500 0.03618420
vt 0.63289500 0.03618420
vt 0.63289500 0.03618420
vt 0.61973700 0.04934210
vt 0.61973700 0.04934210
vt 0.61973700 0.04934210
vt 0.61973700 0.04934210
vt 0.61973700 0.04934210
vt 0.61973700 0.04934210
vt 0.60789500 0.06578950
vt 0.54210500 0.06907890
vt 0.60789500 0.06578950
vt 0.54210500 0.06907890
vt 0.54210500 0.06907890
vt 0.60789500 0.06578950
vt 0.60789500 0.06578950
vt 0.54210500 0.06907890
vt 0.73552600 0.06250000
vt 0.73552600 0.06250000
vt 0.73552600 0.06250000
vt 0.73552600 0.06250000
vt 0.73552600 0.06250000
vt 0.73552600 0.06250000
vt 0.73289500 0.03947370
vt 0.73289500 0.03947370
vt 0.73289500 0.03947370
vt 0.73289500 0.03947370
vt 0.73289500 0.03947370
vt 0.73289500 0.03947370
vt 0.73157900 0.03947370
vt 0.73157900 0.03947370
vt 0.73157900 0.03947370
vt 0.73157900 0.03947370
vt 0.73157900 0.03947370
vt 0.73157900 0.03947370
vt 0.72236800 0.05263160
vt 0.72236800 0.05263160
vt 0.72236800 0.05263160
vt 0.72236800 0.05263160
vt 0.72105300 0.03947370
vt 0.72105300 0.03947370
vt 0.72105300 0.03947370
vt 0.72105300 0.03947370
vt 0.72105300 0.03947370
vt 0.72105300 0.03947370
vt 0.73684200 0.09210530
vt 0.73684200 0.09210530
vt 0.73684200 0.09210530
vt 0.73684200 0.09210530
vt 0.73684200 0.09210530
vt 0.73684200 0.09210530
vt 0.72368400 0.07894740
vt 0.72368400 0.07894740
vt 0.72368400 0.07894740
vt 0.72368400 0.07894740
vt 0.72368400 0.07894740
vt 0.72368400 0.07894740
vt 0.72368400 0.07894740
vt 0.72368400 0.07894740
vt 0.71710500 0.04605260
vt 0.71710500 0.04605260
vt 0.71710500 0.04605260
vt 0.71710500 0.04605260
vt 0.71710500 0.04605260
vt 0.71710500 0.04605260
vt 0.70263200 0.01973680
vt 0.70263200 0.01973680
vt 0.70263200 0.01973680
vt 0.70263200 0.01973680
vt 0.70263200 0.01973680
vt 0.70263200 0.01973680
vt 0.70263200 0.01973680
vt 0.70657900 0.04276320
vt 0.70657900 0.04276320
vt 0.70657900 0.04276320
vt 0.70657900 0.04276320
vt 0.70657900 0.04276320
vt 0.70657900 0.04276320
vt 0.70657900 0.04276320
vt 0.68815800 0.03947370
vt 0.68815800 0.03947370
vt 0.68815800 0.03947370
vt 0.68815800 0.03947370
vt 0.68815800 0.03289470
vt 0.68815800 0.03289470
vt 0.68815800 0.03289470
vt 0.68815800 0.03289470
vt 0.68815800 0.03289470
vt 0.68815800 0.03289470
vt 0.68815800 0.03289470
vt 0.68815800 0.03289470
vt 0.71447400 0.07565790
vt 0.71447400 0.07565790
vt 0.71447400 0.07565790
vt 0.71447400 0.07565790
vt 0.71447400 0.07565790
vt 0.71447400 0.07565790
vt 0.70789500 0.07236840
vt 0.70789500 0.07236840
vt 0.70789500 0.07236840
vt 0.70789500 0.07236840
vt 0.68947400 0.06907890
vt 0.68947400 0.06907890
vt 0.68947400 0.06907890
vt 0.68947400 0.06907890
vt 0.68947400 0.06907890
vt 0.68947400 0.06907890
vt 0.68947400 0.06907890
vt 0.73552600 0.12500000
vt 0.73552600 0.12500000
vt 0.73552600 0.12500000
vt 0.73552600 0.12500000
vt 0.73552600 0.12500000
vt 0.73552600 0.12500000
vt 0.73552600 0.12500000
vt 0.72236800 0.11184200
vt 0.72236800 0.11184200
vt 0.72236800 0.11184200
vt 0.72236800 0.11184200
vt 0.73947400 0.16776300
vt 0.73947400 0.16776300
vt 0.73947400 0.16776300
vt 0.73947400 0.16776300
vt 0.73947400 0.16776300
vt 0.73947400 0.16776300
vt 0.73947400 0.16776300
vt 0.73947400 0.16776300
vt 0.73421100 0.15789500
vt 0.73421100 0.15789500
vt 0.73421100 0.15789500
vt 0.73421100 0.15789500
vt 0.73421100 0.15789500
vt 0.73289500 0.16118400
vt 0.73289500 0.16118400
vt 0.73289500 0.16118400
vt 0.73289500 0.16118400
vt 0.72236800 0.12500000
vt 0.72236800 0.12500000
vt 0.72236800 0.12500000
vt 0.72236800 0.12500000
vt 0.72236800 0.12500000
vt 0.72236800 0.12500000
vt 0.72236800 0.12500000
vt 0.71973700 0.14802600
vt 0.71973700 0.14802600
vt 0.71973700 0.14802600
vt 0.71973700 0.14802600
vt 0.71973700 0.14802600
vt 0.71973700 0.14802600
vt 0.71842100 0.10855300
vt 0.71842100 0.10855300
vt 0.71842100 0.10855300
vt 0.71842100 0.10855300
vt 0.71842100 0.10855300
vt 0.70657900 0.10526300
vt 0.70657900 0.10526300
vt 0.70657900 0.10526300
vt 0.70657900 0.10526300
vt 0.70657900 0.10526300
vt 0.70657900 0.10526300
vt 0.70657900 0.10526300
vt 0.70657900 0.10526300
vt 0.70657900 0.10526300
vt 0.68815800 0.10197400
vt 0.68815800 0.10197400
vt 0.68815800 0.10197400
vt 0.68815800 0.10197400
vt 0.68815800 0.10197400
vt 0.68815800 0.09868420
vt 0.68815800 0.09868420
vt 0.68815800 0.09868420
vt 0.68815800 0.09868420
vt 0.68815800 0.09868420
vt 0.68815800 0.09868420
vt 0.68815800 0.09868420
vt 0.70394700 0.14144700
vt 0.70394700 0.14144700
vt 0.70394700 0.14144700
vt 0.70394700 0.14144700
vt 0.70394700 0.14144700
vt 0.70394700 0.14144700
vt 0.70394700 0.14144700
vt 0.69342100 0.13815800
vt 0.69342100 0.13815800
vt 0.69342100 0.13815800
vt 0.69342100 0.13815800
vt 0.69342100 0.13815800
vt 0.68815800 0.10197400
vt 0.68815800 0.10197400
vt 0.68815800 0.10197400
vt 0.68815800 0.10197400
vt 0.68552600 0.13815800
vt 0.68552600 0.13815800
vt 0.68552600 0.13815800
vt 0.68552600 0.13815800
vt 0.68552600 0.13815800
vt 0.68552600 0.13815800
vt 0.68552600 0.13815800
vt 0.68552600 0.13815800
vt 0.68684200 0.03947370
vt 0.68684200 0.03947370
vt 0.68684200 0.03947370
vt 0.68684200 0.03947370
vt 0.68684200 0.03947370
vt 0.68684200 0.06907890
vt 0.68684200 0.06907890
vt 0.68684200 0.06907890
vt 0.68684200 0.06907890
vt 0.68684200 0.06907890
vt 0.68684200 0.06907890
vt 0.66710500 0.04276320
vt 0.66710500 0.04276320
vt 0.66710500 0.04276320
vt 0.66710500 0.04276320
vt 0.66710500 0.04276320
vt 0.66710500 0.04276320
vt 0.66710500 0.04276320
vt 0.66578900 0.02960530
vt 0.66578900 0.02960530
vt 0.66578900 0.02960530
vt 0.66578900 0.02960530
vt 0.66578900 0.02960530
vt 0.66578900 0.02960530
vt 0.66578900 0.02960530
vt 0.66578900 0.02960530
vt 0.66447400 0.04276320
vt 0.66447400 0.04276320
vt 0.66447400 0.04276320
vt 0.66447400 0.04276320
vt 0.64605300 0.04934210
vt 0.64605300 0.04934210
vt 0.64605300 0.04934210
vt 0.64605300 0.04934210
vt 0.64605300 0.04934210
vt 0.64605300 0.04934210
vt 0.64605300 0.04934210
vt 0.66710500 0.07236840
vt 0.66710500 0.07236840
vt 0.66710500 0.07236840
vt 0.66710500 0.07236840
vt 0.66578900 0.07236840
vt 0.66578900 0.07236840
vt 0.66578900 0.07236840
vt 0.66578900 0.07236840
vt 0.66578900 0.07236840
vt 0.66578900 0.07236840
vt 0.64605300 0.07894740
vt 0.64605300 0.07894740
vt 0.64605300 0.07894740
vt 0.64605300 0.07894740
vt 0.64605300 0.07894740
vt 0.66710500 0.10526300
vt 0.66710500 0.10526300
vt 0.66710500 0.10526300
vt 0.66710500 0.10526300
vt 0.66710500 0.10526300
vt 0.66710500 0.10526300
vt 0.66710500 0.09868420
vt 0.66710500 0.09868420
vt 0.66710500 0.09868420
vt 0.66710500 0.09868420
vt 0.66710500 0.09868420
vt 0.66710500 0.09868420
vt 0.66710500 0.09868420
vt 0.66710500 0.09868420
vt 0.66578900 0.10526300
vt 0.66578900 0.10526300
vt 0.66578900 0.10526300
vt 0.66578900 0.10526300
vt 0.66578900 0.10526300
vt 0.64736800 0.11184200
vt 0.64736800 0.11184200
vt 0.64736800 0.11184200
vt 0.64736800 0.11184200
vt 0.64736800 0.11184200
vt 0.64736800 0.11184200
vt 0.64736800 0.11184200
vt 0.67105300 0.14144700
vt 0.67105300 0.14144700
vt 0.67105300 0.14144700
vt 0.67105300 0.14144700
vt 0.67105300 0.14144700
vt 0.67105300 0.14144700
vt 0.66315800 0.14473700
vt 0.66315800 0.14473700
vt 0.66315800 0.14473700
vt 0.66315800 0.14473700
vt 0.66315800 0.14473700
vt 0.65131600 0.14802600
vt 0.65131600 0.14802600
vt 0.65131600 0.14802600
vt 0.65131600 0.14802600
vt 0.65131600 0.14802600
vt 0.65131600 0.14802600
vt 0.65131600 0.14802600
vt 0.64078900 0.05263160
vt 0.64078900 0.05263160
vt 0.64078900 0.05263160
vt 0.64078900 0.05263160
vt 0.64078900 0.05263160
vt 0.64078900 0.05263160
vt 0.64210500 0.08223680
vt 0.64210500 0.08223680
vt 0.64210500 0.08223680
vt 0.64210500 0.08223680
vt 0.64210500 0.08223680
vt 0.64210500 0.08223680
vt 0.63026300 0.06250000
vt 0.63026300 0.06250000
vt 0.63026300 0.06250000
vt 0.63026300 0.06250000
vt 0.63026300 0.06250000
vt 0.63026300 0.06250000
vt 0.61710500 0.07565790
vt 0.61710500 0.07565790
vt 0.61710500 0.07565790
vt 0.61710500 0.07565790
vt 0.61710500 0.07565790
vt 0.61710500 0.07565790
vt 0.63026300 0.09210530
vt 0.63026300 0.09210530
vt 0.63026300 0.09210530
vt 0.63026300 0.09210530
vt 0.63026300 0.09210530
vt 0.63026300 0.09210530
vt 0.63026300 0.09210530
vt 0.63026300 0.09210530
vt 0.61710500 0.10526300
vt 0.61710500 0.10526300
vt 0.61710500 0.10526300
vt 0.61710500 0.10526300
vt 0.61710500 0.10526300
vt 0.61710500 0.10526300
vt 0.54473700 0.09539470
vt 0.60526300 0.09210530
vt 0.60526300 0.09210530
vt 0.60526300 0.09210530
vt 0.54473700 0.09539470
vt 0.54473700 0.09539470
vt 0.54605300 0.12500000
vt 0.60526300 0.12171100
vt 0.54605300 0.12500000
vt 0.60526300 0.12171100
vt 0.64078900 0.11513200
vt 0.64078900 0.11513200
vt 0.64078900 0.11513200
vt 0.64078900 0.11513200
vt 0.64078900 0.11513200
vt 0.64078900 0.11513200
vt 0.63552600 0.15789500
vt 0.63552600 0.15789500
vt 0.63552600 0.15789500
vt 0.63552600 0.15789500
vt 0.63421100 0.15789500
vt 0.63421100 0.15789500
vt 0.63421100 0.15789500
vt 0.63421100 0.15789500
vt 0.63421100 0.15789500
vt 0.63421100 0.15789500
vt 0.63421100 0.15789500
vt 0.63421100 0.15789500
vt 0.63421100 0.15789500
vt 0.63421100 0.15789500
vt 0.63421100 0.15789500
vt 0.63157900 0.12171100
vt 0.63157900 0.12171100
vt 0.63157900 0.12171100
vt 0.63157900 0.12171100
vt 0.63157900 0.12171100
vt 0.63157900 0.12171100
vt 0.61842100 0.13815800
vt 0.61842100 0.13815800
vt 0.61842100 0.13815800
vt 0.61842100 0.13815800
vt 0.61842100 0.13815800
vt 0.61842100 0.13815800
vt 0.62105300 0.17105300
vt 0.62105300 0.17105300
vt 0.62105300 0.17105300
vt 0.62105300 0.17105300
vt 0.62105300 0.17105300
vt 0.60657900 0.15460500
vt 0.60657900 0.15460500
vt 0.54473700 0.15789500
vt 0.60657900 0.15460500
vt 0.54473700 0.15789500
vt 0.54473700 0.15789500
vt 0.61052600 0.18750000
vt 0.54210500 0.19407900
vt 0.54210500 0.19407900
vt 0.61052600 0.18750000
vt 0.61052600 0.18750000
vt 0.61052600 0.18750000
vt 0.54210500 0.19407900
vt 0.54210500 0.19407900
vt 0.73026300 0.19736800
vt 0.73026300 0.19736800
vt 0.73026300 0.19736800
vt 0.73026300 0.19736800
vt 0.73026300 0.19736800
vt 0.73026300 0.19736800
vt 0.73026300 0.19736800
vt 0.73026300 0.19736800
vt 0.73026300 0.19736800
vt 0.71578900 0.18750000
vt 0.71578900 0.18750000
vt 0.71578900 0.18750000
vt 0.71578900 0.18750000
vt 0.71578900 0.18750000
vt 0.72500000 0.24013200
vt 0.72500000 0.24013200
vt 0.72500000 0.24013200
vt 0.72500000 0.24013200
vt 0.72500000 0.24013200
vt 0.72500000 0.24013200
vt 0.72500000 0.24013200
vt 0.72500000 0.24013200
vt 0.72500000 0.24013200
vt 0.72500000 0.24013200
vt 0.72500000 0.24013200
vt 0.72500000 0.24013200
vt 0.71315800 0.21052600
vt 0.71315800 0.21052600
vt 0.71315800 0.21052600
vt 0.71315800 0.21052600
vt 0.71315800 0.21052600
vt 0.72500000 0.24013200
vt 0.72500000 0.24013200
vt 0.72500000 0.24013200
vt 0.72500000 0.24013200
vt 0.70921100 0.23026300
vt 0.70921100 0.23026300
vt 0.70921100 0.23026300
vt 0.70921100 0.23026300
vt 0.70921100 0.23026300
vt 0.70921100 0.23026300
vt 0.70921100 0.23026300
vt 0.70921100 0.23026300
vt 0.70921100 0.23026300
vt 0.70394700 0.18421100
vt 0.70394700 0.18421100
vt 0.70394700 0.18421100
vt 0.70394700 0.18421100
vt 0.70394700 0.18421100
vt 0.70394700 0.18421100
vt 0.70394700 0.18421100
vt 0.70000000 0.17105300
vt 0.70000000 0.17105300
vt 0.70000000 0.17105300
vt 0.70000000 0.17105300
vt 0.70000000 0.17105300
vt 0.70000000 0.17105300
vt 0.69868400 0.18092100
vt 0.69868400 0.18092100
vt 0.69868400 0.18092100
vt 0.69868400 0.18092100
vt 0.69868400 0.18092100
vt 0.69868400 0.18092100
vt 0.67894700 0.18092100
vt 0.67894700 0.18092100
vt 0.67894700 0.18092100
vt 0.67894700 0.18092100
vt 0.67894700 0.18092100
vt 0.69078900 0.22697400
vt 0.69078900 0.22697400
vt 0.69078900 0.22697400
vt 0.69078900 0.22697400
vt 0.69078900 0.22697400
vt 0.69078900 0.22697400
vt 0.69078900 0.22697400
vt 0.69078900 0.22697400
vt 0.69078900 0.22697400
vt 0.69078900 0.22697400
vt 0.69078900 0.22697400
vt 0.69078900 0.22697400
vt 0.67894700 0.18421100
vt 0.67894700 0.18421100
vt 0.67894700 0.18421100
vt 0.67894700 0.18421100
vt 0.67894700 0.18421100
vt 0.67894700 0.18421100
vt 0.67105300 0.22697400
vt 0.67105300 0.22697400
vt 0.67105300 0.22697400
vt 0.67105300 0.22697400
vt 0.67105300 0.22697400
vt 0.67105300 0.22697400
vt 0.71710500 0.28289500
vt 0.71710500 0.28289500
vt 0.71710500 0.28289500
vt 0.71710500 0.28289500
vt 0.71710500 0.28289500
vt 0.71710500 0.28289500
vt 0.70657900 0.27631600
vt 0.70657900 0.27631600
vt 0.70657900 0.27631600
vt 0.70657900 0.27631600
vt 0.70657900 0.27631600
vt 0.70657900 0.27631600
vt 0.70263200 0.26644700
vt 0.70263200 0.26644700
vt 0.70263200 0.26644700
vt 0.70263200 0.26644700
vt 0.70263200 0.26644700
vt 0.70131600 0.27631600
vt 0.70131600 0.27631600
vt 0.70131600 0.27631600
vt 0.70131600 0.27631600
vt 0.70131600 0.27631600
vt 0.70131600 0.27631600
vt 0.71447400 0.30263200
vt 0.71447400 0.30263200
vt 0.71447400 0.30263200
vt 0.71447400 0.30263200
vt 0.71447400 0.30263200
vt 0.71447400 0.30263200
vt 0.71315800 0.32236800
vt 0.71315800 0.32236800
vt 0.71315800 0.32236800
vt 0.71315800 0.32236800
vt 0.71315800 0.32236800
vt 0.71315800 0.32236800
vt 0.69605300 0.31578900
vt 0.69605300 0.31578900
vt 0.69605300 0.31578900
vt 0.69605300 0.31578900
vt 0.69605300 0.31578900
vt 0.69605300 0.31578900
vt 0.69605300 0.31578900
vt 0.69605300 0.31578900
vt 0.69078900 0.23026300
vt 0.69078900 0.23026300
vt 0.69078900 0.23026300
vt 0.69078900 0.23026300
vt 0.69078900 0.23026300
vt 0.68289500 0.27302600
vt 0.68289500 0.27302600
vt 0.68289500 0.27302600
vt 0.68289500 0.27302600
vt 0.68289500 0.27302600
vt 0.68289500 0.27302600
vt 0.67894700 0.27302600
vt 0.67894700 0.27302600
vt 0.67894700 0.27302600
vt 0.67894700 0.27302600
vt 0.67894700 0.27302600
vt 0.67894700 0.27302600
vt 0.67894700 0.27302600
vt 0.67894700 0.27302600
vt 0.66842100 0.23684200
vt 0.66842100 0.23684200
vt 0.66842100 0.23684200
vt 0.66842100 0.23684200
vt 0.66842100 0.23684200
vt 0.68684200 0.31578900
vt 0.68684200 0.31578900
vt 0.68684200 0.31578900
vt 0.68684200 0.31578900
vt 0.68684200 0.31578900
vt 0.68157900 0.28289500
vt 0.68157900 0.28289500
vt 0.68157900 0.28289500
vt 0.68157900 0.28289500
vt 0.68157900 0.28289500
vt 0.66052600 0.27631600
vt 0.66052600 0.27631600
vt 0.66052600 0.27631600
vt 0.66052600 0.27631600
vt 0.66052600 0.27631600
vt 0.66052600 0.27631600
vt 0.67631600 0.31578900
vt 0.67631600 0.31578900
vt 0.67631600 0.31578900
vt 0.67631600 0.31578900
vt 0.67631600 0.31578900
vt 0.67631600 0.31578900
vt 0.66578900 0.31907900
vt 0.66578900 0.31907900
vt 0.66578900 0.31907900
vt 0.66578900 0.31907900
vt 0.66578900 0.31907900
vt 0.66578900 0.31907900
vt 0.66578900 0.31907900
vt 0.66578900 0.31907900
vt 0.66578900 0.31907900
vt 0.65921100 0.28289500
vt 0.65921100 0.28289500
vt 0.65921100 0.28289500
vt 0.65921100 0.28289500
vt 0.65921100 0.28289500
vt 0.65000000 0.32894700
vt 0.65000000 0.32894700
vt 0.65000000 0.32894700
vt 0.65000000 0.32894700
vt 0.64868400 0.32565800
vt 0.64868400 0.32565800
vt 0.64868400 0.32565800
vt 0.64868400 0.32565800
vt 0.64868400 0.32565800
vt 0.64605300 0.33223700
vt 0.64605300 0.33223700
vt 0.64605300 0.33223700
vt 0.64605300 0.33223700
vt 0.64605300 0.33223700
vt 0.64605300 0.33223700
vt 0.64605300 0.33223700
vt 0.67763200 0.18092100
vt 0.67763200 0.18092100
vt 0.67763200 0.18092100
vt 0.67763200 0.18092100
vt 0.67763200 0.18092100
vt 0.67763200 0.18092100
vt 0.65789500 0.18750000
vt 0.65789500 0.18750000
vt 0.65789500 0.18750000
vt 0.65789500 0.18750000
vt 0.65789500 0.18750000
vt 0.65789500 0.18750000
vt 0.65657900 0.18092100
vt 0.65657900 0.18092100
vt 0.65657900 0.18092100
vt 0.65657900 0.18092100
vt 0.65657900 0.18092100
vt 0.65657900 0.18092100
vt 0.65657900 0.18092100
vt 0.66710500 0.23026300
vt 0.66710500 0.23026300
vt 0.66710500 0.23026300
vt 0.66710500 0.23026300
vt 0.66710500 0.23026300
vt 0.66710500 0.23026300
vt 0.65526300 0.18750000
vt 0.65526300 0.18750000
vt 0.65526300 0.18750000
vt 0.65526300 0.18750000
vt 0.65526300 0.18750000
vt 0.64078900 0.19736800
vt 0.64078900 0.19736800
vt 0.64078900 0.19736800
vt 0.64078900 0.19736800
vt 0.64078900 0.19736800
vt 0.64078900 0.19736800
vt 0.64078900 0.19736800
vt 0.64078900 0.19736800
vt 0.64078900 0.19736800
vt 0.64078900 0.19736800
vt 0.62763200 0.21052600
vt 0.62763200 0.21052600
vt 0.62763200 0.21052600
vt 0.62763200 0.21052600
vt 0.62763200 0.21052600
vt 0.62763200 0.21052600
vt 0.62500000 0.19736800
vt 0.62500000 0.19736800
vt 0.62500000 0.19736800
vt 0.62500000 0.19736800
vt 0.62500000 0.19736800
vt 0.62500000 0.19736800
vt 0.64868400 0.23684200
vt 0.64868400 0.23684200
vt 0.64868400 0.23684200
vt 0.64868400 0.23684200
vt 0.64868400 0.23684200
vt 0.64868400 0.23684200
vt 0.64736800 0.22697400
vt 0.64736800 0.22697400
vt 0.64736800 0.22697400
vt 0.64736800 0.22697400
vt 0.64736800 0.22697400
vt 0.64342100 0.24342100
vt 0.64342100 0.24342100
vt 0.64342100 0.24342100
vt 0.64342100 0.24342100
vt 0.64342100 0.24342100
vt 0.64342100 0.24342100
vt 0.64342100 0.24342100
vt 0.63421100 0.25000000
vt 0.63421100 0.25000000
vt 0.63421100 0.25000000
vt 0.63421100 0.25000000
vt 0.63421100 0.25000000
vt 0.53815800 0.23026300
vt 0.61578900 0.22697400
vt 0.53815800 0.23026300
vt 0.61578900 0.22697400
vt 0.61447400 0.22039500
vt 0.61447400 0.22039500
vt 0.53947400 0.22697400
vt 0.53947400 0.22697400
vt 0.53947400 0.22697400
vt 0.61447400 0.22039500
vt 0.53289500 0.27302600
vt 0.53289500 0.27302600
vt 0.53289500 0.27302600
vt 0.62236800 0.26644700
vt 0.53289500 0.27302600
vt 0.62236800 0.26644700
vt 0.62236800 0.26644700
vt 0.62236800 0.26644700
vt 0.65789500 0.27960500
vt 0.65789500 0.27960500
vt 0.65789500 0.27960500
vt 0.65789500 0.27960500
vt 0.65789500 0.27960500
vt 0.64210500 0.28947400
vt 0.64210500 0.28947400
vt 0.64210500 0.28947400
vt 0.64210500 0.28947400
vt 0.64210500 0.28947400
vt 0.64210500 0.28947400
vt 0.64210500 0.28947400
vt 0.64210500 0.28947400
vt 0.63684200 0.26315800
vt 0.63684200 0.26315800
vt 0.63684200 0.26315800
vt 0.63684200 0.26315800
vt 0.63684200 0.26315800
vt 0.63026300 0.30592100
vt 0.52763200 0.31578900
vt 0.63026300 0.30592100
vt 0.63026300 0.30592100
vt 0.52763200 0.31578900
vt 0.53026300 0.29605300
vt 0.62763200 0.28947400
vt 0.62763200 0.28947400
vt 0.53026300 0.29605300
vt 0.53026300 0.29605300
vt 0.62763200 0.28947400
vt 0.52105300 0.35526300
vt 0.63815800 0.34539500
vt 0.52105300 0.35526300
vt 0.63815800 0.34539500
vt 0.52105300 0.35526300
vt 0.52105300 0.35526300
vt 0.71052600 0.35855300
vt 0.71052600 0.35855300
vt 0.71052600 0.35855300
vt 0.71052600 0.35855300
vt 0.71052600 0.35855300
vt 0.71052600 0.35855300
vt 0.71052600 0.35855300
vt 0.69473700 0.35197400
vt 0.69473700 0.35197400
vt 0.69473700 0.35197400
vt 0.69473700 0.35197400
vt 0.70921100 0.39473700
vt 0.70921100 0.39473700
vt 0.70921100 0.39473700
vt 0.70921100 0.39473700
vt 0.70921100 0.39473700
vt 0.70921100 0.39473700
vt 0.69473700 0.38486800
vt 0.69473700 0.38486800
vt 0.69473700 0.38486800
vt 0.69473700 0.38486800
vt 0.69342100 0.36513200
vt 0.69342100 0.36513200
vt 0.69342100 0.36513200
vt 0.69342100 0.36513200
vt 0.69342100 0.36513200
vt 0.69342100 0.36513200
vt 0.69342100 0.36513200
vt 0.69342100 0.36513200
vt 0.69210500 0.35197400
vt 0.69210500 0.35197400
vt 0.69210500 0.35197400
vt 0.69210500 0.35197400
vt 0.69210500 0.35197400
vt 0.69210500 0.35197400
vt 0.71052600 0.42434200
vt 0.71052600 0.42434200
vt 0.71052600 0.42434200
vt 0.71052600 0.42434200
vt 0.71052600 0.42434200
vt 0.71052600 0.42434200
vt 0.71052600 0.42434200
vt 0.69473700 0.41447400
vt 0.69473700 0.41447400
vt 0.69473700 0.41447400
vt 0.69473700 0.41447400
vt 0.69342100 0.40460500
vt 0.69342100 0.40460500
vt 0.69342100 0.40460500
vt 0.69342100 0.40460500
vt 0.69342100 0.40460500
vt 0.69342100 0.40460500
vt 0.69342100 0.40460500
vt 0.69342100 0.40460500
vt 0.69342100 0.41447400
vt 0.69342100 0.41447400
vt 0.69342100 0.41447400
vt 0.69342100 0.41447400
vt 0.69342100 0.41447400
vt 0.69342100 0.38486800
vt 0.69342100 0.38486800
vt 0.69342100 0.38486800
vt 0.69342100 0.38486800
vt 0.67236800 0.35526300
vt 0.67236800 0.35526300
vt 0.67236800 0.35526300
vt 0.67236800 0.35526300
vt 0.67236800 0.35526300
vt 0.67236800 0.35526300
vt 0.67105300 0.35526300
vt 0.67105300 0.35526300
vt 0.67105300 0.35526300
vt 0.67105300 0.35526300
vt 0.67105300 0.35526300
vt 0.67105300 0.35526300
vt 0.65394700 0.36513200
vt 0.65394700 0.36513200
vt 0.65394700 0.36513200
vt 0.65394700 0.36513200
vt 0.65394700 0.36513200
vt 0.65394700 0.36513200
vt 0.65394700 0.36513200
vt 0.65394700 0.36513200
vt 0.67236800 0.38815800
vt 0.67236800 0.38815800
vt 0.67236800 0.38815800
vt 0.67236800 0.38815800
vt 0.67236800 0.38815800
vt 0.67236800 0.38815800
vt 0.67236800 0.38815800
vt 0.67236800 0.38815800
vt 0.67105300 0.38815800
vt 0.67105300 0.38815800
vt 0.67105300 0.38815800
vt 0.67105300 0.38815800
vt 0.65526300 0.39802600
vt 0.65526300 0.39802600
vt 0.65526300 0.39802600
vt 0.65526300 0.39802600
vt 0.65526300 0.39802600
vt 0.65526300 0.39802600
vt 0.51842100 0.39473700
vt 0.51842100 0.39473700
vt 0.64210500 0.38157900
vt 0.64210500 0.38157900
vt 0.51973700 0.36842100
vt 0.51973700 0.36842100
vt 0.63947400 0.35526300
vt 0.51973700 0.36842100
vt 0.63947400 0.35526300
vt 0.63947400 0.35526300
vt 0.64210500 0.41118400
vt 0.51842100 0.42434200
vt 0.64210500 0.41118400
vt 0.51842100 0.42434200
vt 0.51842100 0.42434200
vt 0.51842100 0.42434200
vt 0.64210500 0.41118400
vt 0.64210500 0.41118400
vt 0.67368400 0.41447400
vt 0.67368400 0.41447400
vt 0.67368400 0.41447400
vt 0.67368400 0.41447400
vt 0.67368400 0.41447400
vt 0.67368400 0.41447400
vt 0.67368400 0.41447400
vt 0.66973700 0.41776300
vt 0.66973700 0.41776300
vt 0.66973700 0.41776300
vt 0.66973700 0.41776300
vt 0.66973700 0.41776300
vt 0.66973700 0.41776300
vt 0.65394700 0.42763200
vt 0.65394700 0.42763200
vt 0.65394700 0.42763200
vt 0.65394700 0.42763200
vt 0.65394700 0.42763200
vt 0.65394700 0.42763200
vt 0.65394700 0.42763200
vt 0.51973700 0.45394700
vt 0.51973700 0.45394700
vt 0.64078900 0.44078900
vt 0.51973700 0.45394700
vt 0.64078900 0.44078900
vt 0.51973700 0.45394700
vt 0.52105300 0.48026300
vt 0.52105300 0.48026300
vt 0.52105300 0.48026300
vt 0.52105300 0.48026300
vt 0.72368400 0.48684200
vt 0.72368400 0.48684200
vt 0.72368400 0.48684200
vt 0.72368400 0.48684200
vt 0.72368400 0.48684200
vt 0.72368400 0.48684200
vt 0.72368400 0.48684200
vt 0.72368400 0.48684200
vt 0.71578900 0.47697400
vt 0.71578900 0.47697400
vt 0.71578900 0.47697400
vt 0.71578900 0.47697400
vt 0.70131600 0.46710500
vt 0.70131600 0.46710500
vt 0.70131600 0.46710500
vt 0.70131600 0.46710500
vt 0.70131600 0.46710500
vt 0.70131600 0.46710500
vt 0.70131600 0.46710500
vt 0.70131600 0.46710500
vt 0.70131600 0.46710500
vt 0.70131600 0.46710500
vt 0.71973700 0.50328900
vt 0.71973700 0.50328900
vt 0.71973700 0.50328900
vt 0.71973700 0.50328900
vt 0.71973700 0.50328900
vt 0.71973700 0.50328900
vt 0.71973700 0.50328900
vt 0.71710500 0.48355300
vt 0.71710500 0.48355300
vt 0.71710500 0.48355300
vt 0.71710500 0.48355300
vt 0.71710500 0.48355300
vt 0.70657900 0.49342100
vt 0.70657900 0.49342100
vt 0.70657900 0.49342100
vt 0.70657900 0.49342100
vt 0.70657900 0.49342100
vt 0.70526300 0.49342100
vt 0.70526300 0.49342100
vt 0.70526300 0.49342100
vt 0.70526300 0.49342100
vt 0.68421100 0.46710500
vt 0.68421100 0.46710500
vt 0.68421100 0.46710500
vt 0.68421100 0.46710500
vt 0.68421100 0.46710500
vt 0.68684200 0.49013200
vt 0.68684200 0.49013200
vt 0.68684200 0.49013200
vt 0.68684200 0.49013200
vt 0.68684200 0.49013200
vt 0.68684200 0.49013200
vt 0.68684200 0.49013200
vt 0.68289500 0.46710500
vt 0.68289500 0.46710500
vt 0.68289500 0.46710500
vt 0.68289500 0.46710500
vt 0.68289500 0.46710500
vt 0.68289500 0.46710500
vt 0.67763200 0.49013200
vt 0.67763200 0.49013200
vt 0.67763200 0.49013200
vt 0.67763200 0.49013200
vt 0.67763200 0.49013200
vt 0.67763200 0.49013200
vt 0.67763200 0.49013200
vt 0.72368400 0.54605300
vt 0.72368400 0.54605300
vt 0.72368400 0.54605300
vt 0.72368400 0.54605300
vt 0.72368400 0.54605300
vt 0.72368400 0.54605300
vt 0.72368400 0.54605300
vt 0.72500000 0.52631600
vt 0.72500000 0.52631600
vt 0.72500000 0.52631600
vt 0.72500000 0.52631600
vt 0.72500000 0.52631600
vt 0.72500000 0.52631600
vt 0.72500000 0.52631600
vt 0.70921100 0.51973700
vt 0.70921100 0.51973700
vt 0.70921100 0.51973700
vt 0.70921100 0.51973700
vt 0.70921100 0.51973700
vt 0.70921100 0.51973700
vt 0.70921100 0.51973700
vt 0.70921100 0.51973700
vt 0.70526300 0.49342100
vt 0.70526300 0.49342100
vt 0.70526300 0.49342100
vt 0.70526300 0.49342100
vt 0.70526300 0.49342100
vt 0.70526300 0.49342100
vt 0.72763200 0.54605300
vt 0.72763200 0.54605300
vt 0.72763200 0.54605300
vt 0.72763200 0.54605300
vt 0.72763200 0.54605300
vt 0.71447400 0.54276300
vt 0.71447400 0.54276300
vt 0.71447400 0.54276300
vt 0.71447400 0.54276300
vt 0.69605300 0.51315800
vt 0.69605300 0.51315800
vt 0.69605300 0.51315800
vt 0.69605300 0.51315800
vt 0.69605300 0.51315800
vt 0.69210500 0.51315800
vt 0.69210500 0.51315800
vt 0.69210500 0.51315800
vt 0.69210500 0.51315800
vt 0.69210500 0.51315800
vt 0.69210500 0.51315800
vt 0.67236800 0.51315800
vt 0.67236800 0.51315800
vt 0.67236800 0.51315800
vt 0.67236800 0.51315800
vt 0.67236800 0.51315800
vt 0.67236800 0.51315800
vt 0.67105300 0.51315800
vt 0.67105300 0.51315800
vt 0.67105300 0.51315800
vt 0.67105300 0.51315800
vt 0.67105300 0.51315800
vt 0.67105300 0.51315800
vt 0.69736800 0.53618400
vt 0.69736800 0.53618400
vt 0.69736800 0.53618400
vt 0.69736800 0.53618400
vt 0.69736800 0.53618400
vt 0.69736800 0.53618400
vt 0.69736800 0.53618400
vt 0.69736800 0.53618400
vt 0.69342100 0.51644700
vt 0.69342100 0.51644700
vt 0.69342100 0.51644700
vt 0.69342100 0.51644700
vt 0.69342100 0.51644700
vt 0.69342100 0.51644700
vt 0.69342100 0.51644700
vt 0.68684200 0.53289500
vt 0.68684200 0.53289500
vt 0.68684200 0.53289500
vt 0.68684200 0.53289500
vt 0.67763200 0.53289500
vt 0.67763200 0.53289500
vt 0.67763200 0.53289500
vt 0.67763200 0.53289500
vt 0.67763200 0.53289500
vt 0.68289500 0.46710500
vt 0.68289500 0.46710500
vt 0.68289500 0.46710500
vt 0.68289500 0.46710500
vt 0.66315800 0.47039500
vt 0.66315800 0.47039500
vt 0.66315800 0.47039500
vt 0.66315800 0.47039500
vt 0.66315800 0.47039500
vt 0.66315800 0.47039500
vt 0.66315800 0.47039500
vt 0.65526300 0.47697400
vt 0.65526300 0.47697400
vt 0.65526300 0.47697400
vt 0.65526300 0.47697400
vt 0.65526300 0.47697400
vt 0.65526300 0.47697400
vt 0.65000000 0.47039500
vt 0.65000000 0.47039500
vt 0.65000000 0.47039500
vt 0.65000000 0.47039500
vt 0.65000000 0.47039500
vt 0.65000000 0.47039500
vt 0.66315800 0.49342100
vt 0.66315800 0.49342100
vt 0.66315800 0.49342100
vt 0.66315800 0.49342100
vt 0.66315800 0.49342100
vt 0.66052600 0.49013200
vt 0.66052600 0.49013200
vt 0.66052600 0.49013200
vt 0.66052600 0.49013200
vt 0.66052600 0.49013200
vt 0.66052600 0.49013200
vt 0.67105300 0.51315800
vt 0.67105300 0.51315800
vt 0.67105300 0.51315800
vt 0.67105300 0.51315800
vt 0.66447400 0.53618400
vt 0.66447400 0.53618400
vt 0.66447400 0.53618400
vt 0.66447400 0.53618400
vt 0.66447400 0.53618400
vt 0.66447400 0.53618400
vt 0.66447400 0.53618400
vt 0.66447400 0.53618400
vt 0.64736800 0.48355300
vt 0.64736800 0.48355300
vt 0.64736800 0.48355300
vt 0.64736800 0.48355300
vt 0.65789500 0.49671100
vt 0.65789500 0.49671100
vt 0.65789500 0.49671100
vt 0.65789500 0.49671100
vt 0.64342100 0.50986800
vt 0.64342100 0.50986800
vt 0.64342100 0.50986800
vt 0.64342100 0.50986800
vt 0.64342100 0.50986800
vt 0.64342100 0.50986800
vt 0.64342100 0.50986800
vt 0.64342100 0.50986800
vt 0.64342100 0.50986800
vt 0.52500000 0.50986800
vt 0.63552600 0.50000000
vt 0.63552600 0.50000000
vt 0.63552600 0.50000000
vt 0.52500000 0.50986800
vt 0.52500000 0.50986800
vt 0.52500000 0.50986800
vt 0.52500000 0.50986800
vt 0.52500000 0.50986800
vt 0.63552600 0.50000000
vt 0.63157900 0.52631600
vt 0.52894700 0.53618400
vt 0.52894700 0.53618400
vt 0.63157900 0.52631600
vt 0.52894700 0.53618400
vt 0.52894700 0.53618400
vt 0.65263200 0.52302600
vt 0.65263200 0.52302600
vt 0.65263200 0.52302600
vt 0.65263200 0.52302600
vt 0.65263200 0.52302600
vt 0.65263200 0.52302600
vt 0.65263200 0.52302600
vt 0.65263200 0.52302600
vt 0.65263200 0.52302600
vt 0.65263200 0.52302600
vt 0.63815800 0.53618400
vt 0.63815800 0.53618400
vt 0.63815800 0.53618400
vt 0.63815800 0.53618400
vt 0.65000000 0.54605300
vt 0.65000000 0.54605300
vt 0.65000000 0.54605300
vt 0.65000000 0.54605300
vt 0.65000000 0.54605300
vt 0.65000000 0.54605300
vt 0.64868400 0.54276300
vt 0.64868400 0.54276300
vt 0.64868400 0.54276300
vt 0.64868400 0.54276300
vt 0.64868400 0.54276300
vt 0.63815800 0.53947400
vt 0.63815800 0.53947400
vt 0.63815800 0.53947400
vt 0.63815800 0.53947400
vt 0.63815800 0.53947400
vt 0.64736800 0.54605300
vt 0.64736800 0.54605300
vt 0.64736800 0.54605300
vt 0.64736800 0.54605300
vt 0.63289500 0.56250000
vt 0.63289500 0.56250000
vt 0.63289500 0.56250000
vt 0.63289500 0.56250000
vt 0.63289500 0.56250000
vt 0.63289500 0.56250000
vt 0.63289500 0.56250000
vt 0.63421100 0.54276300
vt 0.63421100 0.54276300
vt 0.63421100 0.54276300
vt 0.63421100 0.54276300
vt 0.54078900 0.56907900
vt 0.63421100 0.54276300
vt 0.54078900 0.56907900
vt 0.54078900 0.56907900
vt 0.53289500 0.55921100
vt 0.53289500 0.55921100
vt 0.53289500 0.55921100
vt 0.53289500 0.55921100
vt 0.52631600 0.55263200
vt 0.52631600 0.55263200
vt 0.52631600 0.55263200
vt 0.52631600 0.55263200
vt 0.52631600 0.55263200
vt 0.52631600 0.55263200
vt 0.52631600 0.55263200
vt 0.52631600 0.55263200
vt 0.53421100 0.55921100
vt 0.53421100 0.55921100
vt 0.53421100 0.55921100
vt 0.53421100 0.55921100
vt 0.53947400 0.58552600
vt 0.53947400 0.58552600
vt 0.53947400 0.58552600
vt 0.53947400 0.58552600
vt 0.62236800 0.57565800
vt 0.53947400 0.58552600
vt 0.62236800 0.57565800
vt 0.62236800 0.57565800
vt 0.72894700 0.55263200
vt 0.72894700 0.55263200
vt 0.72894700 0.55263200
vt 0.72894700 0.55263200
vt 0.73421100 0.57565800
vt 0.73421100 0.57565800
vt 0.73421100 0.57565800
vt 0.73421100 0.57565800
vt 0.73421100 0.57565800
vt 0.73421100 0.57565800
vt 0.73421100 0.57565800
vt 0.73421100 0.57565800
vt 0.71973700 0.56578900
vt 0.71973700 0.56578900
vt 0.71973700 0.56578900
vt 0.71973700 0.56578900
vt 0.71710500 0.55263200
vt 0.71710500 0.55263200
vt 0.71710500 0.55263200
vt 0.71710500 0.55263200
vt 0.71710500 0.55263200
vt 0.71710500 0.55263200
vt 0.73815800 0.60197400
vt 0.73815800 0.60197400
vt 0.73815800 0.60197400
vt 0.73815800 0.60197400
vt 0.73815800 0.60197400
vt 0.73815800 0.60197400
vt 0.73815800 0.60197400
vt 0.72368400 0.59210500
vt 0.72368400 0.59210500
vt 0.72368400 0.59210500
vt 0.72368400 0.59210500
vt 0.72368400 0.59210500
vt 0.72368400 0.59210500
vt 0.72368400 0.59210500
vt 0.72368400 0.59210500
vt 0.71052600 0.56250000
vt 0.71052600 0.56250000
vt 0.71052600 0.56250000
vt 0.71052600 0.56250000
vt 0.71052600 0.56250000
vt 0.71052600 0.56250000
vt 0.70657900 0.58552600
vt 0.70657900 0.58552600
vt 0.70657900 0.58552600
vt 0.70657900 0.58552600
vt 0.70526300 0.57565800
vt 0.70526300 0.57565800
vt 0.70526300 0.57565800
vt 0.70526300 0.57565800
vt 0.70526300 0.57565800
vt 0.70526300 0.57565800
vt 0.70263200 0.58552600
vt 0.70263200 0.58552600
vt 0.70263200 0.58552600
vt 0.70263200 0.58552600
vt 0.70263200 0.58552600
vt 0.70263200 0.55921100
vt 0.70263200 0.55921100
vt 0.70263200 0.55921100
vt 0.70263200 0.55921100
vt 0.70263200 0.55921100
vt 0.70263200 0.55921100
vt 0.68289500 0.55592100
vt 0.68289500 0.55592100
vt 0.68289500 0.55592100
vt 0.68289500 0.55592100
vt 0.68157900 0.54934200
vt 0.68157900 0.54934200
vt 0.68157900 0.54934200
vt 0.68157900 0.54934200
vt 0.68157900 0.54934200
vt 0.68157900 0.54934200
vt 0.68157900 0.54934200
vt 0.68157900 0.54934200
vt 0.68684200 0.58223700
vt 0.68684200 0.58223700
vt 0.68684200 0.58223700
vt 0.68684200 0.58223700
vt 0.68684200 0.58223700
vt 0.68684200 0.58223700
vt 0.68684200 0.58223700
vt 0.68684200 0.58223700
vt 0.74078900 0.63157900
vt 0.74078900 0.63157900
vt 0.74078900 0.63157900
vt 0.74078900 0.63157900
vt 0.73947400 0.62828900
vt 0.73947400 0.62828900
vt 0.73947400 0.62828900
vt 0.73947400 0.62828900
vt 0.73947400 0.62828900
vt 0.73947400 0.62828900
vt 0.73947400 0.63157900
vt 0.73947400 0.63157900
vt 0.73947400 0.63157900
vt 0.73947400 0.63157900
vt 0.73947400 0.63157900
vt 0.72500000 0.62171100
vt 0.72500000 0.62171100
vt 0.72500000 0.62171100
vt 0.72500000 0.62171100
vt 0.72500000 0.62171100
vt 0.72500000 0.62171100
vt 0.72500000 0.62171100
vt 0.72500000 0.62171100
vt 0.74078900 0.66447400
vt 0.74078900 0.66447400
vt 0.74078900 0.66447400
vt 0.74078900 0.66447400
vt 0.74078900 0.66447400
vt 0.74078900 0.66447400
vt 0.73815800 0.66118400
vt 0.73815800 0.66118400
vt 0.73815800 0.66118400
vt 0.73815800 0.66118400
vt 0.73815800 0.66118400
vt 0.72631600 0.65460500
vt 0.72631600 0.65460500
vt 0.72631600 0.65460500
vt 0.72631600 0.65460500
vt 0.72631600 0.65460500
vt 0.70921100 0.61513200
vt 0.70921100 0.61513200
vt 0.70921100 0.61513200
vt 0.70921100 0.61513200
vt 0.70921100 0.61513200
vt 0.70921100 0.61513200
vt 0.69736800 0.61184200
vt 0.69736800 0.61184200
vt 0.69736800 0.61184200
vt 0.69736800 0.61184200
vt 0.69736800 0.61184200
vt 0.69736800 0.61184200
vt 0.70789500 0.64802600
vt 0.70789500 0.64802600
vt 0.70789500 0.64802600
vt 0.70789500 0.64802600
vt 0.70789500 0.64802600
vt 0.70789500 0.64802600
vt 0.70789500 0.64802600
vt 0.70789500 0.64802600
vt 0.69736800 0.64473700
vt 0.69736800 0.64473700
vt 0.69736800 0.64473700
vt 0.69736800 0.64473700
vt 0.69736800 0.64473700
vt 0.69736800 0.64473700
vt 0.68947400 0.61184200
vt 0.68947400 0.61184200
vt 0.68947400 0.61184200
vt 0.68947400 0.61184200
vt 0.68947400 0.61184200
vt 0.68947400 0.61184200
vt 0.68947400 0.61184200
vt 0.68947400 0.64473700
vt 0.68947400 0.64473700
vt 0.68947400 0.64473700
vt 0.68947400 0.64473700
vt 0.68947400 0.64473700
vt 0.67894700 0.55592100
vt 0.67894700 0.55592100
vt 0.67894700 0.55592100
vt 0.67894700 0.55592100
vt 0.67894700 0.55592100
vt 0.67894700 0.55592100
vt 0.67894700 0.55592100
vt 0.65921100 0.56250000
vt 0.65921100 0.56250000
vt 0.65921100 0.56250000
vt 0.65921100 0.56250000
vt 0.65921100 0.56250000
vt 0.67500000 0.58552600
vt 0.67500000 0.58552600
vt 0.67500000 0.58552600
vt 0.67500000 0.58552600
vt 0.67500000 0.58552600
vt 0.67500000 0.58552600
vt 0.66447400 0.58552600
vt 0.66447400 0.58552600
vt 0.66447400 0.58552600
vt 0.66447400 0.58552600
vt 0.66447400 0.58552600
vt 0.66447400 0.58552600
vt 0.65921100 0.56250000
vt 0.65921100 0.56250000
vt 0.65921100 0.56250000
vt 0.65921100 0.56250000
vt 0.65921100 0.56250000
vt 0.65921100 0.56250000
vt 0.65526300 0.59210500
vt 0.65526300 0.59210500
vt 0.65526300 0.59210500
vt 0.65526300 0.59210500
vt 0.67236800 0.61184200
vt 0.67236800 0.61184200
vt 0.67236800 0.61184200
vt 0.67236800 0.61184200
vt 0.66710500 0.61513200
vt 0.66710500 0.61513200
vt 0.66710500 0.61513200
vt 0.66710500 0.61513200
vt 0.66710500 0.61513200
vt 0.66710500 0.61513200
vt 0.66710500 0.61513200
vt 0.65394700 0.62171100
vt 0.65394700 0.62171100
vt 0.65394700 0.62171100
vt 0.65394700 0.62171100
vt 0.65394700 0.62171100
vt 0.65394700 0.62171100
vt 0.65394700 0.62171100
vt 0.67368400 0.64473700
vt 0.67368400 0.64473700
vt 0.67368400 0.64473700
vt 0.67368400 0.64473700
vt 0.67368400 0.64473700
vt 0.67368400 0.64473700
vt 0.66710500 0.64802600
vt 0.66710500 0.64802600
vt 0.66710500 0.64802600
vt 0.66710500 0.64802600
vt 0.66710500 0.64802600
vt 0.65394700 0.65460500
vt 0.65394700 0.65460500
vt 0.65394700 0.65460500
vt 0.65394700 0.65460500
vt 0.65394700 0.65460500
vt 0.65394700 0.65460500
vt 0.65394700 0.65460500
vt 0.65921100 0.56250000
vt 0.65921100 0.56250000
vt 0.65921100 0.56250000
vt 0.65921100 0.56250000
vt 0.65921100 0.56250000
vt 0.65921100 0.56250000
vt 0.64342100 0.57236800
vt 0.64342100 0.57236800
vt 0.64342100 0.57236800
vt 0.64342100 0.57236800
vt 0.64342100 0.57236800
vt 0.64342100 0.57236800
vt 0.64342100 0.57236800
vt 0.62894700 0.58881600
vt 0.62894700 0.58881600
vt 0.62894700 0.58881600
vt 0.62894700 0.58881600
vt 0.62894700 0.58881600
vt 0.62894700 0.58881600
vt 0.62894700 0.58881600
vt 0.63947400 0.60197400
vt 0.63947400 0.60197400
vt 0.63947400 0.60197400
vt 0.63947400 0.60197400
vt 0.63947400 0.60197400
vt 0.63947400 0.60197400
vt 0.63947400 0.60197400
vt 0.63947400 0.60197400
vt 0.63026300 0.61184200
vt 0.63026300 0.61184200
vt 0.63026300 0.61184200
vt 0.63026300 0.61184200
vt 0.63026300 0.61184200
vt 0.63026300 0.61184200
vt 0.63026300 0.61184200
vt 0.62631600 0.60526300
vt 0.62631600 0.60526300
vt 0.62631600 0.60526300
vt 0.62631600 0.60526300
vt 0.62631600 0.60526300
vt 0.61710500 0.60197400
vt 0.61710500 0.60197400
vt 0.54342100 0.60855300
vt 0.54342100 0.60855300
vt 0.54473700 0.61842100
vt 0.61578900 0.61184200
vt 0.61578900 0.61184200
vt 0.54473700 0.61842100
vt 0.54473700 0.61842100
vt 0.61578900 0.61184200
vt 0.62500000 0.61513200
vt 0.62500000 0.61513200
vt 0.62500000 0.61513200
vt 0.62500000 0.61513200
vt 0.61315800 0.63157900
vt 0.54736800 0.63486800
vt 0.54736800 0.63486800
vt 0.61315800 0.63157900
vt 0.54736800 0.63486800
vt 0.54736800 0.63486800
vt 0.61315800 0.63157900
vt 0.61315800 0.63157900
vt 0.63815800 0.63157900
vt 0.63815800 0.63157900
vt 0.63815800 0.63157900
vt 0.63815800 0.63157900
vt 0.63552600 0.63486800
vt 0.63552600 0.63486800
vt 0.63552600 0.63486800
vt 0.63552600 0.63486800
vt 0.63552600 0.63486800
vt 0.63552600 0.63486800
vt 0.63815800 0.66447400
vt 0.63815800 0.66447400
vt 0.63815800 0.66447400
vt 0.63815800 0.66447400
vt 0.63815800 0.66447400
vt 0.63815800 0.66447400
vt 0.63552600 0.66776300
vt 0.63552600 0.66776300
vt 0.63552600 0.66776300
vt 0.63552600 0.66776300
vt 0.63552600 0.66776300
vt 0.63552600 0.66776300
vt 0.62368400 0.64473700
vt 0.62368400 0.64473700
vt 0.62368400 0.64473700
vt 0.62368400 0.64473700
vt 0.62368400 0.64473700
vt 0.62368400 0.64473700
vt 0.62368400 0.64473700
vt 0.62368400 0.67763200
vt 0.62368400 0.67763200
vt 0.62368400 0.67763200
vt 0.62368400 0.67763200
vt 0.62368400 0.67763200
vt 0.62368400 0.67763200
vt 0.62368400 0.67763200
vt 0.55000000 0.66447400
vt 0.61184200 0.66118400
vt 0.61184200 0.66118400
vt 0.61184200 0.66118400
vt 0.55000000 0.66447400
vt 0.55000000 0.66447400
vt 0.61184200 0.69407900
vt 0.55000000 0.69736800
vt 0.61184200 0.69407900
vt 0.55000000 0.69736800
vt 0.74078900 0.67763200
vt 0.74078900 0.67763200
vt 0.74078900 0.67763200
vt 0.74078900 0.67763200
vt 0.74078900 0.67763200
vt 0.74078900 0.67763200
vt 0.74078900 0.67763200
vt 0.73947400 0.70065800
vt 0.73947400 0.70065800
vt 0.73947400 0.70065800
vt 0.73947400 0.70065800
vt 0.73947400 0.70065800
vt 0.73947400 0.70065800
vt 0.72500000 0.69078900
vt 0.72500000 0.69078900
vt 0.72500000 0.69078900
vt 0.72500000 0.69078900
vt 0.72500000 0.69078900
vt 0.72500000 0.69078900
vt 0.72500000 0.69078900
vt 0.72500000 0.69078900
vt 0.72500000 0.69078900
vt 0.73552600 0.74013200
vt 0.73552600 0.74013200
vt 0.73552600 0.74013200
vt 0.73552600 0.74013200
vt 0.73552600 0.74013200
vt 0.73552600 0.74013200
vt 0.73552600 0.74013200
vt 0.71973700 0.73026300
vt 0.71973700 0.73026300
vt 0.71973700 0.73026300
vt 0.71973700 0.73026300
vt 0.70789500 0.68092100
vt 0.70789500 0.68092100
vt 0.70789500 0.68092100
vt 0.70789500 0.68092100
vt 0.70000000 0.68092100
vt 0.70000000 0.68092100
vt 0.70000000 0.68092100
vt 0.70000000 0.68092100
vt 0.70000000 0.68092100
vt 0.70921100 0.72368400
vt 0.70921100 0.72368400
vt 0.70921100 0.72368400
vt 0.70921100 0.72368400
vt 0.70921100 0.72368400
vt 0.70921100 0.72368400
vt 0.70921100 0.72368400
vt 0.70526300 0.70723700
vt 0.70526300 0.70723700
vt 0.70526300 0.70723700
vt 0.70526300 0.70723700
vt 0.70526300 0.70723700
vt 0.70526300 0.70723700
vt 0.70526300 0.70723700
vt 0.68815800 0.68092100
vt 0.68815800 0.68092100
vt 0.68815800 0.68092100
vt 0.68815800 0.68092100
vt 0.68815800 0.68092100
vt 0.68815800 0.68092100
vt 0.68815800 0.68092100
vt 0.70394700 0.72368400
vt 0.70394700 0.72368400
vt 0.70394700 0.72368400
vt 0.70394700 0.72368400
vt 0.70394700 0.72368400
vt 0.70394700 0.72368400
vt 0.68421100 0.72039500
vt 0.68421100 0.72039500
vt 0.68421100 0.72039500
vt 0.68421100 0.72039500
vt 0.68421100 0.72039500
vt 0.73157900 0.76644700
vt 0.73157900 0.76644700
vt 0.73157900 0.76644700
vt 0.73157900 0.76644700
vt 0.73157900 0.76644700
vt 0.71710500 0.74671100
vt 0.71710500 0.74671100
vt 0.71710500 0.74671100
vt 0.71710500 0.74671100
vt 0.71710500 0.74671100
vt 0.72500000 0.78947400
vt 0.82500000 0.84868400
vt 0.72500000 0.78947400
vt 0.72500000 0.78947400
vt 0.82500000 0.84868400
vt 0.71184200 0.77631600
vt 0.71184200 0.77631600
vt 0.71184200 0.77631600
vt 0.71184200 0.77631600
vt 0.71184200 0.77631600
vt 0.71184200 0.77631600
vt 0.71184200 0.77631600
vt 0.05394740 0.94407900
vt 0.05394740 0.94407900
vt 0.83157900 0.86513200
vt 0.71973700 0.80592100
vt 0.71973700 0.80592100
vt 0.05394740 0.94407900
vt 0.05394740 0.94407900
vt 0.05394740 0.94407900
vt 0.06315790 0.92105300
vt 0.06315790 0.92105300
vt 0.06315790 0.92105300
vt 0.06315790 0.92105300
vt 0.06315790 0.92105300
vt 0.70789500 0.79276300
vt 0.06315790 0.96381600
vt 0.70789500 0.79276300
vt 0.70789500 0.79276300
vt 0.06315790 0.96381600
vt 0.07236840 0.94407900
vt 0.07236840 0.94407900
vt 0.07236840 0.94407900
vt 0.07236840 0.94407900
vt 0.07236840 0.94407900
vt 0.07236840 0.94407900
vt 0.07236840 0.94407900
vt 0.69605300 0.76973700
vt 0.69605300 0.76973700
vt 0.69605300 0.76973700
vt 0.69605300 0.76973700
vt 0.69605300 0.76973700
vt 0.69605300 0.76973700
vt 0.69605300 0.76973700
vt 0.69473700 0.76644700
vt 0.69473700 0.76644700
vt 0.69473700 0.76644700
vt 0.69473700 0.76644700
vt 0.69473700 0.76973700
vt 0.69473700 0.76973700
vt 0.69473700 0.76973700
vt 0.69473700 0.76973700
vt 0.69473700 0.76973700
vt 0.68289500 0.72697400
vt 0.68289500 0.72697400
vt 0.68289500 0.72697400
vt 0.68289500 0.72697400
vt 0.68289500 0.72697400
vt 0.68289500 0.72697400
vt 0.68289500 0.72697400
vt 0.67368400 0.76973700
vt 0.67368400 0.76973700
vt 0.67368400 0.76973700
vt 0.67368400 0.76973700
vt 0.67368400 0.76973700
vt 0.67368400 0.76973700
vt 0.08157890 0.96381600
vt 0.08157890 0.96381600
vt 0.68552600 0.80263200
vt 0.68552600 0.80263200
vt 0.68552600 0.80263200
vt 0.68552600 0.80263200
vt 0.68552600 0.80263200
vt 0.68552600 0.80263200
vt 0.67236800 0.77302600
vt 0.67236800 0.77302600
vt 0.67236800 0.77302600
vt 0.67236800 0.77302600
vt 0.07105260 0.89802600
vt 0.07105260 0.89802600
vt 0.07105260 0.89802600
vt 0.07105260 0.89802600
vt 0.07105260 0.89802600
vt 0.08026320 0.87500000
vt 0.08026320 0.87500000
vt 0.08026320 0.87500000
vt 0.08026320 0.87500000
vt 0.08026320 0.87500000
vt 0.08026320 0.87500000
vt 0.08026320 0.87500000
vt 0.08026320 0.92105300
vt 0.08026320 0.92105300
vt 0.08026320 0.92105300
vt 0.08026320 0.92105300
vt 0.08026320 0.92105300
vt 0.08947370 0.89802600
vt 0.08947370 0.89802600
vt 0.08947370 0.89802600
vt 0.08947370 0.89802600
vt 0.08947370 0.89802600
vt 0.08947370 0.89802600
vt 0.08815790 0.85197400
vt 0.08815790 0.85197400
vt 0.08815790 0.85197400
vt 0.08815790 0.85197400
vt 0.08815790 0.85197400
vt 0.08815790 0.85197400
vt 0.09736840 0.87500000
vt 0.09736840 0.87500000
vt 0.09736840 0.87500000
vt 0.09736840 0.87500000
vt 0.09736840 0.87500000
vt 0.09736840 0.87500000
vt 0.09736840 0.87500000
vt 0.09078950 0.94078900
vt 0.09078950 0.94078900
vt 0.09078950 0.94078900
vt 0.09078950 0.94078900
vt 0.09078950 0.94078900
vt 0.09078950 0.94078900
vt 0.67500000 0.82894700
vt 0.09868420 0.91776300
vt 0.09868420 0.91776300
vt 0.09868420 0.91776300
vt 0.09868420 0.91776300
vt 0.09868420 0.91776300
vt 0.09868420 0.91776300
vt 0.66184200 0.80592100
vt 0.66184200 0.80592100
vt 0.66184200 0.80592100
vt 0.10000000 0.96052600
vt 0.66184200 0.80592100
vt 0.66184200 0.80592100
vt 0.65263200 0.82894700
vt 0.10921100 0.93750000
vt 0.65263200 0.82894700
vt 0.65263200 0.82894700
vt 0.10921100 0.93750000
vt 0.10921100 0.93750000
vt 0.10921100 0.93750000
vt 0.10789500 0.89473700
vt 0.10789500 0.89473700
vt 0.10789500 0.89473700
vt 0.10789500 0.89473700
vt 0.11710500 0.91447400
vt 0.11710500 0.91447400
vt 0.11710500 0.91447400
vt 0.11710500 0.91447400
vt 0.11710500 0.91447400
vt 0.11710500 0.91447400
vt 0.11710500 0.91447400
vt 0.11710500 0.91447400
vt 0.67500000 0.68092100
vt 0.67500000 0.68092100
vt 0.67500000 0.68092100
vt 0.67500000 0.68092100
vt 0.67500000 0.68092100
vt 0.67500000 0.68092100
vt 0.67500000 0.68092100
vt 0.66447400 0.68421100
vt 0.66447400 0.68421100
vt 0.66447400 0.68421100
vt 0.66447400 0.68421100
vt 0.66447400 0.68421100
vt 0.65657900 0.68750000
vt 0.65657900 0.68750000
vt 0.65657900 0.68750000
vt 0.65657900 0.68750000
vt 0.65657900 0.68750000
vt 0.68157900 0.72039500
vt 0.68157900 0.72039500
vt 0.68157900 0.72039500
vt 0.68157900 0.72039500
vt 0.68157900 0.72039500
vt 0.68157900 0.72039500
vt 0.66184200 0.72697400
vt 0.66184200 0.72697400
vt 0.66184200 0.72697400
vt 0.66184200 0.72697400
vt 0.66184200 0.72697400
vt 0.66184200 0.72697400
vt 0.66052600 0.71710500
vt 0.66052600 0.71710500
vt 0.66052600 0.71710500
vt 0.66052600 0.71710500
vt 0.66052600 0.71710500
vt 0.66052600 0.71710500
vt 0.66052600 0.71710500
vt 0.67236800 0.77302600
vt 0.67236800 0.77302600
vt 0.67236800 0.77302600
vt 0.67236800 0.77302600
vt 0.67236800 0.77302600
vt 0.67236800 0.77302600
vt 0.64078900 0.70065800
vt 0.64078900 0.70065800
vt 0.64078900 0.70065800
vt 0.64078900 0.70065800
vt 0.64078900 0.70065800
vt 0.64078900 0.70065800
vt 0.64078900 0.70065800
vt 0.62894700 0.71052600
vt 0.62894700 0.71052600
vt 0.62894700 0.71052600
vt 0.62894700 0.71052600
vt 0.62894700 0.71052600
vt 0.62894700 0.71052600
vt 0.65789500 0.73026300
vt 0.65789500 0.73026300
vt 0.65789500 0.73026300
vt 0.65789500 0.73026300
vt 0.65789500 0.73026300
vt 0.65789500 0.73026300
vt 0.64605300 0.74013200
vt 0.64605300 0.74013200
vt 0.64605300 0.74013200
vt 0.64605300 0.74013200
vt 0.64605300 0.74013200
vt 0.64605300 0.74013200
vt 0.63289500 0.75328900
vt 0.63289500 0.75328900
vt 0.63289500 0.75328900
vt 0.63289500 0.75328900
vt 0.63289500 0.75328900
vt 0.63289500 0.75328900
vt 0.63289500 0.75328900
vt 0.63289500 0.75328900
vt 0.63289500 0.75328900
vt 0.62763200 0.71710500
vt 0.62763200 0.71710500
vt 0.62763200 0.71710500
vt 0.62763200 0.71710500
vt 0.62763200 0.71710500
vt 0.54473700 0.77302600
vt 0.54473700 0.77302600
vt 0.61973700 0.76644700
vt 0.61973700 0.76644700
vt 0.54473700 0.77302600
vt 0.54473700 0.77302600
vt 0.61710500 0.74671100
vt 0.61710500 0.74671100
vt 0.54736800 0.75328900
vt 0.61710500 0.74671100
vt 0.54736800 0.75328900
vt 0.54736800 0.75328900
vt 0.62631600 0.71381600
vt 0.62631600 0.71381600
vt 0.62631600 0.71381600
vt 0.62631600 0.71381600
vt 0.61447400 0.72697400
vt 0.54868400 0.73355300
vt 0.61447400 0.72697400
vt 0.54868400 0.73355300
vt 0.61447400 0.72697400
vt 0.54868400 0.73355300
vt 0.61447400 0.72697400
vt 0.54868400 0.73355300
vt 0.65526300 0.77960500
vt 0.65526300 0.77960500
vt 0.65526300 0.77960500
vt 0.65526300 0.77960500
vt 0.65526300 0.77960500
vt 0.65526300 0.77960500
vt 0.65526300 0.77960500
vt 0.65000000 0.75986800
vt 0.65000000 0.75986800
vt 0.65000000 0.75986800
vt 0.65000000 0.75986800
vt 0.65000000 0.75986800
vt 0.64078900 0.79605300
vt 0.64078900 0.79605300
vt 0.64078900 0.79605300
vt 0.64078900 0.79605300
vt 0.63947400 0.78947400
vt 0.63947400 0.78947400
vt 0.63947400 0.78947400
vt 0.63947400 0.78947400
vt 0.63947400 0.78947400
vt 0.12368400 0.93750000
vt 0.63289500 0.80592100
vt 0.54078900 0.82565800
vt 0.63289500 0.80592100
vt 0.63289500 0.80592100
vt 0.54078900 0.82565800
vt 0.12368400 0.93750000
vt 0.63289500 0.80592100
vt 0.53026300 0.81250000
vt 0.53026300 0.81250000
vt 0.53026300 0.81250000
vt 0.53026300 0.81250000
vt 0.13157900 0.91776300
vt 0.13157900 0.91776300
vt 0.53026300 0.81250000
vt 0.53026300 0.81250000
vt 0.53684200 0.81907900
vt 0.53684200 0.81907900
vt 0.53684200 0.81907900
vt 0.53684200 0.81907900
vt 0.53684200 0.81907900
vt 0.12631600 0.93092100
vt 0.53684200 0.81907900
vt 0.12631600 0.93092100
vt 0.21973700 0.03289470
vt 0.21973700 0.03289470
vt 0.21973700 0.03289470
vt 0.21973700 0.03289470
vt 0.23947400 0.01644740
vt 0.23947400 0.01644740
vt 0.00131579 1.00000000
vt 0.00131579 1.00000000
vt 0.00000000 1.00000000
vt 0.00000000 0.99671100
vt 0.00131579 1.00000000
vt 0.23947400 0.01644740
vt 0.25000000 0.00986844
vt 0.25000000 0.00986844
vt 0.25000000 0.00986844
vt 0.25000000 0.00986844
vt 0.25000000 0.00986844
vt 0.25921100 0.00000000
vt 0.00000000 0.99671100
vt 0.25921100 0.00000000
vt 0.00131579 1.00000000
vt 0.25921100 0.00000000
vt 0.25921100 0.00000000
vt 0.25921100 0.00000000
vt 0.25921100 0.00000000
vt 0.25921100 0.00000000
vt 0.26842100 0.00986844
vt 0.26842100 0.00986844
vt 0.26842100 0.00986844
vt 0.26842100 0.00986844
vt 0.00131579 1.00000000
vt 0.00000000 0.99671100
vt 0.00000000 1.00000000
vt 0.00131579 1.00000000
vt 0.00000000 1.00000000
vt 0.00000000 0.99671100
vt 0.00000000 0.99671100
vt 0.00000000 0.99671100
vt 0.00000000 0.99671100
vt 0.00000000 1.00000000
vt 0.00000000 1.00000000
vt 0.00000000 1.00000000
vt 0.00000000 1.00000000
vt 0.00131579 1.00000000
vt 0.00131579 1.00000000
vt 0.00000000 1.00000000
vt 0.00000000 0.99671100
vt 0.00000000 0.99671100
vt 0.28289500 0.00657892
vt 0.00131579 1.00000000
vt 0.28289500 0.00657892
vt 0.28289500 0.00657892
vt 0.28289500 0.00657892
vt 0.30000000 0.02302630
vt 0.30000000 0.02302630
vt 0.30000000 0.02302630
vt 0.30000000 0.02302630
vt 0.30000000 0.02302630
vt 0.96973700 0.12171100
vt 0.20394700 0.07565790
vt 0.20394700 0.07565790
vt 0.96973700 0.12171100
vt 0.96973700 0.12171100
vt 0.96973700 0.12171100
vt 0.96973700 0.12171100
vt 0.96973700 0.12171100
vt 0.96710500 0.10855300
vt 0.96710500 0.10855300
vt 0.96710500 0.10855300
vt 0.96710500 0.10855300
vt 0.96710500 0.10855300
vt 0.21315800 0.05592110
vt 0.21315800 0.05592110
vt 0.21315800 0.05592110
vt 0.21315800 0.05592110
vt 0.21315800 0.05592110
vt 0.21315800 0.05592110
vt 0.97763200 0.12500000
vt 0.21710500 0.04276320
vt 0.21710500 0.04276320
vt 0.21710500 0.04276320
vt 0.21710500 0.04276320
vt 0.97763200 0.12500000
vt 0.21710500 0.04276320
vt 0.97236800 0.14802600
vt 0.97236800 0.14802600
vt 0.97236800 0.14802600
vt 0.97236800 0.14802600
vt 0.21184200 0.08223680
vt 0.98289500 0.16447400
vt 0.98289500 0.16447400
vt 0.21184200 0.08223680
vt 0.21184200 0.08223680
vt 0.21184200 0.08223680
vt 0.22631600 0.04276320
vt 0.22631600 0.04276320
vt 0.22631600 0.04276320
vt 0.22631600 0.04276320
vt 0.22631600 0.03618420
vt 0.22631600 0.03618420
vt 0.22631600 0.03618420
vt 0.22631600 0.03618420
vt 0.22631600 0.03618420
vt 0.22894700 0.03947370
vt 0.22894700 0.03947370
vt 0.22894700 0.03947370
vt 0.22894700 0.03947370
vt 0.22894700 0.03947370
vt 0.22894700 0.03947370
vt 0.22368400 0.06907890
vt 0.22368400 0.06907890
vt 0.22368400 0.06907890
vt 0.22368400 0.06907890
vt 0.22368400 0.06907890
vt 0.22368400 0.06907890
vt 0.22368400 0.06907890
vt 0.22368400 0.06907890
vt 0.23289500 0.06250000
vt 0.23289500 0.06250000
vt 0.23289500 0.06250000
vt 0.23289500 0.06250000
vt 0.23289500 0.06250000
vt 0.23289500 0.06250000
vt 0.96315800 0.10197400
vt 0.96315800 0.10197400
vt 0.20921100 0.05263160
vt 0.96315800 0.10197400
vt 0.00000000 1.00000000
vt 0.20921100 0.05263160
vt 0.23289500 0.01973680
vt 0.23289500 0.01973680
vt 0.23289500 0.01973680
vt 0.23289500 0.01973680
vt 0.23289500 0.01973680
vt 0.23289500 0.01973680
vt 0.23289500 0.01973680
vt 0.23289500 0.01973680
vt 0.24605300 0.00986844
vt 0.24605300 0.00986844
vt 0.24605300 0.00986844
vt 0.24605300 0.00986844
vt 0.24605300 0.00986844
vt 0.24342100 0.03289470
vt 0.24342100 0.03289470
vt 0.24342100 0.03289470
vt 0.24342100 0.03289470
vt 0.24342100 0.03289470
vt 0.24342100 0.03289470
vt 0.24342100 0.03289470
vt 0.24868400 0.01315790
vt 0.24868400 0.01315790
vt 0.24868400 0.01315790
vt 0.24868400 0.01315790
vt 0.24868400 0.01315790
vt 0.24078900 0.05921050
vt 0.24078900 0.05921050
vt 0.24078900 0.05921050
vt 0.24078900 0.05921050
vt 0.24078900 0.05921050
vt 0.20263200 0.13486800
vt 0.20263200 0.13486800
vt 0.97236800 0.18092100
vt 0.97236800 0.18092100
vt 0.97236800 0.18092100
vt 0.97236800 0.18092100
vt 0.21315800 0.11513200
vt 0.21315800 0.11513200
vt 0.21315800 0.11513200
vt 0.21315800 0.11513200
vt 0.21315800 0.11513200
vt 0.21315800 0.11513200
vt 0.21315800 0.11513200
vt 0.21315800 0.11513200
vt 0.20526300 0.16776300
vt 0.20526300 0.16776300
vt 0.20526300 0.16776300
vt 0.97105300 0.21381600
vt 0.97105300 0.21381600
vt 0.20526300 0.16776300
vt 0.97105300 0.21381600
vt 0.97105300 0.21381600
vt 0.21578900 0.15131600
vt 0.21578900 0.15131600
vt 0.21578900 0.15131600
vt 0.21578900 0.15131600
vt 0.22500000 0.10197400
vt 0.22500000 0.10197400
vt 0.22500000 0.10197400
vt 0.22500000 0.10197400
vt 0.23157900 0.09539470
vt 0.23157900 0.09539470
vt 0.23157900 0.09539470
vt 0.23157900 0.09539470
vt 0.23157900 0.09539470
vt 0.22368400 0.14144700
vt 0.22368400 0.14144700
vt 0.22368400 0.14144700
vt 0.22368400 0.14144700
vt 0.22368400 0.14144700
vt 0.22368400 0.14144700
vt 0.22368400 0.14144700
vt 0.22763200 0.12171100
vt 0.22763200 0.12171100
vt 0.22763200 0.12171100
vt 0.22763200 0.12171100
vt 0.22763200 0.12171100
vt 0.22763200 0.12171100
vt 0.22763200 0.12171100
vt 0.24210500 0.08881580
vt 0.24210500 0.08881580
vt 0.24210500 0.08881580
vt 0.24210500 0.08881580
vt 0.24210500 0.08881580
vt 0.24210500 0.08881580
vt 0.24210500 0.08881580
vt 0.24210500 0.08881580
vt 0.22894700 0.13486800
vt 0.22894700 0.13486800
vt 0.22894700 0.13486800
vt 0.22894700 0.13486800
vt 0.22894700 0.13486800
vt 0.24605300 0.12500000
vt 0.24605300 0.12500000
vt 0.24605300 0.12500000
vt 0.24605300 0.12500000
vt 0.24605300 0.12500000
vt 0.25394700 0.02960530
vt 0.25394700 0.02960530
vt 0.25394700 0.02960530
vt 0.25394700 0.02960530
vt 0.25394700 0.02960530
vt 0.25394700 0.02960530
vt 0.25394700 0.02960530
vt 0.26578900 0.02960530
vt 0.26578900 0.02960530
vt 0.26578900 0.02960530
vt 0.26578900 0.02960530
vt 0.26578900 0.02960530
vt 0.26973700 0.01644740
vt 0.26973700 0.01644740
vt 0.26973700 0.01644740
vt 0.26973700 0.01644740
vt 0.26973700 0.01644740
vt 0.26973700 0.01644740
vt 0.26973700 0.01644740
vt 0.26973700 0.01644740
vt 0.26973700 0.01644740
vt 0.27236800 0.02960530
vt 0.27236800 0.02960530
vt 0.27236800 0.02960530
vt 0.27236800 0.02960530
vt 0.25657900 0.05592110
vt 0.25657900 0.05592110
vt 0.25657900 0.05592110
vt 0.25657900 0.05592110
vt 0.25657900 0.05592110
vt 0.26315800 0.05592110
vt 0.26315800 0.05592110
vt 0.26315800 0.05592110
vt 0.26315800 0.05592110
vt 0.26315800 0.05592110
vt 0.26315800 0.05592110
vt 0.27500000 0.05921050
vt 0.27500000 0.05921050
vt 0.27500000 0.05921050
vt 0.27500000 0.05921050
vt 0.27500000 0.05921050
vt 0.27500000 0.05921050
vt 0.27500000 0.05921050
vt 0.27500000 0.05921050
vt 0.25657900 0.08881580
vt 0.25657900 0.08881580
vt 0.25657900 0.08881580
vt 0.25657900 0.08881580
vt 0.25657900 0.08881580
vt 0.26447400 0.08881580
vt 0.26447400 0.08881580
vt 0.26447400 0.08881580
vt 0.26447400 0.08881580
vt 0.26447400 0.08881580
vt 0.26447400 0.08881580
vt 0.27500000 0.08881580
vt 0.27500000 0.08881580
vt 0.27500000 0.08881580
vt 0.27500000 0.08881580
vt 0.27500000 0.08881580
vt 0.27500000 0.08881580
vt 0.25263200 0.12500000
vt 0.25263200 0.12500000
vt 0.25263200 0.12500000
vt 0.25263200 0.12500000
vt 0.25263200 0.12500000
vt 0.25263200 0.12500000
vt 0.25263200 0.12500000
vt 0.26842100 0.12500000
vt 0.26842100 0.12500000
vt 0.26842100 0.12500000
vt 0.26842100 0.12500000
vt 0.26842100 0.12500000
vt 0.27236800 0.12500000
vt 0.27236800 0.12500000
vt 0.27236800 0.12500000
vt 0.27236800 0.12500000
vt 0.27368400 0.00986844
vt 0.27368400 0.00986844
vt 0.27368400 0.00986844
vt 0.27368400 0.00986844
vt 0.28552600 0.01315790
vt 0.28552600 0.01315790
vt 0.28552600 0.01315790
vt 0.28552600 0.01315790
vt 0.28552600 0.01315790
vt 0.28552600 0.01315790
vt 0.28552600 0.01315790
vt 0.28947400 0.03618420
vt 0.28947400 0.03618420
vt 0.28947400 0.03618420
vt 0.28947400 0.03618420
vt 0.28947400 0.03618420
vt 0.28947400 0.03618420
vt 0.28947400 0.03618420
vt 0.28947400 0.03618420
vt 0.30131600 0.04605260
vt 0.30131600 0.04605260
vt 0.30131600 0.04605260
vt 0.30131600 0.04605260
vt 0.30131600 0.04605260
vt 0.30394700 0.03947370
vt 0.30394700 0.03947370
vt 0.30394700 0.03947370
vt 0.30394700 0.03947370
vt 0.30394700 0.03947370
vt 0.30394700 0.03947370
vt 0.30394700 0.03947370
vt 0.29078900 0.06578950
vt 0.29078900 0.06578950
vt 0.29078900 0.06578950
vt 0.29078900 0.06578950
vt 0.29736800 0.06907890
vt 0.29736800 0.06907890
vt 0.29736800 0.06907890
vt 0.29736800 0.06907890
vt 0.29736800 0.06907890
vt 0.29736800 0.06907890
vt 0.30394700 0.04605260
vt 0.30394700 0.04605260
vt 0.30394700 0.04605260
vt 0.30394700 0.04605260
vt 0.30526300 0.07565790
vt 0.30526300 0.07565790
vt 0.30526300 0.07565790
vt 0.30526300 0.07565790
vt 0.30526300 0.07565790
vt 0.30526300 0.07565790
vt 0.30526300 0.07565790
vt 0.30526300 0.07565790
vt 0.31315800 0.03289470
vt 0.31315800 0.03289470
vt 0.31315800 0.03289470
vt 0.31315800 0.03289470
vt 0.31315800 0.03289470
vt 0.31447400 0.03947370
vt 0.31447400 0.03947370
vt 0.31447400 0.03947370
vt 0.31447400 0.03947370
vt 0.31447400 0.03947370
vt 0.31447400 0.03947370
vt 0.31710500 0.05921050
vt 0.38421100 0.12828900
vt 0.31710500 0.05921050
vt 0.31710500 0.05921050
vt 0.31710500 0.05921050
vt 0.31710500 0.05921050
vt 0.38421100 0.12828900
vt 0.31710500 0.05921050
vt 0.31842100 0.08881580
vt 0.31842100 0.08881580
vt 0.31842100 0.08881580
vt 0.31842100 0.08881580
vt 0.29078900 0.09539470
vt 0.29078900 0.09539470
vt 0.29078900 0.09539470
vt 0.29078900 0.09539470
vt 0.29078900 0.09539470
vt 0.29078900 0.09539470
vt 0.30000000 0.10197400
vt 0.30000000 0.10197400
vt 0.30000000 0.10197400
vt 0.30000000 0.10197400
vt 0.30000000 0.10197400
vt 0.30000000 0.10197400
vt 0.28947400 0.13157900
vt 0.28947400 0.13157900
vt 0.28947400 0.13157900
vt 0.28947400 0.13157900
vt 0.28947400 0.13157900
vt 0.28947400 0.13157900
vt 0.28947400 0.13157900
vt 0.28947400 0.13157900
vt 0.28947400 0.13157900
vt 0.28947400 0.13157900
vt 0.30394700 0.14144700
vt 0.30394700 0.14144700
vt 0.30394700 0.14144700
vt 0.30394700 0.14144700
vt 0.30394700 0.14144700
vt 0.30394700 0.14144700
vt 0.30526300 0.12171100
vt 0.30526300 0.12171100
vt 0.30526300 0.12171100
vt 0.30526300 0.12171100
vt 0.30526300 0.12171100
vt 0.30526300 0.12171100
vt 0.30526300 0.10855300
vt 0.30526300 0.10855300
vt 0.30526300 0.10855300
vt 0.30526300 0.10855300
vt 0.38815800 0.22368400
vt 0.31578900 0.15460500
vt 0.31578900 0.15460500
vt 0.38815800 0.22368400
vt 0.31578900 0.14144700
vt 0.31578900 0.14144700
vt 0.38684200 0.21052600
vt 0.38684200 0.21052600
vt 0.31578900 0.14144700
vt 0.38684200 0.21052600
vt 0.38552600 0.19078900
vt 0.31710500 0.12171100
vt 0.31710500 0.12171100
vt 0.31710500 0.12171100
vt 0.31710500 0.12171100
vt 0.38552600 0.19078900
vt 0.31710500 0.12171100
vt 0.38552600 0.19078900
vt 0.20789500 0.19407900
vt 0.96842100 0.24013200
vt 0.96842100 0.24013200
vt 0.20789500 0.19407900
vt 0.96842100 0.24013200
vt 0.20789500 0.19407900
vt 0.21710500 0.16447400
vt 0.21710500 0.16447400
vt 0.21710500 0.16447400
vt 0.21710500 0.16447400
vt 0.21710500 0.16447400
vt 0.20921100 0.20065800
vt 0.20921100 0.20065800
vt 0.20921100 0.20065800
vt 0.96710500 0.25000000
vt 0.96710500 0.25000000
vt 0.22105300 0.18750000
vt 0.22105300 0.18750000
vt 0.22105300 0.18750000
vt 0.22105300 0.18750000
vt 0.22105300 0.18750000
vt 0.22105300 0.18750000
vt 0.22105300 0.18750000
vt 0.22105300 0.18750000
vt 0.22105300 0.18750000
vt 0.21578900 0.24013200
vt 0.21578900 0.24013200
vt 0.21578900 0.24013200
vt 0.21578900 0.24013200
vt 0.21578900 0.24013200
vt 0.21578900 0.24013200
vt 0.22763200 0.22697400
vt 0.22763200 0.22697400
vt 0.22763200 0.22697400
vt 0.22763200 0.22697400
vt 0.23552600 0.17434200
vt 0.23552600 0.17434200
vt 0.23552600 0.17434200
vt 0.23552600 0.17434200
vt 0.23552600 0.17434200
vt 0.23552600 0.17434200
vt 0.24473700 0.17105300
vt 0.24473700 0.17105300
vt 0.24473700 0.17105300
vt 0.24473700 0.17105300
vt 0.25000000 0.14473700
vt 0.25000000 0.14473700
vt 0.25000000 0.14473700
vt 0.25000000 0.14473700
vt 0.25000000 0.14473700
vt 0.25000000 0.14473700
vt 0.25000000 0.14473700
vt 0.25000000 0.14473700
vt 0.25394700 0.16776300
vt 0.25394700 0.16776300
vt 0.25394700 0.16776300
vt 0.25394700 0.16776300
vt 0.25394700 0.16776300
vt 0.25394700 0.16776300
vt 0.23421100 0.22039500
vt 0.23421100 0.22039500
vt 0.23421100 0.22039500
vt 0.23421100 0.22039500
vt 0.23421100 0.22039500
vt 0.23421100 0.22039500
vt 0.23947400 0.19407900
vt 0.23947400 0.19407900
vt 0.23947400 0.19407900
vt 0.23947400 0.19407900
vt 0.23947400 0.19407900
vt 0.23947400 0.19407900
vt 0.24342100 0.21381600
vt 0.24342100 0.21381600
vt 0.24342100 0.21381600
vt 0.24342100 0.21381600
vt 0.24342100 0.21381600
vt 0.24342100 0.21381600
vt 0.24342100 0.21381600
vt 0.24342100 0.21381600
vt 0.26052600 0.21052600
vt 0.26052600 0.21052600
vt 0.26052600 0.21052600
vt 0.26052600 0.21052600
vt 0.26184200 0.20065800
vt 0.26184200 0.20065800
vt 0.26184200 0.20065800
vt 0.26184200 0.20065800
vt 0.26184200 0.20065800
vt 0.26184200 0.20065800
vt 0.21973700 0.26644700
vt 0.95921100 0.31907900
vt 0.21973700 0.26644700
vt 0.95921100 0.31907900
vt 0.21973700 0.26644700
vt 0.21973700 0.26644700
vt 0.23026300 0.23684200
vt 0.23026300 0.23684200
vt 0.23026300 0.23684200
vt 0.23026300 0.23684200
vt 0.23026300 0.23684200
vt 0.22236800 0.27960500
vt 0.22236800 0.27960500
vt 0.95789500 0.33223700
vt 0.95789500 0.33223700
vt 0.95789500 0.33223700
vt 0.95789500 0.33223700
vt 0.23421100 0.26315800
vt 0.23421100 0.26315800
vt 0.23421100 0.26315800
vt 0.23421100 0.26315800
vt 0.23421100 0.26315800
vt 0.23421100 0.26315800
vt 0.23421100 0.26315800
vt 0.23421100 0.26315800
vt 0.23421100 0.26315800
vt 0.23421100 0.26315800
vt 0.22631600 0.31578900
vt 0.22631600 0.31578900
vt 0.22631600 0.31578900
vt 0.95394700 0.36842100
vt 0.22631600 0.31578900
vt 0.22631600 0.31578900
vt 0.23947400 0.30263200
vt 0.23947400 0.30263200
vt 0.23947400 0.30263200
vt 0.23947400 0.30263200
vt 0.25131600 0.25328900
vt 0.25131600 0.25328900
vt 0.25131600 0.25328900
vt 0.25131600 0.25328900
vt 0.25263200 0.25328900
vt 0.25263200 0.25328900
vt 0.25263200 0.25328900
vt 0.25263200 0.25328900
vt 0.25263200 0.25328900
vt 0.25263200 0.25328900
vt 0.25263200 0.25328900
vt 0.24605300 0.29605300
vt 0.24605300 0.29605300
vt 0.24605300 0.29605300
vt 0.24605300 0.29605300
vt 0.24605300 0.29605300
vt 0.25263200 0.25986800
vt 0.25263200 0.25986800
vt 0.25263200 0.25986800
vt 0.25263200 0.25986800
vt 0.25263200 0.25986800
vt 0.25263200 0.25986800
vt 0.25263200 0.25986800
vt 0.26842100 0.16447400
vt 0.26842100 0.16447400
vt 0.26842100 0.16447400
vt 0.26842100 0.16447400
vt 0.26842100 0.16447400
vt 0.26842100 0.16447400
vt 0.27105300 0.13815800
vt 0.27105300 0.13815800
vt 0.27105300 0.13815800
vt 0.27105300 0.13815800
vt 0.27105300 0.13815800
vt 0.27105300 0.13815800
vt 0.27105300 0.13815800
vt 0.26315800 0.20723700
vt 0.26315800 0.20723700
vt 0.26315800 0.20723700
vt 0.26315800 0.20723700
vt 0.26315800 0.20723700
vt 0.27368400 0.25328900
vt 0.27368400 0.25328900
vt 0.27368400 0.25328900
vt 0.27368400 0.25328900
vt 0.27368400 0.25328900
vt 0.27368400 0.25000000
vt 0.27368400 0.25000000
vt 0.27368400 0.25000000
vt 0.27368400 0.25000000
vt 0.27368400 0.25000000
vt 0.27368400 0.25000000
vt 0.27500000 0.25328900
vt 0.27500000 0.25328900
vt 0.27500000 0.25328900
vt 0.27500000 0.25328900
vt 0.27500000 0.25328900
vt 0.25657900 0.29276300
vt 0.25657900 0.29276300
vt 0.25657900 0.29276300
vt 0.25657900 0.29276300
vt 0.25657900 0.29276300
vt 0.26973700 0.29276300
vt 0.26973700 0.29276300
vt 0.26973700 0.29276300
vt 0.26973700 0.29276300
vt 0.26973700 0.29276300
vt 0.26973700 0.29276300
vt 0.26973700 0.29276300
vt 0.26973700 0.29276300
vt 0.26973700 0.29276300
vt 0.28552600 0.29934200
vt 0.28552600 0.29934200
vt 0.28552600 0.29934200
vt 0.28552600 0.29934200
vt 0.28552600 0.29934200
vt 0.28552600 0.29934200
vt 0.28552600 0.28947400
vt 0.28552600 0.28947400
vt 0.28552600 0.28947400
vt 0.28552600 0.28947400
vt 0.28552600 0.28947400
vt 0.28552600 0.28947400
vt 0.41184200 0.37500000
vt 0.41184200 0.37500000
vt 0.29736800 0.31250000
vt 0.29736800 0.31250000
vt 0.41052600 0.37171100
vt 0.41052600 0.37171100
vt 0.29736800 0.30921100
vt 0.29736800 0.30921100
vt 0.41052600 0.37171100
vt 0.29736800 0.30921100
vt 0.27763200 0.16776300
vt 0.27763200 0.16776300
vt 0.27763200 0.16776300
vt 0.27763200 0.16776300
vt 0.27763200 0.16776300
vt 0.27763200 0.16776300
vt 0.28552600 0.16776300
vt 0.28552600 0.16776300
vt 0.28552600 0.16776300
vt 0.28552600 0.16776300
vt 0.30000000 0.17763200
vt 0.30000000 0.17763200
vt 0.30000000 0.17763200
vt 0.30000000 0.17763200
vt 0.30000000 0.17763200
vt 0.30000000 0.17763200
vt 0.27894700 0.21052600
vt 0.27894700 0.21052600
vt 0.27894700 0.21052600
vt 0.27894700 0.21052600
vt 0.27894700 0.21052600
vt 0.27894700 0.21052600
vt 0.27894700 0.21052600
vt 0.27894700 0.21052600
vt 0.27894700 0.21052600
vt 0.28421100 0.18421100
vt 0.28421100 0.18421100
vt 0.28421100 0.18421100
vt 0.28421100 0.18421100
vt 0.28421100 0.18421100
vt 0.29473700 0.22039500
vt 0.29473700 0.22039500
vt 0.29473700 0.22039500
vt 0.29473700 0.22039500
vt 0.29473700 0.22039500
vt 0.29473700 0.22039500
vt 0.29473700 0.21381600
vt 0.29473700 0.21381600
vt 0.29473700 0.21381600
vt 0.29473700 0.21381600
vt 0.29473700 0.21381600
vt 0.29473700 0.21381600
vt 0.31184200 0.19407900
vt 0.31184200 0.19407900
vt 0.39210500 0.25986800
vt 0.39210500 0.25986800
vt 0.31184200 0.19407900
vt 0.31184200 0.19407900
vt 0.39210500 0.25986800
vt 0.39210500 0.25986800
vt 0.39868400 0.29934200
vt 0.39868400 0.29934200
vt 0.30657900 0.23355300
vt 0.30657900 0.23355300
vt 0.30657900 0.23355300
vt 0.30657900 0.23355300
vt 0.30657900 0.23355300
vt 0.39868400 0.29934200
vt 0.39868400 0.29934200
vt 0.39868400 0.29934200
vt 0.28947400 0.26315800
vt 0.28947400 0.26315800
vt 0.28947400 0.26315800
vt 0.28947400 0.26315800
vt 0.28947400 0.26315800
vt 0.28947400 0.26315800
vt 0.40526300 0.33881600
vt 0.30131600 0.27631600
vt 0.40526300 0.33881600
vt 0.30131600 0.27631600
vt 0.30131600 0.27631600
vt 0.40526300 0.33881600
vt 0.40526300 0.33881600
vt 0.30131600 0.27631600
vt 0.23026300 0.35197400
vt 0.95131600 0.40460500
vt 0.23026300 0.35197400
vt 0.23026300 0.35197400
vt 0.23026300 0.35197400
vt 0.23026300 0.35197400
vt 0.95131600 0.40460500
vt 0.24078900 0.33881600
vt 0.24078900 0.33881600
vt 0.24078900 0.33881600
vt 0.24078900 0.33881600
vt 0.24078900 0.33881600
vt 0.24210500 0.32894700
vt 0.24210500 0.32894700
vt 0.24210500 0.32894700
vt 0.24210500 0.32894700
vt 0.24210500 0.32894700
vt 0.24210500 0.32894700
vt 0.24210500 0.32894700
vt 0.24210500 0.32894700
vt 0.95000000 0.43750000
vt 0.23289500 0.38486800
vt 0.95000000 0.43750000
vt 0.23289500 0.38486800
vt 0.23289500 0.38486800
vt 0.23289500 0.38486800
vt 0.23289500 0.38486800
vt 0.23289500 0.38486800
vt 0.23289500 0.38486800
vt 0.23289500 0.38486800
vt 0.23157900 0.41776300
vt 0.95000000 0.46710500
vt 0.23157900 0.41776300
vt 0.23157900 0.41776300
vt 0.23157900 0.41776300
vt 0.23289500 0.38815800
vt 0.23289500 0.38815800
vt 0.23289500 0.38815800
vt 0.23289500 0.38815800
vt 0.23289500 0.38815800
vt 0.23289500 0.38815800
vt 0.23289500 0.38815800
vt 0.23289500 0.42434200
vt 0.23289500 0.42434200
vt 0.23289500 0.42434200
vt 0.23289500 0.42434200
vt 0.95131600 0.47697400
vt 0.23289500 0.42434200
vt 0.23289500 0.42434200
vt 0.24342100 0.33552600
vt 0.24342100 0.33552600
vt 0.24342100 0.33552600
vt 0.24342100 0.33552600
vt 0.24342100 0.33552600
vt 0.24605300 0.37171100
vt 0.24605300 0.37171100
vt 0.24605300 0.37171100
vt 0.24605300 0.37171100
vt 0.24605300 0.37171100
vt 0.24605300 0.37171100
vt 0.24605300 0.37171100
vt 0.24605300 0.37171100
vt 0.26184200 0.32894700
vt 0.26184200 0.32894700
vt 0.26184200 0.32894700
vt 0.26184200 0.32894700
vt 0.26184200 0.32894700
vt 0.26184200 0.32894700
vt 0.26578900 0.33223700
vt 0.26578900 0.33223700
vt 0.26578900 0.33223700
vt 0.26578900 0.33223700
vt 0.28157900 0.33881600
vt 0.28157900 0.33881600
vt 0.28157900 0.33881600
vt 0.28157900 0.33881600
vt 0.28157900 0.33881600
vt 0.28157900 0.33881600
vt 0.28157900 0.33881600
vt 0.26315800 0.36842100
vt 0.26315800 0.36842100
vt 0.26315800 0.36842100
vt 0.26315800 0.36842100
vt 0.26447400 0.34539500
vt 0.26447400 0.34539500
vt 0.26447400 0.34539500
vt 0.26447400 0.34539500
vt 0.26447400 0.34539500
vt 0.26447400 0.34539500
vt 0.26447400 0.34539500
vt 0.26447400 0.34539500
vt 0.26710500 0.36842100
vt 0.26710500 0.36842100
vt 0.26710500 0.36842100
vt 0.26710500 0.36842100
vt 0.26710500 0.36842100
vt 0.27894700 0.37500000
vt 0.27894700 0.37500000
vt 0.27894700 0.37500000
vt 0.27894700 0.37500000
vt 0.27894700 0.37500000
vt 0.27894700 0.37500000
vt 0.27894700 0.37500000
vt 0.41578900 0.41118400
vt 0.41578900 0.41118400
vt 0.41578900 0.41118400
vt 0.29342100 0.35197400
vt 0.29342100 0.35197400
vt 0.29342100 0.35197400
vt 0.29210500 0.38815800
vt 0.29210500 0.38815800
vt 0.41842100 0.44736800
vt 0.29210500 0.38815800
vt 0.41842100 0.44736800
vt 0.41842100 0.44736800
vt 0.23289500 0.41776300
vt 0.23289500 0.41776300
vt 0.23289500 0.41776300
vt 0.23289500 0.41776300
vt 0.24736800 0.40460500
vt 0.24736800 0.40460500
vt 0.24736800 0.40460500
vt 0.24736800 0.40460500
vt 0.24736800 0.40460500
vt 0.24736800 0.40460500
vt 0.24736800 0.40460500
vt 0.24736800 0.40460500
vt 0.26184200 0.40131600
vt 0.26184200 0.40131600
vt 0.26184200 0.40131600
vt 0.26184200 0.40131600
vt 0.26184200 0.40131600
vt 0.26184200 0.40131600
vt 0.26184200 0.40131600
vt 0.27105300 0.40460500
vt 0.27105300 0.40460500
vt 0.27105300 0.40460500
vt 0.27105300 0.40460500
vt 0.27105300 0.40460500
vt 0.27105300 0.40460500
vt 0.27763200 0.40789500
vt 0.27763200 0.40789500
vt 0.27763200 0.40789500
vt 0.27763200 0.40789500
vt 0.41842100 0.48026300
vt 0.29078900 0.42105300
vt 0.29078900 0.42105300
vt 0.29078900 0.42105300
vt 0.41842100 0.48026300
vt 0.41842100 0.48026300
vt 0.29078900 0.42105300
vt 0.29078900 0.42105300
vt 0.22894700 0.47368400
vt 0.22894700 0.47368400
vt 0.22894700 0.47368400
vt 0.22894700 0.47368400
vt 0.22894700 0.47368400
vt 0.22894700 0.47368400
vt 0.22894700 0.47368400
vt 0.22894700 0.47368400
vt 0.24342100 0.46052600
vt 0.24342100 0.46052600
vt 0.24342100 0.46052600
vt 0.24342100 0.46052600
vt 0.24342100 0.46052600
vt 0.24342100 0.46052600
vt 0.24342100 0.46052600
vt 0.24342100 0.46052600
vt 0.24342100 0.46052600
vt 0.24342100 0.46052600
vt 0.24342100 0.46052600
vt 0.22236800 0.50000000
vt 0.22236800 0.50000000
vt 0.96052600 0.54934200
vt 0.96052600 0.54934200
vt 0.22236800 0.50000000
vt 0.22236800 0.50000000
vt 0.23815800 0.48684200
vt 0.23815800 0.48684200
vt 0.23815800 0.48684200
vt 0.23815800 0.48684200
vt 0.23815800 0.48684200
vt 0.23815800 0.48684200
vt 0.23815800 0.48684200
vt 0.23815800 0.48684200
vt 0.23815800 0.48684200
vt 0.24342100 0.46052600
vt 0.24342100 0.46052600
vt 0.24342100 0.46052600
vt 0.24342100 0.46052600
vt 0.24342100 0.46052600
vt 0.24342100 0.46052600
vt 0.24342100 0.46052600
vt 0.25131600 0.48026300
vt 0.25131600 0.48026300
vt 0.25131600 0.48026300
vt 0.25131600 0.48026300
vt 0.21842100 0.52631600
vt 0.21842100 0.52631600
vt 0.21842100 0.52631600
vt 0.21842100 0.52631600
vt 0.22105300 0.51315800
vt 0.22105300 0.51315800
vt 0.96315800 0.56578900
vt 0.22105300 0.51315800
vt 0.22105300 0.51315800
vt 0.22105300 0.51315800
vt 0.22894700 0.51644700
vt 0.22894700 0.51644700
vt 0.22894700 0.51644700
vt 0.22894700 0.51644700
vt 0.22894700 0.51644700
vt 0.22894700 0.51644700
vt 0.23157900 0.51315800
vt 0.23157900 0.51315800
vt 0.23157900 0.51315800
vt 0.23157900 0.51315800
vt 0.23157900 0.51315800
vt 0.96842100 0.60197400
vt 0.21447400 0.55263200
vt 0.21447400 0.55263200
vt 0.21447400 0.55263200
vt 0.21447400 0.55263200
vt 0.21447400 0.55263200
vt 0.21447400 0.55263200
vt 0.21447400 0.55263200
vt 0.22763200 0.53947400
vt 0.22763200 0.53947400
vt 0.22763200 0.53947400
vt 0.22763200 0.53947400
vt 0.23157900 0.51973700
vt 0.23157900 0.51973700
vt 0.23157900 0.51973700
vt 0.23157900 0.51973700
vt 0.23157900 0.51973700
vt 0.23157900 0.51973700
vt 0.25131600 0.50328900
vt 0.25131600 0.50328900
vt 0.25131600 0.50328900
vt 0.25131600 0.50328900
vt 0.25131600 0.50328900
vt 0.25131600 0.50328900
vt 0.25394700 0.49342100
vt 0.25394700 0.49342100
vt 0.25394700 0.49342100
vt 0.25394700 0.49342100
vt 0.25394700 0.49342100
vt 0.25394700 0.49342100
vt 0.25394700 0.49342100
vt 0.25394700 0.49342100
vt 0.25657900 0.50328900
vt 0.25657900 0.50328900
vt 0.25657900 0.50328900
vt 0.25657900 0.50328900
vt 0.25657900 0.50328900
vt 0.25657900 0.50328900
vt 0.25657900 0.50328900
vt 0.23815800 0.53289500
vt 0.23815800 0.53289500
vt 0.23815800 0.53289500
vt 0.23815800 0.53289500
vt 0.23815800 0.53289500
vt 0.23815800 0.53289500
vt 0.24473700 0.52960500
vt 0.24473700 0.52960500
vt 0.24473700 0.52960500
vt 0.24473700 0.52960500
vt 0.24473700 0.52960500
vt 0.24473700 0.52960500
vt 0.26315800 0.52631600
vt 0.26315800 0.52631600
vt 0.26315800 0.52631600
vt 0.26315800 0.52631600
vt 0.26578900 0.45723700
vt 0.26578900 0.45723700
vt 0.26578900 0.45723700
vt 0.26578900 0.45723700
vt 0.26578900 0.45723700
vt 0.26578900 0.45723700
vt 0.26578900 0.45723700
vt 0.26578900 0.45723700
vt 0.26578900 0.45723700
vt 0.26578900 0.45723700
vt 0.28157900 0.46381600
vt 0.28157900 0.46381600
vt 0.28157900 0.46381600
vt 0.28157900 0.46381600
vt 0.28157900 0.46381600
vt 0.28157900 0.46381600
vt 0.28157900 0.46381600
vt 0.28157900 0.46381600
vt 0.25921100 0.48026300
vt 0.25921100 0.48026300
vt 0.25921100 0.48026300
vt 0.25921100 0.48026300
vt 0.25921100 0.48026300
vt 0.26578900 0.46052600
vt 0.26578900 0.46052600
vt 0.26578900 0.46052600
vt 0.26578900 0.46052600
vt 0.26578900 0.46052600
vt 0.26578900 0.46052600
vt 0.26973700 0.48355300
vt 0.26973700 0.48355300
vt 0.26973700 0.48355300
vt 0.26973700 0.48355300
vt 0.26973700 0.48355300
vt 0.26973700 0.48355300
vt 0.26973700 0.48355300
vt 0.26973700 0.48355300
vt 0.28684200 0.49013200
vt 0.28684200 0.49013200
vt 0.28684200 0.49013200
vt 0.28684200 0.49013200
vt 0.28684200 0.49013200
vt 0.28684200 0.49013200
vt 0.29605300 0.47697400
vt 0.41578900 0.53618400
vt 0.29605300 0.47697400
vt 0.29605300 0.47697400
vt 0.29605300 0.47697400
vt 0.29605300 0.47697400
vt 0.30000000 0.50328900
vt 0.30000000 0.50328900
vt 0.30000000 0.50328900
vt 0.30000000 0.50328900
vt 0.27500000 0.50657900
vt 0.27500000 0.50657900
vt 0.27500000 0.50657900
vt 0.27500000 0.50657900
vt 0.27500000 0.50657900
vt 0.28026300 0.50657900
vt 0.28026300 0.50657900
vt 0.28026300 0.50657900
vt 0.28026300 0.50657900
vt 0.28026300 0.50657900
vt 0.28026300 0.50657900
vt 0.28026300 0.50657900
vt 0.28815800 0.50000000
vt 0.28815800 0.50000000
vt 0.28815800 0.50000000
vt 0.28815800 0.50000000
vt 0.28815800 0.50000000
vt 0.28815800 0.50000000
vt 0.26973700 0.52631600
vt 0.26973700 0.52631600
vt 0.26973700 0.52631600
vt 0.26973700 0.52631600
vt 0.26973700 0.52631600
vt 0.27631600 0.51315800
vt 0.27631600 0.51315800
vt 0.27631600 0.51315800
vt 0.27631600 0.51315800
vt 0.27631600 0.51315800
vt 0.30000000 0.50657900
vt 0.30000000 0.50657900
vt 0.30000000 0.50657900
vt 0.30000000 0.50657900
vt 0.30000000 0.50657900
vt 0.41052600 0.56578900
vt 0.29078900 0.51315800
vt 0.29078900 0.51315800
vt 0.29078900 0.51315800
vt 0.29078900 0.51315800
vt 0.28026300 0.52960500
vt 0.28026300 0.52960500
vt 0.28026300 0.52960500
vt 0.28026300 0.52960500
vt 0.28026300 0.52960500
vt 0.28026300 0.52960500
vt 0.29605300 0.53947400
vt 0.29605300 0.53947400
vt 0.29605300 0.53947400
vt 0.29605300 0.53947400
vt 0.29605300 0.53947400
vt 0.29605300 0.53947400
vt 0.29605300 0.53947400
vt 0.30394700 0.52631600
vt 0.30394700 0.52631600
vt 0.30394700 0.52631600
vt 0.30394700 0.52631600
vt 0.30394700 0.52631600
vt 0.40657900 0.58881600
vt 0.40657900 0.58881600
vt 0.30394700 0.52631600
vt 0.30789500 0.55263200
vt 0.30789500 0.55263200
vt 0.30789500 0.55263200
vt 0.40263200 0.61513200
vt 0.30789500 0.55263200
vt 0.30789500 0.55263200
vt 0.20921100 0.60855300
vt 0.20921100 0.60855300
vt 0.20921100 0.60855300
vt 0.20921100 0.60855300
vt 0.97500000 0.64802600
vt 0.20921100 0.60197400
vt 0.20921100 0.60197400
vt 0.20921100 0.60197400
vt 0.97500000 0.64802600
vt 0.21315800 0.60197400
vt 0.21315800 0.60197400
vt 0.21315800 0.60197400
vt 0.21315800 0.60197400
vt 0.21315800 0.60197400
vt 0.21315800 0.60197400
vt 0.21315800 0.60197400
vt 0.21184200 0.57894700
vt 0.97236800 0.62828900
vt 0.97236800 0.62828900
vt 0.21184200 0.57894700
vt 0.21184200 0.57894700
vt 0.97236800 0.62828900
vt 0.21184200 0.57894700
vt 0.22368400 0.56578900
vt 0.22368400 0.56578900
vt 0.22368400 0.56578900
vt 0.22368400 0.56578900
vt 0.22368400 0.56578900
vt 0.22368400 0.56578900
vt 0.22368400 0.56578900
vt 0.22368400 0.56578900
vt 0.22368400 0.56578900
vt 0.22105300 0.59539500
vt 0.22105300 0.59539500
vt 0.22105300 0.59539500
vt 0.22105300 0.59539500
vt 0.24078900 0.55592100
vt 0.24078900 0.55592100
vt 0.24078900 0.55592100
vt 0.24078900 0.55592100
vt 0.24210500 0.54276300
vt 0.24210500 0.54276300
vt 0.24210500 0.54276300
vt 0.24210500 0.54276300
vt 0.24210500 0.54276300
vt 0.24210500 0.54276300
vt 0.24210500 0.54276300
vt 0.24473700 0.55263200
vt 0.24473700 0.55263200
vt 0.24473700 0.55263200
vt 0.24473700 0.55263200
vt 0.24473700 0.55263200
vt 0.26184200 0.54934200
vt 0.26184200 0.54934200
vt 0.26184200 0.54934200
vt 0.26184200 0.54934200
vt 0.26184200 0.54934200
vt 0.26184200 0.54934200
vt 0.26184200 0.54934200
vt 0.26578900 0.53618400
vt 0.26578900 0.53618400
vt 0.26578900 0.53618400
vt 0.26578900 0.53618400
vt 0.26578900 0.53618400
vt 0.26578900 0.53618400
vt 0.26578900 0.53618400
vt 0.26578900 0.53618400
vt 0.23684200 0.58223700
vt 0.23684200 0.58223700
vt 0.23684200 0.58223700
vt 0.23684200 0.58223700
vt 0.23684200 0.58223700
vt 0.23684200 0.58223700
vt 0.23684200 0.58223700
vt 0.24868400 0.57565800
vt 0.24868400 0.57565800
vt 0.24868400 0.57565800
vt 0.24868400 0.57565800
vt 0.24868400 0.57565800
vt 0.24868400 0.57565800
vt 0.25657900 0.57565800
vt 0.25657900 0.57565800
vt 0.25657900 0.57565800
vt 0.25657900 0.57565800
vt 0.25657900 0.57565800
vt 0.25657900 0.57565800
vt 0.20657900 0.63815800
vt 0.20657900 0.63815800
vt 0.20657900 0.63815800
vt 0.20657900 0.63815800
vt 0.20657900 0.63815800
vt 0.20657900 0.63815800
vt 0.20657900 0.63815800
vt 0.97763200 0.68421100
vt 0.21973700 0.62500000
vt 0.21973700 0.62500000
vt 0.21973700 0.62500000
vt 0.21973700 0.62500000
vt 0.21973700 0.61842100
vt 0.21973700 0.61842100
vt 0.21973700 0.61842100
vt 0.21973700 0.61842100
vt 0.21973700 0.61842100
vt 0.21973700 0.61842100
vt 0.21973700 0.61842100
vt 0.97894700 0.71710500
vt 0.20657900 0.67105300
vt 0.20657900 0.67105300
vt 0.20657900 0.67105300
vt 0.20657900 0.67105300
vt 0.20657900 0.67105300
vt 0.20657900 0.67105300
vt 0.97894700 0.71710500
vt 0.21973700 0.65789500
vt 0.21973700 0.65789500
vt 0.21973700 0.65789500
vt 0.21973700 0.65789500
vt 0.21973700 0.65789500
vt 0.21973700 0.65789500
vt 0.22105300 0.62500000
vt 0.22105300 0.62500000
vt 0.22105300 0.62500000
vt 0.22105300 0.62500000
vt 0.22105300 0.62500000
vt 0.22105300 0.65460500
vt 0.22105300 0.65460500
vt 0.22105300 0.65460500
vt 0.22105300 0.65460500
vt 0.22105300 0.65460500
vt 0.23552600 0.61184200
vt 0.23552600 0.61184200
vt 0.23552600 0.61184200
vt 0.23552600 0.61184200
vt 0.23552600 0.61184200
vt 0.23552600 0.61184200
vt 0.23552600 0.61184200
vt 0.23552600 0.61184200
vt 0.25131600 0.60526300
vt 0.25131600 0.60526300
vt 0.25131600 0.60526300
vt 0.25131600 0.60526300
vt 0.25131600 0.60526300
vt 0.25394700 0.60526300
vt 0.25394700 0.60526300
vt 0.25394700 0.60526300
vt 0.25394700 0.60526300
vt 0.25394700 0.60526300
vt 0.25394700 0.60526300
vt 0.23552600 0.64473700
vt 0.23552600 0.64473700
vt 0.23552600 0.64473700
vt 0.23552600 0.64473700
vt 0.23552600 0.64473700
vt 0.25263200 0.63815800
vt 0.25263200 0.63815800
vt 0.25263200 0.63815800
vt 0.25263200 0.63815800
vt 0.25263200 0.63815800
vt 0.25263200 0.63815800
vt 0.25263200 0.63815800
vt 0.25526300 0.63815800
vt 0.25526300 0.63815800
vt 0.25526300 0.63815800
vt 0.25526300 0.63815800
vt 0.25526300 0.63815800
vt 0.26710500 0.54934200
vt 0.26710500 0.54934200
vt 0.26710500 0.54934200
vt 0.26710500 0.54934200
vt 0.27105300 0.57565800
vt 0.27105300 0.57565800
vt 0.27105300 0.57565800
vt 0.27105300 0.57565800
vt 0.27105300 0.57565800
vt 0.27105300 0.57565800
vt 0.27105300 0.57565800
vt 0.27236800 0.60526300
vt 0.27236800 0.60526300
vt 0.27236800 0.60526300
vt 0.27236800 0.60526300
vt 0.27236800 0.60526300
vt 0.27236800 0.60526300
vt 0.27236800 0.63815800
vt 0.27236800 0.63815800
vt 0.27236800 0.63815800
vt 0.27236800 0.63815800
vt 0.27236800 0.63815800
vt 0.27236800 0.63815800
vt 0.27236800 0.63815800
vt 0.27236800 0.63815800
vt 0.27236800 0.63815800
vt 0.28421100 0.55592100
vt 0.28421100 0.55592100
vt 0.28421100 0.55592100
vt 0.28421100 0.55592100
vt 0.28421100 0.55592100
vt 0.28421100 0.55592100
vt 0.28421100 0.55592100
vt 0.28421100 0.55592100
vt 0.28421100 0.55592100
vt 0.29868400 0.56578900
vt 0.29868400 0.56578900
vt 0.29868400 0.56578900
vt 0.29868400 0.56578900
vt 0.29868400 0.56578900
vt 0.29868400 0.56578900
vt 0.28815800 0.58552600
vt 0.28815800 0.58552600
vt 0.28815800 0.58552600
vt 0.28815800 0.58552600
vt 0.29210500 0.58881600
vt 0.29210500 0.58881600
vt 0.29210500 0.58881600
vt 0.29210500 0.58881600
vt 0.29210500 0.58881600
vt 0.29210500 0.58881600
vt 0.30000000 0.57565800
vt 0.30000000 0.57565800
vt 0.30000000 0.57565800
vt 0.30000000 0.57565800
vt 0.30000000 0.57565800
vt 0.30000000 0.57565800
vt 0.30131600 0.59539500
vt 0.30131600 0.59539500
vt 0.30131600 0.59539500
vt 0.30131600 0.59539500
vt 0.31184200 0.57894700
vt 0.31184200 0.57894700
vt 0.31184200 0.57894700
vt 0.31184200 0.57894700
vt 0.31184200 0.58223700
vt 0.31184200 0.58223700
vt 0.31184200 0.58223700
vt 0.31184200 0.58223700
vt 0.40000000 0.64473700
vt 0.31184200 0.58223700
vt 0.31447400 0.60855300
vt 0.31447400 0.60855300
vt 0.39736800 0.67434200
vt 0.31447400 0.60855300
vt 0.31447400 0.60855300
vt 0.31447400 0.60855300
vt 0.31447400 0.60855300
vt 0.39736800 0.67434200
vt 0.28684200 0.61184200
vt 0.28684200 0.61184200
vt 0.28684200 0.61184200
vt 0.28684200 0.61184200
vt 0.28684200 0.61184200
vt 0.28815800 0.60197400
vt 0.28815800 0.60197400
vt 0.28815800 0.60197400
vt 0.28815800 0.60197400
vt 0.28815800 0.60197400
vt 0.28815800 0.60197400
vt 0.28815800 0.60197400
vt 0.28947400 0.61513200
vt 0.28947400 0.61513200
vt 0.28947400 0.61513200
vt 0.28947400 0.61513200
vt 0.30263200 0.62500000
vt 0.30263200 0.62500000
vt 0.30263200 0.62500000
vt 0.30263200 0.62500000
vt 0.30263200 0.62500000
vt 0.30263200 0.62500000
vt 0.30263200 0.62500000
vt 0.30263200 0.62500000
vt 0.30263200 0.62500000
vt 0.28947400 0.64802600
vt 0.28947400 0.64802600
vt 0.28947400 0.64802600
vt 0.28947400 0.64802600
vt 0.28947400 0.64473700
vt 0.28947400 0.64473700
vt 0.28947400 0.64473700
vt 0.28947400 0.64473700
vt 0.28947400 0.64473700
vt 0.28947400 0.64473700
vt 0.28947400 0.64473700
vt 0.29078900 0.64802600
vt 0.29078900 0.64802600
vt 0.29078900 0.64802600
vt 0.29078900 0.64802600
vt 0.29078900 0.64802600
vt 0.30263200 0.65789500
vt 0.30263200 0.65789500
vt 0.30263200 0.65789500
vt 0.30263200 0.65789500
vt 0.30263200 0.65789500
vt 0.30263200 0.65789500
vt 0.31578900 0.63815800
vt 0.31578900 0.63815800
vt 0.31578900 0.63815800
vt 0.31578900 0.63815800
vt 0.31578900 0.67105300
vt 0.31578900 0.67105300
vt 0.31578900 0.67105300
vt 0.31578900 0.67105300
vt 0.31578900 0.67105300
vt 0.31578900 0.67105300
vt 0.31578900 0.67105300
vt 0.20921100 0.70394700
vt 0.20921100 0.70394700
vt 0.20921100 0.70394700
vt 0.20921100 0.70394700
vt 0.21578900 0.69736800
vt 0.21578900 0.69736800
vt 0.21578900 0.69736800
vt 0.21578900 0.69736800
vt 0.21578900 0.69736800
vt 0.21578900 0.69736800
vt 0.21578900 0.69736800
vt 0.22105300 0.67105300
vt 0.22105300 0.67105300
vt 0.22105300 0.67105300
vt 0.22105300 0.67105300
vt 0.22105300 0.67105300
vt 0.22105300 0.67105300
vt 0.22105300 0.67105300
vt 0.21052600 0.71710500
vt 0.21052600 0.71710500
vt 0.21052600 0.71710500
vt 0.21052600 0.71710500
vt 0.97631600 0.76644700
vt 0.22236800 0.69078900
vt 0.22236800 0.69078900
vt 0.22236800 0.69078900
vt 0.22236800 0.69078900
vt 0.21447400 0.74342100
vt 0.21447400 0.74342100
vt 0.21447400 0.74342100
vt 0.97236800 0.79276300
vt 0.04210530 0.65460500
vt 0.04210530 0.65460500
vt 0.04210530 0.65460500
vt 0.05263160 0.63486800
vt 0.22763200 0.73026300
vt 0.22763200 0.73026300
vt 0.22763200 0.73026300
vt 0.22763200 0.73026300
vt 0.05263160 0.63486800
vt 0.05263160 0.63486800
vt 0.23815800 0.68092100
vt 0.23815800 0.68092100
vt 0.23815800 0.68092100
vt 0.23815800 0.68092100
vt 0.23815800 0.68092100
vt 0.23815800 0.68092100
vt 0.23815800 0.68092100
vt 0.23815800 0.68092100
vt 0.25000000 0.67434200
vt 0.25000000 0.67434200
vt 0.25000000 0.67434200
vt 0.25000000 0.67434200
vt 0.25000000 0.67434200
vt 0.25000000 0.67434200
vt 0.25789500 0.67434200
vt 0.25789500 0.67434200
vt 0.25789500 0.67434200
vt 0.25789500 0.67434200
vt 0.25789500 0.67434200
vt 0.24210500 0.72039500
vt 0.24210500 0.72039500
vt 0.24210500 0.72039500
vt 0.24210500 0.72039500
vt 0.06447370 0.62171100
vt 0.06447370 0.62171100
vt 0.06447370 0.62171100
vt 0.24342100 0.71710500
vt 0.24342100 0.71710500
vt 0.24342100 0.71710500
vt 0.24342100 0.71710500
vt 0.24342100 0.71710500
vt 0.24342100 0.71710500
vt 0.24342100 0.72039500
vt 0.24342100 0.72039500
vt 0.24342100 0.72039500
vt 0.24342100 0.72039500
vt 0.26447400 0.71710500
vt 0.26447400 0.71710500
vt 0.26447400 0.71710500
vt 0.26447400 0.71710500
vt 0.26447400 0.71710500
vt 0.26578900 0.71052600
vt 0.26578900 0.71052600
vt 0.26578900 0.71052600
vt 0.26578900 0.71052600
vt 0.26578900 0.71052600
vt 0.26578900 0.71052600
vt 0.04736840 0.67105300
vt 0.04736840 0.67105300
vt 0.04736840 0.67105300
vt 0.04736840 0.67105300
vt 0.04736840 0.67105300
vt 0.04736840 0.67105300
vt 0.04736840 0.67105300
vt 0.05657890 0.64802600
vt 0.05657890 0.64802600
vt 0.05657890 0.64802600
vt 0.05657890 0.64802600
vt 0.05657890 0.64802600
vt 0.05526320 0.70065800
vt 0.05526320 0.70065800
vt 0.05526320 0.70065800
vt 0.05526320 0.70065800
vt 0.05526320 0.70065800
vt 0.05526320 0.70065800
vt 0.05526320 0.70065800
vt 0.05657890 0.69407900
vt 0.05657890 0.69407900
vt 0.05657890 0.69407900
vt 0.05657890 0.69407900
vt 0.05657890 0.69407900
vt 0.06315790 0.66776300
vt 0.06315790 0.66776300
vt 0.06315790 0.66776300
vt 0.06315790 0.66776300
vt 0.06315790 0.66776300
vt 0.05657890 0.69736800
vt 0.05657890 0.69736800
vt 0.05657890 0.69736800
vt 0.05657890 0.69736800
vt 0.06578950 0.67105300
vt 0.06578950 0.67105300
vt 0.06578950 0.67105300
vt 0.06578950 0.67105300
vt 0.06578950 0.67105300
vt 0.06578950 0.67105300
vt 0.06973680 0.65789500
vt 0.06973680 0.65789500
vt 0.06973680 0.65789500
vt 0.06973680 0.65789500
vt 0.06973680 0.65789500
vt 0.06973680 0.65789500
vt 0.06973680 0.65789500
vt 0.07368420 0.64802600
vt 0.25526300 0.75986800
vt 0.07368420 0.64802600
vt 0.25526300 0.75986800
vt 0.07368420 0.64802600
vt 0.25526300 0.75986800
vt 0.26973700 0.67763200
vt 0.26973700 0.67763200
vt 0.26973700 0.67763200
vt 0.26973700 0.67763200
vt 0.26973700 0.67763200
vt 0.26973700 0.67763200
vt 0.26842100 0.72039500
vt 0.26842100 0.72039500
vt 0.26842100 0.72039500
vt 0.26842100 0.72039500
vt 0.26842100 0.72039500
vt 0.08552630 0.62171100
vt 0.08552630 0.62171100
vt 0.06710530 0.71710500
vt 0.06710530 0.71710500
vt 0.06710530 0.71710500
vt 0.06710530 0.71710500
vt 0.06710530 0.71710500
vt 0.06710530 0.71710500
vt 0.06710530 0.71710500
vt 0.06710530 0.71710500
vt 0.07500000 0.69407900
vt 0.07500000 0.69407900
vt 0.07500000 0.69407900
vt 0.07500000 0.69407900
vt 0.07500000 0.69407900
vt 0.07500000 0.69407900
vt 0.07500000 0.69407900
vt 0.07500000 0.69407900
vt 0.07631580 0.74013200
vt 0.07631580 0.74013200
vt 0.07631580 0.74013200
vt 0.07631580 0.74013200
vt 0.07631580 0.74013200
vt 0.07631580 0.74013200
vt 0.07631580 0.74013200
vt 0.08552630 0.71710500
vt 0.08552630 0.71710500
vt 0.08552630 0.71710500
vt 0.08552630 0.71710500
vt 0.08552630 0.71710500
vt 0.07894740 0.65789500
vt 0.07894740 0.65789500
vt 0.07894740 0.65789500
vt 0.07894740 0.65789500
vt 0.07894740 0.65789500
vt 0.07894740 0.65789500
vt 0.07894740 0.65789500
vt 0.08552630 0.66447400
vt 0.08552630 0.66447400
vt 0.08552630 0.66447400
vt 0.08552630 0.66447400
vt 0.08552630 0.66447400
vt 0.27763200 0.74013200
vt 0.27763200 0.74013200
vt 0.27763200 0.74013200
vt 0.09210530 0.64144700
vt 0.09210530 0.64144700
vt 0.09210530 0.64144700
vt 0.09210530 0.64144700
vt 0.09736840 0.67763200
vt 0.09736840 0.67763200
vt 0.09736840 0.67763200
vt 0.09736840 0.67763200
vt 0.09736840 0.67763200
vt 0.09736840 0.67763200
vt 0.29078900 0.76315800
vt 0.10263200 0.66447400
vt 0.29078900 0.76315800
vt 0.10263200 0.66447400
vt 0.10263200 0.66447400
vt 0.29078900 0.76315800
vt 0.08421050 0.67105300
vt 0.08421050 0.67105300
vt 0.08421050 0.67105300
vt 0.08421050 0.67105300
vt 0.09342100 0.69078900
vt 0.09342100 0.69078900
vt 0.09342100 0.69078900
vt 0.09342100 0.69078900
vt 0.09342100 0.69078900
vt 0.09342100 0.69078900
vt 0.08552630 0.76315800
vt 0.08552630 0.76315800
vt 0.08552630 0.76315800
vt 0.08552630 0.76315800
vt 0.08552630 0.76315800
vt 0.08552630 0.76315800
vt 0.09473680 0.74013200
vt 0.09473680 0.74013200
vt 0.09473680 0.74013200
vt 0.09473680 0.74013200
vt 0.09473680 0.74013200
vt 0.09473680 0.74013200
vt 0.10921100 0.69407900
vt 0.10921100 0.69407900
vt 0.10921100 0.69407900
vt 0.10921100 0.69407900
vt 0.10921100 0.69407900
vt 0.10921100 0.69407900
vt 0.11184200 0.68750000
vt 0.11184200 0.68750000
vt 0.11184200 0.68750000
vt 0.30394700 0.78289500
vt 0.30394700 0.78289500
vt 0.30394700 0.78289500
vt 0.10394700 0.71381600
vt 0.10394700 0.71381600
vt 0.10394700 0.71381600
vt 0.10394700 0.71381600
vt 0.10394700 0.71381600
vt 0.10394700 0.71381600
vt 0.28552600 0.68421100
vt 0.28552600 0.68421100
vt 0.28552600 0.68421100
vt 0.28552600 0.68421100
vt 0.28552600 0.68421100
vt 0.28552600 0.68421100
vt 0.28552600 0.68421100
vt 0.28552600 0.68421100
vt 0.30131600 0.69407900
vt 0.30131600 0.69407900
vt 0.30131600 0.69407900
vt 0.30131600 0.69407900
vt 0.30131600 0.68750000
vt 0.30131600 0.68750000
vt 0.30131600 0.68750000
vt 0.30131600 0.68750000
vt 0.30131600 0.68750000
vt 0.28026300 0.72697400
vt 0.28026300 0.72697400
vt 0.28026300 0.72697400
vt 0.28026300 0.72697400
vt 0.28026300 0.72697400
vt 0.29473700 0.73684200
vt 0.29473700 0.73684200
vt 0.29473700 0.73684200
vt 0.29473700 0.73684200
vt 0.29473700 0.73684200
vt 0.29473700 0.73684200
vt 0.29473700 0.73684200
vt 0.30526300 0.70065800
vt 0.30526300 0.70065800
vt 0.30526300 0.70065800
vt 0.30526300 0.70065800
vt 0.30526300 0.70065800
vt 0.30526300 0.70065800
vt 0.30526300 0.70065800
vt 0.30526300 0.70065800
vt 0.31447400 0.70723700
vt 0.31447400 0.70723700
vt 0.31447400 0.70723700
vt 0.31447400 0.70723700
vt 0.31447400 0.70723700
vt 0.31447400 0.70723700
vt 0.31052600 0.74671100
vt 0.31052600 0.74671100
vt 0.31052600 0.74671100
vt 0.31052600 0.74671100
vt 0.31052600 0.74671100
vt 0.31052600 0.74671100
vt 0.31315800 0.71381600
vt 0.31315800 0.71381600
vt 0.31315800 0.71381600
vt 0.31315800 0.71381600
vt 0.31315800 0.71381600
vt 0.00000000 0.99671100
vt 0.00000000 0.99671100
vt 0.00000000 0.99671100
vt 0.00000000 0.99671100
vt 0.00131579 1.00000000
vt 0.00000000 1.00000000
vt 0.00000000 1.00000000
vt 0.00000000 1.00000000
vt 0.00000000 0.99671100
vt 0.00131579 1.00000000
vt 0.00000000 0.99671100
vt 0.00000000 1.00000000
vt 0.00000000 1.00000000
vt 0.00000000 1.00000000
vt 0.00131579 1.00000000
vt 0.00131579 1.00000000
vt 0.00000000 0.99671100
vt 0.00000000 1.00000000
vt 0.00131579 1.00000000
vt 0.00000000 1.00000000
vt 0.00000000 0.99671100
vt 0.00000000 1.00000000
vt 0.00131579 1.00000000
vt 0.43815800 0.02960530
vt 0.00000000 1.00000000
vt 0.43815800 0.02960530
vt 0.00000000 0.99671100
vt 0.00131579 1.00000000
vt 0.43815800 0.02960530
vt 0.43815800 0.02960530
vt 0.43815800 0.02960530
vt 0.48157900 0.01644740
vt 0.00000000 1.00000000
vt 0.48157900 0.01644740
vt 0.00000000 0.99671100
vt 0.00000000 0.99671100
vt 0.45921100 0.02960530
vt 0.00000000 1.00000000
vt 0.45921100 0.02960530
vt 0.45921100 0.02960530
vt 0.45921100 0.02960530
vt 0.00131579 1.00000000
vt 0.00131579 1.00000000
vt 0.45921100 0.02960530
vt 0.45921100 0.02960530
vt 0.42236800 0.05592110
vt 0.42236800 0.05592110
vt 0.42236800 0.05592110
vt 0.42236800 0.05592110
vt 0.42236800 0.05592110
vt 0.45657900 0.03618420
vt 0.45657900 0.03618420
vt 0.45657900 0.03618420
vt 0.45657900 0.03618420
vt 0.45657900 0.03618420
vt 0.00131579 1.00000000
vt 0.00000000 0.99671100
vt 0.00000000 0.99671100
vt 0.00000000 1.00000000
vt 0.00000000 0.99671100
vt 0.50394700 0.02302630
vt 0.50394700 0.02302630
vt 0.00131579 1.00000000
vt 0.00000000 1.00000000
vt 0.50394700 0.02302630
vt 0.00131579 1.00000000
vt 0.00131579 1.00000000
vt 0.49210500 0.01973680
vt 0.49210500 0.01973680
vt 0.49210500 0.01973680
vt 0.49210500 0.01973680
vt 0.49210500 0.01973680
vt 0.49210500 0.01973680
vt 0.50921100 0.02631580
vt 0.50921100 0.02631580
vt 0.50921100 0.02631580
vt 0.00000000 1.00000000
vt 0.00000000 1.00000000
vt 0.50921100 0.02631580
vt 0.50921100 0.02631580
vt 0.49342100 0.01973680
vt 0.49342100 0.01973680
vt 0.49342100 0.01973680
vt 0.49342100 0.01973680
vt 0.49342100 0.01973680
vt 0.49342100 0.01973680
vt 0.51447400 0.03618420
vt 0.51447400 0.03618420
vt 0.51447400 0.03618420
vt 0.51447400 0.03618420
vt 0.51447400 0.03618420
vt 0.50789500 0.03947370
vt 0.50789500 0.03947370
vt 0.50789500 0.03947370
vt 0.50789500 0.03947370
vt 0.50789500 0.03947370
vt 0.50789500 0.03947370
vt 0.50789500 0.03947370
vt 0.50000000 0.03618420
vt 0.50000000 0.03618420
vt 0.50000000 0.03618420
vt 0.50000000 0.03618420
vt 0.46184200 0.03618420
vt 0.46184200 0.03618420
vt 0.46184200 0.03618420
vt 0.46184200 0.03618420
vt 0.46184200 0.03618420
vt 0.46184200 0.03618420
vt 0.51578900 0.04276320
vt 0.51578900 0.04276320
vt 0.51578900 0.04276320
vt 0.51578900 0.04276320
vt 0.40921100 0.06907890
vt 0.40921100 0.06907890
vt 0.40921100 0.06907890
vt 0.40921100 0.06907890
vt 0.40921100 0.06907890
vt 0.40921100 0.06907890
vt 0.40921100 0.06907890
vt 0.40921100 0.06907890
vt 0.40657900 0.09539470
vt 0.40657900 0.09539470
vt 0.40657900 0.09539470
vt 0.40657900 0.09539470
vt 0.40394700 0.09868420
vt 0.40394700 0.09868420
vt 0.40394700 0.09868420
vt 0.40394700 0.09868420
vt 0.40394700 0.09868420
vt 0.40394700 0.09868420
vt 0.42105300 0.08223680
vt 0.42105300 0.08223680
vt 0.42105300 0.08223680
vt 0.42105300 0.08223680
vt 0.42105300 0.08223680
vt 0.42105300 0.08223680
vt 0.42105300 0.08223680
vt 0.40657900 0.12500000
vt 0.40657900 0.12500000
vt 0.40657900 0.12500000
vt 0.40657900 0.12500000
vt 0.40657900 0.12500000
vt 0.40657900 0.12500000
vt 0.40394700 0.12828900
vt 0.40394700 0.12828900
vt 0.40394700 0.12828900
vt 0.40394700 0.12828900
vt 0.40394700 0.12828900
vt 0.40394700 0.12828900
vt 0.42105300 0.11184200
vt 0.42105300 0.11184200
vt 0.42105300 0.11184200
vt 0.42105300 0.11184200
vt 0.42105300 0.11184200
vt 0.42105300 0.11184200
vt 0.42105300 0.11184200
vt 0.43815800 0.04276320
vt 0.43815800 0.04276320
vt 0.43815800 0.04276320
vt 0.43815800 0.04276320
vt 0.43815800 0.04276320
vt 0.43552600 0.04605260
vt 0.43552600 0.04605260
vt 0.43552600 0.04605260
vt 0.43552600 0.04605260
vt 0.43684200 0.04934210
vt 0.43684200 0.04934210
vt 0.43684200 0.04934210
vt 0.43684200 0.04934210
vt 0.43684200 0.04934210
vt 0.43684200 0.04934210
vt 0.43684200 0.04934210
vt 0.43684200 0.04934210
vt 0.43552600 0.07236840
vt 0.43552600 0.07236840
vt 0.43552600 0.07236840
vt 0.43552600 0.07236840
vt 0.43552600 0.07236840
vt 0.43552600 0.07236840
vt 0.45394700 0.06250000
vt 0.45394700 0.06250000
vt 0.45394700 0.06250000
vt 0.45394700 0.06250000
vt 0.45394700 0.06250000
vt 0.45394700 0.06250000
vt 0.43947400 0.06907890
vt 0.43947400 0.06907890
vt 0.43947400 0.06907890
vt 0.43947400 0.06907890
vt 0.43947400 0.06907890
vt 0.43684200 0.10197400
vt 0.43684200 0.10197400
vt 0.43684200 0.10197400
vt 0.43684200 0.10197400
vt 0.45394700 0.09210530
vt 0.45394700 0.09210530
vt 0.45394700 0.09210530
vt 0.45394700 0.09210530
vt 0.45394700 0.09210530
vt 0.45394700 0.09210530
vt 0.45394700 0.09210530
vt 0.45394700 0.09210530
vt 0.44078900 0.09868420
vt 0.44078900 0.09868420
vt 0.44078900 0.09868420
vt 0.44078900 0.09868420
vt 0.44078900 0.09868420
vt 0.40921100 0.15789500
vt 0.40921100 0.15789500
vt 0.40921100 0.15789500
vt 0.40921100 0.15789500
vt 0.40921100 0.15789500
vt 0.40921100 0.15789500
vt 0.40921100 0.15789500
vt 0.39736800 0.17105300
vt 0.39736800 0.17105300
vt 0.39736800 0.17105300
vt 0.39736800 0.17105300
vt 0.39736800 0.17105300
vt 0.39736800 0.17105300
vt 0.42368400 0.14802600
vt 0.42368400 0.14802600
vt 0.42368400 0.14802600
vt 0.42368400 0.14802600
vt 0.42368400 0.14802600
vt 0.42368400 0.14802600
vt 0.42368400 0.14802600
vt 0.41315800 0.19407900
vt 0.41315800 0.19407900
vt 0.41315800 0.19407900
vt 0.41315800 0.19407900
vt 0.41315800 0.19407900
vt 0.41315800 0.19407900
vt 0.41315800 0.19407900
vt 0.41315800 0.19407900
vt 0.42763200 0.18092100
vt 0.42763200 0.18092100
vt 0.42763200 0.18092100
vt 0.42763200 0.18092100
vt 0.43815800 0.13486800
vt 0.43815800 0.13486800
vt 0.43815800 0.13486800
vt 0.43815800 0.13486800
vt 0.43684200 0.13486800
vt 0.43684200 0.13486800
vt 0.43684200 0.13486800
vt 0.43684200 0.13486800
vt 0.43684200 0.13486800
vt 0.43815800 0.12828900
vt 0.43815800 0.12828900
vt 0.43815800 0.12828900
vt 0.43815800 0.12828900
vt 0.43815800 0.12828900
vt 0.43815800 0.12828900
vt 0.43815800 0.12828900
vt 0.43815800 0.12828900
vt 0.45526300 0.12500000
vt 0.45526300 0.12500000
vt 0.45526300 0.12500000
vt 0.45526300 0.12500000
vt 0.45526300 0.12500000
vt 0.45526300 0.12500000
vt 0.45526300 0.12500000
vt 0.44210500 0.17105300
vt 0.44210500 0.17105300
vt 0.44210500 0.17105300
vt 0.44210500 0.17105300
vt 0.44210500 0.17105300
vt 0.44210500 0.17105300
vt 0.44210500 0.17105300
vt 0.44210500 0.17105300
vt 0.44210500 0.17105300
vt 0.44210500 0.17105300
vt 0.43157900 0.17763200
vt 0.43157900 0.17763200
vt 0.43157900 0.17763200
vt 0.43157900 0.17763200
vt 0.43157900 0.17763200
vt 0.45921100 0.16118400
vt 0.45921100 0.16118400
vt 0.45921100 0.16118400
vt 0.45921100 0.16118400
vt 0.50263200 0.04934210
vt 0.50263200 0.04934210
vt 0.50263200 0.04934210
vt 0.50263200 0.04934210
vt 0.50263200 0.04934210
vt 0.50263200 0.04934210
vt 0.50263200 0.04934210
vt 0.47763200 0.03289470
vt 0.47763200 0.03289470
vt 0.47763200 0.03289470
vt 0.47763200 0.03289470
vt 0.47763200 0.03289470
vt 0.47763200 0.03289470
vt 0.47368400 0.05921050
vt 0.47368400 0.05921050
vt 0.47368400 0.05921050
vt 0.47368400 0.05921050
vt 0.47368400 0.05921050
vt 0.47368400 0.05921050
vt 0.46578900 0.05921050
vt 0.46578900 0.05921050
vt 0.46578900 0.05921050
vt 0.46578900 0.05921050
vt 0.46578900 0.05921050
vt 0.46578900 0.05921050
vt 0.50131600 0.05921050
vt 0.50131600 0.05921050
vt 0.50131600 0.05921050
vt 0.50131600 0.05921050
vt 0.50131600 0.05921050
vt 0.48289500 0.03289470
vt 0.48289500 0.03289470
vt 0.48289500 0.03289470
vt 0.48289500 0.03289470
vt 0.48289500 0.03289470
vt 0.48289500 0.03289470
vt 0.48552600 0.05921050
vt 0.48552600 0.05921050
vt 0.48552600 0.05921050
vt 0.48552600 0.05921050
vt 0.48552600 0.05921050
vt 0.48552600 0.05921050
vt 0.48552600 0.05921050
vt 0.47368400 0.08552630
vt 0.47368400 0.08552630
vt 0.47368400 0.08552630
vt 0.47368400 0.08552630
vt 0.47368400 0.08552630
vt 0.46578900 0.08881580
vt 0.46578900 0.08881580
vt 0.46578900 0.08881580
vt 0.46578900 0.08881580
vt 0.46578900 0.08881580
vt 0.50000000 0.08881580
vt 0.50000000 0.08881580
vt 0.50000000 0.08881580
vt 0.50000000 0.08881580
vt 0.50000000 0.08881580
vt 0.50000000 0.08881580
vt 0.48684200 0.08552630
vt 0.48684200 0.08552630
vt 0.48684200 0.08552630
vt 0.48684200 0.08552630
vt 0.48684200 0.08552630
vt 0.48684200 0.08552630
vt 0.51973700 0.06907890
vt 0.51973700 0.06907890
vt 0.51973700 0.06907890
vt 0.51973700 0.06907890
vt 0.51973700 0.06907890
vt 0.51973700 0.06907890
vt 0.51973700 0.06907890
vt 0.51973700 0.06907890
vt 0.50394700 0.06250000
vt 0.50394700 0.06250000
vt 0.50394700 0.06250000
vt 0.50394700 0.06250000
vt 0.51973700 0.09868420
vt 0.51973700 0.09868420
vt 0.51973700 0.09868420
vt 0.51973700 0.09868420
vt 0.51973700 0.09868420
vt 0.51973700 0.09868420
vt 0.50526300 0.09210530
vt 0.50526300 0.09210530
vt 0.50526300 0.09210530
vt 0.50526300 0.09210530
vt 0.50526300 0.09210530
vt 0.50526300 0.09210530
vt 0.50526300 0.09210530
vt 0.50394700 0.12500000
vt 0.50394700 0.12500000
vt 0.50394700 0.12500000
vt 0.50394700 0.12500000
vt 0.50394700 0.12500000
vt 0.50394700 0.12500000
vt 0.50394700 0.12500000
vt 0.50394700 0.12500000
vt 0.50394700 0.12500000
vt 0.50394700 0.12500000
vt 0.50394700 0.12500000
vt 0.50394700 0.12500000
vt 0.50394700 0.12500000
vt 0.50394700 0.12500000
vt 0.50394700 0.12500000
vt 0.51315800 0.16776300
vt 0.51315800 0.16776300
vt 0.51315800 0.16776300
vt 0.51315800 0.16776300
vt 0.51315800 0.16776300
vt 0.51315800 0.16776300
vt 0.50000000 0.16118400
vt 0.50000000 0.16118400
vt 0.50000000 0.16118400
vt 0.50000000 0.16118400
vt 0.50000000 0.16118400
vt 0.50000000 0.16118400
vt 0.50000000 0.16118400
vt 0.50000000 0.16118400
vt 0.50000000 0.16118400
vt 0.47631600 0.12171100
vt 0.47631600 0.12171100
vt 0.47631600 0.12171100
vt 0.47631600 0.12171100
vt 0.47631600 0.12171100
vt 0.47631600 0.12171100
vt 0.47631600 0.12171100
vt 0.46447400 0.12171100
vt 0.46447400 0.12171100
vt 0.46447400 0.12171100
vt 0.46447400 0.12171100
vt 0.46447400 0.12171100
vt 0.48552600 0.12171100
vt 0.48552600 0.12171100
vt 0.48552600 0.12171100
vt 0.48552600 0.12171100
vt 0.48552600 0.12171100
vt 0.48552600 0.12171100
vt 0.48552600 0.12171100
vt 0.48552600 0.12171100
vt 0.48157900 0.15789500
vt 0.48157900 0.15789500
vt 0.48157900 0.15789500
vt 0.48157900 0.15789500
vt 0.48157900 0.15789500
vt 0.46052600 0.16118400
vt 0.46052600 0.16118400
vt 0.46052600 0.16118400
vt 0.46052600 0.16118400
vt 0.46052600 0.16118400
vt 0.46052600 0.16118400
vt 0.46052600 0.16118400
vt 0.48289500 0.15789500
vt 0.48289500 0.15789500
vt 0.48289500 0.15789500
vt 0.48289500 0.15789500
vt 0.51973700 0.13157900
vt 0.51973700 0.13157900
vt 0.51973700 0.13157900
vt 0.51973700 0.13157900
vt 0.51973700 0.13157900
vt 0.51973700 0.13157900
vt 0.51973700 0.13157900
vt 0.51973700 0.13157900
vt 0.51578900 0.16776300
vt 0.51578900 0.16776300
vt 0.51578900 0.16776300
vt 0.51578900 0.16776300
vt 0.46710500 0.20065800
vt 0.46710500 0.20065800
vt 0.46710500 0.20065800
vt 0.46710500 0.20065800
vt 0.46710500 0.20065800
vt 0.46710500 0.20065800
vt 0.45394700 0.20394700
vt 0.45394700 0.20394700
vt 0.45394700 0.20394700
vt 0.45394700 0.20394700
vt 0.45394700 0.20394700
vt 0.46052600 0.16447400
vt 0.46052600 0.16447400
vt 0.46052600 0.16447400
vt 0.46052600 0.16447400
vt 0.46052600 0.16447400
vt 0.46052600 0.16447400
vt 0.46052600 0.16447400
vt 0.45657900 0.24671100
vt 0.45657900 0.24671100
vt 0.45657900 0.24671100
vt 0.45657900 0.24671100
vt 0.45657900 0.24671100
vt 0.45657900 0.24671100
vt 0.45657900 0.24671100
vt 0.44342100 0.25328900
vt 0.44342100 0.25328900
vt 0.44342100 0.25328900
vt 0.44342100 0.25328900
vt 0.44342100 0.25328900
vt 0.44342100 0.25328900
vt 0.45000000 0.22368400
vt 0.45000000 0.22368400
vt 0.45000000 0.22368400
vt 0.45000000 0.22368400
vt 0.45000000 0.22368400
vt 0.45000000 0.22368400
vt 0.47763200 0.24342100
vt 0.47763200 0.24342100
vt 0.47763200 0.24342100
vt 0.47763200 0.24342100
vt 0.47763200 0.24342100
vt 0.46842100 0.24342100
vt 0.46842100 0.24342100
vt 0.46842100 0.24342100
vt 0.46842100 0.24342100
vt 0.47236800 0.22697400
vt 0.47236800 0.22697400
vt 0.47236800 0.22697400
vt 0.47236800 0.22697400
vt 0.47236800 0.22697400
vt 0.47236800 0.22697400
vt 0.43157900 0.30921100
vt 0.43157900 0.30921100
vt 0.43157900 0.30921100
vt 0.43157900 0.30921100
vt 0.43026300 0.30921100
vt 0.43026300 0.30921100
vt 0.43026300 0.30921100
vt 0.43026300 0.30921100
vt 0.43026300 0.30921100
vt 0.43026300 0.30921100
vt 0.43026300 0.30592100
vt 0.43026300 0.30592100
vt 0.43026300 0.30592100
vt 0.43026300 0.30592100
vt 0.43026300 0.30592100
vt 0.44736800 0.29934200
vt 0.44736800 0.29934200
vt 0.44736800 0.29934200
vt 0.44736800 0.29934200
vt 0.44736800 0.29934200
vt 0.44736800 0.29934200
vt 0.44736800 0.29934200
vt 0.44736800 0.29934200
vt 0.44736800 0.29934200
vt 0.44078900 0.26644700
vt 0.44078900 0.26644700
vt 0.44078900 0.26644700
vt 0.44078900 0.26644700
vt 0.44078900 0.26644700
vt 0.43684200 0.34868400
vt 0.43684200 0.34868400
vt 0.43684200 0.34868400
vt 0.43684200 0.34868400
vt 0.43684200 0.34868400
vt 0.43684200 0.34868400
vt 0.43684200 0.34868400
vt 0.43684200 0.34868400
vt 0.43684200 0.34868400
vt 0.43684200 0.34868400
vt 0.45394700 0.33552600
vt 0.45394700 0.33552600
vt 0.45394700 0.33552600
vt 0.45394700 0.33552600
vt 0.45394700 0.33552600
vt 0.45263200 0.33552600
vt 0.45263200 0.33552600
vt 0.45263200 0.33552600
vt 0.45263200 0.33552600
vt 0.45263200 0.33552600
vt 0.45263200 0.33223700
vt 0.45263200 0.33223700
vt 0.45263200 0.33223700
vt 0.45263200 0.33223700
vt 0.45263200 0.33223700
vt 0.45263200 0.33223700
vt 0.45263200 0.33223700
vt 0.48947400 0.28947400
vt 0.48947400 0.28947400
vt 0.48947400 0.28947400
vt 0.48947400 0.28947400
vt 0.48947400 0.28947400
vt 0.48157900 0.28947400
vt 0.48157900 0.28947400
vt 0.48157900 0.28947400
vt 0.48157900 0.28947400
vt 0.48157900 0.28947400
vt 0.48421100 0.27302600
vt 0.48421100 0.27302600
vt 0.48421100 0.27302600
vt 0.48421100 0.27302600
vt 0.48421100 0.27302600
vt 0.48421100 0.27302600
vt 0.48421100 0.27302600
vt 0.50394700 0.33881600
vt 0.50394700 0.33881600
vt 0.50394700 0.33881600
vt 0.50394700 0.33881600
vt 0.50394700 0.33881600
vt 0.50394700 0.33881600
vt 0.50394700 0.33881600
vt 0.49473700 0.33223700
vt 0.49473700 0.33223700
vt 0.49473700 0.33223700
vt 0.49473700 0.33223700
vt 0.49473700 0.33223700
vt 0.49605300 0.31578900
vt 0.49605300 0.31578900
vt 0.49605300 0.31578900
vt 0.49605300 0.31578900
vt 0.49605300 0.31578900
vt 0.49605300 0.31578900
vt 0.47631600 0.32894700
vt 0.47631600 0.32894700
vt 0.47631600 0.32894700
vt 0.47631600 0.32894700
vt 0.47631600 0.32894700
vt 0.47631600 0.32894700
vt 0.46578900 0.28947400
vt 0.46578900 0.28947400
vt 0.46578900 0.28947400
vt 0.46578900 0.28947400
vt 0.46578900 0.28947400
vt 0.46578900 0.28947400
vt 0.46052600 0.29276300
vt 0.46052600 0.29276300
vt 0.46052600 0.29276300
vt 0.46052600 0.29276300
vt 0.46315800 0.27631600
vt 0.46315800 0.27631600
vt 0.46315800 0.27631600
vt 0.46315800 0.27631600
vt 0.46315800 0.27631600
vt 0.46315800 0.27631600
vt 0.46315800 0.27631600
vt 0.47368400 0.33223700
vt 0.47368400 0.33223700
vt 0.47368400 0.33223700
vt 0.47368400 0.33223700
vt 0.47368400 0.33223700
vt 0.47368400 0.33223700
vt 0.41710500 0.23026300
vt 0.41710500 0.23026300
vt 0.41710500 0.23026300
vt 0.41710500 0.23026300
vt 0.43157900 0.21710500
vt 0.43157900 0.21710500
vt 0.43157900 0.21710500
vt 0.43157900 0.21710500
vt 0.43157900 0.21710500
vt 0.43157900 0.21710500
vt 0.43157900 0.21710500
vt 0.43157900 0.21710500
vt 0.42105300 0.22697400
vt 0.42105300 0.22697400
vt 0.42105300 0.22697400
vt 0.42105300 0.22697400
vt 0.42105300 0.22697400
vt 0.42105300 0.22697400
vt 0.42894700 0.19407900
vt 0.42894700 0.19407900
vt 0.42894700 0.19407900
vt 0.42894700 0.19407900
vt 0.42894700 0.19407900
vt 0.42894700 0.19407900
vt 0.42368400 0.26973700
vt 0.42368400 0.26973700
vt 0.42368400 0.26973700
vt 0.42368400 0.26973700
vt 0.42368400 0.26973700
vt 0.42368400 0.26973700
vt 0.42368400 0.26973700
vt 0.42368400 0.26973700
vt 0.42368400 0.26973700
vt 0.42368400 0.26973700
vt 0.41842100 0.23684200
vt 0.41842100 0.23684200
vt 0.41842100 0.23684200
vt 0.41842100 0.23684200
vt 0.41842100 0.23684200
vt 0.43947400 0.25657900
vt 0.43947400 0.25657900
vt 0.43947400 0.25657900
vt 0.43947400 0.25657900
vt 0.44736800 0.20723700
vt 0.44736800 0.20723700
vt 0.44736800 0.20723700
vt 0.44736800 0.20723700
vt 0.51184200 0.20723700
vt 0.51184200 0.20723700
vt 0.51184200 0.20723700
vt 0.51184200 0.20723700
vt 0.51184200 0.20723700
vt 0.51184200 0.20723700
vt 0.51184200 0.20723700
vt 0.51184200 0.20723700
vt 0.51184200 0.20723700
vt 0.51184200 0.20723700
vt 0.51578900 0.17434200
vt 0.51578900 0.17434200
vt 0.51578900 0.17434200
vt 0.51578900 0.17434200
vt 0.51578900 0.17434200
vt 0.49605300 0.20065800
vt 0.49605300 0.20065800
vt 0.49605300 0.20065800
vt 0.49605300 0.20065800
vt 0.50657900 0.25000000
vt 0.50657900 0.25000000
vt 0.50657900 0.25000000
vt 0.50657900 0.25000000
vt 0.50657900 0.25000000
vt 0.50657900 0.25000000
vt 0.50657900 0.25000000
vt 0.50657900 0.25000000
vt 0.50657900 0.25000000
vt 0.50657900 0.25000000
vt 0.50657900 0.25000000
vt 0.50657900 0.25000000
vt 0.50657900 0.25000000
vt 0.50657900 0.25000000
vt 0.50657900 0.25000000
vt 0.48947400 0.24342100
vt 0.48947400 0.24342100
vt 0.48947400 0.24342100
vt 0.48947400 0.24342100
vt 0.48947400 0.24342100
vt 0.48947400 0.24342100
vt 0.48947400 0.24342100
vt 0.48947400 0.24342100
vt 0.48947400 0.24342100
vt 0.49473700 0.21052600
vt 0.49473700 0.21052600
vt 0.49473700 0.21052600
vt 0.49473700 0.21052600
vt 0.49473700 0.21052600
vt 0.49210500 0.20065800
vt 0.49210500 0.20065800
vt 0.49210500 0.20065800
vt 0.49210500 0.20065800
vt 0.49210500 0.20065800
vt 0.49210500 0.20065800
vt 0.47631600 0.19736800
vt 0.47631600 0.19736800
vt 0.47631600 0.19736800
vt 0.47631600 0.19736800
vt 0.47631600 0.19736800
vt 0.47631600 0.19736800
vt 0.48157900 0.16118400
vt 0.48157900 0.16118400
vt 0.48157900 0.16118400
vt 0.48157900 0.16118400
vt 0.48157900 0.16118400
vt 0.48157900 0.16118400
vt 0.48157900 0.16118400
vt 0.50000000 0.29276300
vt 0.50000000 0.29276300
vt 0.50000000 0.29276300
vt 0.50000000 0.29276300
vt 0.50000000 0.29276300
vt 0.50000000 0.29276300
vt 0.50000000 0.29276300
vt 0.50000000 0.29276300
vt 0.44210500 0.38486800
vt 0.44210500 0.38486800
vt 0.44210500 0.38486800
vt 0.44210500 0.38486800
vt 0.45789500 0.37171100
vt 0.45789500 0.37171100
vt 0.45789500 0.37171100
vt 0.45789500 0.37171100
vt 0.45789500 0.37171100
vt 0.45789500 0.37171100
vt 0.45789500 0.37171100
vt 0.45789500 0.37171100
vt 0.44605300 0.37828900
vt 0.44605300 0.37828900
vt 0.44605300 0.37828900
vt 0.44605300 0.37828900
vt 0.44605300 0.37828900
vt 0.44473700 0.41776300
vt 0.44473700 0.41776300
vt 0.44473700 0.41776300
vt 0.44473700 0.41776300
vt 0.44473700 0.41776300
vt 0.44210500 0.41776300
vt 0.44210500 0.41776300
vt 0.44210500 0.41776300
vt 0.44210500 0.41776300
vt 0.44210500 0.41776300
vt 0.44342100 0.40131600
vt 0.44342100 0.40131600
vt 0.44342100 0.40131600
vt 0.44342100 0.40131600
vt 0.44342100 0.40131600
vt 0.44342100 0.40131600
vt 0.44342100 0.40131600
vt 0.44342100 0.40131600
vt 0.46052600 0.40789500
vt 0.46052600 0.40789500
vt 0.46052600 0.40789500
vt 0.46052600 0.40789500
vt 0.46052600 0.40789500
vt 0.47894700 0.36842100
vt 0.47894700 0.36842100
vt 0.47894700 0.36842100
vt 0.47894700 0.36842100
vt 0.47894700 0.36842100
vt 0.47236800 0.36842100
vt 0.47236800 0.36842100
vt 0.47236800 0.36842100
vt 0.47236800 0.36842100
vt 0.47500000 0.34210500
vt 0.47500000 0.34210500
vt 0.47500000 0.34210500
vt 0.47500000 0.34210500
vt 0.47500000 0.34210500
vt 0.47500000 0.34210500
vt 0.47500000 0.34210500
vt 0.47500000 0.34210500
vt 0.49078900 0.37171100
vt 0.49078900 0.37171100
vt 0.49078900 0.37171100
vt 0.49078900 0.37171100
vt 0.49078900 0.37171100
vt 0.49078900 0.37171100
vt 0.49078900 0.37171100
vt 0.49078900 0.37171100
vt 0.48289500 0.40460500
vt 0.48289500 0.40460500
vt 0.48289500 0.40460500
vt 0.48289500 0.40460500
vt 0.48289500 0.40460500
vt 0.48289500 0.40460500
vt 0.47105300 0.40460500
vt 0.47105300 0.40460500
vt 0.47105300 0.40460500
vt 0.47105300 0.40460500
vt 0.47105300 0.40460500
vt 0.47105300 0.40460500
vt 0.47105300 0.40460500
vt 0.47105300 0.40460500
vt 0.48947400 0.40460500
vt 0.48947400 0.40460500
vt 0.48947400 0.40460500
vt 0.48947400 0.40460500
vt 0.44473700 0.44736800
vt 0.44473700 0.44736800
vt 0.44473700 0.44736800
vt 0.44473700 0.44736800
vt 0.44473700 0.44736800
vt 0.44078900 0.45065800
vt 0.44078900 0.45065800
vt 0.44078900 0.45065800
vt 0.44078900 0.45065800
vt 0.44078900 0.45065800
vt 0.44078900 0.45065800
vt 0.46052600 0.43750000
vt 0.46052600 0.43750000
vt 0.46052600 0.43750000
vt 0.46052600 0.43750000
vt 0.46052600 0.43750000
vt 0.46052600 0.43750000
vt 0.46052600 0.43750000
vt 0.46052600 0.43750000
vt 0.44342100 0.47039500
vt 0.44342100 0.47039500
vt 0.44342100 0.47039500
vt 0.44342100 0.47039500
vt 0.44342100 0.47039500
vt 0.44342100 0.47039500
vt 0.44342100 0.47039500
vt 0.48157900 0.43421100
vt 0.48157900 0.43421100
vt 0.48157900 0.43421100
vt 0.48157900 0.43421100
vt 0.48157900 0.43421100
vt 0.48157900 0.43421100
vt 0.47105300 0.43421100
vt 0.47105300 0.43421100
vt 0.47105300 0.43421100
vt 0.47105300 0.43421100
vt 0.47105300 0.43421100
vt 0.49078900 0.43421100
vt 0.49078900 0.43421100
vt 0.49078900 0.43421100
vt 0.49078900 0.43421100
vt 0.49078900 0.43421100
vt 0.49078900 0.43421100
vt 0.43947400 0.50657900
vt 0.43947400 0.50657900
vt 0.43947400 0.50657900
vt 0.43947400 0.50657900
vt 0.43947400 0.50657900
vt 0.43947400 0.50657900
vt 0.43947400 0.50657900
vt 0.45657900 0.49671100
vt 0.45657900 0.49671100
vt 0.45657900 0.49671100
vt 0.45657900 0.49671100
vt 0.45657900 0.49671100
vt 0.45131600 0.49671100
vt 0.45131600 0.49671100
vt 0.45131600 0.49671100
vt 0.45131600 0.49671100
vt 0.45131600 0.49671100
vt 0.43552600 0.53289500
vt 0.43552600 0.53289500
vt 0.43552600 0.53289500
vt 0.43552600 0.53289500
vt 0.43552600 0.53289500
vt 0.43552600 0.53289500
vt 0.43552600 0.53289500
vt 0.43552600 0.53289500
vt 0.45394700 0.50986800
vt 0.45394700 0.50986800
vt 0.45394700 0.50986800
vt 0.45394700 0.50986800
vt 0.45394700 0.50986800
vt 0.45394700 0.50986800
vt 0.45394700 0.50986800
vt 0.45394700 0.50986800
vt 0.45263200 0.52302600
vt 0.45263200 0.52302600
vt 0.45263200 0.52302600
vt 0.45263200 0.52302600
vt 0.45263200 0.52302600
vt 0.47631600 0.48684200
vt 0.47631600 0.48684200
vt 0.47631600 0.48684200
vt 0.47631600 0.48684200
vt 0.47631600 0.48684200
vt 0.47631600 0.48684200
vt 0.47631600 0.48684200
vt 0.50526300 0.49342100
vt 0.50526300 0.49342100
vt 0.50526300 0.49342100
vt 0.50526300 0.49342100
vt 0.50526300 0.49342100
vt 0.50526300 0.49342100
vt 0.49605300 0.49013200
vt 0.49605300 0.49013200
vt 0.49605300 0.49013200
vt 0.49605300 0.49013200
vt 0.49605300 0.49013200
vt 0.49605300 0.49013200
vt 0.49605300 0.49013200
vt 0.47631600 0.49013200
vt 0.47631600 0.49013200
vt 0.47631600 0.49013200
vt 0.47631600 0.49013200
vt 0.49868400 0.50986800
vt 0.49868400 0.50986800
vt 0.49868400 0.50986800
vt 0.49868400 0.50986800
vt 0.49868400 0.50986800
vt 0.49868400 0.50986800
vt 0.49605300 0.51315800
vt 0.49605300 0.51315800
vt 0.49605300 0.51315800
vt 0.49605300 0.51315800
vt 0.49605300 0.51315800
vt 0.48157900 0.51315800
vt 0.48157900 0.51315800
vt 0.48157900 0.51315800
vt 0.48157900 0.51315800
vt 0.48157900 0.51315800
vt 0.48157900 0.51315800
vt 0.48157900 0.51315800
vt 0.47631600 0.49013200
vt 0.47631600 0.49013200
vt 0.47631600 0.49013200
vt 0.47631600 0.49013200
vt 0.47631600 0.49013200
vt 0.47631600 0.49013200
vt 0.47105300 0.51315800
vt 0.47105300 0.51315800
vt 0.47105300 0.51315800
vt 0.47105300 0.51315800
vt 0.47105300 0.51315800
vt 0.47105300 0.51315800
vt 0.47105300 0.51315800
vt 0.45789500 0.51973700
vt 0.45789500 0.51973700
vt 0.45789500 0.51973700
vt 0.45789500 0.51973700
vt 0.45789500 0.51973700
vt 0.44210500 0.56578900
vt 0.44210500 0.56578900
vt 0.44210500 0.56578900
vt 0.44210500 0.56578900
vt 0.44210500 0.56578900
vt 0.44210500 0.56578900
vt 0.44210500 0.56578900
vt 0.48815800 0.53289500
vt 0.48815800 0.53289500
vt 0.48815800 0.53289500
vt 0.48815800 0.53289500
vt 0.48815800 0.53289500
vt 0.48815800 0.53289500
vt 0.48815800 0.53289500
vt 0.47894700 0.55592100
vt 0.47894700 0.55592100
vt 0.47894700 0.55592100
vt 0.47894700 0.55592100
vt 0.47894700 0.55592100
vt 0.44473700 0.56907900
vt 0.44473700 0.56907900
vt 0.44473700 0.56907900
vt 0.44473700 0.56907900
vt 0.44473700 0.56907900
vt 0.43026300 0.55921100
vt 0.43026300 0.55921100
vt 0.43026300 0.55921100
vt 0.43026300 0.55921100
vt 0.43157900 0.55592100
vt 0.43157900 0.55592100
vt 0.43157900 0.55592100
vt 0.43157900 0.55592100
vt 0.43157900 0.55592100
vt 0.43289500 0.55592100
vt 0.43289500 0.55592100
vt 0.43289500 0.55592100
vt 0.43289500 0.55592100
vt 0.43289500 0.55592100
vt 0.43289500 0.55592100
vt 0.42631600 0.58552600
vt 0.42631600 0.58552600
vt 0.42631600 0.58552600
vt 0.42631600 0.58552600
vt 0.42631600 0.58552600
vt 0.42631600 0.58552600
vt 0.42631600 0.58552600
vt 0.42631600 0.58552600
vt 0.44078900 0.57236800
vt 0.44078900 0.57236800
vt 0.44078900 0.57236800
vt 0.44078900 0.57236800
vt 0.50000000 0.51644700
vt 0.50000000 0.51644700
vt 0.50000000 0.51644700
vt 0.50000000 0.51644700
vt 0.50526300 0.53947400
vt 0.50526300 0.53947400
vt 0.50526300 0.53947400
vt 0.50526300 0.53947400
vt 0.50526300 0.53947400
vt 0.50526300 0.53947400
vt 0.50526300 0.53947400
vt 0.50526300 0.53947400
vt 0.50526300 0.53947400
vt 0.50526300 0.53947400
vt 0.48815800 0.53618400
vt 0.48815800 0.53618400
vt 0.48815800 0.53618400
vt 0.48815800 0.53618400
vt 0.51052600 0.55592100
vt 0.51052600 0.55592100
vt 0.51052600 0.55592100
vt 0.51052600 0.55592100
vt 0.51052600 0.55592100
vt 0.50657900 0.55921100
vt 0.50657900 0.55921100
vt 0.50657900 0.55921100
vt 0.50657900 0.55921100
vt 0.50657900 0.55921100
vt 0.50657900 0.55921100
vt 0.50657900 0.55921100
vt 0.49473700 0.55592100
vt 0.49473700 0.55592100
vt 0.49473700 0.55592100
vt 0.49473700 0.55592100
vt 0.49473700 0.55592100
vt 0.49473700 0.55592100
vt 0.49473700 0.55592100
vt 0.51184200 0.56250000
vt 0.51184200 0.56250000
vt 0.51184200 0.56250000
vt 0.51184200 0.56250000
vt 0.45657900 0.56250000
vt 0.45657900 0.56250000
vt 0.45657900 0.56250000
vt 0.45657900 0.56250000
vt 0.45657900 0.56250000
vt 0.45657900 0.56250000
vt 0.45657900 0.56250000
vt 0.45657900 0.56250000
vt 0.45263200 0.58552600
vt 0.45263200 0.58552600
vt 0.45263200 0.58552600
vt 0.45263200 0.58552600
vt 0.45263200 0.58552600
vt 0.45263200 0.58552600
vt 0.47368400 0.55592100
vt 0.47368400 0.55592100
vt 0.47368400 0.55592100
vt 0.47368400 0.55592100
vt 0.47368400 0.55592100
vt 0.47631600 0.56578900
vt 0.47631600 0.56578900
vt 0.47631600 0.56578900
vt 0.47631600 0.56578900
vt 0.47631600 0.56578900
vt 0.47631600 0.56578900
vt 0.47105300 0.57894700
vt 0.47105300 0.57894700
vt 0.47105300 0.57894700
vt 0.47105300 0.57894700
vt 0.47105300 0.57894700
vt 0.47105300 0.57894700
vt 0.47105300 0.57894700
vt 0.45263200 0.58552600
vt 0.45263200 0.58552600
vt 0.45263200 0.58552600
vt 0.45263200 0.58552600
vt 0.45263200 0.58552600
vt 0.46710500 0.60526300
vt 0.46710500 0.60526300
vt 0.46710500 0.60526300
vt 0.46710500 0.60526300
vt 0.46710500 0.60526300
vt 0.46710500 0.60526300
vt 0.45921100 0.60855300
vt 0.45921100 0.60855300
vt 0.45921100 0.60855300
vt 0.45921100 0.60855300
vt 0.45921100 0.60855300
vt 0.45921100 0.60855300
vt 0.46447400 0.63486800
vt 0.46447400 0.63486800
vt 0.46447400 0.63486800
vt 0.46447400 0.63486800
vt 0.46447400 0.63486800
vt 0.46447400 0.63486800
vt 0.46184200 0.63815800
vt 0.46184200 0.63815800
vt 0.46184200 0.63815800
vt 0.46184200 0.63815800
vt 0.46184200 0.63815800
vt 0.46578900 0.66776300
vt 0.46578900 0.66776300
vt 0.46578900 0.66776300
vt 0.46578900 0.66776300
vt 0.46578900 0.66776300
vt 0.46578900 0.66776300
vt 0.46578900 0.66776300
vt 0.46184200 0.67105300
vt 0.46184200 0.67105300
vt 0.46184200 0.67105300
vt 0.46184200 0.67105300
vt 0.46184200 0.67105300
vt 0.46184200 0.67105300
vt 0.42236800 0.61184200
vt 0.42236800 0.61184200
vt 0.42236800 0.61184200
vt 0.42236800 0.61184200
vt 0.42236800 0.61184200
vt 0.42236800 0.61184200
vt 0.42236800 0.61184200
vt 0.42236800 0.61184200
vt 0.43684200 0.59868400
vt 0.43684200 0.59868400
vt 0.43684200 0.59868400
vt 0.43684200 0.59868400
vt 0.43684200 0.59868400
vt 0.43684200 0.59868400
vt 0.43684200 0.59868400
vt 0.43684200 0.59868400
vt 0.42105300 0.64144700
vt 0.42105300 0.64144700
vt 0.42105300 0.64144700
vt 0.42105300 0.64144700
vt 0.41973700 0.64144700
vt 0.41973700 0.64144700
vt 0.41973700 0.64144700
vt 0.41973700 0.64144700
vt 0.41973700 0.64144700
vt 0.43421100 0.62828900
vt 0.43421100 0.62828900
vt 0.43421100 0.62828900
vt 0.43421100 0.62828900
vt 0.43421100 0.62828900
vt 0.43421100 0.62828900
vt 0.43421100 0.62828900
vt 0.43421100 0.62828900
vt 0.45263200 0.58881600
vt 0.45263200 0.58881600
vt 0.45263200 0.58881600
vt 0.45263200 0.58881600
vt 0.44868400 0.61513200
vt 0.44868400 0.61513200
vt 0.44868400 0.61513200
vt 0.44868400 0.61513200
vt 0.44868400 0.61513200
vt 0.44868400 0.61513200
vt 0.41973700 0.64473700
vt 0.41973700 0.64473700
vt 0.41973700 0.64473700
vt 0.41973700 0.64473700
vt 0.41973700 0.64473700
vt 0.41973700 0.64473700
vt 0.41973700 0.64473700
vt 0.41973700 0.67105300
vt 0.41973700 0.67105300
vt 0.41973700 0.67105300
vt 0.41973700 0.67105300
vt 0.41973700 0.67105300
vt 0.43289500 0.65789500
vt 0.43289500 0.65789500
vt 0.43289500 0.65789500
vt 0.43289500 0.65789500
vt 0.43289500 0.65789500
vt 0.43289500 0.65789500
vt 0.42631600 0.66447400
vt 0.42631600 0.66447400
vt 0.42631600 0.66447400
vt 0.42631600 0.66447400
vt 0.42631600 0.66447400
vt 0.42631600 0.66447400
vt 0.41973700 0.70394700
vt 0.41973700 0.70394700
vt 0.41973700 0.70394700
vt 0.41973700 0.70394700
vt 0.41973700 0.70394700
vt 0.41973700 0.70394700
vt 0.43289500 0.69078900
vt 0.43289500 0.69078900
vt 0.43289500 0.69078900
vt 0.43289500 0.69078900
vt 0.42631600 0.69736800
vt 0.42631600 0.69736800
vt 0.42631600 0.69736800
vt 0.42631600 0.69736800
vt 0.42631600 0.69736800
vt 0.42631600 0.69736800
vt 0.44736800 0.64473700
vt 0.44736800 0.64473700
vt 0.44736800 0.64473700
vt 0.44736800 0.64473700
vt 0.44736800 0.64473700
vt 0.44736800 0.64473700
vt 0.44736800 0.64473700
vt 0.44736800 0.67763200
vt 0.44736800 0.67763200
vt 0.44736800 0.67763200
vt 0.44736800 0.67763200
vt 0.44736800 0.67763200
vt 0.44736800 0.67763200
vt 0.44736800 0.67763200
vt 0.49868400 0.57236800
vt 0.49868400 0.57236800
vt 0.49868400 0.57236800
vt 0.49868400 0.57236800
vt 0.49868400 0.57236800
vt 0.51710500 0.58552600
vt 0.51710500 0.58552600
vt 0.51710500 0.58552600
vt 0.51710500 0.58552600
vt 0.51710500 0.58552600
vt 0.51710500 0.58552600
vt 0.51710500 0.58552600
vt 0.51710500 0.58552600
vt 0.51710500 0.58552600
vt 0.50000000 0.57894700
vt 0.50000000 0.57894700
vt 0.50000000 0.57894700
vt 0.50000000 0.57894700
vt 0.50000000 0.57894700
vt 0.52500000 0.61513200
vt 0.52500000 0.61513200
vt 0.52500000 0.61513200
vt 0.52500000 0.61513200
vt 0.52500000 0.61513200
vt 0.52500000 0.61513200
vt 0.52105300 0.61184200
vt 0.52105300 0.61184200
vt 0.52105300 0.61184200
vt 0.52105300 0.61184200
vt 0.50394700 0.60526300
vt 0.50394700 0.60526300
vt 0.50394700 0.60526300
vt 0.50394700 0.60526300
vt 0.50394700 0.60526300
vt 0.50394700 0.60526300
vt 0.50394700 0.60526300
vt 0.50394700 0.60526300
vt 0.49605300 0.57894700
vt 0.49605300 0.57894700
vt 0.49605300 0.57894700
vt 0.49605300 0.57894700
vt 0.49605300 0.57894700
vt 0.48026300 0.57894700
vt 0.48026300 0.57894700
vt 0.48026300 0.57894700
vt 0.48026300 0.57894700
vt 0.48026300 0.57894700
vt 0.48026300 0.57894700
vt 0.48026300 0.57894700
vt 0.48026300 0.57894700
vt 0.49078900 0.60197400
vt 0.49078900 0.60197400
vt 0.49078900 0.60197400
vt 0.49078900 0.60197400
vt 0.49078900 0.60197400
vt 0.49078900 0.60197400
vt 0.48421100 0.60197400
vt 0.48421100 0.60197400
vt 0.48421100 0.60197400
vt 0.48421100 0.60197400
vt 0.48421100 0.60197400
vt 0.48421100 0.60197400
vt 0.52105300 0.62171100
vt 0.52105300 0.62171100
vt 0.52105300 0.62171100
vt 0.52105300 0.62171100
vt 0.52105300 0.62171100
vt 0.52105300 0.62171100
vt 0.51710500 0.63815800
vt 0.51710500 0.63815800
vt 0.51710500 0.63815800
vt 0.51710500 0.63815800
vt 0.51710500 0.63815800
vt 0.51710500 0.63815800
vt 0.50657900 0.63486800
vt 0.50657900 0.63486800
vt 0.50657900 0.63486800
vt 0.50657900 0.63486800
vt 0.50657900 0.63486800
vt 0.50657900 0.63486800
vt 0.50657900 0.63486800
vt 0.51710500 0.67105300
vt 0.51710500 0.67105300
vt 0.51710500 0.67105300
vt 0.51710500 0.67105300
vt 0.51710500 0.67105300
vt 0.51710500 0.67105300
vt 0.50657900 0.66447400
vt 0.50657900 0.66447400
vt 0.50657900 0.66447400
vt 0.50657900 0.66447400
vt 0.50657900 0.66447400
vt 0.48684200 0.63157900
vt 0.48684200 0.63157900
vt 0.48684200 0.63157900
vt 0.48684200 0.63157900
vt 0.48684200 0.63157900
vt 0.48684200 0.63157900
vt 0.48552600 0.63157900
vt 0.48552600 0.63157900
vt 0.48552600 0.63157900
vt 0.48552600 0.63157900
vt 0.48552600 0.63157900
vt 0.48684200 0.66447400
vt 0.48684200 0.66447400
vt 0.48684200 0.66447400
vt 0.48684200 0.66447400
vt 0.48684200 0.66447400
vt 0.48684200 0.66447400
vt 0.48684200 0.66447400
vt 0.48684200 0.66447400
vt 0.48684200 0.66447400
vt 0.48684200 0.66447400
vt 0.48684200 0.66447400
vt 0.52368400 0.64144700
vt 0.52368400 0.64144700
vt 0.52368400 0.64144700
vt 0.52368400 0.64144700
vt 0.52368400 0.67105300
vt 0.52368400 0.67105300
vt 0.52368400 0.67105300
vt 0.52368400 0.67105300
vt 0.52368400 0.67105300
vt 0.52368400 0.67105300
vt 0.46842100 0.70394700
vt 0.46842100 0.70394700
vt 0.46842100 0.70394700
vt 0.46842100 0.70394700
vt 0.46842100 0.70394700
vt 0.45921100 0.70723700
vt 0.45921100 0.70723700
vt 0.45921100 0.70723700
vt 0.45921100 0.70723700
vt 0.45921100 0.70723700
vt 0.45921100 0.70723700
vt 0.45921100 0.70723700
vt 0.45526300 0.75000000
vt 0.45526300 0.75000000
vt 0.45526300 0.75000000
vt 0.45526300 0.75000000
vt 0.45263200 0.75328900
vt 0.45263200 0.75328900
vt 0.45263200 0.75328900
vt 0.45263200 0.75328900
vt 0.45263200 0.75328900
vt 0.45263200 0.75328900
vt 0.45263200 0.75328900
vt 0.45394700 0.74671100
vt 0.45394700 0.74671100
vt 0.45394700 0.74671100
vt 0.45394700 0.74671100
vt 0.45394700 0.74671100
vt 0.47500000 0.74342100
vt 0.47500000 0.74342100
vt 0.47500000 0.74342100
vt 0.47500000 0.74342100
vt 0.47500000 0.74342100
vt 0.47500000 0.74342100
vt 0.47500000 0.74342100
vt 0.10526300 0.80592100
vt 0.10526300 0.80592100
vt 0.10526300 0.80592100
vt 0.10526300 0.80592100
vt 0.10526300 0.80592100
vt 0.10526300 0.80592100
vt 0.11447400 0.77960500
vt 0.11447400 0.77960500
vt 0.11447400 0.77960500
vt 0.11447400 0.77960500
vt 0.11447400 0.77960500
vt 0.11447400 0.82565800
vt 0.11447400 0.82565800
vt 0.11447400 0.82565800
vt 0.11447400 0.82565800
vt 0.11447400 0.82565800
vt 0.11447400 0.82565800
vt 0.12368400 0.80263200
vt 0.12368400 0.80263200
vt 0.12368400 0.80263200
vt 0.12368400 0.80263200
vt 0.12368400 0.80263200
vt 0.12368400 0.80263200
vt 0.12368400 0.80263200
vt 0.12763200 0.73684200
vt 0.12763200 0.73684200
vt 0.12763200 0.73684200
vt 0.12763200 0.73684200
vt 0.12763200 0.73684200
vt 0.12763200 0.73684200
vt 0.43421100 0.80921100
vt 0.43421100 0.80921100
vt 0.32763200 0.81250000
vt 0.13157900 0.72697400
vt 0.13157900 0.72697400
vt 0.13157900 0.72697400
vt 0.13552600 0.76644700
vt 0.13552600 0.76644700
vt 0.13552600 0.76644700
vt 0.13552600 0.76644700
vt 0.13552600 0.76644700
vt 0.44342100 0.78289500
vt 0.44342100 0.78289500
vt 0.44342100 0.78289500
vt 0.14078900 0.74671100
vt 0.44342100 0.78289500
vt 0.14078900 0.74671100
vt 0.14078900 0.74671100
vt 0.12236800 0.75657900
vt 0.12236800 0.75657900
vt 0.12236800 0.75657900
vt 0.12236800 0.75657900
vt 0.12236800 0.75657900
vt 0.12236800 0.75657900
vt 0.12236800 0.75657900
vt 0.13289500 0.77631600
vt 0.13289500 0.77631600
vt 0.13289500 0.77631600
vt 0.13289500 0.77631600
vt 0.49078900 0.79605300
vt 0.49078900 0.79605300
vt 0.49078900 0.79605300
vt 0.49078900 0.79605300
vt 0.49078900 0.79605300
vt 0.49078900 0.79605300
vt 0.49078900 0.79605300
vt 0.48815800 0.79605300
vt 0.48815800 0.79605300
vt 0.48815800 0.79605300
vt 0.48815800 0.79605300
vt 0.48815800 0.79605300
vt 0.48947400 0.79276300
vt 0.48947400 0.79276300
vt 0.48947400 0.79276300
vt 0.48947400 0.79276300
vt 0.48947400 0.79276300
vt 0.48947400 0.79276300
vt 0.12500000 0.84539500
vt 0.12500000 0.84539500
vt 0.12500000 0.84539500
vt 0.12500000 0.84539500
vt 0.12500000 0.84539500
vt 0.12500000 0.84539500
vt 0.12500000 0.84539500
vt 0.47894700 0.82236800
vt 0.13289500 0.82236800
vt 0.47894700 0.82236800
vt 0.47894700 0.82236800
vt 0.13289500 0.82236800
vt 0.47894700 0.82236800
vt 0.13289500 0.82236800
vt 0.50131600 0.81907900
vt 0.50131600 0.81907900
vt 0.13421100 0.86513200
vt 0.50131600 0.81907900
vt 0.13421100 0.86513200
vt 0.46973700 0.80263200
vt 0.46973700 0.80263200
vt 0.46973700 0.80263200
vt 0.46973700 0.80263200
vt 0.46973700 0.80263200
vt 0.13815800 0.78618400
vt 0.13815800 0.78618400
vt 0.13815800 0.78618400
vt 0.46184200 0.80592100
vt 0.13815800 0.78618400
vt 0.46184200 0.80592100
vt 0.46184200 0.80592100
vt 0.46184200 0.80592100
vt 0.46710500 0.79276300
vt 0.46710500 0.79276300
vt 0.46710500 0.79276300
vt 0.46710500 0.79276300
vt 0.46710500 0.79276300
vt 0.46710500 0.79276300
vt 0.47631600 0.75328900
vt 0.47631600 0.75328900
vt 0.47631600 0.75328900
vt 0.47631600 0.75328900
vt 0.47631600 0.75328900
vt 0.47631600 0.75328900
vt 0.42105300 0.74013200
vt 0.42105300 0.74013200
vt 0.42105300 0.74013200
vt 0.42105300 0.74013200
vt 0.41842100 0.74342100
vt 0.33421100 0.73355300
vt 0.41842100 0.74342100
vt 0.41842100 0.74342100
vt 0.41842100 0.74342100
vt 0.41842100 0.74342100
vt 0.41842100 0.74342100
vt 0.42105300 0.73355300
vt 0.42105300 0.73355300
vt 0.42105300 0.73355300
vt 0.42105300 0.73355300
vt 0.42105300 0.73355300
vt 0.43421100 0.72368400
vt 0.43421100 0.72368400
vt 0.43421100 0.72368400
vt 0.43421100 0.72368400
vt 0.43421100 0.72368400
vt 0.43421100 0.72368400
vt 0.43421100 0.72368400
vt 0.43421100 0.72368400
vt 0.42631600 0.77631600
vt 0.42631600 0.77631600
vt 0.42631600 0.77631600
vt 0.42631600 0.77631600
vt 0.42631600 0.77631600
vt 0.42631600 0.77631600
vt 0.42631600 0.77631600
vt 0.42631600 0.77631600
vt 0.43947400 0.76315800
vt 0.43947400 0.76315800
vt 0.43947400 0.76315800
vt 0.43947400 0.76315800
vt 0.43947400 0.76315800
vt 0.45000000 0.71381600
vt 0.45000000 0.71381600
vt 0.45000000 0.71381600
vt 0.45000000 0.71381600
vt 0.45000000 0.71381600
vt 0.45000000 0.71381600
vt 0.52500000 0.71052600
vt 0.52500000 0.71052600
vt 0.52500000 0.71052600
vt 0.52500000 0.71052600
vt 0.52500000 0.71052600
vt 0.52236800 0.71052600
vt 0.52236800 0.71052600
vt 0.52236800 0.71052600
vt 0.52236800 0.71052600
vt 0.52236800 0.70065800
vt 0.52236800 0.70065800
vt 0.52236800 0.70065800
vt 0.52236800 0.70065800
vt 0.52236800 0.70065800
vt 0.52236800 0.70065800
vt 0.52236800 0.70065800
vt 0.50526300 0.70394700
vt 0.50526300 0.70394700
vt 0.50526300 0.70394700
vt 0.50526300 0.70394700
vt 0.50526300 0.70394700
vt 0.50526300 0.70394700
vt 0.50526300 0.70394700
vt 0.50526300 0.70394700
vt 0.50000000 0.74342100
vt 0.50000000 0.74342100
vt 0.50000000 0.74342100
vt 0.50000000 0.74342100
vt 0.50000000 0.74342100
vt 0.50000000 0.74342100
vt 0.50000000 0.74342100
vt 0.49868400 0.74342100
vt 0.49868400 0.74342100
vt 0.49868400 0.74342100
vt 0.49868400 0.74342100
vt 0.49868400 0.74342100
vt 0.49868400 0.74342100
vt 0.49868400 0.74342100
vt 0.49868400 0.74342100
vt 0.49868400 0.74342100
vt 0.51710500 0.75000000
vt 0.51710500 0.75000000
vt 0.51710500 0.75000000
vt 0.51710500 0.75000000
vt 0.51710500 0.75000000
vt 0.51710500 0.75000000
vt 0.51710500 0.75000000
vt 0.49078900 0.70065800
vt 0.49078900 0.70065800
vt 0.49078900 0.70065800
vt 0.49078900 0.70065800
vt 0.49078900 0.70065800
vt 0.49078900 0.70065800
vt 0.48421100 0.70065800
vt 0.48421100 0.70065800
vt 0.48421100 0.70065800
vt 0.48421100 0.70065800
vt 0.48421100 0.70065800
vt 0.48421100 0.70065800
vt 0.47894700 0.74342100
vt 0.47894700 0.74342100
vt 0.47894700 0.74342100
vt 0.47894700 0.74342100
vt 0.47894700 0.74342100
vt 0.47894700 0.74342100
vt 0.47894700 0.74342100
vt 0.47894700 0.74342100
vt 0.50789500 0.79934200
vt 0.50789500 0.79934200
vt 0.50789500 0.79934200
vt 0.50789500 0.79934200
vt 0.50789500 0.79934200
vt 0.51315800 0.77960500
vt 0.51315800 0.77960500
vt 0.51315800 0.77960500
vt 0.51315800 0.77960500
vt 0.51315800 0.77960500
vt 0.51315800 0.77960500
vt 0.51315800 0.77960500
f 1244/1244 1141/1141 1158/1158
f 1242/1242 1150/1150 1146/1146
f 1358/1358 1145/1145 1157/1157
f 1355/1355 1156/1156 1170/1170
f 1169/1169 1164/1164 1361/1361
f 1165/1165 1364/1364 1356/1356
f 1393/1393 1163/1163 1171/1171
f 1390/1390 1172/1172 6/6
f 1392/1392 8/8 1/1
f 12/12 18/18 1175/1175
f 1460/1460 1186/1186 1199/1199
f 1195/1195 1190/1190 1457/1457
f 1159/1159 1191/1191 1200/1200
f 1193/1193 1204/1204 1152/1152
f 1192/1192 1151/1151 1139/1139
f 1525/1525 24/24 28/28
f 30/30 1198/1198 1526/1526
f 1197/1197 1183/1183 1527/1527
f 1178/1178 1202/1202 1196/1196
f 1176/1176 1194/1194 31/31
f 1179/1179 29/29 15/15
f 1209/1209 1220/1220 1214/1214
f 1211/1211 1219/1219 42/42
f 1215/1215 40/40 37/37
f 1173/1173 16/16 47/47
f 1207/1207 1174/1174 52/52
f 51/51 1217/1217 1205/1205
f 56/56 41/41 1221/1221
f 58/58 1218/1218 53/53
f 1216/1216 1168/1168 1153/1153
f 1208/1208 1212/1212 1154/1154
f 1155/1155 1201/1201 1210/1210
f 38/38 7/7 1167/1167
f 39/39 1166/1166 1213/1213
f 1206/1206 1203/1203 1177/1177
f 1226/1226 1232/1232 1227/1227
f 1248/1248 1237/1237 1144/1144
f 1140/1140 1243/1243 1252/1252
f 1247/1247 1245/1245 1149/1149
f 1250/1250 1148/1148 1231/1231
f 1249/1249 1236/1236 1223/1223
f 1267/1267 1257/1257 1222/1222
f 1224/1224 1230/1230 1260/1260
f 1277/1277 1268/1268 1241/1241
f 1238/1238 1253/1253 1276/1276
f 1259/1259 1278/1278 1246/1246
f 1251/1251 1225/1225 1256/1256
f 1279/1279 1254/1254 1266/1266
f 1283/1283 1261/1261 1285/1285
f 1292/1292 1269/1269 1273/1273
f 1288/1288 1274/1274 1298/1298
f 1300/1300 1275/1275 1258/1258
f 1299/1299 1255/1255 1280/1280
f 1286/1286 1308/1308 1282/1282
f 1309/1309 1290/1290 1294/1294
f 1311/1311 1295/1295 1317/1317
f 1306/1306 1316/1316 1296/1296
f 1297/1297 1281/1281 1304/1304
f 1318/1318 1301/1301 1325/1325
f 1331/1331 1336/1336 1332/1332
f 64/64 1333/1333 1339/1339
f 1340/1340 74/74 67/67
f 1351/1351 1342/1342 1328/1328
f 1329/1329 1335/1335 1347/1347
f 1348/1348 1334/1334 69/69
f 1350/1350 65/65 77/77
f 1368/1368 1229/1229 1233/1233
f 1235/1235 1360/1360 1371/1371
f 1359/1359 1362/1362 1372/1372
f 1370/1370 1363/1363 1160/1160
f 1365/1365 1161/1161 1376/1376
f 1357/1357 1234/1234 1147/1147
f 1262/1262 1228/1228 1366/1366
f 1263/1263 1367/1367 1383/1383
f 1381/1381 1369/1369 1379/1379
f 1380/1380 1377/1377 1387/1387
f 1375/1375 1162/1162 1396/1396
f 1327/1327 1374/1374 1395/1395
f 1394/1394 1338/1338 1326/1326
f 1397/1397 5/5 70/70
f 71/71 1337/1337 1391/1391
f 1345/1345 1386/1386 1373/1373
f 1378/1378 1330/1330 1341/1341
f 1398/1398 1344/1344 1349/1349
f 1401/1401 1353/1353 1407/1407
f 87/87 1406/1406 1354/1354
f 1352/1352 80/80 86/86
f 1404/1404 1412/1412 1400/1400
f 59/59 1418/1418 1414/1414
f 1409/1409 1405/1405 82/82
f 1410/1410 88/88 63/63
f 1426/1426 1284/1284 1264/1264
f 1265/1265 1382/1382 1425/1425
f 1428/1428 1420/1420 1385/1385
f 1384/1384 1389/1389 1431/1431
f 1442/1442 1437/1437 1302/1302
f 1303/1303 1287/1287 1421/1421
f 1307/1307 1422/1422 1439/1439
f 1451/1451 1444/1444 1423/1423
f 1424/1424 1429/1429 1450/1450
f 1324/1324 1305/1305 1434/1434
f 1427/1427 1388/1388 1343/1343
f 1432/1432 1346/1346 1402/1402
f 1445/1445 1430/1430 1403/1403
f 1449/1449 1399/1399 1413/1413
f 1452/1452 1408/1408 1456/1456
f 1454/1454 1411/1411 1416/1416
f 1462/1462 1458/1458 1188/1188
f 1463/1463 1189/1189 1471/1471
f 1461/1461 1475/1475 1184/1184
f 1182/1182 1459/1459 1464/1464
f 1481/1481 1465/1465 1469/1469
f 1484/1484 1468/1468 1488/1488
f 1492/1492 1501/1501 1498/1498
f 1480/1480 1496/1496 1502/1502
f 1505/1505 1478/1478 1467/1467
f 1500/1500 1466/1466 1479/1479
f 1470/1470 1187/1187 1142/1142
f 1474/1474 1143/1143 1239/1239
f 1270/1270 1490/1490 1472/1472
f 1473/1473 1240/1240 1271/1271
f 1508/1508 1523/1523 1515/1515
f 1181/1181 1516/1516 1519/1519
f 1521/1521 1529/1529 1185/1185
f 1514/1514 1180/1180 1476/1476
f 98/98 102/102 1518/1518
f 99/99 1522/1522 1511/1511
f 1524/1524 1520/1520 104/104
f 1528/1528 101/101 25/25
f 1504/1504 1536/1536 1510/1510
f 1509/1509 1517/1517 1503/1503
f 1535/1535 1506/1506 1494/1494
f 1477/1477 1507/1507 1513/1513
f 1530/1530 91/91 96/96
f 97/97 1512/1512 1537/1537
f 1545/1545 1542/1542 1486/1486
f 1485/1485 1491/1491 1550/1550
f 1499/1499 1555/1555 1493/1493
f 1539/1539 1561/1561 1554/1554
f 1552/1552 1497/1497 1482/1482
f 1556/1556 1483/1483 1540/1540
f 1567/1567 1566/1566 1538/1538
f 1541/1541 1549/1549 1570/1570
f 1574/1574 1559/1559 1543/1543
f 1573/1573 1544/1544 1565/1565
f 1291/1291 1547/1547 1489/1489
f 1487/1487 1272/1272 1289/1289
f 1312/1312 1568/1568 1546/1546
f 1548/1548 1293/1293 1310/1310
f 1551/1551 1584/1584 1531/1531
f 1532/1532 1495/1495 1553/1553
f 1585/1585 1557/1557 1592/1592
f 1591/1591 1558/1558 1560/1560
f 115/115 90/90 1533/1533
f 116/116 1534/1534 1587/1587
f 1589/1589 1594/1594 1582/1582
f 1577/1577 1600/1600 1596/1596
f 1578/1578 1593/1593 1588/1588
f 1590/1590 1562/1562 1579/1579
f 1607/1607 110/110 111/111
f 1608/1608 112/112 1583/1583
f 1586/1586 1595/1595 1605/1605
f 1606/1606 1597/1597 1598/1598
f 1320/1320 1614/1614 1313/1313
f 1630/1630 1621/1621 1610/1610
f 1613/1613 1319/1319 1321/1321
f 1617/1617 1323/1323 1622/1622
f 1629/1629 1635/1635 1620/1620
f 60/60 128/128 1419/1419
f 1640/1640 1436/1436 1443/1443
f 1641/1641 1438/1438 1644/1644
f 1647/1647 1643/1643 1441/1441
f 1440/1440 1446/1446 1650/1650
f 1625/1625 1322/1322 1435/1435
f 1623/1623 1433/1433 1637/1637
f 1645/1645 1659/1659 1638/1638
f 1646/1646 1660/1660 1658/1658
f 1651/1651 1656/1656 1642/1642
f 1665/1665 1636/1636 1624/1624
f 1677/1677 1666/1666 1627/1627
f 1626/1626 1639/1639 1654/1654
f 1628/1628 1657/1657 1675/1675
f 1671/1671 1655/1655 1663/1663
f 1678/1678 1664/1664 1679/1679
f 1688/1688 1648/1648 1447/1447
f 1448/1448 1453/1453 1685/1685
f 1683/1683 1455/1455 1417/1417
f 1687/1687 1415/1415 130/130
f 1689/1689 129/129 144/144
f 1695/1695 1661/1661 1652/1652
f 1701/1701 1696/1696 1649/1649
f 1653/1653 1684/1684 1700/1700
f 140/140 1699/1699 1686/1686
f 1690/1690 145/145 134/134
f 1681/1681 1662/1662 1692/1692
f 1676/1676 1703/1703 1668/1668
f 1709/1709 1702/1702 1673/1673
f 1717/1717 1710/1710 1672/1672
f 1674/1674 1680/1680 1714/1714
f 1716/1716 1721/1721 1707/1707
f 1697/1697 1729/1729 1694/1694
f 133/133 147/147 1728/1728
f 135/135 1727/1727 1698/1698
f 1718/1718 1682/1682 1693/1693
f 1719/1719 1691/1691 1730/1730
f 1715/1715 1726/1726 1737/1737
f 1735/1735 1731/1731 148/148
f 1738/1738 146/146 155/155
f 1733/1733 1743/1743 1725/1725
f 1723/1723 1713/1713 1736/1736
f 1742/1742 1734/1734 1748/1748
f 122/122 1749/1749 1732/1732
f 1739/1739 152/152 123/123
f 1569/1569 1754/1754 1563/1563
f 1762/1762 1759/1759 1581/1581
f 1572/1572 1564/1564 1751/1751
f 1580/1580 1752/1752 1761/1761
f 1764/1764 1769/1769 1760/1760
f 1615/1615 1777/1777 1750/1750
f 1753/1753 1571/1571 1315/1315
f 1756/1756 1314/1314 1616/1616
f 1773/1773 1611/1611 1782/1782
f 1781/1781 1612/1612 1618/1618
f 1763/1763 1755/1755 1775/1775
f 1778/1778 1789/1789 1776/1776
f 1795/1795 1790/1790 1784/1784
f 1634/1634 1785/1785 1780/1780
f 1779/1779 1619/1619 1631/1631
f 1783/1783 1632/1632 1799/1799
f 1805/1805 1767/1767 1766/1766
f 1806/1806 1765/1765 1772/1772
f 1804/1804 1774/1774 1786/1786
f 1803/1803 1787/1787 1812/1812
f 1813/1813 1788/1788 1792/1792
f 1818/1818 1599/1599 1576/1576
f 1815/1815 1575/1575 1757/1757
f 1603/1603 164/164 109/109
f 169/169 163/163 1609/1609
f 1819/1819 165/165 1602/1602
f 1604/1604 1601/1601 1822/1822
f 1821/1821 1758/1758 1770/1770
f 1768/1768 1826/1826 1816/1816
f 1835/1835 159/159 167/167
f 168/168 1817/1817 1829/1829
f 1820/1820 1827/1827 1828/1828
f 1808/1808 1838/1838 1824/1824
f 1825/1825 1771/1771 1800/1800
f 1833/1833 1823/1823 1837/1837
f 1840/1840 1791/1791 1796/1796
f 1846/1846 1794/1794 1851/1851
f 1811/1811 1856/1856 1807/1807
f 1843/1843 1859/1859 1855/1855
f 1844/1844 1853/1853 1810/1810
f 1814/1814 1793/1793 1841/1841
f 1847/1847 1865/1865 1842/1842
f 1880/1880 1873/1873 1861/1861
f 1860/1860 1845/1845 1864/1864
f 1863/1863 1867/1867 1875/1875
f 1834/1834 173/173 156/156
f 1884/1884 1839/1839 1801/1801
f 1887/1887 1885/1885 1809/1809
f 1802/1802 1857/1857 1890/1890
f 1888/1888 1854/1854 1862/1862
f 177/177 174/174 1832/1832
f 1882/1882 179/179 1830/1830
f 1831/1831 1836/1836 1883/1883
f 1893/1893 1895/1895 1881/1881
f 1905/1905 1894/1894 1889/1889
f 1872/1872 1906/1906 1891/1891
f 1892/1892 1858/1858 1871/1871
f 176/176 1886/1886 1897/1897
f 1896/1896 188/188 183/183
f 1899/1899 193/193 185/185
f 189/189 1898/1898 1902/1902
f 1798/1798 1633/1633 1669/1669
f 1852/1852 1797/1797 1667/1667
f 1850/1850 1670/1670 1704/1704
f 1849/1849 1706/1706 1908/1908
f 1911/1911 1705/1705 1712/1712
f 1913/1913 1918/1918 1869/1869
f 1868/1868 1848/1848 1909/1909
f 1916/1916 1912/1912 1920/1920
f 1921/1921 1910/1910 1708/1708
f 1923/1923 1711/1711 1724/1724
f 1922/1922 1720/1720 1929/1929
f 1878/1878 1866/1866 1914/1914
f 1927/1927 1722/1722 1744/1744
f 1747/1747 1933/1933 1740/1740
f 211/211 1940/1940 1936/1936
f 1930/1930 1746/1746 121/121
f 1934/1934 120/120 209/209
f 1942/1942 1941/1941 212/212
f 1943/1943 210/210 216/216
f 225/225 1953/1953 1946/1946
f 1947/1947 220/220 227/227
f 194/194 1957/1957 229/229
f 208/208 230/230 1959/1959
f 200/200 1958/1958 1950/1950
f 1951/1951 226/226 204/204
f 1877/1877 1960/1960 1874/1874
f 1975/1975 1966/1966 1901/1901
f 1900/1900 1870/1870 1964/1964
f 1907/1907 1965/1965 1977/1977
f 243/243 191/191 1903/1903
f 244/244 1904/1904 1967/1967
f 1984/1984 1981/1981 1971/1971
f 1970/1970 1973/1973 1985/1985
f 237/237 241/241 1968/1968
f 239/239 1969/1969 1978/1978
f 248/248 1992/1992 251/251
f 1998/1998 1980/1980 1983/1983
f 1999/1999 1982/1982 2003/2003
f 1995/1995 260/260 236/236
f 238/238 1979/1979 2000/2000
f 262/262 1996/1996 2004/2004
f 261/261 2006/2006 1988/1988
f 267/267 1989/1989 247/247
f 266/266 271/271 256/256
f 258/258 1997/1997 268/268
f 1919/1919 2013/2013 1917/1917
f 2022/2022 2017/2017 2011/2011
f 2010/2010 1924/1924 1928/1928
f 2009/2009 1925/1925 2029/2029
f 2007/2007 2034/2034 1961/1961
f 2008/2008 1963/1963 1879/1879
f 1876/1876 1915/1915 2014/2014
f 2033/2033 2015/2015 2036/2036
f 2037/2037 2012/2012 2018/2018
f 2044/2044 2016/2016 2024/2024
f 2043/2043 2023/2023 2049/2049
f 2056/2056 2055/2055 2032/2032
f 2031/2031 2039/2039 2063/2063
f 2062/2062 2038/2038 2020/2020
f 2061/2061 2019/2019 2045/2045
f 2025/2025 1926/1926 1741/1741
f 2027/2027 1745/1745 1931/1931
f 2026/2026 1932/1932 2064/2064
f 2065/2065 1935/1935 1939/1939
f 2071/2071 2047/2047 2028/2028
f 2021/2021 2066/2066 2072/2072
f 2070/2070 2067/2067 1938/1938
f 2073/2073 1937/1937 1945/1945
f 1976/1976 1962/1962 2030/2030
f 2052/2052 1987/1987 1974/1974
f 1972/1972 2035/2035 2051/2051
f 2084/2084 2080/2080 2040/2040
f 2041/2041 2048/2048 2081/2081
f 2095/2095 2050/2050 2060/2060
f 2094/2094 2059/2059 2096/2096
f 2076/2076 2097/2097 2058/2058
f 2057/2057 2042/2042 2079/2079
f 287/287 2103/2103 289/289
f 280/280 290/290 2105/2105
f 2107/2107 2078/2078 2086/2086
f 2106/2106 2087/2087 278/278
f 285/285 253/253 1994/1994
f 2104/2104 1990/1990 2093/2093
f 2090/2090 2098/2098 2100/2100
f 1991/1991 2102/2102 284/284
f 2077/2077 2101/2101 2099/2099
f 2088/2088 2046/2046 2074/2074
f 2089/2089 2075/2075 2110/2110
f 1952/1952 2111/2111 2069/2069
f 2068/2068 1944/1944 1948/1948
f 197/197 279/279 2083/2083
f 2082/2082 2109/2109 1954/1954
f 2085/2085 1955/1955 198/198
f 1949/1949 1956/1956 2108/2108
f 2001/2001 1986/1986 2054/2054
f 2005/2005 2053/2053 2092/2092
f 2091/2091 1993/1993 2002/2002
f 2112/2112 2128/2128 2118/2118
f 2132/2132 2138/2138 2136/2136
f 2156/2156 2146/2146 2130/2130
f 2131/2131 2135/2135 2153/2153
f 2161/2161 2137/2137 2141/2141
f 2159/2159 2140/2140 199/199
f 195/195 228/228 2162/2162
f 2160/2160 231/231 206/206
f 2163/2163 207/207 687/687
f 2155/2155 2134/2134 2157/2157
f 2154/2154 2158/2158 2168/2168
f 2169/2169 2164/2164 689/689
f 2171/2171 686/686 682/682
f 2461/2461 2120/2120 2123/2123
f 2467/2467 2121/2121 2148/2148
f 2195/2195 2463/2463 2145/2145
f 2147/2147 2151/2151 2198/2198
f 2450/2450 2466/2466 2196/2196
f 2194/2194 2209/2209 2452/2452
f 2208/2208 2174/2174 2451/2451
f 2177/2177 2188/2188 2184/2184
f 690/690 2185/2185 2191/2191
f 2187/2187 702/702 692/692
f 2197/2197 2152/2152 2170/2170
f 2179/2179 2193/2193 2166/2166
f 2167/2167 2190/2190 2180/2180
f 2172/2172 681/681 701/701
f 703/703 2189/2189 2165/2165
f 2200/2200 2176/2176 2210/2210
f 2207/2207 2178/2178 2199/2199
f 2181/2181 2186/2186 2202/2202
f 2206/2206 2183/2183 695/695
f 2203/2203 694/694 675/675
f 2182/2182 2211/2211 2192/2192
f 2218/2218 249/249 252/252
f 2220/2220 254/254 2221/2221
f 2232/2232 2238/2238 2236/2236
f 2237/2237 2247/2247 2212/2212
f 2213/2213 2222/2222 2240/2240
f 2246/2246 2239/2239 2231/2231
f 2214/2214 2254/2254 264/264
f 265/265 246/246 2216/2216
f 723/723 728/728 2255/2255
f 2258/2258 725/725 272/272
f 2253/2253 2256/2256 270/270
f 273/273 263/263 2251/2251
f 2263/2263 2273/2273 2266/2266
f 2219/2219 2268/2268 2274/2274
f 2272/2272 2252/2252 2215/2215
f 2270/2270 2217/2217 2249/2249
f 718/718 724/724 2260/2260
f 717/717 2259/2259 2271/2271
f 720/720 2276/2276 2265/2265
f 2250/2250 2275/2275 2257/2257
f 2590/2590 2278/2278 2293/2293
f 2229/2229 2289/2289 2306/2306
f 2305/2305 2248/2248 2227/2227
f 2606/2606 2288/2288 2226/2226
f 2228/2228 2233/2233 2125/2125
f 2230/2230 2126/2126 2607/2607
f 2127/2127 2115/2115 2608/2608
f 2291/2291 2609/2609 2589/2589
f 711/711 729/729 2309/2309
f 2622/2622 708/708 2311/2311
f 2312/2312 2282/2282 2619/2619
f 2304/2304 2295/2295 2264/2264
f 2261/2261 2269/2269 2307/2307
f 2296/2296 2308/2308 2292/2292
f 2245/2245 2303/2303 2267/2267
f 2298/2298 736/736 715/715
f 714/714 2262/2262 2301/2301
f 2283/2283 2313/2313 2300/2300
f 2287/2287 2302/2302 2294/2294
f 2285/2285 2290/2290 2279/2279
f 2299/2299 2310/2310 730/730
f 2297/2297 734/734 737/737
f 2324/2324 2315/2315 288/288
f 283/283 291/291 2320/2320
f 2319/2319 292/292 276/276
f 2326/2326 277/277 2142/2142
f 2325/2325 2143/2143 2133/2133
f 2225/2225 250/250 286/286
f 2223/2223 282/282 2317/2317
f 2327/2327 2235/2235 2241/2241
f 2242/2242 2314/2314 2322/2322
f 2244/2244 2323/2323 2330/2330
f 2150/2150 2328/2328 2321/2321
f 2318/2318 2129/2129 2149/2149
f 2316/2316 2243/2243 2224/2224
f 196/196 2139/2139 281/281
f 2331/2331 2144/2144 2124/2124
f 2122/2122 2234/2234 2329/2329
f 2345/2345 2332/2332 2114/2114
f 2113/2113 2119/2119 2341/2341
f 2349/2349 2361/2361 2356/2356
f 2367/2367 2354/2354 2358/2358
f 2359/2359 2334/2334 2343/2343
f 2360/2360 2344/2344 2366/2366
f 2373/2373 2381/2381 2377/2377
f 2398/2398 2389/2389 2350/2350
f 2352/2352 2353/2353 2397/2397
f 2385/2385 2400/2400 2355/2355
f 2357/2357 2369/2369 2386/2386
f 2395/2395 2387/2387 2374/2374
f 2403/2403 2372/2372 2378/2378
f 2406/2406 2375/2375 2411/2411
f 2415/2415 2390/2390 2393/2393
f 2418/2418 2399/2399 2424/2424
f 2405/2405 2421/2421 2394/2394
f 2396/2396 2371/2371 2407/2407
f 2425/2425 749/749 746/746
f 2434/2434 2442/2442 2439/2439
f 2455/2455 2440/2440 2445/2445
f 2459/2459 2441/2441 2448/2448
f 2447/2447 2173/2173 2460/2460
f 2338/2338 2117/2117 2464/2464
f 2342/2342 2465/2465 2443/2443
f 2337/2337 2446/2446 2435/2435
f 2449/2449 2444/2444 2462/2462
f 2475/2475 2468/2468 2433/2433
f 2436/2436 2437/2437 2474/2474
f 2477/2477 2438/2438 2453/2453
f 2478/2478 2457/2457 2485/2485
f 2472/2472 2368/2368 2339/2339
f 2340/2340 2432/2432 2471/2471
f 2454/2454 2175/2175 2205/2205
f 2456/2456 2204/2204 2490/2490
f 2495/2495 2201/2201 678/678
f 2491/2491 679/679 758/758
f 2483/2483 2458/2458 2492/2492
f 2482/2482 2488/2488 2498/2498
f 2430/2430 2497/2497 2493/2493
f 2494/2494 757/757 750/750
f 2489/2489 751/751 2426/2426
f 2502/2502 2515/2515 2504/2504
f 2518/2518 2528/2528 2524/2524
f 2526/2526 2529/2529 2431/2431
f 765/765 2525/2525 2427/2427
f 2429/2429 748/748 764/764
f 2540/2540 2507/2507 2512/2512
f 2513/2513 2519/2519 2521/2521
f 2514/2514 2522/2522 2538/2538
f 2536/2536 2523/2523 761/761
f 2537/2537 760/760 741/741
f 2548/2548 2376/2376 2380/2380
f 2382/2382 2470/2470 2476/2476
f 2384/2384 2473/2473 2544/2544
f 2547/2547 2479/2479 2487/2487
f 2545/2545 2484/2484 2550/2550
f 2469/2469 2383/2383 2370/2370
f 2409/2409 2379/2379 2543/2543
f 2414/2414 2546/2546 2557/2557
f 2510/2510 2558/2558 2541/2541
f 2542/2542 2551/2551 2509/2509
f 2556/2556 2508/2508 2500/2500
f 2520/2520 2552/2552 2481/2481
f 2480/2480 2496/2496 2530/2530
f 2486/2486 2531/2531 2517/2517
f 2428/2428 2527/2527 2499/2499
f 2516/2516 2511/2511 2549/2549
f 2559/2559 2571/2571 2564/2564
f 2581/2581 2562/2562 2566/2566
f 2578/2578 2567/2567 2588/2588
f 2600/2600 2592/2592 2605/2605
f 2599/2599 2604/2604 2610/2610
f 2335/2335 2613/2613 2603/2603
f 2602/2602 2116/2116 2333/2333
f 2595/2595 2563/2563 2574/2574
f 2569/2569 2277/2277 2591/2591
f 2570/2570 2593/2593 2597/2597
f 2365/2365 2615/2615 2598/2598
f 2594/2594 2612/2612 2363/2363
f 2618/2618 2364/2364 2346/2346
f 2336/2336 2362/2362 2611/2611
f 2586/2586 2565/2565 2601/2601
f 2585/2585 2596/2596 2616/2616
f 2624/2624 2620/2620 2286/2286
f 2626/2626 2284/2284 2568/2568
f 2625/2625 2573/2573 2560/2560
f 2627/2627 781/781 706/706
f 709/709 2621/2621 2623/2623
f 2576/2576 2634/2634 2629/2629
f 2628/2628 2561/2561 2575/2575
f 2635/2635 772/772 780/780
f 776/776 2630/2630 2633/2633
f 2280/2280 2572/2572 2281/2281
f 2638/2638 2650/2650 2642/2642
f 2641/2641 2657/2657 2583/2583
f 2582/2582 2587/2587 2649/2649
f 2579/2579 2648/2648 2640/2640
f 2666/2666 2639/2639 2647/2647
f 2667/2667 2646/2646 2672/2672
f 2661/2661 2675/2675 2659/2659
f 2660/2660 2637/2637 2662/2662
f 2351/2351 2645/2645 2651/2651
f 2652/2652 2617/2617 2347/2347
f 2644/2644 2348/2348 2388/2388
f 2614/2614 2653/2653 2584/2584
f 2671/2671 2643/2643 2392/2392
f 2673/2673 2391/2391 2419/2419
f 2679/2679 2693/2693 2685/2685
f 2655/2655 2683/2683 2692/2692
f 2694/2694 2632/2632 2580/2580
f 2688/2688 2577/2577 2656/2656
f 783/783 795/795 2689/2689
f 786/786 2690/2690 2681/2681
f 2636/2636 2691/2691 791/791
f 2631/2631 790/790 773/773
f 2697/2697 2680/2680 2684/2684
f 2696/2696 2686/2686 2704/2704
f 2706/2706 2687/2687 2654/2654
f 2705/2705 2658/2658 2678/2678
f 2698/2698 766/766 782/782
f 784/784 2682/2682 2699/2699
f 2707/2707 2404/2404 2410/2410
f 2710/2710 2408/2408 2714/2714
f 2720/2720 2417/2417 2423/2423
f 2722/2722 2422/2422 2725/2725
f 2730/2730 2420/2420 2401/2401
f 2728/2728 2402/2402 2709/2709
f 2715/2715 2733/2733 2711/2711
f 2729/2729 2741/2741 2716/2716
f 2753/2753 2745/2745 2737/2737
f 2738/2738 2726/2726 2751/2751
f 2727/2727 2708/2708 2736/2736
f 2724/2724 2731/2731 2749/2749
f 2748/2748 2759/2759 2746/2746
f 2506/2506 2763/2763 2503/2503
f 2533/2533 2773/2773 2767/2767
f 2766/2766 2505/2505 2534/2534
f 2770/2770 2535/2535 2778/2778
f 806/806 2777/2777 2532/2532
f 2539/2539 739/739 810/810
f 2776/2776 2782/2782 2769/2769
f 811/811 805/805 2781/2781
f 807/807 2780/2780 2779/2779
f 2787/2787 2712/2712 2412/2412
f 2413/2413 2554/2554 2791/2791
f 2768/2768 2785/2785 2553/2553
f 2555/2555 2501/2501 2762/2762
f 2788/2788 2765/2765 2794/2794
f 2786/2786 2798/2798 2732/2732
f 2735/2735 2713/2713 2790/2790
f 2802/2802 2792/2792 2807/2807
f 2815/2815 2804/2804 2789/2789
f 2793/2793 2795/2795 2814/2814
f 2752/2752 2734/2734 2799/2799
f 2796/2796 2764/2764 2774/2774
f 2812/2812 2797/2797 2772/2772
f 2818/2818 2813/2813 2771/2771
f 2775/2775 2784/2784 2816/2816
f 2819/2819 2783/2783 804/804
f 2817/2817 803/803 815/815
f 2806/2806 2824/2824 2800/2800
f 2805/2805 2810/2810 2827/2827
f 2832/2832 2823/2823 2808/2808
f 2801/2801 2826/2826 2838/2838
f 2747/2747 2803/2803 2833/2833
f 2839/2839 2758/2758 2750/2750
f 2836/2836 2825/2825 2829/2829
f 2840/2840 2830/2830 2845/2845
f 2809/2809 2822/2822 2849/2849
f 2848/2848 2828/2828 2811/2811
f 2821/2821 814/814 819/819
f 820/820 2847/2847 2820/2820
f 2846/2846 2831/2831 2850/2850
f 2844/2844 2852/2852 2860/2860
f 2854/2854 2851/2851 823/823
f 2855/2855 822/822 796/796
f 2866/2866 2863/2863 2665/2665
f 2664/2664 2670/2670 2865/2865
f 2876/2876 2676/2676 2668/2668
f 2877/2877 2663/2663 2861/2861
f 2867/2867 2883/2883 2862/2862
f 2890/2890 2886/2886 2878/2878
f 2879/2879 2864/2864 2882/2882
f 2874/2874 2880/2880 2893/2893
f 2718/2718 2869/2869 2674/2674
f 2669/2669 2416/2416 2721/2721
f 2723/2723 2901/2901 2885/2885
f 2881/2881 2868/2868 2719/2719
f 2900/2900 2717/2717 2739/2739
f 2902/2902 2742/2742 2905/2905
f 2904/2904 2740/2740 2743/2743
f 2891/2891 2884/2884 2899/2899
f 2701/2701 2913/2913 2700/2700
f 2872/2872 2916/2916 2909/2909
f 2871/2871 2908/2908 2703/2703
f 2702/2702 2677/2677 2875/2875
f 768/768 2695/2695 2911/2911
f 2910/2910 836/836 767/767
f 2918/2918 842/842 834/834
f 835/835 2912/2912 2919/2919
f 2924/2924 2915/2915 2870/2870
f 2925/2925 2873/2873 2888/2888
f 831/831 839/839 2914/2914
f 828/828 2917/2917 2921/2921
f 2892/2892 2927/2927 2887/2887
f 2907/2907 2936/2936 2896/2896
f 2906/2906 2744/2744 2757/2757
f 2756/2756 2941/2941 2932/2932
f 2754/2754 2933/2933 2903/2903
f 2898/2898 2934/2934 2942/2942
f 2894/2894 2897/2897 2947/2947
f 2944/2944 2930/2930 2895/2895
f 2954/2954 2946/2946 2937/2937
f 2955/2955 2950/2950 2935/2935
f 2931/2931 2940/2940 2957/2957
f 2956/2956 2962/2962 2952/2952
f 2920/2920 2889/2889 2929/2929
f 2926/2926 2969/2969 2923/2923
f 829/829 2922/2922 2966/2966
f 2968/2968 844/844 830/830
f 2979/2979 2974/2974 2971/2971
f 2972/2972 2928/2928 2943/2943
f 2967/2967 2945/2945 2981/2981
f 2980/2980 2948/2948 2949/2949
f 854/854 847/847 2965/2965
f 852/852 2970/2970 2977/2977
f 2983/2983 2987/2987 2973/2973
f 2951/2951 2963/2963 2994/2994
f 2978/2978 2953/2953 2992/2992
f 2995/2995 2986/2986 2982/2982
f 2975/2975 2985/2985 857/857
f 2976/2976 858/858 853/853
f 855/855 2984/2984 2991/2991
f 856/856 2993/2993 866/866
f 3001/3001 2939/2939 2761/2761
f 3003/3003 3000/3000 2760/2760
f 2755/2755 2837/2837 3004/3004
f 3012/3012 3005/3005 2835/2835
f 2834/2834 2841/2841 3014/3014
f 2843/2843 3018/3018 3013/3013
f 2958/2958 2938/2938 2997/2997
f 3011/3011 3017/3017 3023/3023
f 3006/3006 3027/3027 2996/2996
f 3009/3009 3026/3026 3007/3007
f 2999/2999 3028/3028 3030/3030
f 3002/3002 3031/3031 2961/2961
f 2998/2998 2964/2964 2959/2959
f 3024/3024 3039/3039 3036/3036
f 3010/3010 3020/3020 3034/3034
f 3035/3035 3029/3029 3008/3008
f 3016/3016 2842/2842 2858/2858
f 3019/3019 2853/2853 3047/3047
f 3053/3053 3046/3046 2856/2856
f 878/878 3054/3054 2857/2857
f 2859/2859 797/797 880/880
f 3025/3025 3015/3015 3048/3048
f 3022/3022 3044/3044 3057/3057
f 3060/3060 3045/3045 3049/3049
f 875/875 883/883 3052/3052
f 3055/3055 3062/3062 3041/3041
f 3058/3058 3042/3042 3021/3021
f 3050/3050 881/881 868/868
f 3059/3059 3051/3051 869/869
f 872/872 3061/3061 3056/3056
f 2989/2989 2960/2960 3033/3033
f 2990/2990 3032/3032 3066/3066
f 3075/3075 3067/3067 3037/3037
f 3038/3038 3043/3043 3072/3072
f 862/862 2988/2988 3070/3070
f 861/861 3071/3071 886/886
f 892/892 889/889 3068/3068
f 3069/3069 3076/3076 894/894
f 3077/3077 3040/3040 3065/3065
f 3074/3074 3063/3063 3078/3078
f 3081/3081 3064/3064 870/870
f 3082/3082 871/871 897/897
f 895/895 3073/3073 3083/3083
f 893/893 3079/3079 904/904
f 908/908 3080/3080 902/902
f 903/903 901/901 915/915
f 3089/3089 3090/3090 21/21
f 3088/3088 17/17 13/13
f 3095/3095 3091/3091 3084/3084
f 3304/3304 3103/3103 3115/3115
f 3303/3303 3110/3110 26/26
f 33/33 23/23 3305/3305
f 3087/3087 14/14 27/27
f 32/32 3112/3112 3085/3085
f 3342/3342 3116/3116 3113/3113
f 3114/3114 3102/3102 3344/3344
f 3117/3117 3125/3125 3169/3169
f 3111/3111 3170/3170 3150/3150
f 3151/3151 3127/3127 3094/3094
f 3107/3107 3152/3152 3099/3099
f 3096/3096 3086/3086 3109/3109
f 3168/3168 3108/3108 3119/3119
f 3132/3132 49/49 20/20
f 3135/3135 19/19 3092/3092
f 464/464 54/54 50/50
f 466/466 48/48 3137/3137
f 3142/3142 3147/3147 3138/3138
f 3101/3101 3140/3140 3136/3136
f 3131/3131 3093/3093 3098/3098
f 458/458 465/465 3134/3134
f 457/457 3133/3133 3149/3149
f 3097/3097 3130/3130 3201/3201
f 3100/3100 3204/3204 3143/3143
f 3158/3158 3126/3126 3154/3154
f 3167/3167 3172/3172 3123/3123
f 3174/3174 3182/3182 3162/3162
f 3177/3177 3157/3157 3153/3153
f 3166/3166 3175/3175 3155/3155
f 3156/3156 3171/3171 3164/3164
f 3185/3185 3180/3180 3173/3173
f 3193/3193 3146/3146 3141/3141
f 3252/3252 475/475 454/454
f 3255/3255 453/453 3148/3148
f 3145/3145 3191/3191 3253/3253
f 3160/3160 3199/3199 3210/3210
f 3207/3207 3200/3200 3128/3128
f 3206/3206 3129/3129 3161/3161
f 3213/3213 3139/3139 3203/3203
f 3202/3202 3208/3208 3212/3212
f 3144/3144 3214/3214 3194/3194
f 3225/3225 3205/3205 3198/3198
f 3226/3226 3227/3227 3217/3217
f 3216/3216 3209/3209 3221/3221
f 3159/3159 3181/3181 3197/3197
f 3235/3235 3240/3240 3223/3223
f 3189/3189 3234/3234 3220/3220
f 3224/3224 3196/3196 3188/3188
f 3195/3195 3179/3179 3184/3184
f 3222/3222 3243/3243 3244/3244
f 3219/3219 3245/3245 3231/3231
f 3251/3251 3192/3192 3218/3218
f 3215/3215 3262/3262 3254/3254
f 3256/3256 3259/3259 485/485
f 3250/3250 484/484 474/474
f 3232/3232 3264/3264 3257/3257
f 3258/3258 3211/3211 3229/3229
f 493/493 486/486 3260/3260
f 490/490 3261/3261 3263/3263
f 3228/3228 3249/3249 3271/3271
f 3230/3230 3270/3270 3265/3265
f 491/491 3266/3266 3272/3272
f 3269/3269 480/480 492/492
f 3274/3274 3242/3242 3237/3237
f 3278/3278 3248/3248 3241/3241
f 3277/3277 3239/3239 3275/3275
f 3289/3289 3268/3268 3246/3246
f 3285/3285 3247/3247 3281/3281
f 3286/3286 472/472 479/479
f 483/483 3267/3267 3284/3284
f 94/94 3294/3294 3298/3298
f 3302/3302 105/105 100/100
f 3308/3308 22/22 103/103
f 106/106 3299/3299 3306/3306
f 3293/3293 3311/3311 3316/3316
f 3314/3314 3301/3301 3296/3296
f 3105/3105 3307/3307 3297/3297
f 3300/3300 3318/3318 3106/3106
f 3321/3321 3295/3295 95/95
f 3322/3322 93/93 92/92
f 3331/3331 3312/3312 3292/3292
f 3326/3326 3291/3291 3319/3319
f 3336/3336 3313/3313 3309/3309
f 3333/3333 3348/3348 3339/3339
f 3340/3340 3104/3104 3315/3315
f 3345/3345 3317/3317 3338/3338
f 3349/3349 3353/3353 3361/3361
f 3362/3362 3118/3118 3343/3343
f 3363/3363 3341/3341 3346/3346
f 3332/3332 3367/3367 3334/3334
f 3335/3335 3310/3310 3328/3328
f 3369/3369 3374/3374 3347/3347
f 3350/3350 3337/3337 3368/3368
f 3381/3381 3354/3354 3351/3351
f 3375/3375 3352/3352 3372/3372
f 3120/3120 3364/3364 3122/3122
f 113/113 3383/3383 3323/3323
f 3320/3320 89/89 114/114
f 3386/3386 3390/3390 3325/3325
f 3327/3327 3324/3324 3388/3388
f 3396/3396 3402/3402 3387/3387
f 3395/3395 3382/3382 118/118
f 3400/3400 117/117 107/107
f 3407/3407 3401/3401 3394/3394
f 3385/3385 3403/3403 3412/3412
f 3384/3384 3410/3410 3389/3389
f 3418/3418 3411/3411 3404/3404
f 3417/3417 3405/3405 3409/3409
f 3423/3423 3370/3370 3330/3330
f 3424/3424 3329/3329 3391/3391
f 3436/3436 3371/3371 3366/3366
f 3428/3428 3365/3365 3427/3427
f 3435/3435 3440/3440 3448/3448
f 3430/3430 3446/3446 3380/3380
f 3378/3378 3373/3373 3432/3432
f 3392/3392 3416/3416 3426/3426
f 3415/3415 3452/3452 3431/3431
f 3433/3433 3425/3425 3414/3414
f 3453/3453 3413/3413 3419/3419
f 3459/3459 3441/3441 3429/3429
f 3457/3457 3434/3434 3449/3449
f 3463/3463 3443/3443 3439/3439
f 3465/3465 3461/3461 3438/3438
f 3466/3466 3437/3437 3458/3458
f 3475/3475 3359/3359 3355/3355
f 3376/3376 3483/3483 3473/3473
f 3474/3474 3356/3356 3379/3379
f 3357/3357 3490/3490 3498/3498
f 3493/3493 3165/3165 3124/3124
f 3492/3492 3121/3121 3358/3358
f 3487/3487 3360/3360 3476/3476
f 3163/3163 3491/3491 3176/3176
f 3501/3501 3494/3494 3488/3488
f 3495/3495 3505/3505 3186/3186
f 3187/3187 3178/3178 3496/3496
f 3504/3504 3497/3497 3502/3502
f 3479/3479 3512/3512 3484/3484
f 3489/3489 3477/3477 3478/3478
f 3518/3518 3500/3500 3486/3486
f 3517/3517 3485/3485 3511/3511
f 3516/3516 3522/3522 3507/3507
f 3508/3508 3499/3499 3519/3519
f 3377/3377 3447/3447 3480/3480
f 3445/3445 3526/3526 3534/3534
f 3531/3531 3510/3510 3481/3481
f 3532/3532 3482/3482 3444/3444
f 3525/3525 3442/3442 3464/3464
f 3543/3543 3537/3537 3529/3529
f 3513/3513 3538/3538 3515/3515
f 3535/3535 3550/3550 3523/3523
f 3521/3521 3514/3514 3536/3536
f 3549/3549 3533/3533 3542/3542
f 3469/3469 3552/3552 3528/3528
f 3530/3530 3462/3462 3472/3472
f 3553/3553 3559/3559 3539/3539
f 3541/3541 3527/3527 3555/3555
f 3557/3557 3568/3568 3548/3548
f 3545/3545 3540/3540 3561/3561
f 3573/3573 3238/3238 3190/3190
f 3570/3570 3183/3183 3503/3503
f 3577/3577 3569/3569 3509/3509
f 3576/3576 3506/3506 3524/3524
f 3583/3583 3273/3273 3236/3236
f 3584/3584 3233/3233 3574/3574
f 3585/3585 3589/3589 3279/3279
f 3282/3282 3276/3276 3581/3581
f 3597/3597 3582/3582 3571/3571
f 3593/3593 3572/3572 3579/3579
f 3598/3598 3601/3601 3587/3587
f 3591/3591 3586/3586 3599/3599
f 3592/3592 3608/3608 3283/3283
f 3288/3288 3280/3280 3590/3590
f 509/509 467/467 3287/3287
f 510/510 3290/3290 3611/3611
f 3603/3603 3616/3616 3610/3610
f 3609/3609 3588/3588 3605/3605
f 503/503 511/511 3607/3607
f 505/505 3612/3612 3615/3615
f 3544/3544 3618/3618 3578/3578
f 3575/3575 3520/3520 3547/3547
f 3565/3565 3623/3623 3629/3629
f 3562/3562 3631/3631 3622/3622
f 3619/3619 3546/3546 3563/3563
f 3635/3635 3628/3628 3624/3624
f 3621/3621 3640/3640 3600/3600
f 3594/3594 3580/3580 3620/3620
f 3644/3644 3606/3606 3596/3596
f 3647/3647 3595/3595 3643/3643
f 3617/3617 3627/3627 3638/3638
f 3654/3654 3649/3649 3642/3642
f 3634/3634 3653/3653 3641/3641
f 3639/3639 3630/3630 3632/3632
f 3656/3656 3614/3614 3604/3604
f 3658/3658 3602/3602 3648/3648
f 3659/3659 516/516 504/504
f 502/502 3613/3613 3660/3660
f 3664/3664 3655/3655 3646/3646
f 3665/3665 3645/3645 3652/3652
f 3662/3662 500/500 518/518
f 515/515 3657/3657 3667/3667
f 108/108 162/162 3393/3393
f 3676/3676 3408/3408 3397/3397
f 166/166 3674/3674 3398/3398
f 3399/3399 161/161 170/170
f 3673/3673 3682/3682 3421/3421
f 3422/3422 3406/3406 3675/3675
f 3687/3687 3692/3692 3672/3672
f 160/160 3689/3689 3677/3677
f 3669/3669 171/171 157/157
f 3670/3670 3694/3694 3697/3697
f 3671/3671 3698/3698 3681/3681
f 3700/3700 3691/3691 3688/3688
f 3705/3705 3699/3699 3690/3690
f 3704/3704 3693/3693 3703/3703
f 3718/3718 3723/3723 3450/3450
f 3680/3680 3715/3715 3455/3455
f 3451/3451 3420/3420 3679/3679
f 3454/3454 3724/3724 3456/3456
f 3678/3678 3696/3696 3713/3713
f 3726/3726 3721/3721 3717/3717
f 3725/3725 3734/3734 3470/3470
f 3471/3471 3460/3460 3722/3722
f 3732/3732 3720/3720 3728/3728
f 3741/3741 3729/3729 3719/3719
f 3706/3706 3739/3739 3714/3714
f 3716/3716 3695/3695 3710/3710
f 3727/3727 3747/3747 3750/3750
f 3751/3751 3733/3733 3730/3730
f 3746/3746 3731/3731 3737/3737
f 3757/3757 3753/3753 3742/3742
f 158/158 175/175 3683/3683
f 3765/3765 3702/3702 3684/3684
f 180/180 3762/3762 3686/3686
f 3685/3685 172/172 178/178
f 3772/3772 3777/3777 3712/3712
f 3766/3766 3767/3767 3708/3708
f 3707/3707 3701/3701 3761/3761
f 3783/3783 3776/3776 3771/3771
f 182/182 184/184 3788/3788
f 181/181 3787/3787 3763/3763
f 3795/3795 3786/3786 187/187
f 3790/3790 186/186 190/190
f 3764/3764 3785/3785 3770/3770
f 3800/3800 3780/3780 3769/3769
f 3799/3799 3768/3768 3789/3789
f 3801/3801 3784/3784 3791/3791
f 3711/3711 3775/3775 3807/3807
f 3709/3709 3808/3808 3740/3740
f 3813/3813 3806/3806 3773/3773
f 3814/3814 3774/3774 3781/3781
f 3738/3738 3804/3804 3743/3743
f 3818/3818 3824/3824 3760/3760
f 3820/3820 3759/3759 3744/3744
f 3809/3809 3816/3816 3748/3748
f 3745/3745 3805/3805 3810/3810
f 3779/3779 3829/3829 3836/3836
f 3837/3837 3811/3811 3782/3782
f 3830/3830 3778/3778 3802/3802
f 3812/3812 3835/3835 3819/3819
f 3843/3843 3825/3825 3822/3822
f 3847/3847 3834/3834 3832/3832
f 3850/3850 3859/3859 3838/3838
f 3854/3854 3839/3839 3821/3821
f 3845/3845 3853/3853 3815/3815
f 3817/3817 3833/3833 3848/3848
f 3858/3858 3866/3866 3870/3870
f 3871/3871 3863/3863 3855/3855
f 3874/3874 3868/3868 3864/3864
f 3882/3882 3554/3554 3467/3467
f 3880/3880 3468/3468 3735/3735
f 3881/3881 3891/3891 3893/3893
f 3894/3894 3558/3558 3556/3556
f 3892/3892 3551/3551 3884/3884
f 3560/3560 3898/3898 3567/3567
f 3736/3736 3752/3752 3883/3883
f 3758/3758 3902/3902 3889/3889
f 3890/3890 3885/3885 3754/3754
f 3887/3887 3749/3749 3755/3755
f 3756/3756 3826/3826 3900/3900
f 3905/3905 3895/3895 3888/3888
f 3916/3916 3625/3625 3566/3566
f 3914/3914 3564/3564 3897/3897
f 3918/3918 3896/3896 3907/3907
f 3911/3911 3922/3922 3931/3931
f 3930/3930 3633/3633 3915/3915
f 3636/3636 3626/3626 3912/3912
f 3903/3903 3937/3937 3938/3938
f 3940/3940 3906/3906 3901/3901
f 3909/3909 3886/3886 3899/3899
f 3943/3943 3942/3942 3935/3935
f 3908/3908 3941/3941 3913/3913
f 3952/3952 3924/3924 3910/3910
f 3945/3945 3951/3951 3917/3917
f 3919/3919 3939/3939 3944/3944
f 3921/3921 3958/3958 3960/3960
f 3959/3959 3929/3929 3920/3920
f 538/538 529/529 3961/3961
f 539/539 3962/3962 3957/3957
f 3971/3971 3956/3956 3925/3925
f 3968/3968 3923/3923 3950/3950
f 3967/3967 524/524 540/540
f 536/536 3955/3955 3969/3969
f 3637/3637 3926/3926 3650/3650
f 3661/3661 3651/3651 3927/3927
f 3928/3928 3964/3964 3666/3666
f 3663/3663 3963/3963 530/530
f 3668/3668 531/531 497/497
f 3842/3842 3973/3973 3936/3936
f 3934/3934 3904/3904 3827/3827
f 3933/3933 3823/3823 3841/3841
f 3984/3984 3986/3986 3948/3948
f 3975/3975 3978/3978 3946/3946
f 3949/3949 3932/3932 3974/3974
f 3947/3947 3988/3988 3953/3953
f 3840/3840 3862/3862 3976/3976
f 3983/3983 3977/3977 3861/3861
f 3860/3860 3869/3869 3979/3979
f 3980/3980 3991/3991 3997/3997
f 3998/3998 3987/3987 3985/3985
f 544/544 554/554 3996/3996
f 547/547 4000/4000 3995/3995
f 3970/3970 3954/3954 3989/3989
f 3990/3990 4001/4001 3972/3972
f 3965/3965 3999/3999 552/552
f 3966/3966 553/553 528/528
f 3873/3873 4003/4003 3994/3994
f 3993/3993 3982/3982 3876/3876
f 3981/3981 3872/3872 3875/3875
f 4007/4007 522/522 545/545
f 542/542 3992/3992 4002/4002
f 240/240 4008/4008 3792/3792
f 3793/3793 192/192 242/242
f 4010/4010 4016/4016 3796/3796
f 3803/3803 3794/3794 4011/4011
f 235/235 4019/4019 4009/4009
f 4012/4012 245/245 234/234
f 4021/4021 4027/4027 4032/4032
f 4033/4033 4015/4015 4013/4013
f 4036/4036 4014/4014 4022/4022
f 4037/4037 3831/3831 3797/3797
f 4038/4038 3798/3798 4017/4017
f 4018/4018 4035/4035 4039/4039
f 4044/4044 4024/4024 232/232
f 4043/4043 233/233 257/257
f 4045/4045 4053/4053 4058/4058
f 4055/4055 4028/4028 4023/4023
f 4061/4061 4020/4020 4049/4049
f 564/564 4048/4048 259/259
f 565/565 255/255 274/274
f 555/555 4050/4050 4046/4046
f 558/558 4047/4047 567/567
f 4066/4066 4059/4059 4052/4052
f 556/556 570/570 4062/4062
f 4065/4065 4051/4051 557/557
f 4069/4069 4034/4034 4026/4026
f 4041/4041 4071/4071 3844/3844
f 3846/3846 3828/3828 4042/4042
f 4072/4072 4078/4078 3852/3852
f 3857/3857 3849/3849 4075/4075
f 4083/4083 3867/3867 3851/3851
f 4090/4090 3856/3856 4077/4077
f 4030/4030 4097/4097 4076/4076
f 4073/4073 4040/4040 4031/4031
f 4096/4096 4029/4029 4070/4070
f 4094/4094 4101/4101 4079/4079
f 4080/4080 4074/4074 4093/4093
f 4106/4106 4087/4087 4081/4081
f 4105/4105 4082/4082 4099/4099
f 4085/4085 4112/4112 4115/4115
f 4117/4117 3878/3878 4088/4088
f 3879/3879 3865/3865 4089/4089
f 590/590 584/584 4116/4116
f 591/591 4114/4114 4110/4110
f 4121/4121 4111/4111 4086/4086
f 4126/4126 4084/4084 4104/4104
f 4120/4120 578/578 589/589
f 586/586 4109/4109 4123/4123
f 4025/4025 4060/4060 4067/4067
f 4057/4057 4129/4129 4095/4095
f 4098/4098 4068/4068 4054/4054
f 4127/4127 4056/4056 4063/4063
f 4135/4135 4102/4102 4091/4091
f 4137/4137 4092/4092 4130/4130
f 4136/4136 4142/4142 4107/4107
f 4108/4108 4100/4100 4134/4134
f 569/569 599/599 4131/4131
f 4132/4132 4064/4064 568/568
f 604/604 4138/4138 4128/4128
f 603/603 4133/4133 598/598
f 602/602 593/593 4143/4143
f 4141/4141 4139/4139 605/605
f 4146/4146 4149/4149 4119/4119
f 4125/4125 4103/4103 4145/4145
f 610/610 574/574 4122/4122
f 611/611 4124/4124 4147/4147
f 623/623 4153/4153 4150/4150
f 622/622 4151/4151 4144/4144
f 617/617 4140/4140 592/592
f 624/624 631/631 613/613
f 627/627 612/612 4152/4152
f 4148/4148 4155/4155 628/628
f 3877/3877 4118/4118 4005/4005
f 4006/4006 4113/4113 583/583
f 4004/4004 581/581 520/520
f 635/635 4156/4156 618/618
f 629/629 4154/4154 638/638
f 4158/4158 726/726 721/721
f 4161/4161 4167/4167 563/563
f 566/566 269/269 4159/4159
f 275/275 727/727 4160/4160
f 4172/4172 559/559 561/561
f 4178/4178 562/562 4166/4166
f 4181/4181 4187/4187 4157/4157
f 712/712 4182/4182 4162/4162
f 4164/4164 722/722 716/716
f 4163/4163 4190/4190 4168/4168
f 4193/4193 4189/4189 4180/4180
f 4192/4192 4196/4196 4170/4170
f 4176/4176 4165/4165 4188/4188
f 4171/4171 4186/4186 4191/4191
f 4177/4177 4200/4200 571/571
f 573/573 560/560 4173/4173
f 4169/4169 4211/4211 4214/4214
f 4217/4217 4201/4201 4175/4175
f 4209/4209 4174/4174 4197/4197
f 4218/4218 4212/4212 4205/4205
f 4462/4462 4230/4230 4257/4257
f 4254/4254 731/731 705/705
f 4255/4255 704/704 4463/4463
f 4238/4238 4183/4183 719/719
f 4233/4233 713/713 738/738
f 4185/4185 4241/4241 4250/4250
f 4251/4251 4194/4194 4179/4179
f 4239/4239 4184/4184 4235/4235
f 4195/4195 4252/4252 4199/4199
f 4236/4236 735/735 733/733
f 732/732 4256/4256 4234/4234
f 4226/4226 4259/4259 4246/4246
f 4225/4225 4240/4240 4232/4232
f 4237/4237 4253/4253 4227/4227
f 4264/4264 4247/4247 4245/4245
f 4266/4266 4268/4268 4210/4210
f 4206/4206 4198/4198 4248/4248
f 4208/4208 4249/4249 4262/4262
f 4269/4269 4277/4277 4279/4279
f 4270/4270 4281/4281 4219/4219
f 4220/4220 4207/4207 4271/4271
f 4244/4244 4288/4288 4296/4296
f 4295/4295 4263/4263 4243/4243
f 4290/4290 4242/4242 4260/4260
f 4265/4265 4299/4299 4272/4272
f 4303/4303 4298/4298 4285/4285
f 4297/4297 4308/4308 4273/4273
f 4276/4276 4267/4267 4294/4294
f 4307/4307 4293/4293 4302/4302
f 4204/4204 4309/4309 600/600
f 601/601 572/572 4203/4203
f 4315/4315 607/607 596/596
f 4314/4314 597/597 4312/4312
f 608/608 4325/4325 4330/4330
f 4331/4331 595/595 606/606
f 4320/4320 609/609 4319/4319
f 4202/4202 4213/4213 4310/4310
f 4222/4222 4332/4332 4340/4340
f 4221/4221 4339/4339 4313/4313
f 4316/4316 4311/4311 4216/4216
f 4317/4317 4215/4215 4224/4224
f 4318/4318 4342/4342 4321/4321
f 594/594 4328/4328 621/621
f 625/625 1027/1027 634/634
f 4223/4223 4284/4284 4336/4336
f 4343/4343 4283/4283 4275/4275
f 4352/4352 4346/4346 4274/4274
f 4351/4351 4278/4278 4304/4304
f 4357/4357 4326/4326 4324/4324
f 4362/4362 4337/4337 4335/4335
f 4365/4365 4358/4358 4323/4323
f 4364/4364 4322/4322 4341/4341
f 4363/4363 4338/4338 4359/4359
f 4378/4378 636/636 619/619
f 4374/4374 620/620 4329/4329
f 4373/4373 4327/4327 4356/4356
f 4380/4380 1046/1046 1026/1026
f 1025/1025 626/626 4379/4379
f 630/630 637/637 4377/4377
f 4366/4366 4382/4382 4375/4375
f 4381/4381 4355/4355 4370/4370
f 1036/1036 1045/1045 4372/4372
f 1043/1043 4376/4376 4383/4383
f 4389/4389 4360/4360 4334/4334
f 4396/4396 4333/4333 4280/4280
f 4393/4393 4282/4282 4345/4345
f 4390/4390 4399/4399 4369/4369
f 4371/4371 4361/4361 4391/4391
f 4403/4403 4408/4408 4395/4395
f 4349/4349 4406/4406 4388/4388
f 4392/4392 4344/4344 4347/4347
f 4394/4394 4409/4409 4415/4415
f 4397/4397 4416/4416 4400/4400
f 4420/4420 4412/4412 4407/4407
f 4426/4426 4417/4417 4411/4411
f 4427/4427 4410/4410 4418/4418
f 4435/4435 4440/4440 4384/4384
f 4431/4431 4385/4385 4367/4367
f 4430/4430 4368/4368 4398/4398
f 4447/4447 1049/1049 1041/1041
f 1042/1042 4387/4387 4442/4442
f 4386/4386 4437/4437 4448/4448
f 4449/4449 4438/4438 4436/4436
f 4443/4443 4439/4439 4450/4450
f 4401/4401 4414/4414 4434/4434
f 4441/4441 1054/1054 1048/1048
f 4455/4455 4452/4452 4433/4433
f 4423/4423 4460/4460 4432/4432
f 4429/4429 4413/4413 4428/4428
f 1029/1029 1052/1052 4446/4446
f 4458/4458 1028/1028 4445/4445
f 4444/4444 4451/4451 4456/4456
f 4466/4466 4464/4464 710/710
f 4465/4465 707/707 779/779
f 4470/4470 4475/4475 4477/4477
f 4478/4478 4228/4228 4472/4472
f 4229/4229 4461/4461 4467/4467
f 4486/4486 4471/4471 778/778
f 4487/4487 777/777 775/775
f 4496/4496 4476/4476 4468/4468
f 4497/4497 4469/4469 4488/4488
f 4231/4231 4482/4482 4261/4261
f 4498/4498 4480/4480 4473/4473
f 4491/4491 4505/4505 4511/4511
f 4490/4490 4510/4510 4501/4501
f 4500/4500 4474/4474 4493/4493
f 4516/4516 4509/4509 4504/4504
f 4502/4502 4523/4523 4292/4292
f 4286/4286 4258/4258 4481/4481
f 4289/4289 4479/4479 4499/4499
f 4522/4522 4525/4525 4530/4530
f 4536/4536 4300/4300 4291/4291
f 4529/4529 4287/4287 4524/4524
f 4301/4301 4533/4533 4305/4305
f 4503/4503 4508/4508 4521/4521
f 4537/4537 4526/4526 4520/4520
f 4538/4538 4519/4519 4512/4512
f 4541/4541 4513/4513 4515/4515
f 787/787 4548/4548 4552/4552
f 4551/4551 793/793 789/789
f 4489/4489 774/774 792/792
f 794/794 4553/4553 4485/4485
f 4559/4559 4554/4554 4545/4545
f 4566/4566 4494/4494 4483/4483
f 4564/4564 4484/4484 4550/4550
f 4565/4565 4549/4549 4558/4558
f 4572/4572 4546/4546 788/788
f 4573/4573 785/785 769/769
f 4571/4571 4574/4574 4557/4557
f 4555/4555 4547/4547 4569/4569
f 4576/4576 4580/4580 4562/4562
f 4567/4567 4556/4556 4575/4575
f 4586/4586 4507/4507 4495/4495
f 4587/4587 4492/4492 4563/4563
f 4584/4584 4594/4594 4517/4517
f 4518/4518 4506/4506 4585/4585
f 4597/4597 4588/4588 4560/4560
f 4596/4596 4561/4561 4581/4581
f 4598/4598 4609/4609 4590/4590
f 4595/4595 4589/4589 4602/4602
f 4591/4591 4611/4611 4540/4540
f 4543/4543 4514/4514 4592/4592
f 4606/4606 4617/4617 4610/4610
f 4616/4616 4593/4593 4607/4607
f 4623/4623 4534/4534 4528/4528
f 4531/4531 4631/4631 4348/4348
f 4353/4353 4306/4306 4535/4535
f 4633/4633 4532/4532 4628/4628
f 4539/4539 4639/4639 4625/4625
f 4626/4626 4527/4527 4544/4544
f 4627/4627 4644/4644 4649/4649
f 4648/4648 4632/4632 4624/4624
f 4640/4640 4622/4622 4638/4638
f 4652/4652 4647/4647 4645/4645
f 4612/4612 4659/4659 4637/4637
f 4636/4636 4542/4542 4615/4615
f 4665/4665 4641/4641 4635/4635
f 4664/4664 4634/4634 4657/4657
f 4668/4668 4654/4654 4642/4642
f 4673/4673 4643/4643 4662/4662
f 4679/4679 4656/4656 4613/4613
f 4674/4674 4614/4614 4618/4618
f 4675/4675 4681/4681 4666/4666
f 4663/4663 4658/4658 4676/4676
f 4687/4687 4670/4670 4661/4661
f 4686/4686 4660/4660 4680/4680
f 4692/4692 4404/4404 4354/4354
f 4693/4693 4350/4350 4630/4630
f 4701/4701 4421/4421 4402/4402
f 4704/4704 4405/4405 4695/4695
f 4699/4699 4705/4705 4422/4422
f 4424/4424 4419/4419 4700/4700
f 4629/4629 4650/4650 4696/4696
f 4713/4713 4702/4702 4697/4697
f 4716/4716 4694/4694 4651/4651
f 4715/4715 4646/4646 4655/4655
f 4726/4726 4728/4728 4711/4711
f 4722/4722 4707/4707 4698/4698
f 4720/4720 4703/4703 4719/4719
f 4708/4708 4733/4733 4459/4459
f 4457/4457 4425/4425 4709/4709
f 1075/1075 1032/1032 4454/4454
f 1074/1074 4453/4453 4735/4735
f 4706/4706 4731/4731 4738/4738
f 4710/4710 4741/4741 4732/4732
f 1070/1070 4734/4734 4740/4740
f 4739/4739 1069/1069 1073/1073
f 4744/4744 4730/4730 4725/4725
f 4746/4746 4737/4737 4727/4727
f 4753/4753 4729/4729 4743/4743
f 4748/4748 1077/1077 1068/1068
f 1064/1064 4736/4736 4751/4751
f 4671/4671 4755/4755 4712/4712
f 4714/4714 4653/4653 4672/4672
f 4763/4763 4723/4723 4717/4717
f 4762/4762 4718/4718 4756/4756
f 4767/4767 4754/4754 4669/4669
f 4765/4765 4667/4667 4685/4685
f 4766/4766 4772/4772 4760/4760
f 4761/4761 4757/4757 4764/4764
f 4781/4781 4742/4742 4721/4721
f 4776/4776 4724/4724 4759/4759
f 4775/4775 4788/4788 4782/4782
f 4780/4780 4758/4758 4771/4771
f 4777/4777 4792/4792 4749/4749
f 4752/4752 4745/4745 4779/4779
f 1081/1081 1076/1076 4747/4747
f 1082/1082 4750/4750 4794/4794
f 4787/4787 4796/4796 4793/4793
f 4791/4791 4778/4778 4785/4785
f 1057/1057 1087/1087 4795/4795
f 1059/1059 4790/4790 4799/4799
f 771/771 838/838 4804/4804
f 770/770 4805/4805 4570/4570
f 4810/4810 4801/4801 833/833
f 4811/4811 837/837 841/841
f 4568/4568 4800/4800 4578/4578
f 4803/4803 4813/4813 4583/4583
f 4579/4579 4577/4577 4802/4802
f 4820/4820 4806/4806 4809/4809
f 826/826 4827/4827 4812/4812
f 4808/4808 840/840 832/832
f 4822/4822 4832/4832 4814/4814
f 4815/4815 4807/4807 4824/4824
f 4818/4818 4835/4835 4600/4600
f 4599/4599 4582/4582 4817/4817
f 4837/4837 4608/4608 4601/4601
f 4839/4839 4603/4603 4833/4833
f 4816/4816 4847/4847 4851/4851
f 4855/4855 4836/4836 4819/4819
f 4845/4845 4821/4821 4831/4831
f 4834/4834 4852/4852 4838/4838
f 4857/4857 4621/4621 4605/4605
f 4856/4856 4604/4604 4841/4841
f 4868/4868 4853/4853 4848/4848
f 4850/4850 4870/4870 4862/4862
f 4861/4861 4840/4840 4849/4849
f 4873/4873 4854/4854 4867/4867
f 4825/4825 827/827 848/848
f 843/843 4876/4876 4828/4828
f 4823/4823 4877/4877 4883/4883
f 4826/4826 4882/4882 4829/4829
f 4884/4884 4874/4874 845/845
f 4885/4885 846/846 849/849
f 4891/4891 4879/4879 4875/4875
f 4890/4890 4878/4878 4886/4886
f 851/851 859/859 4897/4897
f 850/850 4898/4898 4888/4888
f 4903/4903 860/860 864/864
f 4902/4902 865/865 4905/4905
f 4895/4895 4887/4887 4899/4899
f 4900/4900 4911/4911 4892/4892
f 4917/4917 4910/4910 4896/4896
f 4901/4901 4906/4906 4919/4919
f 4830/4830 4880/4880 4846/4846
f 4924/4924 4928/4928 4863/4863
f 4926/4926 4865/4865 4844/4844
f 4889/4889 4921/4921 4843/4843
f 4842/4842 4881/4881 4893/4893
f 4932/4932 4930/4930 4922/4922
f 4864/4864 4931/4931 4938/4938
f 4866/4866 4943/4943 4869/4869
f 4936/4936 4945/4945 4939/4939
f 4937/4937 4929/4929 4935/4935
f 4894/4894 4909/4909 4927/4927
f 4952/4952 4923/4923 4912/4912
f 4913/4913 4914/4914 4950/4950
f 4925/4925 4955/4955 4933/4933
f 4944/4944 4934/4934 4957/4957
f 4954/4954 4961/4961 4946/4946
f 4904/4904 863/863 890/890
f 4907/4907 887/887 4966/4966
f 4971/4971 4963/4963 885/885
f 888/888 896/896 4972/4972
f 4918/4918 4908/4908 4962/4962
f 4915/4915 4965/4965 4975/4975
f 4978/4978 4964/4964 4973/4973
f 4977/4977 4970/4970 4979/4979
f 4967/4967 891/891 905/905
f 4968/4968 907/907 4989/4989
f 4990/4990 906/906 912/912
f 4987/4987 909/909 1103/1103
f 4981/4981 4969/4969 4986/4986
f 4984/4984 4985/4985 4993/4993
f 4995/4995 4988/4988 1104/1104
f 4994/4994 1102/1102 1096/1096
f 5002/5002 4951/4951 4916/4916
f 4920/4920 4976/4976 5000/5000
f 5001/5001 4974/4974 4983/4983
f 4998/4998 4982/4982 5009/5009
f 5012/5012 4960/4960 4953/4953
f 4956/4956 5004/5004 5011/5011
f 5023/5023 5014/5014 4999/4999
f 5003/5003 5010/5010 5021/5021
f 5006/5006 4980/4980 4996/4996
f 5008/5008 4997/4997 5024/5024
f 1109/1109 5025/5025 4991/4991
f 4992/4992 1097/1097 1110/1110
f 5028/5028 5022/5022 5007/5007
f 5005/5005 5026/5026 5033/5033
f 5034/5034 5027/5027 1111/1111
f 5029/5029 1108/1108 1092/1092
f 5040/5040 4677/4677 4619/4619
f 5039/5039 4620/4620 4859/4859
f 5042/5042 5045/5045 4682/4682
f 4683/4683 4678/4678 5036/5036
f 5044/5044 5050/5050 4689/4689
f 4690/4690 4684/4684 5043/5043
f 5054/5054 5037/5037 4860/4860
f 5053/5053 4858/4858 4872/4872
f 5058/5058 5064/5064 5071/5071
f 5070/5070 5047/5047 5038/5038
f 5069/5069 5041/5041 5055/5055
f 5046/5046 5067/5067 5052/5052
f 4871/4871 4942/4942 5057/5057
f 4948/4948 5073/5073 5063/5063
f 5060/5060 5056/5056 4941/4941
f 5059/5059 4940/4940 4949/4949
f 4947/4947 4959/4959 5072/5072
f 5080/5080 4769/4769 4691/4691
f 5082/5082 4688/4688 5048/5048
f 5084/5084 5087/5087 4774/4774
f 4773/4773 4768/4768 5081/5081
f 5093/5093 5068/5068 5061/5061
f 5099/5099 5079/5079 5051/5051
f 5102/5102 5049/5049 5065/5065
f 5098/5098 5066/5066 5094/5094
f 5085/5085 5078/5078 5104/5104
f 5103/5103 5114/5114 5089/5089
f 5110/5110 5083/5083 5101/5101
f 5108/5108 5120/5120 5123/5123
f 5124/5124 5113/5113 5111/5111
f 1116/1116 1120/1120 5127/5127
f 1114/1114 5128/5128 5121/5121
f 5088/5088 5131/5131 4786/4786
f 4789/4789 4770/4770 5086/5086
f 5090/5090 5112/5112 5132/5132
f 5139/5139 4798/4798 4783/4783
f 5133/5133 4784/4784 5130/5130
f 5136/5136 1126/1126 1060/1060
f 1061/1061 4797/4797 5138/5138
f 5135/5135 5129/5129 5115/5115
f 5116/5116 5126/5126 5137/5137
f 5134/5134 5125/5125 1124/1124
f 5140/5140 1121/1121 1127/1127
f 5144/5144 5150/5150 5092/5092
f 5076/5076 5142/5142 5095/5095
f 5091/5091 5062/5062 5077/5077
f 5146/5146 5154/5154 5161/5161
f 5157/5157 5151/5151 5145/5145
f 5096/5096 5148/5148 5097/5097
f 5107/5107 5100/5100 5152/5152
f 5149/5149 5159/5159 5106/5106
f 5075/5075 4958/4958 5015/5015
f 5074/5074 5013/5013 5143/5143
f 5141/5141 5016/5016 5017/5017
f 5147/5147 5019/5019 5155/5155
f 5166/5166 5158/5158 5156/5156
f 1134/1134 1135/1135 5172/5172
f 5164/5164 5178/5178 5117/5117
f 5119/5119 5109/5109 5163/5163
f 5105/5105 5160/5160 5165/5165
f 5171/5171 1137/1137 1117/1117
f 5177/5177 1118/1118 5118/5118
f 5176/5176 5122/5122 5180/5180
f 5169/5169 5153/5153 5020/5020
f 5018/5018 5035/5035 5168/5168
f 5030/5030 5185/5185 5162/5162
f 5175/5175 5183/5183 5032/5032
f 5174/5174 5031/5031 1090/1090
f 5173/5173 1091/1091 1132/1132
f 5167/5167 5182/5182 5179/5179
f 5181/5181 5184/5184 5170/5170
f 5309/5309 2/2 9/9
f 5313/5313 11/11 5192/5192
f 5314/5314 5191/5191 5188/5188
f 5208/5208 5325/5325 5319/5319
f 5320/5320 5186/5186 5190/5190
f 5315/5315 5197/5197 5209/5209
f 5324/5324 5203/5203 5201/5201
f 5198/5198 5211/5211 5215/5215
f 5218/5218 34/34 45/45
f 46/46 5223/5223 5219/5219
f 5220/5220 5222/5222 5229/5229
f 304/304 5221/5221 43/43
f 301/301 44/44 57/57
f 5227/5227 5224/5224 306/306
f 5228/5228 303/303 307/307
f 35/35 5217/5217 5193/5193
f 5194/5194 10/10 36/36
f 5225/5225 5233/5233 5206/5206
f 5231/5231 5204/5204 5196/5196
f 5226/5226 5195/5195 5216/5216
f 309/309 298/298 5235/5235
f 308/308 5232/5232 5230/5230
f 5207/5207 5494/5494 5492/5492
f 5489/5489 5214/5214 5210/5210
f 5497/5497 5205/5205 5234/5234
f 5499/5499 5236/5236 5239/5239
f 5542/5542 5240/5240 5238/5238
f 5545/5545 5237/5237 293/293
f 5544/5544 295/295 316/316
f 5249/5249 68/68 75/75
f 73/73 5252/5252 5250/5250
f 5251/5251 5256/5256 5268/5268
f 5246/5246 5267/5267 5257/5257
f 78/78 66/66 5248/5248
f 79/79 5244/5244 5271/5271
f 5276/5276 5270/5270 5247/5247
f 5245/5245 5262/5262 5279/5279
f 5259/5259 5266/5266 5286/5286
f 5258/5258 5284/5284 5283/5283
f 5282/5282 5288/5288 5292/5292
f 5297/5297 5278/5278 5260/5260
f 5261/5261 5281/5281 5296/5296
f 5298/5298 5280/5280 5291/5291
f 5301/5301 5290/5290 5307/5307
f 4/4 5312/5312 5255/5255
f 5253/5253 72/72 3/3
f 5311/5311 5187/5187 5264/5264
f 5263/5263 5254/5254 5310/5310
f 5322/5322 5285/5285 5269/5269
f 5318/5318 5265/5265 5189/5189
f 5293/5293 5287/5287 5321/5321
f 5328/5328 5294/5294 5317/5317
f 5333/5333 5316/5316 5327/5327
f 5323/5323 5339/5339 5332/5332
f 5202/5202 5338/5338 5326/5326
f 5304/5304 5289/5289 5334/5334
f 5308/5308 5330/5330 5340/5340
f 5348/5348 83/83 81/81
f 76/76 5272/5272 5350/5350
f 5347/5347 5273/5273 5275/5275
f 5345/5345 5274/5274 5354/5354
f 5365/5365 61/61 85/85
f 84/84 5349/5349 5363/5363
f 5359/5359 5346/5346 5353/5353
f 5360/5360 5355/5355 5368/5368
f 5358/5358 5277/5277 5300/5300
f 5352/5352 5295/5295 5372/5372
f 5379/5379 5374/5374 5299/5299
f 5302/5302 5303/5303 5378/5378
f 5385/5385 5369/5369 5351/5351
f 5357/5357 5373/5373 5389/5389
f 5356/5356 5388/5388 5383/5383
f 5377/5377 5387/5387 5371/5371
f 5398/5398 5375/5375 5305/5305
f 5306/5306 5343/5343 5397/5397
f 5384/5384 5392/5392 5403/5403
f 5407/5407 5406/5406 5393/5393
f 5390/5390 5376/5376 5396/5396
f 5391/5391 5399/5399 5408/5408
f 5329/5329 5337/5337 5413/5413
f 5429/5429 5412/5412 5336/5336
f 5426/5426 5335/5335 5199/5199
f 5200/5200 5212/5212 5424/5424
f 5416/5416 5432/5432 5423/5423
f 5421/5421 5425/5425 5436/5436
f 5341/5341 5331/5331 5415/5415
f 5342/5342 5417/5417 5441/5441
f 5445/5445 5437/5437 5414/5414
f 5418/5418 5420/5420 5446/5446
f 5449/5449 5447/5447 5419/5419
f 5422/5422 5433/5433 5448/5448
f 5395/5395 5344/5344 5438/5438
f 5394/5394 5439/5439 5457/5457
f 5460/5460 5440/5440 5443/5443
f 5458/5458 5442/5442 5466/5466
f 5464/5464 5444/5444 5450/5450
f 5463/5463 5451/5451 5472/5472
f 5474/5474 5411/5411 5400/5400
f 5401/5401 5456/5456 5473/5473
f 5479/5479 5459/5459 5462/5462
f 5475/5475 5465/5465 5481/5481
f 5480/5480 5461/5461 5467/5467
f 5484/5484 5470/5470 5485/5485
f 5490/5490 5428/5428 5213/5213
f 5507/5507 5434/5434 5427/5427
f 5431/5431 5491/5491 5498/5498
f 5430/5430 5495/5495 5504/5504
f 5513/5513 5505/5505 5493/5493
f 5496/5496 5243/5243 5517/5517
f 5502/5502 5516/5516 5510/5510
f 5452/5452 5435/5435 5500/5500
f 5453/5453 5506/5506 5520/5520
f 5529/5529 5522/5522 5503/5503
f 5501/5501 5509/5509 5524/5524
f 5511/5511 5519/5519 5530/5530
f 5537/5537 5525/5525 5512/5512
f 5508/5508 5531/5531 5538/5538
f 5241/5241 5546/5546 5552/5552
f 5547/5547 5514/5514 5242/5242
f 313/313 327/327 5549/5549
f 317/317 5551/5551 5543/5543
f 5560/5560 5532/5532 5518/5518
f 5515/5515 5550/5550 5556/5556
f 5557/5557 5548/5548 328/328
f 5559/5559 329/329 333/333
f 5539/5539 5533/5533 5558/5558
f 5541/5541 5553/5553 5563/5563
f 342/342 5561/5561 5555/5555
f 5554/5554 332/332 343/343
f 5567/5567 5468/5468 5455/5455
f 5454/5454 5521/5521 5569/5569
f 5568/5568 5523/5523 5528/5528
f 5570/5570 5526/5526 5575/5575
f 5586/5586 5486/5486 5469/5469
f 5471/5471 5566/5566 5578/5578
f 5577/5577 5565/5565 5573/5573
f 5584/5584 5574/5574 5594/5594
f 5585/5585 5595/5595 5590/5590
f 5571/5571 5527/5527 5535/5535
f 5576/5576 5540/5540 5600/5600
f 5599/5599 5598/5598 5572/5572
f 5589/5589 5593/5593 5608/5608
f 5591/5591 5607/5607 5605/5605
f 325/325 5606/5606 5609/5609
f 5610/5610 345/345 322/322
f 5615/5615 5601/5601 5536/5536
f 5534/5534 5562/5562 5619/5619
f 5614/5614 5564/5564 341/341
f 5613/5613 340/340 350/350
f 5616/5616 5611/5611 5597/5597
f 5617/5617 5596/5596 5602/5602
f 5620/5620 352/352 346/346
f 347/347 5612/5612 5618/5618
f 5366/5366 5623/5623 127/127
f 5362/5362 131/131 62/62
f 5361/5361 5370/5370 5629/5629
f 5628/5628 5626/5626 5364/5364
f 5381/5381 5627/5627 5367/5367
f 142/142 132/132 5622/5622
f 141/141 5625/5625 5635/5635
f 5637/5637 5632/5632 5621/5621
f 5624/5624 5630/5630 5642/5642
f 137/137 143/143 5636/5636
f 139/139 5633/5633 5649/5649
f 5648/5648 5634/5634 5639/5639
f 5646/5646 5640/5640 5652/5652
f 5641/5641 5631/5631 5382/5382
f 5660/5660 5638/5638 5386/5386
f 5380/5380 5405/5405 5661/5661
f 5673/5673 5658/5658 5404/5404
f 5402/5402 5410/5410 5672/5672
f 5657/5657 5670/5670 5663/5663
f 5664/5664 5671/5671 5676/5676
f 5680/5680 5655/5655 5643/5643
f 5645/5645 5659/5659 5687/5687
f 5644/5644 5688/5688 5682/5682
f 5662/5662 5689/5689 5656/5656
f 5681/5681 5686/5686 5697/5697
f 5674/5674 5699/5699 5690/5690
f 5691/5691 5665/5665 5678/5678
f 5698/5698 5679/5679 5705/5705
f 5694/5694 5706/5706 5701/5701
f 138/138 5650/5650 5712/5712
f 5711/5711 149/149 136/136
f 5647/5647 5654/5654 5716/5716
f 5717/5717 5710/5710 5651/5651
f 5724/5724 153/153 150/150
f 151/151 5713/5713 5723/5723
f 5731/5731 5721/5721 5714/5714
f 5715/5715 5720/5720 5729/5729
f 125/125 154/154 5725/5725
f 124/124 5726/5726 5740/5740
f 5741/5741 5722/5722 5736/5736
f 5739/5739 5734/5734 5744/5744
f 5685/5685 5719/5719 5653/5653
f 5727/5727 5718/5718 5683/5683
f 5732/5732 5684/5684 5692/5692
f 5730/5730 5695/5695 5750/5750
f 5756/5756 5748/5748 5693/5693
f 5696/5696 5700/5700 5755/5755
f 5761/5761 5746/5746 5735/5735
f 5733/5733 5749/5749 5769/5769
f 5728/5728 5763/5763 5760/5760
f 5754/5754 5765/5765 5747/5747
f 5478/5478 5669/5669 5409/5409
f 5771/5771 5677/5677 5668/5668
f 5781/5781 5666/5666 5476/5476
f 5477/5477 5483/5483 5780/5780
f 5667/5667 5779/5779 5773/5773
f 5487/5487 5778/5778 5482/5482
f 5770/5770 5709/5709 5675/5675
f 5702/5702 5708/5708 5785/5785
f 5757/5757 5703/5703 5784/5784
f 5753/5753 5786/5786 5793/5793
f 5751/5751 5798/5798 5792/5792
f 5790/5790 5797/5797 5803/5803
f 5762/5762 5768/5768 5804/5804
f 5809/5809 5805/5805 5767/5767
f 5764/5764 5752/5752 5791/5791
f 5766/5766 5788/5788 5813/5813
f 5810/5810 5789/5789 5802/5802
f 5811/5811 5799/5799 5824/5824
f 5812/5812 5825/5825 5818/5818
f 5821/5821 5826/5826 5837/5837
f 5819/5819 5836/5836 5832/5832
f 357/357 5831/5831 5834/5834
f 5835/5835 360/360 353/353
f 5775/5775 5782/5782 5840/5840
f 5580/5580 5843/5843 5776/5776
f 5777/5777 5488/5488 5579/5579
f 5841/5841 5583/5583 5849/5849
f 5854/5854 5847/5847 5582/5582
f 5581/5581 5592/5592 5855/5855
f 5858/5858 5783/5783 5704/5704
f 5862/5862 5707/5707 5772/5772
f 5859/5859 5774/5774 5844/5844
f 5845/5845 5868/5868 5864/5864
f 5848/5848 5865/5865 5842/5842
f 5863/5863 5869/5869 5879/5879
f 5860/5860 5878/5878 5870/5870
f 5851/5851 5876/5876 5866/5866
f 5852/5852 5867/5867 5846/5846
f 5883/5883 5850/5850 5588/5588
f 5587/5587 5604/5604 5882/5882
f 5885/5885 5603/5603 320/320
f 5884/5884 321/321 376/376
f 5871/5871 5881/5881 5896/5896
f 5875/5875 5895/5895 5893/5893
f 5887/5887 5894/5894 5880/5880
f 5886/5886 5877/5877 5853/5853
f 370/370 5891/5891 5897/5897
f 5898/5898 381/381 368/368
f 5889/5889 371/371 377/377
f 380/380 5899/5899 5888/5888
f 5856/5856 5796/5796 5787/5787
f 5902/5902 5801/5801 5795/5795
f 5794/5794 5861/5861 5903/5903
f 5857/5857 5874/5874 5901/5901
f 5904/5904 5829/5829 5800/5800
f 5907/5907 5905/5905 5873/5873
f 5872/5872 5892/5892 5909/5909
f 5908/5908 5890/5890 367/367
f 5912/5912 369/369 384/384
f 5913/5913 5839/5839 5827/5827
f 5910/5910 5828/5828 5900/5900
f 5911/5911 385/385 364/364
f 363/363 5838/5838 5906/5906
f 5915/5915 215/215 126/126
f 119/119 5738/5738 5914/5914
f 5930/5930 5919/5919 5742/5742
f 5737/5737 5743/5743 5931/5931
f 5918/5918 5929/5929 5924/5924
f 5936/5936 221/221 214/214
f 213/213 5920/5920 5934/5934
f 5941/5941 5935/5935 5916/5916
f 5917/5917 5921/5921 5940/5940
f 5759/5759 5933/5933 5745/5745
f 5945/5945 223/223 217/217
f 218/218 5938/5938 5952/5952
f 219/219 5954/5954 5946/5946
f 5942/5942 5949/5949 5937/5937
f 5960/5960 203/203 222/222
f 224/224 5944/5944 5959/5959
f 205/205 5957/5957 394/394
f 397/397 5958/5958 388/388
f 5923/5923 5928/5928 5964/5964
f 5968/5968 5939/5939 5922/5922
f 5925/5925 5967/5967 5969/5969
f 5981/5981 5966/5966 5926/5926
f 5932/5932 5758/5758 5808/5808
f 5927/5927 5806/5806 5979/5979
f 5980/5980 5807/5807 5817/5817
f 5976/5976 5816/5816 5983/5983
f 5992/5992 5984/5984 5814/5814
f 5815/5815 5820/5820 5987/5987
f 6004/6004 5975/5975 5963/5963
f 5965/5965 5978/5978 5999/5999
f 5970/5970 5997/5997 5994/5994
f 5985/5985 6002/6002 5977/5977
f 5993/5993 5998/5998 6006/6006
f 6015/6015 6005/6005 6001/6001
f 6000/6000 5982/5982 5986/5986
f 6003/6003 5991/5991 6016/6016
f 6020/6020 5988/5988 5822/5822
f 5823/5823 5833/5833 6021/6021
f 6018/6018 5830/5830 354/354
f 6017/6017 358/358 405/405
f 6024/6024 6010/6010 5989/5989
f 5990/5990 6022/6022 6023/6023
f 6028/6028 6019/6019 409/409
f 6027/6027 411/411 402/402
f 5947/5947 5950/5950 6032/6032
f 6036/6036 6029/6029 5955/5955
f 5951/5951 5943/5943 5973/5973
f 5953/5953 5972/5972 6037/6037
f 6030/6030 5956/5956 5948/5948
f 6038/6038 391/391 5961/5961
f 5962/5962 6031/6031 6035/6035
f 392/392 6033/6033 414/414
f 6045/6045 6034/6034 5971/5971
f 5974/5974 5995/5995 6041/6041
f 6042/6042 5996/5996 6007/6007
f 6047/6047 6008/6008 6051/6051
f 6050/6050 6009/6009 6014/6014
f 6053/6053 6013/6013 6055/6055
f 420/420 415/415 6040/6040
f 6039/6039 6046/6046 421/421
f 428/428 416/416 6043/6043
f 6044/6044 6052/6052 427/427
f 431/431 426/426 6048/6048
f 6049/6049 6057/6057 433/433
f 6060/6060 6056/6056 6011/6011
f 6012/6012 6026/6026 6065/6065
f 6062/6062 6025/6025 403/403
f 6058/6058 398/398 436/436
f 429/429 6054/6054 6061/6061
f 432/432 6059/6059 442/442
f 451/451 443/443 6064/6064
f 6063/6063 438/438 450/450
f 6071/6071 688/688 202/202
f 201/201 396/396 6066/6066
f 6072/6072 395/395 393/393
f 6069/6069 390/390 6083/6083
f 6070/6070 6082/6082 6074/6074
f 6087/6087 683/683 684/684
f 685/685 6068/6068 6085/6085
f 6097/6097 6090/6090 6067/6067
f 6073/6073 6076/6076 6098/6098
f 6075/6075 6079/6079 6101/6101
f 6093/6093 6077/6077 6104/6104
f 6096/6096 6102/6102 6109/6109
f 696/696 698/698 6117/6117
f 697/697 6118/6118 6111/6111
f 6114/6114 6119/6119 6125/6125
f 6089/6089 6115/6115 699/699
f 6088/6088 700/700 680/680
f 6092/6092 6124/6124 6120/6120
f 6116/6116 6086/6086 6094/6094
f 6121/6121 6099/6099 6130/6130
f 6132/6132 674/674 691/691
f 693/693 6113/6113 6135/6135
f 6134/6134 6112/6112 6126/6126
f 6138/6138 6123/6123 6147/6147
f 6133/6133 6146/6146 6141/6141
f 6127/6127 6145/6145 6122/6122
f 6163/6163 6131/6131 6095/6095
f 6091/6091 6108/6108 6161/6161
f 6128/6128 6160/6160 6154/6154
f 6153/6153 6156/6156 6166/6166
f 6140/6140 6148/6148 6175/6175
f 6150/6150 6174/6174 6144/6144
f 6149/6149 6129/6129 6152/6152
f 6173/6173 6151/6151 6181/6181
f 6178/6178 6155/6155 6164/6164
f 6180/6180 6165/6165 6185/6185
f 413/413 6084/6084 389/389
f 6190/6190 6103/6103 6078/6078
f 6080/6080 412/412 417/417
f 6081/6081 422/422 6191/6191
f 6195/6195 6188/6188 418/418
f 419/419 423/423 6192/6192
f 6202/6202 6194/6194 425/425
f 424/424 434/434 6201/6201
f 6206/6206 6107/6107 6106/6106
f 6100/6100 6189/6189 6214/6214
f 6105/6105 6212/6212 6207/6207
f 6208/6208 6211/6211 6217/6217
f 6196/6196 6213/6213 6187/6187
f 6197/6197 6219/6219 6210/6210
f 6215/6215 6193/6193 6198/6198
f 6221/6221 6204/6204 6227/6227
f 6203/6203 430/430 439/439
f 6199/6199 441/441 6233/6233
f 929/929 6232/6232 440/440
f 444/444 448/448 933/933
f 6225/6225 6200/6200 6235/6235
f 6229/6229 6234/6234 6236/6236
f 923/923 6238/6238 6230/6230
f 6231/6231 931/931 927/927
f 6209/6209 6158/6158 6110/6110
f 6242/6242 6170/6170 6162/6162
f 6159/6159 6205/6205 6218/6218
f 6157/6157 6216/6216 6241/6241
f 6247/6247 6243/6243 6222/6222
f 6223/6223 6224/6224 6254/6254
f 6220/6220 6252/6252 6245/6245
f 6258/6258 6183/6183 6168/6168
f 6169/6169 6240/6240 6267/6267
f 6167/6167 6263/6263 6260/6260
f 6251/6251 6266/6266 6244/6244
f 6228/6228 6239/6239 6272/6272
f 6268/6268 6253/6253 6226/6226
f 925/925 919/919 6273/6273
f 922/922 6271/6271 6237/6237
f 6246/6246 6257/6257 6274/6274
f 6261/6261 6264/6264 6278/6278
f 6281/6281 6265/6265 6249/6249
f 6284/6284 6280/6280 6250/6250
f 6248/6248 6275/6275 6286/6286
f 6291/6291 6277/6277 6256/6256
f 6255/6255 6270/6270 6294/6294
f 6298/6298 6269/6269 921/921
f 6297/6297 920/920 944/944
f 6288/6288 6276/6276 6293/6293
f 6290/6290 6292/6292 6303/6303
f 937/937 6301/6301 6295/6295
f 6296/6296 943/943 934/934
f 743/743 753/753 6309/6309
f 745/745 6312/6312 6305/6305
f 6308/6308 6311/6311 6315/6315
f 6326/6326 756/756 677/677
f 676/676 6136/6136 6327/6327
f 6331/6331 6324/6324 6139/6139
f 6137/6137 6142/6142 6332/6332
f 6323/6323 6313/6313 752/752
f 6322/6322 754/754 755/755
f 6318/6318 6310/6310 6321/6321
f 6316/6316 6325/6325 6328/6328
f 6314/6314 6334/6334 6338/6338
f 6329/6329 6143/6143 6176/6176
f 6330/6330 6171/6171 6345/6345
f 6333/6333 6350/6350 6342/6342
f 6341/6341 6347/6347 6355/6355
f 6179/6179 6349/6349 6172/6172
f 6362/6362 6353/6353 6348/6348
f 6365/6365 6351/6351 6182/6182
f 6177/6177 6184/6184 6366/6366
f 6346/6346 6371/6371 6361/6361
f 6372/6372 6337/6337 6335/6335
f 6336/6336 6343/6343 6373/6373
f 6375/6375 6344/6344 6354/6354
f 6376/6376 6356/6356 6383/6383
f 6384/6384 6352/6352 6359/6359
f 6382/6382 6363/6363 6386/6386
f 6398/6398 763/763 744/744
f 747/747 6307/6307 6393/6393
f 6395/6395 6306/6306 6317/6317
f 6397/6397 6320/6320 6406/6406
f 6391/6391 6408/6408 6401/6401
f 6410/6410 742/742 759/759
f 762/762 6394/6394 6415/6415
f 6423/6423 6414/6414 6396/6396
f 6392/6392 6399/6399 6421/6421
f 6402/6402 6404/6404 6426/6426
f 6419/6419 6400/6400 6424/6424
f 6420/6420 6425/6425 6430/6430
f 6340/6340 6403/6403 6319/6319
f 6438/6438 6428/6428 6405/6405
f 6407/6407 6339/6339 6378/6378
f 6409/6409 6377/6377 6437/6437
f 6436/6436 6374/6374 6381/6381
f 6441/6441 6380/6380 6444/6444
f 6445/6445 6379/6379 6388/6388
f 6442/6442 6387/6387 6450/6450
f 6432/6432 6427/6427 6439/6439
f 6431/6431 6435/6435 6456/6456
f 6458/6458 6457/6457 6440/6440
f 6434/6434 6446/6446 6463/6463
f 6462/6462 6443/6443 6451/6451
f 6464/6464 6448/6448 6466/6466
f 6360/6360 6367/6367 6473/6473
f 6476/6476 6385/6385 6358/6358
f 6357/6357 6471/6471 6474/6474
f 6482/6482 6447/6447 6389/6389
f 6390/6390 6479/6479 6486/6486
f 6493/6493 6469/6469 6452/6452
f 6449/6449 6483/6483 6488/6488
f 6259/6259 6368/6368 6186/6186
f 6503/6503 6470/6470 6369/6369
f 6370/6370 6262/6262 6283/6283
f 6364/6364 6279/6279 6496/6496
f 6504/6504 6282/6282 6285/6285
f 6501/6501 6289/6289 6508/6508
f 6480/6480 6472/6472 6497/6497
f 6477/6477 6502/6502 6512/6512
f 6516/6516 6511/6511 6498/6498
f 6499/6499 6506/6506 6525/6525
f 6500/6500 6524/6524 6517/6517
f 6519/6519 6521/6521 6528/6528
f 6509/6509 6287/6287 6300/6300
f 6510/6510 6304/6304 6534/6534
f 962/962 6532/6532 6299/6299
f 6302/6302 936/936 959/959
f 6505/6505 6531/6531 6540/6540
f 6535/6535 6526/6526 6507/6507
f 6544/6544 6527/6527 6523/6523
f 6522/6522 6538/6538 6545/6545
f 958/958 968/968 6539/6539
f 963/963 6536/6536 6533/6533
f 6547/6547 6537/6537 965/965
f 6548/6548 964/964 955/955
f 6559/6559 6485/6485 6475/6475
f 6478/6478 6514/6514 6560/6560
f 6481/6481 6554/6554 6551/6551
f 6549/6549 6557/6557 6563/6563
f 6518/6518 6556/6556 6513/6513
f 6571/6571 6562/6562 6555/6555
f 6572/6572 6558/6558 6515/6515
f 6520/6520 6529/6529 6569/6569
f 6489/6489 6484/6484 6550/6550
f 6491/6491 6553/6553 6578/6578
f 6487/6487 6584/6584 6575/6575
f 6561/6561 6580/6580 6552/6552
f 6574/6574 6579/6579 6585/6585
f 6595/6595 6586/6586 6582/6582
f 6583/6583 6564/6564 6565/6565
f 6581/6581 6566/6566 6593/6593
f 6568/6568 6530/6530 6542/6542
f 6570/6570 6541/6541 6598/6598
f 972/972 6596/6596 6546/6546
f 6543/6543 953/953 975/975
f 6606/6606 6592/6592 6573/6573
f 6567/6567 6597/6597 6602/6602
f 6605/6605 6599/6599 974/974
f 6601/6601 973/973 950/950
f 812/812 740/740 6417/6417
f 813/813 6416/6416 6610/6610
f 6611/6611 6608/6608 6411/6411
f 6412/6412 6418/6418 6619/6619
f 6413/6413 6620/6620 6613/6613
f 809/809 6607/6607 6628/6628
f 6629/6629 801/801 808/808
f 6612/6612 6627/6627 6609/6609
f 6429/6429 6618/6618 6422/6422
f 6615/6615 6623/6623 6632/6632
f 6637/6637 816/816 802/802
f 800/800 6626/6626 6635/6635
f 6634/6634 6625/6625 6614/6614
f 6643/6643 6636/6636 6617/6617
f 6616/6616 6630/6630 6644/6644
f 6648/6648 6631/6631 6622/6622
f 6621/6621 6433/6433 6455/6455
f 6624/6624 6454/6454 6650/6650
f 6651/6651 6453/6453 6460/6460
f 6652/6652 6459/6459 6657/6657
f 6656/6656 6461/6461 6467/6467
f 6659/6659 6468/6468 6662/6662
f 6645/6645 6633/6633 6654/6654
f 6667/6667 6642/6642 6649/6649
f 6655/6655 6678/6678 6670/6670
f 6660/6660 6676/6676 6653/6653
f 6669/6669 6675/6675 6683/6683
f 6687/6687 6681/6681 6674/6674
f 6693/6693 6677/6677 6658/6658
f 6661/6661 6664/6664 6694/6694
f 6679/6679 6692/6692 6686/6686
f 6639/6639 6699/6699 824/824
f 6640/6640 818/818 817/817
f 6647/6647 6704/6704 6701/6701
f 6641/6641 6696/6696 6638/6638
f 6709/6709 798/798 821/821
f 6707/6707 825/825 6700/6700
f 6710/6710 6695/6695 6715/6715
f 6722/6722 6716/6716 6697/6697
f 6698/6698 6702/6702 6720/6720
f 6718/6718 6726/6726 6712/6712
f 6717/6717 6719/6719 6732/6732
f 6733/6733 6727/6727 6714/6714
f 6673/6673 6703/6703 6646/6646
f 6735/6735 6721/6721 6705/6705
f 6736/6736 6706/6706 6672/6672
f 6668/6668 6680/6680 6744/6744
f 6671/6671 6743/6743 6738/6738
f 6688/6688 6742/6742 6682/6682
f 6739/6739 6728/6728 6723/6723
f 6663/6663 6465/6465 6490/6490
f 6666/6666 6492/6492 6749/6749
f 6748/6748 6691/6691 6665/6665
f 6685/6685 6690/6690 6757/6757
f 876/876 799/799 6711/6711
f 6708/6708 6725/6725 6765/6765
f 877/877 6713/6713 6767/6767
f 6760/6760 882/882 879/879
f 6762/6762 6724/6724 6730/6730
f 6766/6766 6729/6729 6770/6770
f 867/867 884/884 6763/6763
f 873/873 6761/6761 6782/6782
f 6781/6781 6764/6764 6771/6771
f 6780/6780 6769/6769 6787/6787
f 6740/6740 6741/6741 6790/6790
f 6759/6759 6789/6789 6745/6745
f 6746/6746 6684/6684 6753/6753
f 6788/6788 6758/6758 6803/6803
f 6791/6791 6806/6806 6797/6797
f 6810/6810 6799/6799 6805/6805
f 6804/6804 6814/6814 6809/6809
f 6793/6793 6821/6821 6775/6775
f 6737/6737 6794/6794 6772/6772
f 6768/6768 6731/6731 6734/6734
f 6796/6796 6819/6819 6792/6792
f 6823/6823 6783/6783 6774/6774
f 6773/6773 6822/6822 6828/6828
f 6798/6798 6808/6808 6826/6826
f 6827/6827 6820/6820 6795/6795
f 899/899 874/874 6777/6777
f 900/900 6776/6776 6830/6830
f 6839/6839 6834/6834 6779/6779
f 6778/6778 6785/6785 6840/6840
f 910/910 898/898 6833/6833
f 911/911 6829/6829 988/988
f 986/986 989/989 6832/6832
f 6831/6831 6837/6837 985/985
f 6845/6845 6812/6812 6817/6817
f 6816/6816 6847/6847 6844/6844
f 995/995 6843/6843 6848/6848
f 6849/6849 977/977 993/993
f 6858/6858 6838/6838 6784/6784
f 6786/6786 6824/6824 6856/6856
f 6807/6807 6841/6841 6857/6857
f 6855/6855 6825/6825 6811/6811
f 999/999 984/984 6835/6835
f 6836/6836 6853/6853 998/998
f 6846/6846 996/996 1003/1003
f 1004/1004 6854/6854 6842/6842
f 6866/6866 6747/6747 6494/6494
f 6495/6495 6577/6577 6861/6861
f 6859/6859 6576/6576 6588/6588
f 6865/6865 6587/6587 6872/6872
f 6864/6864 6875/6875 6869/6869
f 6594/6594 6874/6874 6589/6589
f 6754/6754 6689/6689 6752/6752
f 6879/6879 6756/6756 6750/6750
f 6751/6751 6862/6862 6878/6878
f 6887/6887 6880/6880 6860/6860
f 6863/6863 6870/6870 6886/6886
f 6867/6867 6871/6871 6891/6891
f 6890/6890 6873/6873 6591/6591
f 6895/6895 6590/6590 6603/6603
f 6894/6894 6604/6604 6896/6896
f 6901/6901 6600/6600 951/951
f 6900/6900 949/949 1012/1012
f 6884/6884 6868/6868 6888/6888
f 6902/6902 6882/6882 6889/6889
f 6892/6892 6909/6909 6907/6907
f 6897/6897 6910/6910 6893/6893
f 1011/1011 6906/6906 6911/6911
f 6912/6912 1016/1016 1008/1008
f 6899/6899 1015/1015 1019/1019
f 1017/1017 6908/6908 6898/6898
f 6877/6877 6801/6801 6755/6755
f 6883/6883 6818/6818 6800/6800
f 6885/6885 6802/6802 6876/6876
f 6903/6903 6852/6852 6813/6813
f 6905/6905 6815/6815 6881/6881
f 1007/1007 979/979 6851/6851
f 1009/1009 6850/6850 6904/6904
f 460/460 6914/6914 299/299
f 300/300 55/55 461/461
f 6920/6920 311/311 302/302
f 305/305 6913/6913 6922/6922
f 6930/6930 6915/6915 462/462
f 6924/6924 6933/6933 463/463
f 459/459 456/456 6928/6928
f 6919/6919 6916/6916 6931/6931
f 312/312 6921/6921 6940/6940
f 6937/6937 296/296 310/310
f 6932/6932 6923/6923 6968/6968
f 6971/6971 6948/6948 6935/6935
f 6934/6934 6947/6947 6955/6955
f 6918/6918 6929/6929 6954/6954
f 6950/6950 6939/6939 6917/6917
f 7032/7032 315/315 294/294
f 7030/7030 297/297 6938/6938
f 7026/7026 6943/6943 6961/6961
f 6942/6942 7071/7071 7076/7076
f 7075/7075 6959/6959 6936/6936
f 7072/7072 6941/6941 6956/6956
f 7070/7070 6949/6949 6964/6964
f 6926/6926 455/455 476/476
f 477/477 489/489 6978/6978
f 6925/6925 473/473 6975/6975
f 6976/6976 6970/6970 6927/6927
f 6974/6974 6981/6981 6946/6946
f 6945/6945 6969/6969 6979/6979
f 6989/6989 6972/6972 487/487
f 6990/6990 488/488 494/494
f 6995/6995 6982/6982 6973/6973
f 6997/6997 6977/6977 6991/6991
f 6988/6988 495/495 478/478
f 482/482 7001/7001 6992/6992
f 7007/7007 7012/7012 6993/6993
f 6998/6998 6987/6987 7008/7008
f 6986/6986 7003/7003 7010/7010
f 7205/7205 7015/7015 6951/6951
f 6980/6980 7204/7204 6953/6953
f 6952/6952 6944/6944 6983/6983
f 7228/7228 7207/7207 6984/6984
f 6985/6985 6994/6994 7226/7226
f 6996/6996 7013/7013 7225/7225
f 468/468 7021/7021 7002/7002
f 7000/7000 481/481 469/469
f 7006/7006 6999/6999 7024/7024
f 6963/6963 6957/6957 7020/7020
f 7029/7029 7038/7038 331/331
f 326/326 314/314 7025/7025
f 7039/7039 7031/7031 7034/7034
f 7049/7049 7033/7033 7027/7027
f 7028/7028 6960/6960 7045/7045
f 7050/7050 7058/7058 7040/7040
f 7037/7037 7036/7036 7051/7051
f 7053/7053 7035/7035 7046/7046
f 7052/7052 7047/7047 7065/7065
f 334/334 330/330 7041/7041
f 7061/7061 338/338 336/336
f 335/335 7042/7042 7057/7057
f 7073/7073 7085/7085 7074/7074
f 7081/7081 7044/7044 6962/6962
f 6958/6958 7077/7077 7079/7079
f 7043/7043 7080/7080 7090/7090
f 7093/7093 7100/7100 7084/7084
f 7082/7082 7069/7069 6965/6965
f 7083/7083 6967/6967 7092/7092
f 7091/7091 7078/7078 7098/7098
f 7066/7066 7048/7048 7088/7088
f 7063/7063 7087/7087 7105/7105
f 7114/7114 7119/7119 7102/7102
f 7101/7101 7095/7095 7111/7111
f 7117/7117 7104/7104 7089/7089
f 7086/7086 7099/7099 7115/7115
f 7120/7120 7131/7131 7060/7060
f 7059/7059 7055/7055 7124/7124
f 7121/7121 7054/7054 7067/7067
f 7123/7123 7068/7068 7134/7134
f 324/324 344/344 7128/7128
f 318/318 7127/7127 7126/7126
f 319/319 7122/7122 7143/7143
f 7141/7141 7125/7125 7138/7138
f 7142/7142 7139/7139 7151/7151
f 7132/7132 349/349 339/339
f 337/337 7056/7056 7129/7129
f 7130/7130 348/348 351/351
f 7156/7156 7162/7162 7155/7155
f 7164/7164 7137/7137 7062/7062
f 7064/7064 7103/7103 7161/7161
f 7135/7135 7163/7163 7160/7160
f 7171/7171 7153/7153 7166/7166
f 7167/7167 7118/7118 7113/7113
f 7165/7165 7112/7112 7175/7175
f 7116/7116 7168/7168 7106/7106
f 7181/7181 7190/7190 7159/7159
f 7158/7158 7152/7152 7179/7179
f 7188/7188 7148/7148 7133/7133
f 7136/7136 7157/7157 7186/7186
f 7180/7180 7154/7154 7169/7169
f 7178/7178 7174/7174 7191/7191
f 7005/7005 7199/7199 7011/7011
f 7213/7213 7215/7215 7017/7017
f 7019/7019 7206/7206 7209/7209
f 7201/7201 7237/7237 7230/7230
f 7229/7229 7014/7014 7200/7200
f 7236/7236 7198/7198 7221/7221
f 7231/7231 7208/7208 7202/7202
f 7203/7203 7227/7227 7235/7235
f 7238/7238 7243/7243 7217/7217
f 7219/7219 7210/7210 7242/7242
f 7253/7253 7258/7258 7234/7234
f 7233/7233 7224/7224 7252/7252
f 7259/7259 7241/7241 7212/7212
f 7211/7211 7232/7232 7257/7257
f 7260/7260 7022/7022 471/471
f 7262/7262 470/470 508/508
f 7264/7264 7270/7270 7196/7196
f 7263/7263 7197/7197 7009/7009
f 7004/7004 7023/7023 7267/7267
f 7273/7273 7261/7261 513/513
f 7272/7272 512/512 506/506
f 7279/7279 7269/7269 7265/7265
f 7280/7280 7266/7266 7276/7276
f 7220/7220 7195/7195 7271/7271
f 7281/7281 7251/7251 7223/7223
f 7222/7222 7268/7268 7284/7284
f 7293/7293 7296/7296 7287/7287
f 7311/7311 7292/7292 7289/7289
f 7310/7310 7285/7285 7301/7301
f 7319/7319 7326/7326 7244/7244
f 7245/7245 7240/7240 7317/7317
f 7334/7334 7254/7254 7250/7250
f 7333/7333 7249/7249 7295/7295
f 7332/7332 7294/7294 7291/7291
f 7320/7320 7239/7239 7256/7256
f 7321/7321 7255/7255 7327/7327
f 7343/7343 7322/7322 7318/7318
f 7345/7345 7315/7315 7338/7338
f 7309/7309 7347/7347 7330/7330
f 7331/7331 7290/7290 7313/7313
f 7335/7335 7316/7316 7328/7328
f 7337/7337 7329/7329 7348/7348
f 517/517 7355/7355 7274/7274
f 7277/7277 507/507 514/514
f 7352/7352 7288/7288 7299/7299
f 7353/7353 7298/7298 7278/7278
f 7283/7283 7275/7275 7356/7356
f 498/498 7359/7359 7354/7354
f 7357/7357 519/519 496/496
f 7304/7304 7286/7286 7358/7358
f 7302/7302 7351/7351 7361/7361
f 7282/7282 7297/7297 7248/7248
f 7094/7094 6966/6966 7016/7016
f 7096/7096 7018/7018 7218/7218
f 7110/7110 7097/7097 7216/7216
f 7107/7107 7214/7214 7246/7246
f 7325/7325 7173/7173 7109/7109
f 7108/7108 7247/7247 7324/7324
f 7346/7346 7192/7192 7172/7172
f 7170/7170 7323/7323 7344/7344
f 7369/7369 7379/7379 7366/7366
f 7389/7389 7398/7398 7385/7385
f 7405/7405 7410/7410 7402/7402
f 7368/7368 7384/7384 7399/7399
f 7397/7397 7372/7372 7367/7367
f 7387/7387 7364/7364 7413/7413
f 7381/7381 7414/7414 7408/7408
f 7420/7420 7427/7427 7416/7416
f 7430/7430 7415/7415 7428/7428
f 7429/7429 7442/7442 7433/7433
f 7444/7444 356/356 361/361
f 362/362 7419/7419 7451/7451
f 7424/7424 7417/7417 7450/7450
f 7463/7463 7469/7469 7454/7454
f 7449/7449 7418/7418 7431/7431
f 7448/7448 7432/7432 7464/7464
f 7447/7447 7465/7465 7462/7462
f 7480/7480 7485/7485 7473/7473
f 7499/7499 7504/7504 7494/7494
f 7506/7506 7479/7479 7474/7474
f 7509/7509 7471/7471 7501/7501
f 7507/7507 7502/7502 7495/7495
f 7518/7518 7523/7523 7512/7512
f 7436/7436 7443/7443 7390/7390
f 7435/7435 7391/7391 7383/7383
f 7438/7438 7386/7386 7524/7524
f 7434/7434 7527/7527 7521/7521
f 7483/7483 7516/7516 7525/7525
f 7528/7528 7406/7406 7400/7400
f 7526/7526 7403/7403 7481/7481
f 7517/7517 7482/7482 7476/7476
f 7407/7407 7522/7522 7382/7382
f 7531/7531 7458/7458 7468/7468
f 7466/7466 7519/7519 7514/7514
f 7467/7467 7515/7515 7532/7532
f 7520/7520 7470/7470 7437/7437
f 7534/7534 7513/7513 7477/7477
f 7529/7529 7478/7478 7511/7511
f 373/373 323/323 7147/7147
f 375/375 7140/7140 7535/7535
f 7548/7548 7557/7557 7539/7539
f 7552/7552 7536/7536 7145/7145
f 7146/7146 7150/7150 7553/7553
f 7144/7144 7555/7555 7549/7549
f 7562/7562 365/365 379/379
f 382/382 7569/7569 7561/7561
f 372/372 7538/7538 7571/7571
f 7573/7573 378/378 374/374
f 7565/7565 7570/7570 7547/7547
f 7564/7564 7550/7550 7541/7541
f 7563/7563 7546/7546 7575/7575
f 7551/7551 7572/7572 7537/7537
f 7176/7176 7542/7542 7556/7556
f 7558/7558 7189/7189 7185/7185
f 7540/7540 7184/7184 7581/7581
f 7187/7187 7554/7554 7149/7149
f 7371/7371 7579/7579 7183/7183
f 7182/7182 7193/7193 7374/7374
f 7177/7177 7377/7377 7370/7370
f 7392/7392 7577/7577 7543/7543
f 7545/7545 7578/7578 7396/7396
f 7544/7544 7395/7395 7393/7393
f 7373/7373 7394/7394 7580/7580
f 383/383 366/366 7566/7566
f 7421/7421 386/386 7560/7560
f 7559/7559 7425/7425 7423/7423
f 7568/7568 7574/7574 7440/7440
f 7439/7439 7426/7426 7567/7567
f 7422/7422 359/359 387/387
f 7388/7388 7441/7441 7576/7576
f 7587/7587 7593/7593 532/532
f 7582/7582 534/534 537/537
f 7590/7590 7599/7599 7307/7307
f 7585/7585 7312/7312 7305/7305
f 7303/7303 7592/7592 7588/7588
f 7607/7607 7613/7613 7606/7606
f 7616/7616 7625/7625 7615/7615
f 7618/7618 7611/7611 7609/7609
f 7605/7605 7612/7612 7586/7586
f 525/525 7601/7601 7589/7589
f 7591/7591 535/535 526/526
f 7584/7584 7614/7614 7627/7627
f 7583/7583 7628/7628 7597/7597
f 7641/7641 7646/7646 7635/7635
f 7639/7639 7365/7365 7375/7375
f 7645/7645 7378/7378 7342/7342
f 7340/7340 7336/7336 7644/7644
f 7376/7376 7647/7647 7637/7637
f 7314/7314 7631/7631 7643/7643
f 7642/7642 7349/7349 7306/7306
f 7630/7630 7308/7308 7598/7598
f 7350/7350 7648/7648 7339/7339
f 7619/7619 7404/7404 7409/7409
f 7412/7412 7638/7638 7617/7617
f 7621/7621 7640/7640 7634/7634
f 7632/7632 7629/7629 7622/7622
f 7636/7636 7411/7411 7363/7363
f 7600/7600 7626/7626 7633/7633
f 501/501 533/533 7595/7595
f 499/499 7594/7594 7362/7362
f 7360/7360 7596/7596 7300/7300
f 7652/7652 7610/7610 7602/7602
f 7650/7650 7604/7604 551/551
f 7651/7651 549/549 541/541
f 7653/7653 7475/7475 7486/7486
f 7487/7487 7624/7624 7655/7655
f 7623/7623 7608/7608 7649/7649
f 527/527 550/550 7603/7603
f 543/543 7488/7488 7503/7503
f 7500/7500 7654/7654 548/548
f 7489/7489 546/546 523/523
f 7656/7656 7505/7505 7472/7472
f 7620/7620 7484/7484 7401/7401
f 7341/7341 7380/7380 7194/7194
f 408/408 355/355 7453/7453
f 406/406 7452/7452 7659/7659
f 7665/7665 7672/7672 7459/7459
f 7461/7461 7455/7455 7668/7668
f 7673/7673 7658/7658 7446/7446
f 7445/7445 7460/7460 7671/7671
f 7680/7680 7686/7686 7675/7675
f 7687/7687 399/399 410/410
f 407/407 7657/7657 7690/7690
f 404/404 7684/7684 7681/7681
f 7696/7696 7674/7674 7689/7689
f 7685/7685 7669/7669 7666/7666
f 7691/7691 7667/7667 7694/7694
f 7670/7670 7688/7688 7660/7660
f 7702/7702 7709/7709 7699/7699
f 7718/7718 7497/7497 7491/7491
f 587/587 7716/7716 7493/7493
f 7492/7492 580/580 585/585
f 7721/7721 7697/7697 7706/7706
f 7707/7707 7508/7508 7496/7496
f 7712/7712 7498/7498 7719/7719
f 7732/7732 7703/7703 7698/7698
f 7734/7734 7701/7701 7726/7726
f 576/576 7739/7739 7717/7717
f 7720/7720 588/588 577/577
f 7727/7727 7700/7700 7715/7715
f 7725/7725 7714/7714 7736/7736
f 7713/7713 7661/7661 7456/7456
f 7457/7457 7533/7533 7708/7708
f 7664/7664 7711/7711 7705/7705
f 7510/7510 7710/7710 7530/7530
f 7733/7733 7692/7692 7662/7662
f 7663/7663 7704/7704 7729/7729
f 7743/7743 7750/7750 7679/7679
f 7682/7682 7677/7677 7744/7744
f 7745/7745 435/435 401/401
f 400/400 7683/7683 7748/7748
f 7753/7753 7741/7741 7676/7676
f 7678/7678 7693/7693 7752/7752
f 7740/7740 7761/7761 7747/7747
f 452/452 437/437 7749/7749
f 446/446 7746/7746 7762/7762
f 447/447 7763/7763 648/648
f 641/641 652/652 7759/7759
f 7760/7760 7742/7742 7754/7754
f 7764/7764 7755/7755 643/643
f 649/649 7765/7765 653/653
f 7769/7769 7775/7775 7728/7728
f 7735/7735 7722/7722 7771/7771
f 7777/7777 7738/7738 575/575
f 7779/7779 579/579 615/615
f 7778/7778 7767/7767 7723/7723
f 7724/7724 7737/7737 7782/7782
f 660/660 663/663 7774/7774
f 7772/7772 7766/7766 659/659
f 667/667 7780/7780 614/614
f 670/670 616/616 633/633
f 671/671 658/658 7770/7770
f 7768/7768 7781/7781 672/672
f 7758/7758 7695/7695 7731/7731
f 7751/7751 7730/7730 7773/7773
f 664/664 642/642 7756/7756
f 7757/7757 7776/7776 661/661
f 521/521 582/582 7490/7490
f 7788/7788 928/928 449/449
f 445/445 646/646 7783/7783
f 7797/7797 654/654 639/639
f 7795/7795 640/640 7792/7792
f 7784/7784 647/647 651/651
f 7785/7785 650/650 7798/7798
f 7807/7807 924/924 930/930
f 932/932 7787/7787 7804/7804
f 7794/7794 7811/7811 7796/7796
f 7810/7810 7806/7806 7786/7786
f 7789/7789 7799/7799 7815/7815
f 7800/7800 7809/7809 7819/7819
f 656/656 7825/7825 665/665
f 7832/7832 7838/7838 668/668
f 673/673 632/632 1022/1022
f 666/666 1023/1023 7831/7831
f 7839/7839 7841/7841 7827/7827
f 7840/7840 7822/7822 655/655
f 657/657 669/669 7837/7837
f 7833/7833 7848/7848 7834/7834
f 7858/7858 7843/7843 7836/7836
f 7857/7857 7835/7835 7849/7849
f 7860/7860 7847/7847 7854/7854
f 7823/7823 7793/7793 644/644
f 645/645 662/662 7826/7826
f 7791/7791 7824/7824 7863/7863
f 7866/7866 7821/7821 7842/7842
f 7875/7875 7880/7880 7814/7814
f 7813/7813 7790/7790 7867/7867
f 7812/7812 7864/7864 7872/7872
f 7816/7816 7808/7808 7879/7879
f 7862/7862 7874/7874 7865/7865
f 7868/7868 7844/7844 7861/7861
f 7820/7820 7887/7887 7917/7917
f 7803/7803 7818/7818 7918/7918
f 7915/7915 7913/7913 7805/7805
f 7801/7801 7909/7909 917/917
f 918/918 926/926 7802/7802
f 7855/7855 7888/7888 7859/7859
f 7978/7978 7902/7902 7884/7884
f 7877/7877 7977/7977 7885/7885
f 7886/7886 7817/7817 7876/7876
f 7975/7975 7878/7878 7873/7873
f 7987/7987 7976/7976 7870/7870
f 7871/7871 7856/7856 7890/7890
f 7869/7869 7889/7889 7990/7990
f 7891/7891 7898/7898 7991/7991
f 942/942 916/916 7910/7910
f 941/941 7912/7912 7907/7907
f 7905/7905 7911/7911 7916/7916
f 7923/7923 938/938 945/945
f 940/940 7908/7908 7926/7926
f 7920/7920 7906/7906 7919/7919
f 7921/7921 7914/7914 7882/7882
f 7924/7924 7881/7881 7931/7931
f 7929/7929 7883/7883 7901/7901
f 7829/7829 1024/1024 1047/1047
f 1038/1038 7932/7932 7850/7850
f 1039/1039 7846/7846 7830/7830
f 7828/7828 1044/1044 1035/1035
f 7852/7852 7845/7845 7933/7933
f 7944/7944 7935/7935 1037/1037
f 7938/7938 1040/1040 1050/1050
f 7937/7937 7946/7946 7892/7892
f 7936/7936 7894/7894 7853/7853
f 7851/7851 7934/7934 7941/7941
f 7940/7940 1051/1051 1055/1055
f 1056/1056 7954/7954 7942/7942
f 7965/7965 7949/7949 7945/7945
f 7960/7960 7963/7963 7939/7939
f 7943/7943 7950/7950 7961/7961
f 1031/1031 7972/7972 7952/7952
f 7951/7951 1053/1053 1030/1030
f 7959/7959 7953/7953 7971/7971
f 7899/7899 7893/7893 7948/7948
f 7897/7897 7947/7947 7964/7964
f 7979/7979 7985/7985 7900/7900
f 7896/7896 7994/7994 7988/7988
f 8000/8000 8009/8009 7986/7986
f 7998/7998 7983/7983 7974/7974
f 7973/7973 7989/7989 7997/7997
f 7980/7980 7996/7996 8003/8003
f 8021/8021 8007/8007 7999/7999
f 8016/8016 8004/8004 8012/8012
f 8030/8030 8017/8017 8011/8011
f 8031/8031 8010/8010 8026/8026
f 8043/8043 8032/8032 8024/8024
f 8045/8045 8023/8023 8033/8033
f 8051/8051 960/960 935/935
f 939/939 7922/7922 8050/8050
f 8059/8059 8052/8052 7925/7925
f 7927/7927 7928/7928 8056/8056
f 8047/8047 8066/8066 967/967
f 966/966 961/961 8046/8046
f 8067/8067 8053/8053 8064/8064
f 954/954 969/969 8069/8069
f 8077/8077 8063/8063 8048/8048
f 8049/8049 8060/8060 8072/8072
f 8057/8057 7930/7930 7904/7904
f 8054/8054 7903/7903 7982/7982
f 8055/8055 7981/7981 8080/8080
f 8081/8081 7984/7984 8005/8005
f 8084/8084 8076/8076 8061/8061
f 8058/8058 8079/8079 8085/8085
f 8087/8087 8082/8082 8006/8006
f 8086/8086 8008/8008 8018/8018
f 8062/8062 8092/8092 8068/8068
f 8091/8091 976/976 957/957
f 956/956 8070/8070 8089/8089
f 971/971 8095/8095 8097/8097
f 8073/8073 8112/8112 8094/8094
f 8093/8093 8065/8065 8074/8074
f 8111/8111 8075/8075 8106/8106
f 8098/8098 8090/8090 8108/8108
f 952/952 970/970 8100/8100
f 948/948 8099/8099 8113/8113
f 8124/8124 8109/8109 8104/8104
f 8125/8125 8105/8105 8121/8121
f 8117/8117 8096/8096 8107/8107
f 8116/8116 8110/8110 8123/8123
f 8129/8129 8102/8102 8078/8078
f 8071/8071 8088/8088 8130/8130
f 8132/8132 8083/8083 8019/8019
f 8131/8131 8020/8020 8029/8029
f 8140/8140 8122/8122 8101/8101
f 8103/8103 8134/8134 8141/8141
f 8040/8040 8137/8137 8135/8135
f 8133/8133 8028/8028 8044/8044
f 7955/7955 8143/8143 7962/7962
f 8155/8155 7970/7970 1034/1034
f 8148/8148 1033/1033 1071/1071
f 7958/7958 8156/8156 8159/8159
f 8161/8161 8146/8146 7956/7956
f 7957/7957 7969/7969 8151/8151
f 8164/8164 8168/8168 8154/8154
f 8149/8149 1072/1072 1067/1067
f 8152/8152 1066/1066 8165/8165
f 8175/8175 8160/8160 8153/8153
f 8174/8174 8150/8150 8171/8171
f 7968/7968 8192/8192 7993/7993
f 7992/7992 7895/7895 7967/7967
f 8190/8190 7966/7966 8147/8147
f 8188/8188 8145/8145 8184/8184
f 8001/8001 7995/7995 8186/8186
f 8181/8181 8144/8144 8157/8157
f 8193/8193 8203/8203 8191/8191
f 8189/8189 8182/8182 8197/8197
f 8015/8015 8002/8002 8187/8187
f 8014/8014 8185/8185 8199/8199
f 8172/8172 8194/8194 8183/8183
f 8180/8180 8158/8158 8173/8173
f 8166/8166 1065/1065 1079/1079
f 8167/8167 8205/8205 8170/8170
f 8216/8216 8217/8217 8176/8176
f 8177/8177 8169/8169 8208/8208
f 8178/8178 8210/8210 8213/8213
f 8226/8226 8232/8232 8218/8218
f 8219/8219 8214/8214 8228/8228
f 8237/8237 8245/8245 8202/8202
f 8204/8204 8196/8196 8239/8239
f 8027/8027 8013/8013 8201/8201
f 8022/8022 8200/8200 8242/8242
f 8220/8220 8236/8236 8198/8198
f 8195/8195 8179/8179 8223/8223
f 8256/8256 8243/8243 8238/8238
f 8254/8254 8235/8235 8251/8251
f 8038/8038 8025/8025 8244/8244
f 8036/8036 8241/8241 8255/8255
f 8250/8250 8240/8240 8222/8222
f 8249/8249 8221/8221 8233/8233
f 1084/1084 8260/8260 8206/8206
f 1085/1085 8207/8207 8162/8162
f 8163/8163 1078/1078 1083/1083
f 8211/8211 8209/8209 8259/8259
f 8262/8262 8257/8257 1080/1080
f 8263/8263 1086/1086 1058/1058
f 8264/8264 8227/8227 8212/8212
f 8215/8215 8258/8258 8261/8261
f 8277/8277 8042/8042 8034/8034
f 8276/8276 8039/8039 8269/8269
f 8289/8289 8292/8292 8282/8282
f 8301/8301 8279/8279 8293/8293
f 8295/8295 8294/8294 8275/8275
f 8274/8274 8271/8271 8297/8297
f 8304/8304 1105/1105 913/913
f 914/914 991/991 8306/8306
f 8305/8305 990/990 982/982
f 8307/8307 987/987 8311/8311
f 8314/8314 1095/1095 1101/1101
f 1100/1100 8302/8302 8313/8313
f 8318/8318 8303/8303 8308/8308
f 8315/8315 8310/8310 8322/8322
f 992/992 980/980 8336/8336
f 997/997 8335/8335 8331/8331
f 8326/8326 8337/8337 8348/8348
f 8327/8327 8346/8346 8340/8340
f 8355/8355 8312/8312 981/981
f 983/983 1001/1001 8354/8354
f 8329/8329 8352/8352 1002/1002
f 8330/8330 1000/1000 994/994
f 8319/8319 8309/8309 8356/8356
f 8321/8321 8353/8353 8360/8360
f 8342/8342 8357/8357 8350/8350
f 8339/8339 8351/8351 8328/8328
f 8368/8368 8376/8376 8363/8363
f 8379/8379 1106/1106 1098/1098
f 1099/1099 8317/8317 8385/8385
f 8382/8382 8316/8316 8320/8320
f 8381/8381 8325/8325 8392/8392
f 1094/1094 1107/1107 8383/8383
f 1093/1093 8380/8380 8397/8397
f 8386/8386 8366/8366 8394/8394
f 8395/8395 8384/8384 8390/8390
f 8362/8362 8391/8391 8371/8371
f 8408/8408 8411/8411 8398/8398
f 8407/8407 8341/8341 8349/8349
f 8406/8406 8347/8347 8288/8288
f 8286/8286 8280/8280 8416/8416
f 8287/8287 8414/8414 8409/8409
f 8399/8399 8412/8412 8419/8419
f 8372/8372 8401/8401 8421/8421
f 8420/8420 8375/8375 8370/8370
f 8296/8296 8422/8422 8413/8413
f 8298/8298 8415/8415 8281/8281
f 8410/8410 8402/8402 8388/8388
f 8387/8387 8323/8323 8405/8405
f 8324/8324 8359/8359 8403/8403
f 8404/8404 8358/8358 8338/8338
f 8369/8369 8389/8389 8400/8400
f 8432/8432 8434/8434 8424/8424
f 8430/8430 1013/1013 946/946
f 8427/8427 947/947 8114/8114
f 8118/8118 8435/8435 8431/8431
f 8439/8439 8425/8425 8438/8438
f 8440/8440 8437/8437 8127/8127
f 8126/8126 8119/8119 8442/8442
f 8128/8128 8436/8436 8115/8115
f 8447/8447 1010/1010 1021/1021
f 1018/1018 8433/8433 8449/8449
f 8429/8429 8423/8423 8448/8448
f 8428/8428 1020/1020 1014/1014
f 8451/8451 8426/8426 8444/8444
f 8450/8450 8445/8445 8458/8458
f 8446/8446 8120/8120 8138/8138
f 8441/8441 8139/8139 8463/8463
f 8273/8273 8465/8465 8136/8136
f 8142/8142 8041/8041 8278/8278
f 8457/8457 8443/8443 8460/8460
f 8284/8284 8459/8459 8461/8461
f 8464/8464 8290/8290 8285/8285
f 8272/8272 8291/8291 8462/8462
f 1005/1005 8453/8453 8333/8333
f 8334/8334 978/978 1006/1006
f 8454/8454 8455/8455 8345/8345
f 8344/8344 8332/8332 8452/8452
f 8283/8283 8343/8343 8456/8456
f 8471/8471 8477/8477 8468/8468
f 8486/8486 8230/8230 8229/8229
f 8484/8484 8224/8224 8476/8476
f 8482/8482 8481/8481 8473/8473
f 8498/8498 8505/8505 8494/8494
f 8506/8506 8474/8474 8467/8467
f 8512/8512 8470/8470 1122/1122
f 8511/8511 1119/1119 1115/1115
f 8496/8496 8502/8502 8489/8489
f 8510/8510 8492/8492 8488/8488
f 8483/8483 8472/8472 8508/8508
f 8523/8523 8253/8253 8246/8246
f 8522/8522 8248/8248 8513/8513
f 8524/8524 8268/8268 8035/8035
f 8037/8037 8252/8252 8520/8520
f 8517/8517 8247/8247 8234/8234
f 8518/8518 8231/8231 8487/8487
f 8528/8528 8519/8519 8515/8515
f 8525/8525 8516/8516 8504/8504
f 8532/8532 8501/8501 8500/8500
f 8530/8530 8299/8299 8270/8270
f 8267/8267 8521/8521 8531/8531
f 8485/8485 8503/8503 8514/8514
f 1128/1128 8469/8469 8480/8480
f 8479/8479 8265/8265 1063/1063
f 8478/8478 1062/1062 1129/1129
f 8266/8266 8475/8475 8225/8225
f 1125/1125 1123/1123 8466/8466
f 1131/1131 8534/8534 8538/8538
f 8539/8539 1138/1138 1130/1130
f 8493/8493 8361/8361 8373/8373
f 8377/8377 8497/8497 8491/8491
f 8365/8365 8490/8490 8544/8544
f 8364/8364 8542/8542 8533/8533
f 1112/1112 1136/1136 8543/8543
f 1113/1113 8540/8540 8507/8507
f 8509/8509 8541/8541 8495/8495
f 8536/8536 1133/1133 1089/1089
f 1088/1088 8393/8393 8537/8537
f 8535/8535 8396/8396 8367/8367
f 8526/8526 8499/8499 8378/8378
f 8374/8374 8418/8418 8529/8529
f 8527/8527 8417/8417 8300/8300

