# https://github.com/mikedh/trimesh

o textured.obj
v 0.06164374 -0.05577275 -0.02194604
v 0.06164374 -0.05772975 -0.02291174
v 0.06288831 -0.05772975 -0.02152633
v 0.06187626 -0.05577275 -0.02152633
v 0.06164374 -0.05577275 -0.02194604
v 0.06288831 -0.05772975 -0.02152633
v 0.06360068 -0.05641335 -0.01956943
v 0.06288831 -0.05772975 -0.02152633
v 0.06360068 -0.05772975 -0.02095993
v 0.06360068 -0.05641335 -0.01956943
v 0.06271360 -0.05577275 -0.01956943
v 0.06288831 -0.05772975 -0.02152633
v 0.06271360 -0.05577275 -0.01956943
v 0.06187626 -0.05577275 -0.02152633
v 0.06288831 -0.05772975 -0.02152633
v 0.06360068 -0.05641335 -0.01956943
v 0.06360068 -0.05577275 -0.01860783
v 0.06271360 -0.05577275 -0.01956943
v 0.06360068 -0.05772975 -0.02095993
v 0.06555762 -0.05772975 -0.01986813
v 0.06555762 -0.05756315 -0.01956943
v 0.06360068 -0.05641335 -0.01956943
v 0.06360068 -0.05772975 -0.02095993
v 0.06555762 -0.05756315 -0.01956943
v 0.06555762 -0.05756315 -0.01956943
v 0.06360068 -0.05577275 -0.01860783
v 0.06360068 -0.05641335 -0.01956943
v 0.06555762 -0.05577275 -0.01769083
v 0.06360068 -0.05577275 -0.01860783
v 0.06555762 -0.05756315 -0.01956943
v 0.06164374 -0.05577275 -0.02194604
v 0.06187626 -0.05577275 -0.02152633
v 0.06164374 -0.05550335 -0.02152633
v 0.05968680 -0.05381585 -0.02040753
v 0.06164374 -0.05449975 -0.01956943
v 0.06072764 -0.05381585 -0.01956943
v 0.05968680 -0.05381585 -0.02040753
v 0.05968680 -0.05524355 -0.02152633
v 0.06164374 -0.05449975 -0.01956943
v 0.05968680 -0.05524355 -0.02152633
v 0.06164374 -0.05550335 -0.02152633
v 0.06164374 -0.05449975 -0.01956943
v 0.06164374 -0.05449975 -0.01956943
v 0.06164374 -0.05381585 -0.01865133
v 0.06072764 -0.05381585 -0.01956943
v 0.05968680 -0.05381585 -0.02040753
v 0.06072764 -0.05381585 -0.01956943
v 0.05968680 -0.05324285 -0.01956943
v 0.06072764 -0.05381585 -0.01956943
v 0.06164374 -0.05381585 -0.01865133
v 0.06164374 -0.05309795 -0.01761243
v 0.06072764 -0.05381585 -0.01956943
v 0.06164374 -0.05309795 -0.01761243
v 0.05968680 -0.05324285 -0.01956943
v 0.05968680 -0.05324285 -0.01956943
v 0.06164374 -0.05309795 -0.01761243
v 0.05968680 -0.05217925 -0.01761243
v 0.06187626 -0.05577275 -0.02152633
v 0.06271360 -0.05577275 -0.01956943
v 0.06164374 -0.05449975 -0.01956943
v 0.06164374 -0.05550335 -0.02152633
v 0.06187626 -0.05577275 -0.02152633
v 0.06164374 -0.05449975 -0.01956943
v 0.06360068 -0.05449245 -0.01761243
v 0.06276447 -0.05381585 -0.01761243
v 0.06164374 -0.05381585 -0.01865133
v 0.06360068 -0.05577275 -0.01860783
v 0.06360068 -0.05449245 -0.01761243
v 0.06164374 -0.05381585 -0.01865133
v 0.06360068 -0.05577275 -0.01860783
v 0.06164374 -0.05381585 -0.01865133
v 0.06164374 -0.05449975 -0.01956943
v 0.06360068 -0.05577275 -0.01860783
v 0.06164374 -0.05449975 -0.01956943
v 0.06271360 -0.05577275 -0.01956943
v 0.06164374 -0.05381585 -0.01865133
v 0.06276447 -0.05381585 -0.01761243
v 0.06164374 -0.05309795 -0.01761243
v 0.05968680 -0.05185895 -0.01724893
v 0.06164374 -0.05233605 -0.01565553
v 0.06099202 -0.05185895 -0.01565553
v 0.05968680 -0.05185895 -0.01724893
v 0.05968680 -0.05217925 -0.01761243
v 0.06164374 -0.05233605 -0.01565553
v 0.05968680 -0.05217925 -0.01761243
v 0.06164374 -0.05309795 -0.01761243
v 0.06164374 -0.05233605 -0.01565553
v 0.06164374 -0.05233605 -0.01565553
v 0.06164374 -0.05185895 -0.01492643
v 0.06099202 -0.05185895 -0.01565553
v 0.06360068 -0.05449245 -0.01761243
v 0.06360068 -0.05381585 -0.01660403
v 0.06276447 -0.05381585 -0.01761243
v 0.06276447 -0.05381585 -0.01761243
v 0.06360068 -0.05381585 -0.01660403
v 0.06360068 -0.05330225 -0.01565553
v 0.06276447 -0.05381585 -0.01761243
v 0.06360068 -0.05330225 -0.01565553
v 0.06164374 -0.05309795 -0.01761243
v 0.06164374 -0.05309795 -0.01761243
v 0.06360068 -0.05330225 -0.01565553
v 0.06164374 -0.05233605 -0.01565553
v 0.06360068 -0.05330225 -0.01565553
v 0.06164374 -0.05185895 -0.01492643
v 0.06164374 -0.05233605 -0.01565553
v 0.06360068 -0.05185895 -0.01427213
v 0.06164374 -0.05185895 -0.01492643
v 0.06360068 -0.05330225 -0.01565553
v 0.05968680 -0.04990195 -0.01574473
v 0.05968680 -0.05185895 -0.01724893
v 0.06099202 -0.05185895 -0.01565553
v 0.05976668 -0.04990195 -0.01565553
v 0.05968680 -0.04990195 -0.01574473
v 0.06099202 -0.05185895 -0.01565553
v 0.06099202 -0.05185895 -0.01565553
v 0.06164374 -0.04990195 -0.01441723
v 0.05976668 -0.04990195 -0.01565553
v 0.06164374 -0.05185895 -0.01492643
v 0.06164374 -0.04990195 -0.01441723
v 0.06099202 -0.05185895 -0.01565553
v 0.06360068 -0.05087185 -0.01369853
v 0.06303678 -0.04990195 -0.01369853
v 0.06164374 -0.04990195 -0.01441723
v 0.06360068 -0.05087185 -0.01369853
v 0.06164374 -0.04990195 -0.01441723
v 0.06360068 -0.05185895 -0.01427213
v 0.06360068 -0.05185895 -0.01427213
v 0.06164374 -0.04990195 -0.01441723
v 0.06164374 -0.05185895 -0.01492643
v 0.06164374 -0.04990195 -0.01441723
v 0.06303678 -0.04990195 -0.01369853
v 0.06164374 -0.04801705 -0.01369853
v 0.06360068 -0.05577275 -0.01860783
v 0.06555762 -0.05577275 -0.01769083
v 0.06555762 -0.05565805 -0.01761243
v 0.06360068 -0.05449245 -0.01761243
v 0.06360068 -0.05577275 -0.01860783
v 0.06555762 -0.05565805 -0.01761243
v 0.06555762 -0.05577275 -0.01769083
v 0.06751456 -0.05577275 -0.01808753
v 0.06751456 -0.05548115 -0.01761243
v 0.06555762 -0.05565805 -0.01761243
v 0.06555762 -0.05577275 -0.01769083
v 0.06751456 -0.05548115 -0.01761243
v 0.06360068 -0.05381585 -0.01660403
v 0.06555762 -0.05458615 -0.01565553
v 0.06420782 -0.05381585 -0.01565553
v 0.06360068 -0.05381585 -0.01660403
v 0.06360068 -0.05449245 -0.01761243
v 0.06555762 -0.05458615 -0.01565553
v 0.06360068 -0.05449245 -0.01761243
v 0.06555762 -0.05565805 -0.01761243
v 0.06555762 -0.05458615 -0.01565553
v 0.06555762 -0.05458615 -0.01565553
v 0.06555762 -0.05381585 -0.01439413
v 0.06420783 -0.05381585 -0.01565553
v 0.06360068 -0.05381585 -0.01660403
v 0.06420782 -0.05381585 -0.01565553
v 0.06360068 -0.05330225 -0.01565553
v 0.06555762 -0.05278305 -0.01369853
v 0.06460854 -0.05185895 -0.01369853
v 0.06360068 -0.05185895 -0.01427213
v 0.06555762 -0.05381585 -0.01439413
v 0.06555762 -0.05278305 -0.01369853
v 0.06360068 -0.05185895 -0.01427213
v 0.06555762 -0.05381585 -0.01439413
v 0.06360068 -0.05185895 -0.01427213
v 0.06360068 -0.05330225 -0.01565553
v 0.06555762 -0.05381585 -0.01439413
v 0.06360068 -0.05330225 -0.01565553
v 0.06420783 -0.05381585 -0.01565553
v 0.06751456 -0.05548115 -0.01761243
v 0.06751456 -0.05452405 -0.01565553
v 0.06555762 -0.05565805 -0.01761243
v 0.06751456 -0.05452405 -0.01565553
v 0.06555762 -0.05458615 -0.01565553
v 0.06555762 -0.05565805 -0.01761243
v 0.06751456 -0.05452405 -0.01565553
v 0.06555762 -0.05381585 -0.01439413
v 0.06555762 -0.05458615 -0.01565553
v 0.06751456 -0.05381585 -0.01446233
v 0.06555762 -0.05381585 -0.01439413
v 0.06751456 -0.05452405 -0.01565553
v 0.06555762 -0.05381585 -0.01439413
v 0.06751456 -0.05381585 -0.01446233
v 0.06751456 -0.05262435 -0.01369853
v 0.06555762 -0.05278305 -0.01369853
v 0.06555762 -0.05381585 -0.01439413
v 0.06751456 -0.05262435 -0.01369853
v 0.06360068 -0.05185895 -0.01427213
v 0.06460854 -0.05185895 -0.01369853
v 0.06360068 -0.05087185 -0.01369853
v 0.06360068 -0.05087185 -0.01369853
v 0.06360068 -0.04990195 -0.01309043
v 0.06303678 -0.04990195 -0.01369853
v 0.06555762 -0.05278305 -0.01369853
v 0.06555762 -0.05185895 -0.01324983
v 0.06460854 -0.05185895 -0.01369853
v 0.06751456 -0.05262435 -0.01369853
v 0.06555762 -0.05185895 -0.01324983
v 0.06555762 -0.05278305 -0.01369853
v 0.06751456 -0.05185895 -0.01320953
v 0.06555762 -0.05185895 -0.01324983
v 0.06751456 -0.05262435 -0.01369853
v 0.06555762 -0.05004285 -0.01174163
v 0.06535951 -0.04990195 -0.01174163
v 0.06360068 -0.04990195 -0.01309043
v 0.06555762 -0.05185895 -0.01324983
v 0.06555762 -0.05004285 -0.01174163
v 0.06360068 -0.04990195 -0.01309043
v 0.06555762 -0.05185895 -0.01324983
v 0.06360068 -0.04990195 -0.01309043
v 0.06360068 -0.05087185 -0.01369853
v 0.06555762 -0.05185895 -0.01324983
v 0.06360068 -0.05087185 -0.01369853
v 0.06460854 -0.05185895 -0.01369853
v 0.06555762 -0.05004285 -0.01174163
v 0.06555762 -0.04990195 -0.01163583
v 0.06535951 -0.04990195 -0.01174163
v 0.06360068 -0.04990195 -0.01309043
v 0.06535951 -0.04990195 -0.01174163
v 0.06360068 -0.04800635 -0.01174163
v 0.06535951 -0.04990195 -0.01174163
v 0.06360068 -0.04794505 -0.01168763
v 0.06360068 -0.04800635 -0.01174163
v 0.06535951 -0.04990195 -0.01174163
v 0.06555762 -0.04990195 -0.01163583
v 0.06360068 -0.04794505 -0.01168763
v 0.06555762 -0.04990195 -0.01163583
v 0.06555762 -0.04794505 -0.00988423
v 0.06360068 -0.04794505 -0.01168763
v 0.06555762 -0.05185895 -0.01324983
v 0.06751456 -0.05185895 -0.01320953
v 0.06751456 -0.05075205 -0.01174163
v 0.06555762 -0.05004285 -0.01174163
v 0.06555762 -0.05185895 -0.01324983
v 0.06751456 -0.05075205 -0.01174163
v 0.06751456 -0.05075205 -0.01174163
v 0.06555762 -0.04990195 -0.01163583
v 0.06555762 -0.05004285 -0.01174163
v 0.06751456 -0.04990195 -0.01056253
v 0.06555762 -0.04990195 -0.01163583
v 0.06751456 -0.05075205 -0.01174163
v 0.06751456 -0.04911255 -0.00978473
v 0.06565669 -0.04794505 -0.00978473
v 0.06555762 -0.04794505 -0.00988423
v 0.06751456 -0.04911255 -0.00978473
v 0.06555762 -0.04794505 -0.00988423
v 0.06751456 -0.04990195 -0.01056253
v 0.06751456 -0.04990195 -0.01056253
v 0.06555762 -0.04794505 -0.00988423
v 0.06555762 -0.04990195 -0.01163583
v 0.06751456 -0.04911255 -0.00978473
v 0.06751456 -0.04794505 -0.00879443
v 0.06565669 -0.04794505 -0.00978473
v 0.06360068 -0.04794505 -0.01168763
v 0.06555762 -0.04794505 -0.00988423
v 0.06555762 -0.04789475 -0.00978473
v 0.06360068 -0.04683455 -0.00978473
v 0.06360068 -0.04794505 -0.01168763
v 0.06555762 -0.04789475 -0.00978473
v 0.06555762 -0.04794505 -0.00988423
v 0.06565669 -0.04794505 -0.00978473
v 0.06555762 -0.04789475 -0.00978473
v 0.06360068 -0.04598805 -0.00831443
v 0.06555762 -0.04632865 -0.00782773
v 0.06458800 -0.04598805 -0.00782773
v 0.06360068 -0.04598805 -0.00831443
v 0.06360068 -0.04683455 -0.00978473
v 0.06555762 -0.04632865 -0.00782773
v 0.06360068 -0.04683455 -0.00978473
v 0.06555762 -0.04789475 -0.00978473
v 0.06555762 -0.04632865 -0.00782773
v 0.06555762 -0.04632865 -0.00782773
v 0.06555762 -0.04598805 -0.00750163
v 0.06458800 -0.04598805 -0.00782773
v 0.06360068 -0.04403115 -0.00818983
v 0.06360068 -0.04598805 -0.00831443
v 0.06458800 -0.04598805 -0.00782773
v 0.06397958 -0.04403115 -0.00782773
v 0.06360068 -0.04403115 -0.00818983
v 0.06458800 -0.04598805 -0.00782773
v 0.06458800 -0.04598805 -0.00782773
v 0.06555762 -0.04403115 -0.00595253
v 0.06397958 -0.04403115 -0.00782773
v 0.06555762 -0.04598805 -0.00750163
v 0.06555762 -0.04403115 -0.00595253
v 0.06458800 -0.04598805 -0.00782773
v 0.06565669 -0.04794505 -0.00978473
v 0.06751456 -0.04794505 -0.00879443
v 0.06751456 -0.04690645 -0.00782773
v 0.06565669 -0.04794505 -0.00978473
v 0.06751456 -0.04690645 -0.00782773
v 0.06555762 -0.04789475 -0.00978473
v 0.06555762 -0.04789475 -0.00978473
v 0.06751456 -0.04690645 -0.00782773
v 0.06555762 -0.04632865 -0.00782773
v 0.06751456 -0.04690645 -0.00782773
v 0.06555762 -0.04598805 -0.00750163
v 0.06555762 -0.04632865 -0.00782773
v 0.06751456 -0.04598805 -0.00685153
v 0.06555762 -0.04598805 -0.00750163
v 0.06751456 -0.04690645 -0.00782773
v 0.06751456 -0.04496015 -0.00587083
v 0.06571767 -0.04403115 -0.00587083
v 0.06555762 -0.04403115 -0.00595253
v 0.06751456 -0.04496015 -0.00587083
v 0.06555762 -0.04403115 -0.00595253
v 0.06751456 -0.04598805 -0.00685153
v 0.06751456 -0.04598805 -0.00685153
v 0.06555762 -0.04403115 -0.00595253
v 0.06555762 -0.04598805 -0.00750163
v 0.06555762 -0.04379620 -0.00587083
v 0.06489271 -0.04207421 -0.00587083
v 0.06360068 -0.04207421 -0.00711283
v 0.06555762 -0.04403115 -0.00595253
v 0.06555762 -0.04379620 -0.00587083
v 0.06360068 -0.04207421 -0.00711283
v 0.06555762 -0.04403115 -0.00595253
v 0.06360068 -0.04207421 -0.00711283
v 0.06360068 -0.04324453 -0.00782773
v 0.06555762 -0.04403115 -0.00595253
v 0.06360068 -0.04324453 -0.00782773
v 0.06397958 -0.04403115 -0.00782773
v 0.06555762 -0.04403115 -0.00595253
v 0.06571767 -0.04403115 -0.00587083
v 0.06555762 -0.04379620 -0.00587083
v 0.06751456 -0.04496015 -0.00587083
v 0.06751456 -0.04403115 -0.00490513
v 0.06571767 -0.04403115 -0.00587083
v 0.06164374 -0.03424645 0.00074727
v 0.06190889 -0.03424645 0.00195697
v 0.06164374 -0.03313560 0.00195697
v 0.06751456 -0.04242414 0.00391387
v 0.06751456 -0.04292271 0.00587087
v 0.06555762 -0.04276394 0.00391387
v 0.06751456 -0.04292271 0.00587087
v 0.06555762 -0.04247384 0.00587087
v 0.06555762 -0.04276394 0.00391387
v 0.06555762 -0.04207421 0.00745547
v 0.06751456 -0.04294998 0.00782777
v 0.06577594 -0.04207421 0.00782777
v 0.06555762 -0.04207421 0.00745547
v 0.06555762 -0.04247384 0.00587087
v 0.06751456 -0.04294998 0.00782777
v 0.06555762 -0.04247384 0.00587087
v 0.06751456 -0.04292271 0.00587087
v 0.06751456 -0.04294998 0.00782777
v 0.06751456 -0.04294998 0.00782777
v 0.06751456 -0.04207421 0.00965617
v 0.06577594 -0.04207421 0.00782777
v 0.06555762 -0.04207421 0.00745547
v 0.06577594 -0.04207421 0.00782777
v 0.06555762 -0.04197059 0.00782777
v 0.06577594 -0.04207421 0.00782777
v 0.06751456 -0.04207421 0.00965617
v 0.06751456 -0.04201938 0.00978467
v 0.06577594 -0.04207421 0.00782777
v 0.06751456 -0.04201938 0.00978467
v 0.06555762 -0.04197059 0.00782777
v 0.06555762 -0.04197059 0.00782777
v 0.06751456 -0.04201938 0.00978467
v 0.06555762 -0.04143799 0.00978467
v 0.06751456 -0.04201938 0.00978467
v 0.06751456 -0.04142303 0.01174167
v 0.06555762 -0.04143799 0.00978467
v 0.06751456 -0.04142303 0.01174167
v 0.06555762 -0.04101318 0.01174167
v 0.06555762 -0.04143799 0.00978467
v 0.06751456 -0.04142303 0.01174167
v 0.06751456 -0.04070482 0.01369857
v 0.06555762 -0.04101318 0.01174167
v 0.06751456 -0.04070482 0.01369857
v 0.06555762 -0.04027184 0.01369857
v 0.06555762 -0.04101318 0.01174167
v 0.06751456 -0.04070482 0.01369857
v 0.06555762 -0.04011727 0.01392447
v 0.06555762 -0.04027184 0.01369857
v 0.06751456 -0.04011727 0.01538107
v 0.06555762 -0.04011727 0.01392447
v 0.06751456 -0.04070482 0.01369857
v 0.06164374 -0.03313560 0.00195697
v 0.06164374 -0.03228951 0.00223947
v 0.06146874 -0.03228951 0.00195697
v 0.06360068 -0.03531422 0.00391387
v 0.06217494 -0.03620339 0.00195697
v 0.06360068 -0.03620339 0.00321077
v 0.06360068 -0.03531422 0.00391387
v 0.06299027 -0.03424645 0.00391387
v 0.06217494 -0.03620339 0.00195697
v 0.06299027 -0.03424645 0.00391387
v 0.06190889 -0.03424645 0.00195697
v 0.06217494 -0.03620339 0.00195697
v 0.06360068 -0.03434538 0.00587087
v 0.06299027 -0.03424645 0.00391387
v 0.06360068 -0.03531422 0.00391387
v 0.06356025 -0.03424645 0.00587087
v 0.06299027 -0.03424645 0.00391387
v 0.06360068 -0.03434538 0.00587087
v 0.06164374 -0.03228951 0.00223947
v 0.06164374 -0.03313560 0.00195697
v 0.06190889 -0.03424645 0.00195697
v 0.06164374 -0.03228951 0.00223947
v 0.06190889 -0.03424645 0.00195697
v 0.06294491 -0.03228951 0.00391387
v 0.06294491 -0.03228951 0.00391387
v 0.06190889 -0.03424645 0.00195697
v 0.06299027 -0.03424645 0.00391387
v 0.06360068 -0.03228951 0.00559887
v 0.06356025 -0.03424645 0.00587087
v 0.06360068 -0.03366078 0.00587087
v 0.06360068 -0.03228951 0.00559887
v 0.06294491 -0.03228951 0.00391387
v 0.06356025 -0.03424645 0.00587087
v 0.06294491 -0.03228951 0.00391387
v 0.06299027 -0.03424645 0.00391387
v 0.06356025 -0.03424645 0.00587087
v 0.06360068 -0.03434538 0.00587087
v 0.06360068 -0.03424645 0.00594157
v 0.06356025 -0.03424645 0.00587087
v 0.06356025 -0.03424645 0.00587087
v 0.06360068 -0.03424645 0.00594157
v 0.06360068 -0.03366078 0.00587087
v 0.06399743 -0.03816033 0.00587087
v 0.06432669 -0.03816033 0.00782777
v 0.06444231 -0.03620339 0.00587087
v 0.06444231 -0.03620339 0.00587087
v 0.06432669 -0.03816033 0.00782777
v 0.06478757 -0.03620339 0.00782777
v 0.06432669 -0.03816033 0.00782777
v 0.06461899 -0.03816033 0.00978467
v 0.06478757 -0.03620339 0.00782777
v 0.06478757 -0.03620339 0.00782777
v 0.06461899 -0.03816033 0.00978467
v 0.06487094 -0.03620339 0.00978467
v 0.06360068 -0.03620339 0.00321077
v 0.06406090 -0.03620339 0.00391387
v 0.06360068 -0.03531422 0.00391387
v 0.06406090 -0.03620339 0.00391387
v 0.06444231 -0.03620339 0.00587087
v 0.06360068 -0.03434538 0.00587087
v 0.06360068 -0.03531422 0.00391387
v 0.06406090 -0.03620339 0.00391387
v 0.06360068 -0.03434538 0.00587087
v 0.06360068 -0.03228951 0.00559887
v 0.06360068 -0.03366078 0.00587087
v 0.06375488 -0.03228951 0.00587087
v 0.06360068 -0.03424645 0.00594157
v 0.06360068 -0.03434538 0.00587087
v 0.06444231 -0.03620339 0.00587087
v 0.06360068 -0.03424645 0.00594157
v 0.06444231 -0.03620339 0.00587087
v 0.06477163 -0.03424645 0.00782777
v 0.06477163 -0.03424645 0.00782777
v 0.06444231 -0.03620339 0.00587087
v 0.06478757 -0.03620339 0.00782777
v 0.06478757 -0.03620339 0.00782777
v 0.06487094 -0.03620339 0.00978467
v 0.06477163 -0.03424645 0.00782777
v 0.06477163 -0.03424645 0.00782777
v 0.06487094 -0.03620339 0.00978467
v 0.06512548 -0.03424645 0.00978467
v 0.06360068 -0.03366078 0.00587087
v 0.06360068 -0.03424645 0.00594157
v 0.06477163 -0.03424645 0.00782777
v 0.06360068 -0.03366078 0.00587087
v 0.06477163 -0.03424645 0.00782777
v 0.06375488 -0.03228951 0.00587087
v 0.06375488 -0.03228951 0.00587087
v 0.06477163 -0.03424645 0.00782777
v 0.06531850 -0.03228951 0.00782777
v 0.06555762 -0.03228951 0.00805267
v 0.06512548 -0.03424645 0.00978467
v 0.06555762 -0.03386786 0.00978467
v 0.06555762 -0.03228951 0.00805267
v 0.06531850 -0.03228951 0.00782777
v 0.06512548 -0.03424645 0.00978467
v 0.06531850 -0.03228951 0.00782777
v 0.06477163 -0.03424645 0.00782777
v 0.06512548 -0.03424645 0.00978467
v 0.06555762 -0.03386786 0.00978467
v 0.06751456 -0.03311198 0.00978467
v 0.06751456 -0.03228951 0.00894047
v 0.06555762 -0.03228951 0.00805267
v 0.06555762 -0.03386786 0.00978467
v 0.06751456 -0.03228951 0.00894047
v 0.06364418 -0.04011727 0.00978467
v 0.06364769 -0.04011727 0.01174167
v 0.06461899 -0.03816033 0.00978467
v 0.06461899 -0.03816033 0.00978467
v 0.06364769 -0.04011727 0.01174167
v 0.06384612 -0.03816033 0.01174167
v 0.06364769 -0.04011727 0.01174167
v 0.06532988 -0.04011727 0.01369857
v 0.06384612 -0.03816033 0.01174167
v 0.06384612 -0.03816033 0.01174167
v 0.06532988 -0.04011727 0.01369857
v 0.06366852 -0.03816033 0.01369857
v 0.06461899 -0.03816033 0.00978467
v 0.06384612 -0.03816033 0.01174167
v 0.06487094 -0.03620339 0.00978467
v 0.06487094 -0.03620339 0.00978467
v 0.06384612 -0.03816033 0.01174167
v 0.06441206 -0.03620339 0.01174167
v 0.06384612 -0.03816033 0.01174167
v 0.06366852 -0.03816033 0.01369857
v 0.06441206 -0.03620339 0.01174167
v 0.06441206 -0.03620339 0.01174167
v 0.06366852 -0.03816033 0.01369857
v 0.06513279 -0.03620339 0.01369857
v 0.06555762 -0.03883739 0.01565557
v 0.06532988 -0.04011727 0.01369857
v 0.06555762 -0.04011727 0.01392447
v 0.06555762 -0.03883739 0.01565557
v 0.06447002 -0.03816033 0.01565557
v 0.06532988 -0.04011727 0.01369857
v 0.06447002 -0.03816033 0.01565557
v 0.06366852 -0.03816033 0.01369857
v 0.06532988 -0.04011727 0.01369857
v 0.06555762 -0.04011727 0.01392447
v 0.06751456 -0.04011727 0.01538107
v 0.06751456 -0.03992684 0.01565557
v 0.06555762 -0.03883739 0.01565557
v 0.06555762 -0.04011727 0.01392447
v 0.06751456 -0.03992684 0.01565557
v 0.06555762 -0.03759913 0.01565557
v 0.06751456 -0.03620635 0.01565557
v 0.06751456 -0.03620339 0.01565267
v 0.06555762 -0.03620339 0.01401507
v 0.06555762 -0.03759913 0.01565557
v 0.06751456 -0.03620339 0.01565267
v 0.06555762 -0.03424645 0.01049917
v 0.06441206 -0.03620339 0.01174167
v 0.06555762 -0.03521167 0.01174167
v 0.06555762 -0.03424645 0.01049917
v 0.06512548 -0.03424645 0.00978467
v 0.06441206 -0.03620339 0.01174167
v 0.06512548 -0.03424645 0.00978467
v 0.06487094 -0.03620339 0.00978467
v 0.06441206 -0.03620339 0.01174167
v 0.06555762 -0.03521167 0.01174167
v 0.06513279 -0.03620339 0.01369857
v 0.06555762 -0.03589474 0.01369857
v 0.06441206 -0.03620339 0.01174167
v 0.06513279 -0.03620339 0.01369857
v 0.06555762 -0.03521167 0.01174167
v 0.06512548 -0.03424645 0.00978467
v 0.06555762 -0.03424645 0.01049917
v 0.06555762 -0.03386786 0.00978467
v 0.06555762 -0.03521167 0.01174167
v 0.06751456 -0.03449425 0.01174167
v 0.06751456 -0.03424645 0.01119737
v 0.06555762 -0.03424645 0.01049917
v 0.06555762 -0.03521167 0.01174167
v 0.06751456 -0.03424645 0.01119737
v 0.06751456 -0.03449425 0.01174167
v 0.06555762 -0.03521167 0.01174167
v 0.06751456 -0.03492940 0.01369857
v 0.06751456 -0.03492940 0.01369857
v 0.06555762 -0.03521167 0.01174167
v 0.06555762 -0.03589474 0.01369857
v 0.06751456 -0.03424645 0.01119737
v 0.06555762 -0.03386786 0.00978467
v 0.06555762 -0.03424645 0.01049917
v 0.06751456 -0.03311198 0.00978467
v 0.06555762 -0.03386786 0.00978467
v 0.06751456 -0.03424645 0.01119737
v 0.06751456 -0.03620339 0.01565267
v 0.06555762 -0.03589474 0.01369857
v 0.06555762 -0.03620339 0.01401507
v 0.06751456 -0.03492940 0.01369857
v 0.06555762 -0.03589474 0.01369857
v 0.06751456 -0.03620339 0.01565267
v -0.07142838 0.05577275 -0.02286126
v -0.07142838 0.05772975 -0.02258609
v -0.07338538 0.05577275 -0.02258562
v -0.07338538 0.05577275 -0.02258562
v -0.07142838 0.05772975 -0.02258609
v -0.07338538 0.05772975 -0.02222367
v -0.06947138 0.05577275 -0.02303446
v -0.06947138 0.05772975 -0.02342824
v -0.07142838 0.05577275 -0.02286126
v -0.07142838 0.05577275 -0.02286126
v -0.06947138 0.05772975 -0.02342824
v -0.07142838 0.05772975 -0.02258609
v -0.06751438 0.05577275 -0.02317322
v -0.06751438 0.05772975 -0.02282205
v -0.06947138 0.05577275 -0.02303446
v -0.06947138 0.05577275 -0.02303446
v -0.06751438 0.05772975 -0.02282205
v -0.06947138 0.05772975 -0.02342824
v -0.06555738 0.05577275 -0.02323830
v -0.06555738 0.05772975 -0.02316068
v -0.06751438 0.05577275 -0.02317322
v -0.06751438 0.05577275 -0.02317322
v -0.06555738 0.05772975 -0.02316068
v -0.06751438 0.05772975 -0.02282205
v -0.06360038 0.05552575 -0.02348327
v -0.06555738 0.05381585 -0.02343814
v -0.06547638 0.05381585 -0.02348327
v -0.06360038 0.05552575 -0.02348327
v -0.06360038 0.05577275 -0.02336217
v -0.06555738 0.05381585 -0.02343814
v -0.06360038 0.05577275 -0.02336217
v -0.06555738 0.05577275 -0.02323830
v -0.06555738 0.05381585 -0.02343814
v -0.06360038 0.05577275 -0.02336217
v -0.06360038 0.05772975 -0.02336213
v -0.06555738 0.05577275 -0.02323830
v -0.06555738 0.05577275 -0.02323830
v -0.06360038 0.05772975 -0.02336213
v -0.06555738 0.05772975 -0.02316068
v -0.06164338 0.05445865 -0.02348327
v -0.06360038 0.05577275 -0.02336217
v -0.06360038 0.05552575 -0.02348327
v -0.06164338 0.05577275 -0.02319535
v -0.06360038 0.05577275 -0.02336217
v -0.06164338 0.05445865 -0.02348327
v -0.06164338 0.05577275 -0.02319535
v -0.06164338 0.05772975 -0.02303995
v -0.06360038 0.05577275 -0.02336217
v -0.06360038 0.05577275 -0.02336217
v -0.06164338 0.05772975 -0.02303995
v -0.06360038 0.05772975 -0.02336213
v -0.06129738 0.05381585 -0.02348327
v -0.06164338 0.05577275 -0.02319535
v -0.06164338 0.05445865 -0.02348327
v -0.06129738 0.05381585 -0.02348327
v -0.05968638 0.05381585 -0.02296455
v -0.06164338 0.05577275 -0.02319535
v -0.05968638 0.05381585 -0.02296455
v -0.05968638 0.05577275 -0.02309043
v -0.06164338 0.05577275 -0.02319535
v -0.05968638 0.05577275 -0.02309043
v -0.05968638 0.05772975 -0.02278430
v -0.06164338 0.05577275 -0.02319535
v -0.06164338 0.05577275 -0.02319535
v -0.05968638 0.05772975 -0.02278430
v -0.06164338 0.05772975 -0.02303995
v -0.05772938 0.05381585 -0.02343444
v -0.05772938 0.05577275 -0.02341393
v -0.05968638 0.05381585 -0.02296455
v -0.05968638 0.05381585 -0.02296455
v -0.05772938 0.05577275 -0.02341393
v -0.05968638 0.05577275 -0.02309043
v 0.06164374 -0.02641869 0.00107457
v 0.06164374 -0.02837563 0.00173127
v 0.06172815 -0.02837563 0.00195697
v 0.06228020 -0.02641869 0.00195697
v 0.06164374 -0.02641869 0.00107457
v 0.06172815 -0.02837563 0.00195697
v 0.06164374 -0.02578416 -0.00000003
v 0.06164374 -0.02641869 0.00107457
v 0.06228020 -0.02641869 0.00195697
v 0.06164374 -0.02578416 -0.00000003
v 0.06228020 -0.02641869 0.00195697
v 0.06232763 -0.02446175 -0.00000003
v 0.06232763 -0.02446175 -0.00000003
v 0.06228020 -0.02641869 0.00195697
v 0.06252085 -0.02446175 0.00195697
v 0.06232763 -0.02446175 -0.00000003
v 0.06252085 -0.02446175 0.00195697
v 0.06307687 -0.02250485 -0.00000003
v 0.06307687 -0.02250485 -0.00000003
v 0.06252085 -0.02446175 0.00195697
v 0.06288821 -0.02250485 0.00195697
v 0.06311187 -0.02250485 -0.00195693
v 0.06307687 -0.02250485 -0.00000003
v 0.06306352 -0.02054785 -0.00195693
v 0.06306352 -0.02054785 -0.00195693
v 0.06307687 -0.02250485 -0.00000003
v 0.06330470 -0.02054785 -0.00000003
v 0.06307687 -0.02250485 -0.00000003
v 0.06288821 -0.02250485 0.00195697
v 0.06330470 -0.02054785 -0.00000003
v 0.06330470 -0.02054785 -0.00000003
v 0.06288821 -0.02250485 0.00195697
v 0.06331275 -0.02054785 0.00195697
v 0.06306352 -0.02054785 -0.00195693
v 0.06330470 -0.02054785 -0.00000003
v 0.06290523 -0.01859095 -0.00195693
v 0.06290523 -0.01859095 -0.00195693
v 0.06330470 -0.02054785 -0.00000003
v 0.06314405 -0.01859095 -0.00000003
v 0.06330470 -0.02054785 -0.00000003
v 0.06331275 -0.02054785 0.00195697
v 0.06314405 -0.01859095 -0.00000003
v 0.06314405 -0.01859095 -0.00000003
v 0.06331275 -0.02054785 0.00195697
v 0.06325957 -0.01859095 0.00195697
v 0.06146874 -0.03228951 0.00195697
v 0.06164374 -0.03228951 0.00223947
v 0.06164374 -0.03161138 0.00195697
v 0.06164374 -0.03161138 0.00195697
v 0.06164374 -0.03228951 0.00223947
v 0.06294491 -0.03228951 0.00391387
v 0.06164374 -0.03161138 0.00195697
v 0.06294491 -0.03228951 0.00391387
v 0.06205994 -0.03033257 0.00195697
v 0.06205994 -0.03033257 0.00195697
v 0.06294491 -0.03228951 0.00391387
v 0.06285300 -0.03033257 0.00391387
v 0.06294491 -0.03228951 0.00391387
v 0.06360068 -0.03033257 0.00549217
v 0.06285300 -0.03033257 0.00391387
v 0.06360068 -0.03228951 0.00559887
v 0.06360068 -0.03033257 0.00549217
v 0.06294491 -0.03228951 0.00391387
v 0.06205994 -0.03033257 0.00195697
v 0.06285300 -0.03033257 0.00391387
v 0.06172815 -0.02837563 0.00195697
v 0.06172815 -0.02837563 0.00195697
v 0.06285300 -0.03033257 0.00391387
v 0.06312459 -0.02837563 0.00391387
v 0.06285300 -0.03033257 0.00391387
v 0.06360068 -0.02837563 0.00451257
v 0.06312459 -0.02837563 0.00391387
v 0.06360068 -0.03033257 0.00549217
v 0.06360068 -0.02837563 0.00451257
v 0.06285300 -0.03033257 0.00391387
v 0.06360068 -0.02641869 0.00358747
v 0.06312459 -0.02837563 0.00391387
v 0.06360068 -0.02691104 0.00391387
v 0.06360068 -0.02641869 0.00358747
v 0.06228020 -0.02641869 0.00195697
v 0.06312459 -0.02837563 0.00391387
v 0.06228020 -0.02641869 0.00195697
v 0.06172815 -0.02837563 0.00195697
v 0.06312459 -0.02837563 0.00391387
v 0.06312459 -0.02837563 0.00391387
v 0.06360068 -0.02837563 0.00451257
v 0.06360068 -0.02691104 0.00391387
v 0.06228020 -0.02641869 0.00195697
v 0.06360068 -0.02446175 0.00374957
v 0.06252085 -0.02446175 0.00195697
v 0.06360068 -0.02641869 0.00358747
v 0.06360068 -0.02446175 0.00374957
v 0.06228020 -0.02641869 0.00195697
v 0.06360068 -0.03033257 0.00549217
v 0.06360068 -0.03228951 0.00559887
v 0.06375488 -0.03228951 0.00587087
v 0.06387625 -0.03033257 0.00587087
v 0.06360068 -0.03033257 0.00549217
v 0.06375488 -0.03228951 0.00587087
v 0.06360068 -0.02837563 0.00451257
v 0.06360068 -0.03033257 0.00549217
v 0.06387625 -0.03033257 0.00587087
v 0.06476830 -0.02837563 0.00587087
v 0.06360068 -0.02837563 0.00451257
v 0.06387625 -0.03033257 0.00587087
v 0.06555762 -0.03033257 0.00694507
v 0.06531850 -0.03228951 0.00782777
v 0.06555762 -0.03188228 0.00782777
v 0.06555762 -0.03033257 0.00694507
v 0.06387625 -0.03033257 0.00587087
v 0.06531850 -0.03228951 0.00782777
v 0.06387625 -0.03033257 0.00587087
v 0.06375488 -0.03228951 0.00587087
v 0.06531850 -0.03228951 0.00782777
v 0.06531850 -0.03228951 0.00782777
v 0.06555762 -0.03228951 0.00805267
v 0.06555762 -0.03188228 0.00782777
v 0.06387625 -0.03033257 0.00587087
v 0.06555762 -0.02837563 0.00650137
v 0.06476830 -0.02837563 0.00587087
v 0.06555762 -0.03033257 0.00694507
v 0.06555762 -0.02837563 0.00650137
v 0.06387625 -0.03033257 0.00587087
v 0.06555762 -0.03033257 0.00694507
v 0.06555762 -0.03188228 0.00782777
v 0.06664461 -0.03033257 0.00782777
v 0.06555762 -0.03188228 0.00782777
v 0.06751456 -0.03033257 0.00858057
v 0.06664461 -0.03033257 0.00782777
v 0.06555762 -0.03188228 0.00782777
v 0.06555762 -0.03228951 0.00805267
v 0.06751456 -0.03033257 0.00858057
v 0.06555762 -0.03228951 0.00805267
v 0.06751456 -0.03228951 0.00894047
v 0.06751456 -0.03033257 0.00858057
v 0.06555762 -0.02837563 0.00650137
v 0.06555762 -0.03033257 0.00694507
v 0.06664461 -0.03033257 0.00782777
v 0.06650084 -0.02837563 0.00782777
v 0.06555762 -0.02837563 0.00650137
v 0.06664461 -0.03033257 0.00782777
v 0.06751456 -0.02948844 0.00978467
v 0.06664461 -0.03033257 0.00782777
v 0.06751456 -0.03033257 0.00858057
v 0.06751456 -0.02948844 0.00978467
v 0.06681542 -0.02837563 0.00978467
v 0.06664461 -0.03033257 0.00782777
v 0.06681542 -0.02837563 0.00978467
v 0.06650084 -0.02837563 0.00782777
v 0.06664461 -0.03033257 0.00782777
v 0.06360068 -0.02641869 0.00358747
v 0.06360068 -0.02691104 0.00391387
v 0.06371523 -0.02641869 0.00391387
v 0.06360068 -0.02691104 0.00391387
v 0.06360068 -0.02837563 0.00451257
v 0.06476830 -0.02837563 0.00587087
v 0.06360068 -0.02691104 0.00391387
v 0.06476830 -0.02837563 0.00587087
v 0.06371523 -0.02641869 0.00391387
v 0.06371523 -0.02641869 0.00391387
v 0.06476830 -0.02837563 0.00587087
v 0.06446765 -0.02641869 0.00587087
v 0.06360068 -0.02446175 0.00374957
v 0.06360068 -0.02641869 0.00358747
v 0.06371523 -0.02641869 0.00391387
v 0.06371310 -0.02446175 0.00391387
v 0.06360068 -0.02446175 0.00374957
v 0.06371523 -0.02641869 0.00391387
v 0.06371523 -0.02641869 0.00391387
v 0.06446765 -0.02641869 0.00587087
v 0.06371310 -0.02446175 0.00391387
v 0.06371310 -0.02446175 0.00391387
v 0.06446765 -0.02641869 0.00587087
v 0.06403859 -0.02446175 0.00587087
v 0.06476830 -0.02837563 0.00587087
v 0.06555762 -0.02641869 0.00744597
v 0.06446765 -0.02641869 0.00587087
v 0.06555762 -0.02837563 0.00650137
v 0.06555762 -0.02641869 0.00744597
v 0.06476830 -0.02837563 0.00587087
v 0.06555762 -0.02591178 0.00782777
v 0.06446765 -0.02641869 0.00587087
v 0.06555762 -0.02641869 0.00744597
v 0.06555762 -0.02591178 0.00782777
v 0.06476426 -0.02446175 0.00782777
v 0.06446765 -0.02641869 0.00587087
v 0.06476426 -0.02446175 0.00782777
v 0.06403859 -0.02446175 0.00587087
v 0.06446765 -0.02641869 0.00587087
v 0.06555762 -0.02591178 0.00782777
v 0.06555762 -0.02446175 0.00970657
v 0.06476426 -0.02446175 0.00782777
v 0.06555762 -0.02641869 0.00744597
v 0.06555762 -0.02837563 0.00650137
v 0.06650084 -0.02837563 0.00782777
v 0.06575062 -0.02641869 0.00782777
v 0.06555762 -0.02641869 0.00744597
v 0.06650084 -0.02837563 0.00782777
v 0.06650084 -0.02837563 0.00782777
v 0.06681542 -0.02837563 0.00978467
v 0.06575062 -0.02641869 0.00782777
v 0.06575062 -0.02641869 0.00782777
v 0.06681542 -0.02837563 0.00978467
v 0.06739778 -0.02641869 0.00978467
v 0.06555762 -0.02641869 0.00744597
v 0.06575062 -0.02641869 0.00782777
v 0.06555762 -0.02591178 0.00782777
v 0.06555762 -0.02446175 0.00970657
v 0.06555762 -0.02591178 0.00782777
v 0.06575062 -0.02641869 0.00782777
v 0.06555762 -0.02446175 0.00970657
v 0.06575062 -0.02641869 0.00782777
v 0.06562857 -0.02446175 0.00978467
v 0.06562857 -0.02446175 0.00978467
v 0.06575062 -0.02641869 0.00782777
v 0.06739778 -0.02641869 0.00978467
v 0.06751456 -0.02948844 0.00978467
v 0.06751456 -0.02837563 0.01121017
v 0.06681542 -0.02837563 0.00978467
v 0.06751456 -0.02839517 0.01369857
v 0.06750632 -0.02837563 0.01369857
v 0.06751456 -0.02837563 0.01363957
v 0.06751456 -0.02839517 0.01369857
v 0.06751456 -0.02837563 0.01372767
v 0.06750632 -0.02837563 0.01369857
v 0.06681542 -0.02837563 0.00978467
v 0.06751456 -0.02641869 0.01005557
v 0.06739778 -0.02641869 0.00978467
v 0.06751456 -0.02837563 0.01121017
v 0.06751456 -0.02641869 0.01005557
v 0.06681542 -0.02837563 0.00978467
v 0.06751456 -0.02837563 0.01363957
v 0.06750632 -0.02837563 0.01369857
v 0.06751456 -0.02833126 0.01369857
v 0.06739778 -0.02641869 0.00978467
v 0.06751456 -0.02446175 0.01163947
v 0.06562857 -0.02446175 0.00978467
v 0.06751456 -0.02641869 0.01005557
v 0.06751456 -0.02446175 0.01163947
v 0.06739778 -0.02641869 0.00978467
v 0.06555762 -0.02463598 0.01761247
v 0.06543660 -0.02446175 0.01761247
v 0.06555762 -0.02446175 0.01689007
v 0.06750632 -0.02837563 0.01369857
v 0.06751456 -0.02837563 0.01372767
v 0.06751456 -0.02833126 0.01369857
v 0.06751456 -0.02474873 0.01565557
v 0.06685502 -0.02446175 0.01565557
v 0.06751456 -0.02446175 0.01517767
v 0.06685502 -0.02446175 0.01565557
v 0.06751456 -0.02474873 0.01565557
v 0.06751456 -0.02446175 0.01629967
v 0.06555762 -0.02446175 0.01689007
v 0.06626395 -0.02446175 0.01761247
v 0.06555762 -0.02463598 0.01761247
v 0.06360068 -0.02381475 0.00391387
v 0.06252085 -0.02446175 0.00195697
v 0.06360068 -0.02446175 0.00374957
v 0.06360068 -0.02381475 0.00391387
v 0.06335075 -0.02250485 0.00391387
v 0.06252085 -0.02446175 0.00195697
v 0.06335075 -0.02250485 0.00391387
v 0.06288821 -0.02250485 0.00195697
v 0.06252085 -0.02446175 0.00195697
v 0.06360068 -0.02381475 0.00391387
v 0.06360068 -0.02250485 0.00449407
v 0.06335075 -0.02250485 0.00391387
v 0.06288821 -0.02250485 0.00195697
v 0.06335075 -0.02250485 0.00391387
v 0.06331275 -0.02054785 0.00195697
v 0.06331275 -0.02054785 0.00195697
v 0.06335075 -0.02250485 0.00391387
v 0.06323887 -0.02054785 0.00391387
v 0.06360068 -0.02166495 0.00587087
v 0.06335075 -0.02250485 0.00391387
v 0.06360068 -0.02250485 0.00449407
v 0.06360068 -0.02166495 0.00587087
v 0.06298078 -0.02054785 0.00587087
v 0.06335075 -0.02250485 0.00391387
v 0.06298078 -0.02054785 0.00587087
v 0.06323887 -0.02054785 0.00391387
v 0.06335075 -0.02250485 0.00391387
v 0.06360068 -0.02166495 0.00587087
v 0.06360068 -0.02054785 0.00738977
v 0.06298078 -0.02054785 0.00587087
v 0.06331275 -0.02054785 0.00195697
v 0.06323887 -0.02054785 0.00391387
v 0.06325957 -0.01859095 0.00195697
v 0.06325957 -0.01859095 0.00195697
v 0.06323887 -0.02054785 0.00391387
v 0.06241036 -0.01859095 0.00391387
v 0.06323887 -0.02054785 0.00391387
v 0.06298078 -0.02054785 0.00587087
v 0.06241036 -0.01859095 0.00391387
v 0.06241036 -0.01859095 0.00391387
v 0.06298078 -0.02054785 0.00587087
v 0.06243568 -0.01859095 0.00587087
v 0.06360068 -0.01951645 0.00782777
v 0.06298078 -0.02054785 0.00587087
v 0.06360068 -0.02054785 0.00738977
v 0.06360068 -0.01951645 0.00782777
v 0.06332789 -0.01859095 0.00782777
v 0.06298078 -0.02054785 0.00587087
v 0.06332789 -0.01859095 0.00782777
v 0.06243568 -0.01859095 0.00587087
v 0.06298078 -0.02054785 0.00587087
v 0.06360068 -0.01951645 0.00782777
v 0.06360068 -0.01859095 0.00807577
v 0.06332789 -0.01859095 0.00782777
v 0.06360068 -0.02446175 0.00374957
v 0.06371310 -0.02446175 0.00391387
v 0.06360068 -0.02381475 0.00391387
v 0.06360068 -0.02250485 0.00449407
v 0.06360068 -0.02381475 0.00391387
v 0.06371310 -0.02446175 0.00391387
v 0.06360068 -0.02250485 0.00449407
v 0.06371310 -0.02446175 0.00391387
v 0.06431041 -0.02250485 0.00587087
v 0.06431041 -0.02250485 0.00587087
v 0.06371310 -0.02446175 0.00391387
v 0.06403859 -0.02446175 0.00587087
v 0.06360068 -0.02250485 0.00449407
v 0.06431041 -0.02250485 0.00587087
v 0.06360068 -0.02166495 0.00587087
v 0.06403859 -0.02446175 0.00587087
v 0.06476426 -0.02446175 0.00782777
v 0.06431041 -0.02250485 0.00587087
v 0.06431041 -0.02250485 0.00587087
v 0.06476426 -0.02446175 0.00782777
v 0.06427375 -0.02250485 0.00782777
v 0.06555762 -0.02442051 0.00978467
v 0.06476426 -0.02446175 0.00782777
v 0.06555762 -0.02446175 0.00970657
v 0.06555762 -0.02442051 0.00978467
v 0.06427343 -0.02250485 0.00978467
v 0.06476426 -0.02446175 0.00782777
v 0.06427343 -0.02250485 0.00978467
v 0.06427375 -0.02250485 0.00782777
v 0.06476426 -0.02446175 0.00782777
v 0.06360068 -0.02054785 0.00738977
v 0.06360068 -0.02166495 0.00587087
v 0.06431041 -0.02250485 0.00587087
v 0.06360068 -0.02054785 0.00738977
v 0.06431041 -0.02250485 0.00587087
v 0.06385375 -0.02054785 0.00782777
v 0.06385375 -0.02054785 0.00782777
v 0.06431041 -0.02250485 0.00587087
v 0.06427375 -0.02250485 0.00782777
v 0.06427375 -0.02250485 0.00782777
v 0.06427343 -0.02250485 0.00978467
v 0.06385375 -0.02054785 0.00782777
v 0.06385375 -0.02054785 0.00782777
v 0.06427343 -0.02250485 0.00978467
v 0.06447548 -0.02054785 0.00978467
v 0.06555762 -0.02446175 0.00970657
v 0.06562857 -0.02446175 0.00978467
v 0.06555762 -0.02442051 0.00978467
v 0.06360068 -0.02054785 0.00738977
v 0.06385375 -0.02054785 0.00782777
v 0.06360068 -0.01951645 0.00782777
v 0.06360068 -0.01859095 0.00807577
v 0.06360068 -0.01951645 0.00782777
v 0.06385375 -0.02054785 0.00782777
v 0.06360068 -0.01859095 0.00807577
v 0.06385375 -0.02054785 0.00782777
v 0.06445807 -0.01859095 0.00978467
v 0.06445807 -0.01859095 0.00978467
v 0.06385375 -0.02054785 0.00782777
v 0.06447548 -0.02054785 0.00978467
v 0.06555762 -0.02292925 0.01174167
v 0.06427343 -0.02250485 0.00978467
v 0.06555762 -0.02442051 0.00978467
v 0.06536921 -0.02250485 0.01174167
v 0.06427343 -0.02250485 0.00978467
v 0.06555762 -0.02292925 0.01174167
v 0.06555762 -0.02292925 0.01174167
v 0.06555762 -0.02250485 0.01264657
v 0.06536921 -0.02250485 0.01174167
v 0.06427343 -0.02250485 0.00978467
v 0.06536921 -0.02250485 0.01174167
v 0.06447548 -0.02054785 0.00978467
v 0.06447548 -0.02054785 0.00978467
v 0.06536921 -0.02250485 0.01174167
v 0.06505514 -0.02054785 0.01174167
v 0.06536921 -0.02250485 0.01174167
v 0.06555762 -0.02054785 0.01318237
v 0.06505514 -0.02054785 0.01174167
v 0.06555762 -0.02250485 0.01264657
v 0.06555762 -0.02054785 0.01318237
v 0.06536921 -0.02250485 0.01174167
v 0.06562857 -0.02446175 0.00978467
v 0.06751456 -0.02446175 0.01163947
v 0.06751456 -0.02439996 0.01174167
v 0.06562857 -0.02446175 0.00978467
v 0.06751456 -0.02439996 0.01174167
v 0.06555762 -0.02442051 0.00978467
v 0.06555762 -0.02442051 0.00978467
v 0.06751456 -0.02439996 0.01174167
v 0.06555762 -0.02292925 0.01174167
v 0.06555762 -0.02250485 0.01264657
v 0.06751456 -0.02366565 0.01369857
v 0.06593848 -0.02250485 0.01369857
v 0.06555762 -0.02250485 0.01264657
v 0.06555762 -0.02292925 0.01174167
v 0.06751456 -0.02366565 0.01369857
v 0.06555762 -0.02292925 0.01174167
v 0.06751456 -0.02439996 0.01174167
v 0.06751456 -0.02366565 0.01369857
v 0.06555762 -0.02054785 0.01318237
v 0.06555762 -0.02250485 0.01264657
v 0.06593848 -0.02250485 0.01369857
v 0.06571695 -0.02054785 0.01369857
v 0.06555762 -0.02054785 0.01318237
v 0.06593848 -0.02250485 0.01369857
v 0.06555762 -0.02446175 0.01689007
v 0.06543660 -0.02446175 0.01761247
v 0.06555762 -0.02393745 0.01761247
v 0.06555762 -0.02162345 0.01565557
v 0.06546183 -0.02054785 0.01565557
v 0.06555762 -0.02054785 0.01483747
v 0.06555762 -0.02162345 0.01565557
v 0.06555762 -0.02054785 0.01592357
v 0.06546183 -0.02054785 0.01565557
v 0.06751456 -0.02446175 0.01517767
v 0.06593848 -0.02250485 0.01369857
v 0.06751456 -0.02366565 0.01369857
v 0.06751456 -0.02446175 0.01517767
v 0.06685502 -0.02446175 0.01565557
v 0.06593848 -0.02250485 0.01369857
v 0.06685502 -0.02446175 0.01565557
v 0.06564799 -0.02250485 0.01565557
v 0.06593848 -0.02250485 0.01369857
v 0.06555762 -0.02446175 0.01689007
v 0.06555762 -0.02393745 0.01761247
v 0.06626395 -0.02446175 0.01761247
v 0.06685502 -0.02446175 0.01565557
v 0.06751456 -0.02446175 0.01629967
v 0.06612142 -0.02250485 0.01761247
v 0.06685502 -0.02446175 0.01565557
v 0.06612142 -0.02250485 0.01761247
v 0.06564799 -0.02250485 0.01565557
v 0.06612142 -0.02250485 0.01761247
v 0.06751456 -0.02446175 0.01629967
v 0.06751456 -0.02405515 0.01761247
v 0.06555762 -0.02162345 0.01565557
v 0.06555762 -0.02054785 0.01483747
v 0.06571695 -0.02054785 0.01369857
v 0.06555762 -0.02162345 0.01565557
v 0.06571695 -0.02054785 0.01369857
v 0.06564799 -0.02250485 0.01565557
v 0.06564799 -0.02250485 0.01565557
v 0.06571695 -0.02054785 0.01369857
v 0.06593848 -0.02250485 0.01369857
v 0.06555762 -0.02054785 0.01592357
v 0.06555762 -0.02162345 0.01565557
v 0.06564799 -0.02250485 0.01565557
v 0.06555762 -0.02054785 0.01592357
v 0.06564799 -0.02250485 0.01565557
v 0.06664041 -0.02054785 0.01761247
v 0.06664041 -0.02054785 0.01761247
v 0.06564799 -0.02250485 0.01565557
v 0.06612142 -0.02250485 0.01761247
v 0.06447548 -0.02054785 0.00978467
v 0.06505514 -0.02054785 0.01174167
v 0.06445807 -0.01859095 0.00978467
v 0.06445807 -0.01859095 0.00978467
v 0.06505514 -0.02054785 0.01174167
v 0.06458204 -0.01859095 0.01174167
v 0.06505514 -0.02054785 0.01174167
v 0.06555762 -0.01859095 0.01332617
v 0.06458204 -0.01859095 0.01174167
v 0.06555762 -0.02054785 0.01318237
v 0.06555762 -0.01859095 0.01332617
v 0.06505514 -0.02054785 0.01174167
v 0.06445807 -0.01859095 0.00978467
v 0.06458204 -0.01859095 0.01174167
v 0.06439992 -0.01663395 0.00978467
v 0.06439992 -0.01663395 0.00978467
v 0.06458204 -0.01859095 0.01174167
v 0.06521873 -0.01663395 0.01174167
v 0.06555762 -0.01789925 0.01369857
v 0.06458204 -0.01859095 0.01174167
v 0.06555762 -0.01859095 0.01332617
v 0.06555762 -0.01789925 0.01369857
v 0.06513733 -0.01663395 0.01369857
v 0.06458204 -0.01859095 0.01174167
v 0.06513733 -0.01663395 0.01369857
v 0.06521873 -0.01663395 0.01174167
v 0.06458204 -0.01859095 0.01174167
v 0.06555762 -0.01859095 0.01332617
v 0.06555762 -0.02054785 0.01318237
v 0.06571695 -0.02054785 0.01369857
v 0.06598961 -0.01859095 0.01369857
v 0.06555762 -0.01859095 0.01332617
v 0.06571695 -0.02054785 0.01369857
v 0.06555762 -0.02054785 0.01483747
v 0.06546183 -0.02054785 0.01565557
v 0.06555762 -0.02024015 0.01565557
v 0.06546183 -0.02054785 0.01565557
v 0.06555762 -0.02054785 0.01592357
v 0.06555762 -0.02024015 0.01565557
v 0.06555762 -0.01789925 0.01369857
v 0.06555762 -0.01663395 0.01443617
v 0.06513733 -0.01663395 0.01369857
v 0.06555762 -0.02054785 0.01483747
v 0.06555762 -0.02024015 0.01565557
v 0.06610868 -0.01859095 0.01565557
v 0.06555762 -0.02054785 0.01483747
v 0.06610868 -0.01859095 0.01565557
v 0.06571695 -0.02054785 0.01369857
v 0.06571695 -0.02054785 0.01369857
v 0.06610868 -0.01859095 0.01565557
v 0.06598961 -0.01859095 0.01369857
v 0.06555762 -0.02024015 0.01565557
v 0.06555762 -0.02054785 0.01592357
v 0.06664041 -0.02054785 0.01761247
v 0.06555762 -0.02024015 0.01565557
v 0.06664041 -0.02054785 0.01761247
v 0.06610868 -0.01859095 0.01565557
v 0.06610868 -0.01859095 0.01565557
v 0.06664041 -0.02054785 0.01761247
v 0.06581991 -0.01859095 0.01761247
v 0.06555762 -0.01663395 0.01443617
v 0.06555762 -0.01789925 0.01369857
v 0.06598961 -0.01859095 0.01369857
v 0.06555762 -0.01663395 0.01443617
v 0.06598961 -0.01859095 0.01369857
v 0.06678805 -0.01663395 0.01565557
v 0.06678805 -0.01663395 0.01565557
v 0.06598961 -0.01859095 0.01369857
v 0.06610868 -0.01859095 0.01565557
v 0.06610868 -0.01859095 0.01565557
v 0.06581991 -0.01859095 0.01761247
v 0.06678805 -0.01663395 0.01565557
v 0.06678805 -0.01663395 0.01565557
v 0.06581991 -0.01859095 0.01761247
v 0.06652970 -0.01663395 0.01761247
v 0.06555762 -0.02463598 0.01761247
v 0.06555762 -0.02446175 0.01880867
v 0.06543660 -0.02446175 0.01761247
v 0.06751456 -0.02446175 0.01809097
v 0.06751456 -0.02516555 0.01956937
v 0.06576144 -0.02446175 0.01956937
v 0.06626395 -0.02446175 0.01761247
v 0.06555762 -0.02446175 0.01880867
v 0.06555762 -0.02463598 0.01761247
v 0.06543660 -0.02446175 0.01761247
v 0.06555762 -0.02446175 0.01880867
v 0.06555762 -0.02393745 0.01761247
v 0.06555762 -0.02446175 0.01880867
v 0.06626395 -0.02446175 0.01761247
v 0.06555762 -0.02393745 0.01761247
v 0.06751456 -0.02446175 0.01809097
v 0.06576144 -0.02446175 0.01956937
v 0.06751456 -0.02405515 0.01761247
v 0.06576144 -0.02446175 0.01956937
v 0.06612142 -0.02250485 0.01761247
v 0.06751456 -0.02405515 0.01761247
v 0.06576144 -0.02446175 0.01956937
v 0.06693382 -0.02250485 0.01956937
v 0.06612142 -0.02250485 0.01761247
v 0.06751456 -0.02250485 0.02037607
v 0.06669381 -0.02446175 0.02152637
v 0.06751456 -0.02307925 0.02152637
v 0.06751456 -0.02250485 0.02037607
v 0.06693382 -0.02250485 0.01956937
v 0.06669381 -0.02446175 0.02152637
v 0.06693382 -0.02250485 0.01956937
v 0.06576144 -0.02446175 0.01956937
v 0.06669381 -0.02446175 0.02152637
v 0.06751456 -0.02307925 0.02152637
v 0.06686237 -0.02446175 0.02348327
v 0.06751456 -0.02302875 0.02348327
v 0.06669381 -0.02446175 0.02152637
v 0.06686237 -0.02446175 0.02348327
v 0.06751456 -0.02307925 0.02152637
v 0.06751456 -0.05577275 -0.01808753
v 0.06947150 -0.05577275 -0.01770953
v 0.06947150 -0.05570805 -0.01761243
v 0.06751456 -0.05548115 -0.01761243
v 0.06751456 -0.05577275 -0.01808753
v 0.06947150 -0.05570805 -0.01761243
v 0.06947150 -0.05577275 -0.01732763
v 0.06904498 -0.05577275 -0.01565553
v 0.06751456 -0.05452405 -0.01565553
v 0.06947150 -0.05577275 -0.01732763
v 0.06751456 -0.05452405 -0.01565553
v 0.06947150 -0.05570805 -0.01761243
v 0.06947150 -0.05570805 -0.01761243
v 0.06751456 -0.05452405 -0.01565553
v 0.06751456 -0.05548115 -0.01761243
v 0.06947150 -0.05418425 -0.01369853
v 0.06888062 -0.05381585 -0.01369853
v 0.06751456 -0.05381585 -0.01446233
v 0.06947150 -0.05577275 -0.01508493
v 0.06947150 -0.05418425 -0.01369853
v 0.06751456 -0.05381585 -0.01446233
v 0.06947150 -0.05577275 -0.01508493
v 0.06751456 -0.05381585 -0.01446233
v 0.06751456 -0.05452405 -0.01565553
v 0.06947150 -0.05577275 -0.01508493
v 0.06751456 -0.05452405 -0.01565553
v 0.06904498 -0.05577275 -0.01565553
v 0.06751456 -0.05381585 -0.01446233
v 0.06888062 -0.05381585 -0.01369853
v 0.06751456 -0.05262435 -0.01369853
v 0.06947150 -0.05418425 -0.01369853
v 0.06947150 -0.05381585 -0.01339213
v 0.06888062 -0.05381585 -0.01369853
v 0.06888062 -0.05381585 -0.01369853
v 0.06751456 -0.05185895 -0.01320953
v 0.06751456 -0.05262435 -0.01369853
v 0.06888062 -0.05381585 -0.01369853
v 0.06947150 -0.05381585 -0.01339213
v 0.06751456 -0.05185895 -0.01320953
v 0.06947150 -0.05381585 -0.01339213
v 0.06947150 -0.05185895 -0.01209613
v 0.06751456 -0.05185895 -0.01320953
v 0.06751456 -0.05185895 -0.01320953
v 0.06947150 -0.05185895 -0.01209613
v 0.06947150 -0.05151515 -0.01174163
v 0.06751456 -0.05075205 -0.01174163
v 0.06751456 -0.05185895 -0.01320953
v 0.06947150 -0.05151515 -0.01174163
v 0.06751456 -0.04990195 -0.01056253
v 0.06947150 -0.05060995 -0.00978473
v 0.06862188 -0.04990195 -0.00978473
v 0.06751456 -0.04990195 -0.01056253
v 0.06751456 -0.05075205 -0.01174163
v 0.06947150 -0.05060995 -0.00978473
v 0.06751456 -0.05075205 -0.01174163
v 0.06947150 -0.05151515 -0.01174163
v 0.06947150 -0.05060995 -0.00978473
v 0.06947150 -0.05060995 -0.00978473
v 0.06947150 -0.04990195 -0.00918353
v 0.06862188 -0.04990195 -0.00978473
v 0.06947150 -0.04834835 -0.00782773
v 0.06900712 -0.04794505 -0.00782773
v 0.06751456 -0.04794505 -0.00879443
v 0.06947150 -0.04990195 -0.00918353
v 0.06947150 -0.04834835 -0.00782773
v 0.06751456 -0.04794505 -0.00879443
v 0.06947150 -0.04990195 -0.00918353
v 0.06751456 -0.04794505 -0.00879443
v 0.06751456 -0.04911255 -0.00978473
v 0.06947150 -0.04990195 -0.00918353
v 0.06751456 -0.04911255 -0.00978473
v 0.06862188 -0.04990195 -0.00978473
v 0.06947150 -0.04834835 -0.00782773
v 0.06947150 -0.04794505 -0.00752143
v 0.06900712 -0.04794505 -0.00782773
v 0.06751456 -0.04794505 -0.00879443
v 0.06900712 -0.04794505 -0.00782773
v 0.06751456 -0.04690645 -0.00782773
v 0.06947150 -0.04603745 -0.00587083
v 0.06938040 -0.04598805 -0.00587083
v 0.06751456 -0.04598805 -0.00685153
v 0.06947150 -0.04794505 -0.00752143
v 0.06947150 -0.04603745 -0.00587083
v 0.06751456 -0.04598805 -0.00685153
v 0.06947150 -0.04794505 -0.00752143
v 0.06751456 -0.04598805 -0.00685153
v 0.06751456 -0.04690645 -0.00782773
v 0.06947150 -0.04794505 -0.00752143
v 0.06751456 -0.04690645 -0.00782773
v 0.06900712 -0.04794505 -0.00782773
v 0.06751456 -0.04598805 -0.00685153
v 0.06938040 -0.04598805 -0.00587083
v 0.06751456 -0.04496015 -0.00587083
v 0.06947150 -0.04603745 -0.00587083
v 0.06947150 -0.04598805 -0.00582363
v 0.06938040 -0.04598805 -0.00587083
v 0.06947150 -0.04441335 -0.00391383
v 0.06880430 -0.04403115 -0.00391383
v 0.06751456 -0.04403115 -0.00490513
v 0.06947150 -0.04598805 -0.00582363
v 0.06947150 -0.04441335 -0.00391383
v 0.06751456 -0.04403115 -0.00490513
v 0.06947150 -0.04598805 -0.00582363
v 0.06751456 -0.04403115 -0.00490513
v 0.06751456 -0.04496015 -0.00587083
v 0.06947150 -0.04598805 -0.00582363
v 0.06751456 -0.04496015 -0.00587083
v 0.06938040 -0.04598805 -0.00587083
v 0.06947150 -0.04441335 -0.00391383
v 0.06947150 -0.04403115 -0.00343683
v 0.06880430 -0.04403115 -0.00391383
v 0.06751456 -0.04403115 -0.00490513
v 0.06880430 -0.04403115 -0.00391383
v 0.06751456 -0.04331259 -0.00391383
v 0.06880430 -0.04403115 -0.00391383
v 0.06947150 -0.04403115 -0.00343683
v 0.06947150 -0.04331421 -0.00195693
v 0.06880430 -0.04403115 -0.00391383
v 0.06947150 -0.04331421 -0.00195693
v 0.06751456 -0.04331259 -0.00391383
v 0.06751456 -0.04331259 -0.00391383
v 0.06947150 -0.04331421 -0.00195693
v 0.06751456 -0.04256792 -0.00195693
v 0.06947150 -0.04403115 -0.00343683
v 0.07142844 -0.04403115 -0.00230923
v 0.07142844 -0.04387570 -0.00195693
v 0.06947150 -0.04331421 -0.00195693
v 0.06947150 -0.04403115 -0.00343683
v 0.07142844 -0.04387570 -0.00195693
v 0.06751456 -0.04207421 -0.00064503
v 0.06947150 -0.04306021 -0.00000003
v 0.06786391 -0.04207421 -0.00000003
v 0.06751456 -0.04207421 -0.00064503
v 0.06751456 -0.04256792 -0.00195693
v 0.06947150 -0.04306021 -0.00000003
v 0.06751456 -0.04256792 -0.00195693
v 0.06947150 -0.04331421 -0.00195693
v 0.06947150 -0.04306021 -0.00000003
v 0.06947150 -0.04308270 0.00195697
v 0.06786391 -0.04207421 -0.00000003
v 0.06947150 -0.04306021 -0.00000003
v 0.06771298 -0.04207421 0.00195697
v 0.06786391 -0.04207421 -0.00000003
v 0.06947150 -0.04308270 0.00195697
v 0.06771298 -0.04207421 0.00195697
v 0.06751456 -0.04242414 0.00391387
v 0.06751456 -0.04207421 0.00243957
v 0.06771298 -0.04207421 0.00195697
v 0.06947150 -0.04308270 0.00195697
v 0.06751456 -0.04242414 0.00391387
v 0.06947150 -0.04308270 0.00195697
v 0.06947150 -0.04302872 0.00391387
v 0.06751456 -0.04242414 0.00391387
v 0.06947150 -0.04302872 0.00391387
v 0.06947150 -0.04332129 0.00587087
v 0.06751456 -0.04242414 0.00391387
v 0.06947150 -0.04332129 0.00587087
v 0.06751456 -0.04292271 0.00587087
v 0.06751456 -0.04242414 0.00391387
v 0.07142844 -0.04403115 0.00322157
v 0.07045677 -0.04403115 0.00391387
v 0.06947150 -0.04302872 0.00391387
v 0.07142844 -0.04403115 0.00322157
v 0.06947150 -0.04302872 0.00391387
v 0.07142844 -0.04325873 0.00195697
v 0.07142844 -0.04325873 0.00195697
v 0.06947150 -0.04302872 0.00391387
v 0.06947150 -0.04308270 0.00195697
v 0.07045677 -0.04403115 0.00391387
v 0.07142844 -0.04403115 0.00541187
v 0.07142844 -0.04367593 0.00587087
v 0.07045677 -0.04403115 0.00391387
v 0.07142844 -0.04367593 0.00587087
v 0.06947150 -0.04302872 0.00391387
v 0.06947150 -0.04302872 0.00391387
v 0.07142844 -0.04367593 0.00587087
v 0.06947150 -0.04332129 0.00587087
v 0.06947150 -0.04332129 0.00587087
v 0.06947150 -0.04330903 0.00782777
v 0.06751456 -0.04292271 0.00587087
v 0.06947150 -0.04330903 0.00782777
v 0.06751456 -0.04294998 0.00782777
v 0.06751456 -0.04292271 0.00587087
v 0.06751456 -0.04207421 0.00965617
v 0.06947150 -0.04288674 0.00978467
v 0.06764639 -0.04207421 0.00978467
v 0.06751456 -0.04207421 0.00965617
v 0.06751456 -0.04294998 0.00782777
v 0.06947150 -0.04288674 0.00978467
v 0.06751456 -0.04294998 0.00782777
v 0.06947150 -0.04330903 0.00782777
v 0.06947150 -0.04288674 0.00978467
v 0.06751456 -0.04207421 0.00965617
v 0.06764639 -0.04207421 0.00978467
v 0.06751456 -0.04201938 0.00978467
v 0.07142844 -0.04367593 0.00587087
v 0.07142844 -0.04365675 0.00782777
v 0.06947150 -0.04332129 0.00587087
v 0.07142844 -0.04365675 0.00782777
v 0.06947150 -0.04330903 0.00782777
v 0.06947150 -0.04332129 0.00587087
v 0.07142844 -0.04365675 0.00782777
v 0.07142844 -0.04295852 0.00978467
v 0.06947150 -0.04330903 0.00782777
v 0.07142844 -0.04295852 0.00978467
v 0.06947150 -0.04288674 0.00978467
v 0.06947150 -0.04330903 0.00782777
v 0.06947150 -0.04288674 0.00978467
v 0.06947150 -0.04207421 0.01166697
v 0.06764639 -0.04207421 0.00978467
v 0.06764639 -0.04207421 0.00978467
v 0.06947150 -0.04207421 0.01166697
v 0.06947150 -0.04204536 0.01174167
v 0.06764639 -0.04207421 0.00978467
v 0.06947150 -0.04204536 0.01174167
v 0.06751456 -0.04201938 0.00978467
v 0.06751456 -0.04201938 0.00978467
v 0.06947150 -0.04204536 0.01174167
v 0.06751456 -0.04142303 0.01174167
v 0.06947150 -0.04204536 0.01174167
v 0.06947150 -0.04161551 0.01369857
v 0.06751456 -0.04142303 0.01174167
v 0.06947150 -0.04161551 0.01369857
v 0.06751456 -0.04070482 0.01369857
v 0.06751456 -0.04142303 0.01174167
v 0.06947150 -0.04207421 0.01166697
v 0.07142844 -0.04263828 0.01174167
v 0.06957191 -0.04207421 0.01174167
v 0.06947150 -0.04207421 0.01166697
v 0.06947150 -0.04288674 0.00978467
v 0.07142844 -0.04263828 0.01174167
v 0.06947150 -0.04288674 0.00978467
v 0.07142844 -0.04295852 0.00978467
v 0.07142844 -0.04263828 0.01174167
v 0.07142844 -0.04263828 0.01174167
v 0.07142844 -0.04207421 0.01367407
v 0.06957191 -0.04207421 0.01174167
v 0.06947150 -0.04207421 0.01166697
v 0.06957191 -0.04207421 0.01174167
v 0.06947150 -0.04204536 0.01174167
v 0.06957191 -0.04207421 0.01174167
v 0.07142844 -0.04207421 0.01367407
v 0.07142844 -0.04206422 0.01369857
v 0.06957191 -0.04207421 0.01174167
v 0.07142844 -0.04206422 0.01369857
v 0.06947150 -0.04204536 0.01174167
v 0.06947150 -0.04204536 0.01174167
v 0.07142844 -0.04206422 0.01369857
v 0.06947150 -0.04161551 0.01369857
v 0.06751456 -0.04011727 0.01538107
v 0.06947150 -0.04057894 0.01565557
v 0.06788284 -0.04011727 0.01565557
v 0.06751456 -0.04011727 0.01538107
v 0.06751456 -0.04070482 0.01369857
v 0.06947150 -0.04057894 0.01565557
v 0.06751456 -0.04070482 0.01369857
v 0.06947150 -0.04161551 0.01369857
v 0.06947150 -0.04057894 0.01565557
v 0.07142844 -0.04206422 0.01369857
v 0.07142844 -0.04060006 0.01565557
v 0.06947150 -0.04161551 0.01369857
v 0.07142844 -0.04060006 0.01565557
v 0.06947150 -0.04057894 0.01565557
v 0.06947150 -0.04161551 0.01369857
v 0.07338538 -0.04298793 0.01174167
v 0.07142844 -0.04207421 0.01367407
v 0.07142844 -0.04263828 0.01174167
v 0.07338538 -0.04207421 0.01359197
v 0.07142844 -0.04207421 0.01367407
v 0.07338538 -0.04298793 0.01174167
v 0.07142844 -0.04207421 0.01367407
v 0.07338538 -0.04207421 0.01359197
v 0.07338538 -0.04198312 0.01369857
v 0.07142844 -0.04206422 0.01369857
v 0.07142844 -0.04207421 0.01367407
v 0.07338538 -0.04198312 0.01369857
v 0.07338538 -0.04198312 0.01369857
v 0.07338538 -0.04014776 0.01565557
v 0.07142844 -0.04206422 0.01369857
v 0.07338538 -0.04014776 0.01565557
v 0.07142844 -0.04060006 0.01565557
v 0.07142844 -0.04206422 0.01369857
v 0.07338538 -0.04014776 0.01565557
v 0.07142844 -0.04011727 0.01607627
v 0.07142844 -0.04060006 0.01565557
v 0.07338538 -0.04011727 0.01572227
v 0.07142844 -0.04011727 0.01607627
v 0.07338538 -0.04014776 0.01565557
v 0.06751456 -0.03311198 0.00978467
v 0.06947150 -0.03352460 0.00978467
v 0.06947150 -0.03228951 0.00862467
v 0.06751456 -0.03228951 0.00894047
v 0.06751456 -0.03311198 0.00978467
v 0.06947150 -0.03228951 0.00862467
v 0.06751456 -0.04011727 0.01538107
v 0.06788284 -0.04011727 0.01565557
v 0.06751456 -0.03992684 0.01565557
v 0.06751456 -0.03449425 0.01174167
v 0.06947150 -0.03454814 0.01174167
v 0.06947150 -0.03424645 0.01117317
v 0.06751456 -0.03424645 0.01119737
v 0.06751456 -0.03449425 0.01174167
v 0.06947150 -0.03424645 0.01117317
v 0.06947150 -0.03424645 0.01117317
v 0.06751456 -0.03311198 0.00978467
v 0.06751456 -0.03424645 0.01119737
v 0.06947150 -0.03424645 0.01117317
v 0.06947150 -0.03352460 0.00978467
v 0.06751456 -0.03311198 0.00978467
v 0.06947150 -0.03228951 0.01140497
v 0.06947150 -0.03319910 0.01174167
v 0.06922225 -0.03228951 0.01174167
v 0.06947150 -0.03424645 0.01263417
v 0.06922225 -0.03228951 0.01174167
v 0.06947150 -0.03319910 0.01174167
v 0.06947150 -0.03424645 0.01263417
v 0.06887437 -0.03424645 0.01369857
v 0.06922225 -0.03228951 0.01174167
v 0.06887437 -0.03424645 0.01369857
v 0.06936056 -0.03228951 0.01369857
v 0.06922225 -0.03228951 0.01174167
v 0.07142844 -0.04011727 0.01607627
v 0.07338538 -0.04011727 0.01572227
v 0.07338538 -0.03930029 0.01761247
v 0.07142844 -0.03905363 0.01761247
v 0.07142844 -0.04011727 0.01607627
v 0.07338538 -0.03930029 0.01761247
v 0.06947150 -0.03228951 0.01140497
v 0.06818385 -0.03033257 0.00978467
v 0.06947150 -0.03157645 0.00978467
v 0.06947150 -0.03228951 0.01140497
v 0.06922225 -0.03228951 0.01174167
v 0.06818385 -0.03033257 0.00978467
v 0.06922225 -0.03228951 0.01174167
v 0.06814628 -0.03033257 0.01174167
v 0.06818385 -0.03033257 0.00978467
v 0.06922225 -0.03228951 0.01174167
v 0.06936056 -0.03228951 0.01369857
v 0.06814628 -0.03033257 0.01174167
v 0.06814628 -0.03033257 0.01174167
v 0.06936056 -0.03228951 0.01369857
v 0.06813482 -0.03033257 0.01369857
v 0.06751456 -0.02837563 0.01121017
v 0.06751456 -0.02948844 0.00978467
v 0.06818385 -0.03033257 0.00978467
v 0.06751456 -0.02837563 0.01121017
v 0.06818385 -0.03033257 0.00978467
v 0.06779994 -0.02837563 0.01174167
v 0.06779994 -0.02837563 0.01174167
v 0.06818385 -0.03033257 0.00978467
v 0.06814628 -0.03033257 0.01174167
v 0.06751456 -0.02839517 0.01369857
v 0.06751456 -0.02837563 0.01363957
v 0.06779994 -0.02837563 0.01174167
v 0.06751456 -0.02839517 0.01369857
v 0.06779994 -0.02837563 0.01174167
v 0.06813482 -0.03033257 0.01369857
v 0.06813482 -0.03033257 0.01369857
v 0.06779994 -0.02837563 0.01174167
v 0.06814628 -0.03033257 0.01174167
v 0.06751456 -0.02837563 0.01372767
v 0.06751456 -0.02839517 0.01369857
v 0.06813482 -0.03033257 0.01369857
v 0.06751456 -0.02837563 0.01372767
v 0.06813482 -0.03033257 0.01369857
v 0.06826290 -0.02837563 0.01565557
v 0.06826290 -0.02837563 0.01565557
v 0.06813482 -0.03033257 0.01369857
v 0.06812168 -0.03033257 0.01565557
v 0.06751456 -0.02641869 0.01005557
v 0.06751456 -0.02837563 0.01121017
v 0.06779994 -0.02837563 0.01174167
v 0.06793821 -0.02641869 0.01174167
v 0.06751456 -0.02641869 0.01005557
v 0.06779994 -0.02837563 0.01174167
v 0.06751456 -0.02837563 0.01363957
v 0.06751456 -0.02833126 0.01369857
v 0.06816988 -0.02641869 0.01369857
v 0.06751456 -0.02837563 0.01363957
v 0.06816988 -0.02641869 0.01369857
v 0.06779994 -0.02837563 0.01174167
v 0.06779994 -0.02837563 0.01174167
v 0.06816988 -0.02641869 0.01369857
v 0.06793821 -0.02641869 0.01174167
v 0.06751456 -0.02446175 0.01163947
v 0.06751456 -0.02641869 0.01005557
v 0.06793821 -0.02641869 0.01174167
v 0.06755942 -0.02446175 0.01174167
v 0.06751456 -0.02446175 0.01163947
v 0.06793821 -0.02641869 0.01174167
v 0.06793821 -0.02641869 0.01174167
v 0.06816988 -0.02641869 0.01369857
v 0.06755942 -0.02446175 0.01174167
v 0.06755942 -0.02446175 0.01174167
v 0.06816988 -0.02641869 0.01369857
v 0.06830164 -0.02446175 0.01369857
v 0.06751456 -0.02833126 0.01369857
v 0.06751456 -0.02837563 0.01372767
v 0.06826290 -0.02837563 0.01565557
v 0.06751456 -0.02833126 0.01369857
v 0.06826290 -0.02837563 0.01565557
v 0.06816988 -0.02641869 0.01369857
v 0.06816988 -0.02641869 0.01369857
v 0.06826290 -0.02837563 0.01565557
v 0.06852752 -0.02641869 0.01565557
v 0.06751456 -0.02446175 0.01163947
v 0.06755942 -0.02446175 0.01174167
v 0.06751456 -0.02439996 0.01174167
v 0.06755942 -0.02446175 0.01174167
v 0.06830164 -0.02446175 0.01369857
v 0.06751456 -0.02366565 0.01369857
v 0.06751456 -0.02439996 0.01174167
v 0.06755942 -0.02446175 0.01174167
v 0.06751456 -0.02366565 0.01369857
vt 0.77578500 0.71308700
vt 0.77877400 0.70805400
vt 0.77877400 0.72147600
vt 0.77578500 0.71812100
vt 0.77578500 0.71308700
vt 0.77877400 0.72147600
vt 0.98430500 0.55704700
vt 0.98318400 0.54026800
vt 0.98430500 0.54362400
vt 0.98430500 0.55704700
vt 0.98281000 0.56040300
vt 0.98318400 0.54026800
vt 0.77578500 0.73154400
vt 0.77578500 0.71812100
vt 0.77877400 0.72147600
vt 0.98430500 0.55704700
vt 0.98430500 0.56543600
vt 0.98281000 0.56040300
vt 0.98430500 0.54362400
vt 0.98766800 0.55033600
vt 0.98766800 0.55201300
vt 0.98430500 0.55704700
vt 0.98430500 0.54362400
vt 0.98766800 0.55201300
vt 0.98766800 0.55201300
vt 0.98430500 0.56543600
vt 0.98430500 0.55704700
vt 0.98766800 0.57047000
vt 0.98430500 0.56543600
vt 0.98766800 0.55201300
vt 0.77578500 0.71308700
vt 0.77578500 0.71812100
vt 0.77541100 0.71644300
vt 0.97795200 0.56375800
vt 0.98131500 0.56543600
vt 0.97944700 0.56879200
vt 0.97795200 0.56375800
vt 0.97795200 0.55033600
vt 0.98131500 0.56543600
vt 0.97795200 0.55033600
vt 0.98131500 0.55033600
vt 0.98131500 0.56543600
vt 0.98131500 0.56543600
vt 0.98094200 0.57382500
vt 0.97944700 0.56879200
vt 0.97795200 0.56375800
vt 0.97944700 0.56879200
vt 0.97795200 0.57214800
vt 0.97944700 0.56879200
vt 0.98094200 0.57382500
vt 0.98094200 0.58389300
vt 0.97944700 0.56879200
vt 0.98094200 0.58389300
vt 0.97795200 0.57214800
vt 0.97795200 0.57214800
vt 0.98094200 0.58389300
vt 0.97795200 0.58724800
vt 0.77578500 0.71812100
vt 0.77578500 0.73154400
vt 0.77391600 0.72651000
vt 0.77541100 0.71644300
vt 0.77578500 0.71812100
vt 0.77391600 0.72651000
vt 0.98430500 0.57718100
vt 0.98281000 0.58053700
vt 0.98094200 0.57382500
vt 0.98430500 0.56543600
vt 0.98430500 0.57718100
vt 0.98094200 0.57382500
vt 0.98430500 0.56543600
vt 0.98094200 0.57382500
vt 0.98131500 0.56543600
vt 0.98430500 0.56543600
vt 0.98131500 0.56543600
vt 0.98281000 0.56040300
vt 0.98094200 0.57382500
vt 0.98281000 0.58053700
vt 0.98094200 0.58389300
vt 0.97795200 0.59060400
vt 0.98094200 0.59731500
vt 0.97982100 0.60067100
vt 0.97795200 0.59060400
vt 0.97795200 0.58724800
vt 0.98094200 0.59731500
vt 0.97795200 0.58724800
vt 0.98094200 0.58389300
vt 0.98094200 0.59731500
vt 0.98094200 0.59731500
vt 0.98094200 0.60402700
vt 0.97982100 0.60067100
vt 0.98430500 0.57718100
vt 0.98430500 0.58557000
vt 0.98281000 0.58053700
vt 0.98281000 0.58053700
vt 0.98430500 0.58557000
vt 0.98430500 0.59396000
vt 0.98281000 0.58053700
vt 0.98430500 0.59396000
vt 0.98094200 0.58389300
vt 0.98094200 0.58389300
vt 0.98430500 0.59396000
vt 0.98094200 0.59731500
vt 0.98430500 0.59396000
vt 0.98094200 0.60402700
vt 0.98094200 0.59731500
vt 0.98430500 0.60906000
vt 0.98094200 0.60402700
vt 0.98430500 0.59396000
vt 0.76681600 0.73993300
vt 0.76980600 0.73154400
vt 0.76980600 0.74664400
vt 0.76681600 0.73993300
vt 0.76681600 0.73993300
vt 0.76980600 0.74664400
vt 0.76980600 0.74664400
vt 0.76681600 0.75671100
vt 0.76681600 0.73993300
vt 0.76980600 0.75335600
vt 0.76681600 0.75671100
vt 0.76980600 0.74664400
vt 0.76793700 0.76845600
vt 0.76644200 0.76677900
vt 0.76681600 0.75671100
vt 0.76793700 0.76845600
vt 0.76681600 0.75671100
vt 0.76980600 0.76510100
vt 0.76980600 0.76510100
vt 0.76681600 0.75671100
vt 0.76980600 0.75335600
vt 0.76681600 0.75671100
vt 0.76644200 0.76677900
vt 0.76382700 0.76006700
vt 0.98430500 0.56543600
vt 0.98766800 0.57047000
vt 0.98766800 0.57214800
vt 0.98430500 0.57718100
vt 0.98430500 0.56543600
vt 0.98766800 0.57214800
vt 0.98766800 0.57047000
vt 0.99065800 0.56879200
vt 0.99065800 0.57382500
vt 0.98766800 0.57214800
vt 0.98766800 0.57047000
vt 0.99065800 0.57382500
vt 0.98430500 0.58557000
vt 0.98766800 0.58892600
vt 0.98542600 0.59228200
vt 0.98430500 0.58557000
vt 0.98430500 0.57718100
vt 0.98766800 0.58892600
vt 0.98430500 0.57718100
vt 0.98766800 0.57214800
vt 0.98766800 0.58892600
vt 0.98766800 0.58892600
vt 0.98766800 0.59899300
vt 0.98542600 0.59228200
vt 0.98430500 0.58557000
vt 0.98542600 0.59228200
vt 0.98430500 0.59396000
vt 0.98729400 0.60738300
vt 0.98580000 0.61241600
vt 0.98430500 0.60906000
vt 0.98766800 0.59899300
vt 0.98729400 0.60738300
vt 0.98430500 0.60906000
vt 0.98766800 0.59899300
vt 0.98430500 0.60906000
vt 0.98430500 0.59396000
vt 0.98766800 0.59899300
vt 0.98430500 0.59396000
vt 0.98542600 0.59228200
vt 0.99065800 0.57382500
vt 0.99065800 0.58892600
vt 0.98766800 0.57214800
vt 0.99065800 0.58892600
vt 0.98766800 0.58892600
vt 0.98766800 0.57214800
vt 0.99065800 0.58892600
vt 0.98766800 0.59899300
vt 0.98766800 0.58892600
vt 0.99065800 0.59899300
vt 0.98766800 0.59899300
vt 0.99065800 0.58892600
vt 0.98766800 0.59899300
vt 0.99065800 0.59899300
vt 0.99065800 0.60906000
vt 0.98729400 0.60738300
vt 0.98766800 0.59899300
vt 0.99065800 0.60906000
vt 0.98430500 0.60906000
vt 0.98580000 0.61241600
vt 0.98430500 0.61577200
vt 0.76793700 0.76845600
vt 0.76644200 0.77181200
vt 0.76644200 0.76677900
vt 0.98729400 0.60738300
vt 0.98729400 0.61409400
vt 0.98580000 0.61241600
vt 0.99065800 0.60906000
vt 0.98729400 0.61409400
vt 0.98729400 0.60738300
vt 0.99065800 0.61409400
vt 0.98729400 0.61409400
vt 0.99065800 0.60906000
vt 0.98729400 0.63087200
vt 0.98692100 0.63255000
vt 0.98430500 0.62416100
vt 0.98729400 0.61409400
vt 0.98729400 0.63087200
vt 0.98430500 0.62416100
vt 0.98729400 0.61409400
vt 0.98430500 0.62416100
vt 0.98430500 0.61577200
vt 0.98729400 0.61409400
vt 0.98430500 0.61577200
vt 0.98580000 0.61241600
vt 0.98729400 0.63087200
vt 0.98729400 0.63255000
vt 0.98692100 0.63255000
vt 0.98430500 0.62416100
vt 0.98692100 0.63255000
vt 0.98393100 0.64094000
vt 0.98692100 0.63255000
vt 0.98393100 0.64094000
vt 0.98393100 0.64094000
vt 0.98692100 0.63255000
vt 0.98729400 0.63255000
vt 0.98393100 0.64094000
vt 0.98729400 0.63255000
vt 0.98729400 0.65100700
vt 0.98393100 0.64094000
vt 0.98729400 0.61409400
vt 0.99065800 0.61409400
vt 0.99065800 0.62751700
vt 0.98729400 0.63087200
vt 0.98729400 0.61409400
vt 0.99065800 0.62751700
vt 0.99065800 0.62751700
vt 0.98729400 0.63255000
vt 0.98729400 0.63087200
vt 0.99065800 0.63926200
vt 0.98729400 0.63255000
vt 0.99065800 0.62751700
vt 0.99065800 0.64765100
vt 0.98729400 0.65268500
vt 0.98729400 0.65100700
vt 0.99065800 0.64765100
vt 0.98729400 0.65100700
vt 0.99065800 0.63926200
vt 0.99065800 0.63926200
vt 0.98729400 0.65100700
vt 0.98729400 0.63255000
vt 0.99065800 0.64765100
vt 0.99028400 0.65771800
vt 0.98729400 0.65268500
vt 0.98393100 0.64094000
vt 0.98729400 0.65100700
vt 0.98729400 0.65268500
vt 0.98393100 0.65604000
vt 0.98393100 0.64094000
vt 0.98729400 0.65268500
vt 0.98729400 0.65100700
vt 0.98729400 0.65268500
vt 0.98729400 0.65268500
vt 0.98393100 0.66946300
vt 0.98729400 0.67114100
vt 0.98542600 0.67114100
vt 0.98393100 0.66946300
vt 0.98393100 0.65604000
vt 0.98729400 0.67114100
vt 0.98393100 0.65604000
vt 0.98729400 0.65268500
vt 0.98729400 0.67114100
vt 0.98729400 0.67114100
vt 0.98729400 0.67449700
vt 0.98542600 0.67114100
vt 0.75710000 0.80033600
vt 0.76046300 0.79865800
vt 0.76046300 0.80704700
vt 0.75710000 0.80369100
vt 0.75710000 0.80033600
vt 0.76046300 0.80704700
vt 0.76046300 0.80704700
vt 0.75710000 0.82047000
vt 0.75710000 0.80369100
vt 0.98729400 0.67449700
vt 0.98692100 0.69127500
vt 0.98542600 0.67114100
vt 0.98729400 0.65268500
vt 0.99028400 0.65771800
vt 0.99028400 0.66778500
vt 0.98729400 0.65268500
vt 0.99028400 0.66778500
vt 0.98729400 0.65268500
vt 0.98729400 0.65268500
vt 0.99028400 0.66778500
vt 0.98729400 0.67114100
vt 0.99028400 0.66778500
vt 0.98729400 0.67449700
vt 0.98729400 0.67114100
vt 0.99028400 0.67785200
vt 0.98729400 0.67449700
vt 0.99028400 0.66778500
vt 0.99028400 0.68791900
vt 0.98729400 0.69127500
vt 0.98692100 0.69127500
vt 0.99028400 0.68791900
vt 0.98692100 0.69127500
vt 0.99028400 0.67785200
vt 0.99028400 0.67785200
vt 0.98692100 0.69127500
vt 0.98729400 0.67449700
vt 0.75672600 0.82214800
vt 0.75411100 0.81879200
vt 0.75411100 0.80536900
vt 0.75710000 0.82047000
vt 0.75672600 0.82214800
vt 0.75411100 0.80536900
vt 0.75710000 0.82047000
vt 0.75411100 0.80536900
vt 0.75597900 0.80201300
vt 0.75710000 0.82047000
vt 0.75597900 0.80201300
vt 0.75710000 0.80369100
vt 0.75710000 0.82047000
vt 0.75710000 0.82214800
vt 0.75672600 0.82214800
vt 0.99028400 0.68791900
vt 0.99028400 0.69798700
vt 0.98729400 0.69127500
vt 0.74177900 0.84228200
vt 0.74177900 0.85067100
vt 0.73991000 0.84899300
vt 0.99028400 0.75671100
vt 0.99028400 0.76510100
vt 0.98692100 0.75503400
vt 0.99028400 0.76510100
vt 0.98692100 0.76677900
vt 0.98692100 0.75503400
vt 0.98692100 0.77852400
vt 0.99028400 0.77684600
vt 0.98729400 0.78020100
vt 0.98692100 0.77852400
vt 0.98692100 0.76677900
vt 0.99028400 0.77684600
vt 0.98692100 0.76677900
vt 0.99028400 0.76510100
vt 0.99028400 0.77684600
vt 0.99028400 0.77684600
vt 0.99028400 0.79194600
vt 0.98729400 0.78020100
vt 0.98692100 0.77852400
vt 0.98729400 0.78020100
vt 0.98692100 0.78187900
vt 0.98729400 0.78020100
vt 0.99028400 0.79194600
vt 0.99028400 0.79194600
vt 0.98729400 0.78020100
vt 0.99028400 0.79194600
vt 0.98692100 0.78187900
vt 0.98692100 0.78187900
vt 0.99028400 0.79194600
vt 0.98692100 0.79530200
vt 0.99028400 0.79194600
vt 0.99028400 0.80704700
vt 0.98692100 0.79530200
vt 0.99028400 0.80704700
vt 0.98692100 0.80872500
vt 0.98692100 0.79530200
vt 0.99028400 0.80704700
vt 0.99028400 0.82214800
vt 0.98692100 0.80872500
vt 0.99028400 0.82214800
vt 0.98692100 0.82382500
vt 0.98692100 0.80872500
vt 0.99028400 0.82214800
vt 0.98692100 0.82550300
vt 0.98692100 0.82382500
vt 0.99028400 0.83389300
vt 0.98692100 0.82550300
vt 0.99028400 0.82214800
vt 0.73991000 0.84899300
vt 0.73841600 0.85067100
vt 0.73841600 0.84731500
vt 0.74327400 0.86912800
vt 0.74476800 0.85067100
vt 0.74476800 0.86409400
vt 0.74327400 0.86912800
vt 0.74177900 0.86577200
vt 0.74476800 0.85067100
vt 0.74177900 0.86577200
vt 0.74177900 0.85067100
vt 0.74476800 0.85067100
vt 0.74177900 0.88087200
vt 0.74177900 0.86577200
vt 0.74327400 0.86912800
vt 0.74177900 0.88087200
vt 0.74177900 0.86577200
vt 0.74177900 0.88087200
vt 0.73841600 0.85067100
vt 0.73991000 0.84899300
vt 0.74177900 0.85067100
vt 0.73841600 0.85067100
vt 0.74177900 0.85067100
vt 0.73841600 0.86577200
vt 0.73841600 0.86577200
vt 0.74177900 0.85067100
vt 0.74177900 0.86577200
vt 0.73841600 0.87919500
vt 0.74177900 0.88087200
vt 0.74065800 0.88087200
vt 0.73841600 0.87919500
vt 0.73841600 0.86577200
vt 0.74177900 0.88087200
vt 0.73841600 0.86577200
vt 0.74177900 0.86577200
vt 0.74177900 0.88087200
vt 0.74177900 0.88087200
vt 0.74177900 0.88087200
vt 0.74177900 0.88087200
vt 0.74177900 0.88087200
vt 0.74177900 0.88087200
vt 0.74065800 0.88087200
vt 0.74775800 0.88255000
vt 0.74775800 0.89597300
vt 0.74476800 0.88422800
vt 0.74476800 0.88422800
vt 0.74775800 0.89597300
vt 0.74476800 0.89765100
vt 0.74775800 0.89597300
vt 0.74813200 0.90771800
vt 0.74476800 0.89765100
vt 0.74476800 0.89765100
vt 0.74813200 0.90771800
vt 0.74476800 0.90939600
vt 0.74476800 0.86409400
vt 0.74476800 0.87080500
vt 0.74327400 0.86912800
vt 0.74476800 0.87080500
vt 0.74476800 0.88422800
vt 0.74177900 0.88087200
vt 0.74327400 0.86912800
vt 0.74476800 0.87080500
vt 0.74177900 0.88087200
vt 0.73841600 0.87919500
vt 0.74065800 0.88087200
vt 0.73841600 0.88087200
vt 0.74177900 0.88087200
vt 0.74177900 0.88087200
vt 0.74476800 0.88422800
vt 0.74177900 0.88087200
vt 0.74476800 0.88422800
vt 0.74140500 0.89765100
vt 0.74140500 0.89765100
vt 0.74476800 0.88422800
vt 0.74476800 0.89765100
vt 0.74476800 0.89765100
vt 0.74476800 0.90939600
vt 0.74140500 0.89765100
vt 0.74140500 0.89765100
vt 0.74476800 0.90939600
vt 0.74140500 0.90939600
vt 0.74065800 0.88087200
vt 0.74177900 0.88087200
vt 0.74140500 0.89765100
vt 0.74065800 0.88087200
vt 0.74140500 0.89765100
vt 0.73841600 0.88087200
vt 0.73841600 0.88087200
vt 0.74140500 0.89765100
vt 0.73841600 0.89932900
vt 0.32772800 0.91275200
vt 0.32847500 0.93288600
vt 0.32772800 0.93120800
vt 0.73841600 0.90100700
vt 0.73841600 0.89932900
vt 0.74140500 0.90939600
vt 0.73841600 0.89932900
vt 0.74140500 0.89765100
vt 0.74140500 0.90939600
vt 0.32772800 0.93120800
vt 0.32473800 0.92617500
vt 0.32473800 0.91778500
vt 0.32772800 0.91275200
vt 0.32772800 0.93120800
vt 0.32473800 0.91778500
vt 0.75112100 0.90436200
vt 0.75112100 0.91610700
vt 0.74813200 0.90771800
vt 0.74813200 0.90771800
vt 0.75112100 0.91610700
vt 0.74813200 0.91610700
vt 0.75112100 0.91610700
vt 0.75112100 0.93456400
vt 0.74813200 0.91610700
vt 0.74813200 0.91610700
vt 0.75112100 0.93456400
vt 0.74813200 0.92785200
vt 0.74813200 0.90771800
vt 0.74813200 0.91610700
vt 0.74476800 0.90939600
vt 0.74476800 0.90939600
vt 0.74813200 0.91610700
vt 0.74476800 0.91778500
vt 0.74813200 0.91610700
vt 0.74813200 0.92785200
vt 0.74476800 0.91778500
vt 0.74476800 0.91778500
vt 0.74813200 0.92785200
vt 0.74476800 0.93288600
vt 0.98692100 0.84060400
vt 0.98654700 0.82382500
vt 0.98692100 0.82550300
vt 0.98692100 0.84060400
vt 0.98505200 0.84396000
vt 0.98654700 0.82382500
vt 0.74813200 0.94295300
vt 0.74813200 0.92785200
vt 0.75112100 0.93456400
vt 0.98692100 0.82550300
vt 0.99028400 0.83389300
vt 0.99028400 0.83724800
vt 0.98692100 0.84060400
vt 0.98692100 0.82550300
vt 0.99028400 0.83724800
vt 0.32772800 0.98154400
vt 0.32473800 0.97483200
vt 0.32473800 0.97483200
vt 0.32772800 0.96476500
vt 0.32772800 0.98154400
vt 0.32473800 0.97483200
vt 0.32772800 0.93624200
vt 0.32959600 0.95134200
vt 0.32772800 0.94798700
vt 0.32772800 0.93624200
vt 0.32847500 0.93288600
vt 0.32959600 0.95134200
vt 0.74140500 0.90939600
vt 0.74476800 0.90939600
vt 0.74476800 0.91778500
vt 0.32772800 0.94798700
vt 0.32847500 0.96308700
vt 0.32772800 0.96140900
vt 0.32959600 0.95134200
vt 0.32847500 0.96308700
vt 0.32772800 0.94798700
vt 0.32847500 0.93288600
vt 0.32772800 0.93624200
vt 0.32772800 0.93120800
vt 0.32772800 0.94798700
vt 0.32473800 0.94463100
vt 0.32473800 0.93959700
vt 0.32772800 0.93624200
vt 0.32772800 0.94798700
vt 0.32473800 0.93959700
vt 0.32473800 0.94463100
vt 0.32772800 0.94798700
vt 0.32473800 0.95805400
vt 0.32473800 0.95805400
vt 0.32772800 0.94798700
vt 0.32772800 0.96140900
vt 0.32473800 0.93959700
vt 0.32772800 0.93120800
vt 0.32772800 0.93624200
vt 0.32473800 0.92617500
vt 0.32772800 0.93120800
vt 0.32473800 0.93959700
vt 0.32473800 0.97483200
vt 0.32772800 0.96140900
vt 0.32772800 0.96476500
vt 0.32473800 0.95805400
vt 0.32772800 0.96140900
vt 0.32473800 0.97483200
vt 0.14798200 0.98657700
vt 0.15059800 0.98825500
vt 0.14798200 0.99832200
vt 0.14798200 0.99832200
vt 0.15059800 0.98825500
vt 0.15059800 1.00000000
vt 0.14835600 0.97483200
vt 0.15059800 0.97483200
vt 0.14798200 0.98657700
vt 0.14798200 0.98657700
vt 0.15059800 0.97483200
vt 0.15059800 0.98825500
vt 0.14835600 0.96308700
vt 0.15097200 0.96476500
vt 0.14835600 0.97483200
vt 0.14835600 0.97483200
vt 0.15097200 0.96476500
vt 0.15059800 0.97483200
vt 0.14835600 0.95134200
vt 0.15097200 0.95302000
vt 0.14835600 0.96308700
vt 0.14835600 0.96308700
vt 0.15097200 0.95302000
vt 0.15097200 0.96476500
vt 0.79372200 0.98657700
vt 0.79035900 0.97986600
vt 0.79073200 0.97986600
vt 0.14835600 0.93959700
vt 0.14872900 0.93959700
vt 0.14574000 0.95134200
vt 0.14872900 0.93959700
vt 0.14835600 0.95134200
vt 0.14574000 0.95134200
vt 0.14872900 0.93959700
vt 0.15134500 0.94127500
vt 0.14835600 0.95134200
vt 0.14835600 0.95134200
vt 0.15134500 0.94127500
vt 0.15097200 0.95302000
vt 0.14686100 0.92785200
vt 0.14872900 0.93959700
vt 0.14835600 0.93959700
vt 0.14872900 0.92953000
vt 0.14872900 0.93959700
vt 0.14686100 0.92785200
vt 0.14872900 0.92953000
vt 0.15134500 0.92953000
vt 0.14872900 0.93959700
vt 0.14872900 0.93959700
vt 0.15134500 0.92953000
vt 0.15134500 0.94127500
vt 0.58819100 0.06711410
vt 0.58445400 0.06711410
vt 0.58707000 0.06543620
vt 0.58819100 0.06711410
vt 0.58819100 0.08053690
vt 0.58445400 0.06711410
vt 0.14648700 0.91778500
vt 0.14910300 0.91778500
vt 0.14872900 0.92953000
vt 0.14910300 0.91778500
vt 0.15171900 0.91946300
vt 0.14872900 0.92953000
vt 0.14872900 0.92953000
vt 0.15171900 0.91946300
vt 0.15134500 0.92953000
vt 0.14648700 0.90604000
vt 0.14910300 0.90604000
vt 0.14648700 0.91778500
vt 0.14648700 0.91778500
vt 0.14910300 0.90604000
vt 0.14910300 0.91778500
vt 0.72907300 0.84228200
vt 0.73206300 0.84731500
vt 0.73206300 0.84899300
vt 0.72907300 0.85067100
vt 0.72907300 0.84228200
vt 0.73206300 0.84899300
vt 0.72795200 0.83724800
vt 0.72907300 0.84228200
vt 0.72907300 0.85067100
vt 0.72795200 0.83724800
vt 0.72907300 0.85067100
vt 0.72571000 0.83892600
vt 0.72571000 0.83892600
vt 0.72907300 0.85067100
vt 0.72571000 0.85234900
vt 0.72571000 0.83892600
vt 0.72571000 0.85234900
vt 0.72272100 0.84228200
vt 0.72272100 0.84228200
vt 0.72571000 0.85234900
vt 0.72272100 0.85234900
vt 0.72272100 0.83053700
vt 0.72272100 0.84228200
vt 0.71935700 0.83053700
vt 0.71935700 0.83053700
vt 0.72272100 0.84228200
vt 0.71935700 0.84396000
vt 0.72272100 0.84228200
vt 0.72272100 0.85234900
vt 0.71935700 0.84396000
vt 0.71935700 0.84396000
vt 0.72272100 0.85234900
vt 0.71935700 0.85402700
vt 0.71935700 0.83053700
vt 0.71935700 0.84396000
vt 0.71636800 0.83053700
vt 0.71636800 0.83053700
vt 0.71935700 0.84396000
vt 0.71636800 0.84228200
vt 0.71935700 0.84396000
vt 0.71935700 0.85402700
vt 0.71636800 0.84228200
vt 0.71636800 0.84228200
vt 0.71935700 0.85402700
vt 0.71636800 0.85402700
vt 0.73841600 0.84731500
vt 0.73841600 0.85067100
vt 0.73729400 0.84899300
vt 0.73729400 0.84899300
vt 0.73841600 0.85067100
vt 0.73841600 0.86577200
vt 0.73729400 0.84899300
vt 0.73841600 0.86577200
vt 0.73542600 0.85067100
vt 0.73542600 0.85067100
vt 0.73841600 0.86577200
vt 0.73542600 0.86577200
vt 0.73841600 0.86577200
vt 0.73505200 0.87751700
vt 0.73542600 0.86577200
vt 0.73841600 0.87919500
vt 0.73505200 0.87751700
vt 0.73841600 0.86577200
vt 0.73542600 0.85067100
vt 0.73542600 0.86577200
vt 0.73206300 0.84899300
vt 0.73206300 0.84899300
vt 0.73542600 0.86577200
vt 0.73206300 0.86577200
vt 0.73542600 0.86577200
vt 0.73206300 0.87248300
vt 0.73206300 0.86577200
vt 0.73505200 0.87751700
vt 0.73206300 0.87248300
vt 0.73542600 0.86577200
vt 0.72870000 0.86577200
vt 0.73206300 0.86577200
vt 0.72982100 0.86745000
vt 0.72870000 0.86577200
vt 0.72907300 0.85067100
vt 0.73206300 0.86577200
vt 0.72907300 0.85067100
vt 0.73206300 0.84899300
vt 0.73206300 0.86577200
vt 0.73206300 0.86577200
vt 0.73206300 0.87248300
vt 0.72982100 0.86745000
vt 0.72907300 0.85067100
vt 0.72571000 0.86745000
vt 0.72571000 0.85234900
vt 0.72870000 0.86577200
vt 0.72571000 0.86745000
vt 0.72907300 0.85067100
vt 0.73505200 0.87751700
vt 0.73841600 0.87919500
vt 0.73841600 0.88087200
vt 0.73505200 0.88087200
vt 0.73505200 0.87751700
vt 0.73841600 0.88087200
vt 0.73206300 0.87248300
vt 0.73505200 0.87751700
vt 0.73505200 0.88087200
vt 0.73206300 0.88422800
vt 0.73206300 0.87248300
vt 0.73505200 0.88087200
vt 0.73505200 0.89429500
vt 0.73841600 0.89932900
vt 0.73766800 0.89932900
vt 0.73505200 0.89429500
vt 0.73505200 0.88087200
vt 0.73841600 0.89932900
vt 0.73505200 0.88087200
vt 0.73841600 0.88087200
vt 0.73841600 0.89932900
vt 0.73841600 0.89932900
vt 0.73841600 0.90100700
vt 0.73766800 0.89932900
vt 0.73505200 0.88087200
vt 0.73206300 0.89261700
vt 0.73206300 0.88422800
vt 0.73505200 0.89429500
vt 0.73206300 0.89261700
vt 0.73505200 0.88087200
vt 0.73505200 0.89429500
vt 0.73766800 0.89932900
vt 0.73505200 0.90436200
vt 0.73766800 0.89932900
vt 0.73505200 0.91275200
vt 0.73505200 0.90436200
vt 0.73766800 0.89932900
vt 0.73841600 0.90100700
vt 0.73505200 0.91275200
vt 0.73841600 0.90100700
vt 0.73841600 0.91443000
vt 0.73505200 0.91275200
vt 0.73206300 0.89261700
vt 0.73505200 0.89429500
vt 0.73505200 0.90436200
vt 0.73206300 0.90436200
vt 0.73206300 0.89261700
vt 0.73505200 0.90436200
vt 0.73355800 0.91946300
vt 0.73505200 0.90436200
vt 0.73505200 0.91275200
vt 0.73355800 0.91946300
vt 0.73206300 0.91610700
vt 0.73505200 0.90436200
vt 0.73206300 0.91610700
vt 0.73206300 0.90436200
vt 0.73505200 0.90436200
vt 0.72870000 0.86577200
vt 0.72982100 0.86745000
vt 0.72870000 0.86912800
vt 0.72982100 0.86745000
vt 0.73206300 0.87248300
vt 0.73206300 0.88422800
vt 0.72982100 0.86745000
vt 0.73206300 0.88422800
vt 0.72870000 0.86912800
vt 0.72870000 0.86912800
vt 0.73206300 0.88422800
vt 0.72870000 0.88255000
vt 0.72571000 0.86745000
vt 0.72870000 0.86577200
vt 0.72870000 0.86912800
vt 0.72571000 0.86912800
vt 0.72571000 0.86745000
vt 0.72870000 0.86912800
vt 0.72870000 0.86912800
vt 0.72870000 0.88255000
vt 0.72571000 0.86912800
vt 0.72571000 0.86912800
vt 0.72870000 0.88255000
vt 0.72571000 0.88087200
vt 0.73206300 0.88422800
vt 0.72870000 0.89765100
vt 0.72870000 0.88255000
vt 0.73206300 0.89261700
vt 0.72870000 0.89765100
vt 0.73206300 0.88422800
vt 0.72795200 0.89932900
vt 0.72870000 0.88255000
vt 0.72870000 0.89765100
vt 0.72795200 0.89932900
vt 0.72571000 0.89597300
vt 0.72870000 0.88255000
vt 0.72571000 0.89597300
vt 0.72571000 0.88087200
vt 0.72870000 0.88255000
vt 0.72795200 0.89932900
vt 0.72571000 0.91107400
vt 0.72571000 0.89597300
vt 0.72870000 0.89765100
vt 0.73206300 0.89261700
vt 0.73206300 0.90436200
vt 0.72870000 0.90100700
vt 0.72870000 0.89765100
vt 0.73206300 0.90436200
vt 0.73206300 0.90436200
vt 0.73206300 0.91610700
vt 0.72870000 0.90100700
vt 0.72870000 0.90100700
vt 0.73206300 0.91610700
vt 0.72870000 0.91946300
vt 0.72870000 0.89765100
vt 0.72870000 0.90100700
vt 0.72795200 0.89932900
vt 0.72571000 0.91107400
vt 0.72795200 0.89932900
vt 0.72870000 0.90100700
vt 0.72571000 0.91107400
vt 0.72870000 0.90100700
vt 0.72571000 0.91107400
vt 0.72571000 0.91107400
vt 0.72870000 0.90100700
vt 0.72870000 0.91946300
vt 0.73355800 0.91946300
vt 0.73206300 0.92785200
vt 0.73206300 0.91610700
vt 0.73206300 0.94295300
vt 0.73206300 0.94295300
vt 0.73206300 0.94295300
vt 0.73206300 0.94295300
vt 0.73206300 0.94295300
vt 0.73206300 0.94295300
vt 0.73206300 0.91610700
vt 0.72870000 0.92114100
vt 0.72870000 0.91946300
vt 0.73206300 0.92785200
vt 0.72870000 0.92114100
vt 0.73206300 0.91610700
vt 0.73206300 0.94295300
vt 0.73206300 0.94295300
vt 0.73168900 0.94295300
vt 0.72870000 0.91946300
vt 0.72571000 0.92953000
vt 0.72571000 0.91107400
vt 0.72870000 0.92114100
vt 0.72571000 0.92953000
vt 0.72870000 0.91946300
vt 0.72571000 0.95637600
vt 0.72571000 0.95637600
vt 0.72571000 0.95302000
vt 0.73206300 0.94295300
vt 0.73206300 0.94295300
vt 0.73168900 0.94295300
vt 0.98953700 0.90100700
vt 0.98841600 0.90268500
vt 0.98953700 0.89932900
vt 0.98841600 0.90268500
vt 0.98953700 0.90100700
vt 0.98953700 0.90604000
vt 0.98617300 0.90939600
vt 0.98729400 0.91443000
vt 0.98617300 0.91443000
vt 0.72458900 0.86745000
vt 0.72571000 0.85234900
vt 0.72571000 0.86745000
vt 0.72458900 0.86745000
vt 0.72234700 0.86577200
vt 0.72571000 0.85234900
vt 0.72234700 0.86577200
vt 0.72272100 0.85234900
vt 0.72571000 0.85234900
vt 0.72458900 0.86745000
vt 0.72234700 0.87080500
vt 0.72234700 0.86577200
vt 0.72272100 0.85234900
vt 0.72234700 0.86577200
vt 0.71935700 0.85402700
vt 0.71935700 0.85402700
vt 0.72234700 0.86577200
vt 0.71935700 0.86577200
vt 0.72122600 0.87919500
vt 0.72234700 0.86577200
vt 0.72234700 0.87080500
vt 0.72122600 0.87919500
vt 0.71935700 0.87583900
vt 0.72234700 0.86577200
vt 0.71935700 0.87583900
vt 0.71935700 0.86577200
vt 0.72234700 0.86577200
vt 0.72122600 0.87919500
vt 0.71935700 0.88758400
vt 0.71935700 0.87583900
vt 0.71935700 0.85402700
vt 0.71935700 0.86577200
vt 0.71636800 0.85402700
vt 0.71636800 0.85402700
vt 0.71935700 0.86577200
vt 0.71636800 0.86241600
vt 0.71935700 0.86577200
vt 0.71935700 0.87583900
vt 0.71636800 0.86241600
vt 0.71636800 0.86241600
vt 0.71935700 0.87583900
vt 0.71599400 0.87416100
vt 0.71748900 0.89094000
vt 0.71935700 0.87583900
vt 0.71935700 0.88758400
vt 0.71748900 0.89094000
vt 0.71599400 0.88926200
vt 0.71935700 0.87583900
vt 0.71599400 0.88926200
vt 0.71599400 0.87416100
vt 0.71935700 0.87583900
vt 0.71748900 0.89094000
vt 0.71599400 0.89094000
vt 0.71599400 0.88926200
vt 0.72571000 0.86745000
vt 0.72571000 0.86912800
vt 0.72458900 0.86745000
vt 0.72234700 0.87080500
vt 0.72458900 0.86745000
vt 0.72571000 0.86912800
vt 0.72234700 0.87080500
vt 0.72571000 0.86912800
vt 0.72234700 0.88255000
vt 0.72234700 0.88255000
vt 0.72571000 0.86912800
vt 0.72571000 0.88087200
vt 0.72234700 0.87080500
vt 0.72234700 0.88255000
vt 0.72122600 0.87919500
vt 0.72571000 0.88087200
vt 0.72571000 0.89597300
vt 0.72234700 0.88255000
vt 0.72234700 0.88255000
vt 0.72571000 0.89597300
vt 0.72234700 0.89429500
vt 0.72571000 0.91107400
vt 0.72571000 0.89597300
vt 0.72571000 0.91107400
vt 0.72571000 0.91107400
vt 0.72234700 0.90436200
vt 0.72571000 0.89597300
vt 0.72234700 0.90436200
vt 0.72234700 0.89429500
vt 0.72571000 0.89597300
vt 0.71935700 0.88758400
vt 0.72122600 0.87919500
vt 0.72234700 0.88255000
vt 0.71935700 0.88758400
vt 0.72234700 0.88255000
vt 0.71935700 0.89094000
vt 0.71935700 0.89094000
vt 0.72234700 0.88255000
vt 0.72234700 0.89429500
vt 0.72234700 0.89429500
vt 0.72234700 0.90436200
vt 0.71935700 0.89094000
vt 0.71935700 0.89094000
vt 0.72234700 0.90436200
vt 0.71935700 0.90604000
vt 0.72571000 0.91107400
vt 0.72571000 0.91107400
vt 0.72571000 0.91107400
vt 0.71935700 0.88758400
vt 0.71935700 0.89094000
vt 0.71748900 0.89094000
vt 0.71599400 0.89094000
vt 0.71748900 0.89094000
vt 0.71935700 0.89094000
vt 0.71599400 0.89094000
vt 0.71935700 0.89094000
vt 0.71599400 0.90604000
vt 0.71599400 0.90604000
vt 0.71935700 0.89094000
vt 0.71935700 0.90604000
vt 0.72309400 0.92281900
vt 0.72234700 0.90436200
vt 0.72571000 0.91107400
vt 0.72234700 0.92114100
vt 0.72234700 0.90436200
vt 0.72309400 0.92281900
vt 0.72309400 0.92281900
vt 0.72234700 0.92785200
vt 0.72234700 0.92114100
vt 0.72234700 0.90436200
vt 0.72234700 0.92114100
vt 0.71935700 0.90604000
vt 0.71935700 0.90604000
vt 0.72234700 0.92114100
vt 0.71935700 0.91946300
vt 0.72234700 0.92114100
vt 0.71935700 0.93120800
vt 0.71935700 0.91946300
vt 0.72234700 0.92785200
vt 0.71935700 0.93120800
vt 0.72234700 0.92114100
vt 0.72571000 0.91107400
vt 0.72571000 0.92953000
vt 0.72533600 0.93120800
vt 0.72571000 0.91107400
vt 0.72533600 0.93120800
vt 0.72571000 0.91107400
vt 0.72571000 0.91107400
vt 0.72533600 0.93120800
vt 0.72309400 0.92281900
vt 0.98617300 0.89261700
vt 0.98916300 0.89429500
vt 0.98654700 0.89932900
vt 0.98617300 0.89261700
vt 0.98617300 0.88590600
vt 0.98916300 0.89429500
vt 0.98617300 0.88590600
vt 0.98916300 0.88087200
vt 0.98916300 0.89429500
vt 0.71935700 0.93120800
vt 0.72234700 0.92785200
vt 0.72234700 0.93456400
vt 0.71935700 0.93456400
vt 0.71935700 0.93120800
vt 0.72234700 0.93456400
vt 0.72571000 0.95302000
vt 0.72571000 0.95637600
vt 0.72458900 0.95637600
vt 0.72085200 0.94463100
vt 0.71935700 0.94463100
vt 0.71935700 0.93959700
vt 0.72085200 0.94463100
vt 0.71935700 0.94630900
vt 0.71935700 0.94463100
vt 0.98953700 0.89932900
vt 0.98654700 0.89932900
vt 0.98916300 0.89429500
vt 0.98953700 0.89932900
vt 0.98841600 0.90268500
vt 0.98654700 0.89932900
vt 0.72571000 0.95134200
vt 0.72234700 0.94630900
vt 0.72234700 0.93456400
vt 0.32847500 0.93120800
vt 0.32847500 0.93288600
vt 0.32735400 0.93624200
vt 0.72571000 0.95134200
vt 0.72533600 0.95805400
vt 0.72234700 0.95973200
vt 0.72571000 0.95134200
vt 0.72234700 0.95973200
vt 0.72234700 0.94630900
vt 0.72234700 0.95973200
vt 0.72533600 0.95805400
vt 0.72496300 0.96476500
vt 0.72085200 0.94463100
vt 0.71935700 0.93959700
vt 0.71935700 0.93456400
vt 0.72085200 0.94463100
vt 0.71935700 0.93456400
vt 0.72234700 0.94630900
vt 0.72234700 0.94630900
vt 0.71935700 0.93456400
vt 0.72234700 0.93456400
vt 0.71935700 0.94630900
vt 0.72085200 0.94463100
vt 0.72234700 0.94630900
vt 0.71935700 0.94630900
vt 0.72234700 0.94630900
vt 0.71898400 0.96140900
vt 0.71898400 0.96140900
vt 0.72234700 0.94630900
vt 0.72234700 0.95973200
vt 0.71935700 0.90604000
vt 0.71935700 0.91946300
vt 0.71599400 0.90604000
vt 0.71599400 0.90604000
vt 0.71935700 0.91946300
vt 0.71599400 0.91778500
vt 0.71935700 0.91946300
vt 0.71599400 0.93120800
vt 0.71599400 0.91778500
vt 0.71935700 0.93120800
vt 0.71599400 0.93120800
vt 0.71935700 0.91946300
vt 0.71599400 0.90604000
vt 0.71599400 0.91778500
vt 0.71300400 0.90436200
vt 0.71300400 0.90436200
vt 0.71599400 0.91778500
vt 0.71300400 0.91946300
vt 0.71487300 0.93288600
vt 0.71599400 0.91778500
vt 0.71599400 0.93120800
vt 0.71487300 0.93288600
vt 0.71300400 0.93120800
vt 0.71599400 0.91778500
vt 0.71300400 0.93120800
vt 0.71300400 0.91946300
vt 0.71599400 0.91778500
vt 0.71599400 0.93120800
vt 0.71935700 0.93120800
vt 0.71935700 0.93456400
vt 0.71599400 0.93456400
vt 0.71599400 0.93120800
vt 0.71935700 0.93456400
vt 0.71935700 0.93959700
vt 0.71935700 0.94463100
vt 0.71861000 0.94463100
vt 0.71935700 0.94463100
vt 0.71935700 0.94630900
vt 0.71861000 0.94463100
vt 0.71487300 0.93288600
vt 0.71263100 0.93791900
vt 0.71300400 0.93120800
vt 0.71935700 0.93959700
vt 0.71861000 0.94463100
vt 0.71599400 0.94798700
vt 0.71935700 0.93959700
vt 0.71599400 0.94798700
vt 0.71935700 0.93456400
vt 0.71935700 0.93456400
vt 0.71599400 0.94798700
vt 0.71599400 0.93456400
vt 0.71861000 0.94463100
vt 0.71935700 0.94630900
vt 0.71898400 0.96140900
vt 0.71861000 0.94463100
vt 0.71898400 0.96140900
vt 0.71599400 0.94798700
vt 0.71599400 0.94798700
vt 0.71898400 0.96140900
vt 0.71599400 0.95805400
vt 0.71263100 0.93791900
vt 0.71487300 0.93288600
vt 0.71599400 0.93456400
vt 0.71263100 0.93791900
vt 0.71599400 0.93456400
vt 0.71263100 0.94966400
vt 0.71263100 0.94966400
vt 0.71599400 0.93456400
vt 0.71599400 0.94798700
vt 0.71599400 0.94798700
vt 0.71599400 0.95805400
vt 0.71263100 0.94966400
vt 0.71263100 0.94966400
vt 0.71599400 0.95805400
vt 0.71263100 0.95973200
vt 0.72571000 0.95637600
vt 0.72571000 0.96476500
vt 0.72571000 0.95637600
vt 0.98953700 0.91778500
vt 0.98953700 0.92281900
vt 0.98654700 0.92617500
vt 0.98729400 0.91443000
vt 0.98617300 0.92114100
vt 0.98617300 0.91443000
vt 0.72571000 0.95637600
vt 0.72571000 0.96476500
vt 0.72458900 0.95637600
vt 0.32847500 0.94295300
vt 0.32735400 0.93624200
vt 0.32847500 0.93288600
vt 0.98953700 0.91778500
vt 0.98654700 0.92617500
vt 0.98953700 0.91610700
vt 0.72571000 0.96979900
vt 0.72234700 0.95973200
vt 0.72496300 0.96476500
vt 0.72571000 0.96979900
vt 0.72234700 0.97483200
vt 0.72234700 0.95973200
vt 0.72234700 0.98154400
vt 0.72571000 0.98489900
vt 0.72309400 0.98825500
vt 0.72234700 0.98154400
vt 0.72234700 0.97483200
vt 0.72571000 0.98489900
vt 0.72234700 0.97483200
vt 0.72571000 0.96979900
vt 0.72571000 0.98489900
vt 0.72309400 0.98825500
vt 0.72533600 0.99832200
vt 0.72309400 1.00000000
vt 0.72571000 0.98489900
vt 0.72533600 0.99832200
vt 0.72309400 0.98825500
vt 0.99065800 0.56879200
vt 0.99402100 0.57214800
vt 0.99402100 0.57214800
vt 0.99065800 0.57382500
vt 0.99065800 0.56879200
vt 0.99402100 0.57214800
vt 0.99402100 0.57382500
vt 0.99327400 0.58389300
vt 0.99065800 0.58892600
vt 0.99402100 0.57382500
vt 0.99065800 0.58892600
vt 0.99402100 0.57214800
vt 0.99402100 0.57214800
vt 0.99065800 0.58892600
vt 0.99065800 0.57382500
vt 0.99402100 0.60234900
vt 0.99290000 0.60402700
vt 0.99065800 0.59899300
vt 0.99402100 0.58557000
vt 0.99402100 0.60234900
vt 0.99065800 0.59899300
vt 0.99402100 0.58557000
vt 0.99065800 0.59899300
vt 0.99065800 0.58892600
vt 0.99402100 0.58557000
vt 0.99065800 0.58892600
vt 0.99327400 0.58389300
vt 0.99065800 0.59899300
vt 0.99290000 0.60402700
vt 0.99065800 0.60906000
vt 0.99402100 0.60234900
vt 0.99402100 0.60570500
vt 0.99290000 0.60402700
vt 0.99290000 0.60402700
vt 0.99065800 0.61409400
vt 0.99065800 0.60906000
vt 0.99290000 0.60402700
vt 0.99402100 0.60570500
vt 0.99065800 0.61409400
vt 0.99402100 0.60570500
vt 0.99364700 0.62080500
vt 0.99065800 0.61409400
vt 0.99065800 0.61409400
vt 0.99364700 0.62080500
vt 0.99364700 0.62416100
vt 0.99065800 0.62751700
vt 0.99065800 0.61409400
vt 0.99364700 0.62416100
vt 0.99065800 0.63926200
vt 0.99364700 0.64094000
vt 0.99252600 0.64429500
vt 0.99065800 0.63926200
vt 0.99065800 0.62751700
vt 0.99364700 0.64094000
vt 0.99065800 0.62751700
vt 0.99364700 0.62416100
vt 0.99364700 0.64094000
vt 0.99364700 0.64094000
vt 0.99364700 0.64765100
vt 0.99252600 0.64429500
vt 0.99364700 0.66107400
vt 0.99290000 0.66443000
vt 0.99028400 0.65771800
vt 0.99364700 0.64765100
vt 0.99364700 0.66107400
vt 0.99028400 0.65771800
vt 0.99364700 0.64765100
vt 0.99028400 0.65771800
vt 0.99065800 0.64765100
vt 0.99364700 0.64765100
vt 0.99065800 0.64765100
vt 0.99252600 0.64429500
vt 0.99364700 0.66107400
vt 0.99364700 0.66610700
vt 0.99290000 0.66443000
vt 0.99028400 0.65771800
vt 0.99290000 0.66443000
vt 0.99028400 0.66778500
vt 0.99364700 0.68288600
vt 0.99327400 0.68456400
vt 0.99028400 0.67785200
vt 0.99364700 0.66610700
vt 0.99364700 0.68288600
vt 0.99028400 0.67785200
vt 0.99364700 0.66610700
vt 0.99028400 0.67785200
vt 0.99028400 0.66778500
vt 0.99364700 0.66610700
vt 0.99028400 0.66778500
vt 0.99290000 0.66443000
vt 0.99028400 0.67785200
vt 0.99327400 0.68456400
vt 0.99028400 0.68791900
vt 0.99364700 0.68288600
vt 0.99364700 0.68456400
vt 0.99327400 0.68456400
vt 0.99364700 0.70134200
vt 0.99252600 0.70302000
vt 0.99028400 0.69798700
vt 0.99364700 0.68456400
vt 0.99364700 0.70134200
vt 0.99028400 0.69798700
vt 0.99364700 0.68456400
vt 0.99028400 0.69798700
vt 0.99028400 0.68791900
vt 0.99364700 0.68456400
vt 0.99028400 0.68791900
vt 0.99327400 0.68456400
vt 0.99364700 0.70134200
vt 0.99327400 0.70637600
vt 0.99252600 0.70302000
vt 0.99028400 0.69798700
vt 0.99252600 0.70302000
vt 0.99028400 0.70637600
vt 0.99252600 0.70302000
vt 0.99327400 0.70637600
vt 0.99327400 0.71812100
vt 0.99252600 0.70302000
vt 0.99327400 0.71812100
vt 0.99028400 0.70637600
vt 0.99028400 0.70637600
vt 0.99327400 0.71812100
vt 0.99028400 0.72147600
vt 0.99327400 0.70637600
vt 0.99663700 0.71308700
vt 0.99663700 0.71644300
vt 0.99327400 0.71812100
vt 0.99327400 0.70637600
vt 0.99663700 0.71644300
vt 0.99028400 0.73154400
vt 0.99327400 0.73154400
vt 0.99065800 0.73489900
vt 0.99028400 0.73154400
vt 0.99028400 0.72147600
vt 0.99327400 0.73154400
vt 0.99028400 0.72147600
vt 0.99327400 0.71812100
vt 0.99327400 0.73154400
vt 0.99364700 0.74161100
vt 0.99065800 0.73489900
vt 0.99327400 0.73154400
vt 0.99065800 0.74664400
vt 0.99065800 0.73489900
vt 0.99364700 0.74161100
vt 0.99065800 0.74664400
vt 0.99028400 0.75671100
vt 0.99028400 0.75000000
vt 0.99065800 0.74664400
vt 0.99364700 0.74161100
vt 0.99028400 0.75671100
vt 0.99364700 0.74161100
vt 0.99364700 0.75335600
vt 0.99028400 0.75671100
vt 0.99364700 0.75335600
vt 0.99364700 0.76342300
vt 0.99028400 0.75671100
vt 0.99364700 0.76342300
vt 0.99028400 0.76510100
vt 0.99028400 0.75671100
vt 0.99663700 0.74496600
vt 0.99514200 0.75000000
vt 0.99364700 0.75335600
vt 0.99663700 0.74496600
vt 0.99364700 0.75335600
vt 0.99663700 0.74161100
vt 0.99663700 0.74161100
vt 0.99364700 0.75335600
vt 0.99364700 0.74161100
vt 0.75710000 0.89932900
vt 0.75710000 0.91275200
vt 0.75635300 0.91443000
vt 0.99514200 0.75000000
vt 0.99663700 0.76342300
vt 0.99364700 0.75335600
vt 0.99364700 0.75335600
vt 0.99663700 0.76342300
vt 0.99364700 0.76342300
vt 0.99364700 0.76342300
vt 0.99364700 0.77516800
vt 0.99028400 0.76510100
vt 0.99364700 0.77516800
vt 0.99028400 0.77684600
vt 0.99028400 0.76510100
vt 0.99028400 0.79194600
vt 0.99364700 0.78859100
vt 0.99065800 0.79194600
vt 0.99028400 0.79194600
vt 0.99028400 0.77684600
vt 0.99364700 0.78859100
vt 0.99028400 0.77684600
vt 0.99364700 0.77516800
vt 0.99364700 0.78859100
vt 0.99028400 0.79194600
vt 0.99065800 0.79194600
vt 0.99028400 0.79194600
vt 0.99663700 0.76342300
vt 0.99663700 0.77349000
vt 0.99364700 0.76342300
vt 0.99663700 0.77349000
vt 0.99364700 0.77516800
vt 0.99364700 0.76342300
vt 0.99663700 0.77349000
vt 0.99663700 0.78859100
vt 0.99364700 0.77516800
vt 0.99663700 0.78859100
vt 0.99364700 0.78859100
vt 0.99364700 0.77516800
vt 0.99364700 0.78859100
vt 0.99364700 0.80369100
vt 0.99065800 0.79194600
vt 0.99065800 0.79194600
vt 0.99364700 0.80369100
vt 0.99364700 0.80369100
vt 0.99065800 0.79194600
vt 0.99364700 0.80369100
vt 0.99028400 0.79194600
vt 0.99028400 0.79194600
vt 0.99364700 0.80369100
vt 0.99028400 0.80704700
vt 0.99364700 0.80369100
vt 0.99364700 0.81711400
vt 0.99028400 0.80704700
vt 0.99364700 0.81711400
vt 0.99028400 0.82214800
vt 0.99028400 0.80704700
vt 0.99364700 0.80369100
vt 0.99663700 0.80201300
vt 0.99364700 0.80369100
vt 0.99364700 0.80369100
vt 0.99364700 0.78859100
vt 0.99663700 0.80201300
vt 0.99364700 0.78859100
vt 0.99663700 0.78859100
vt 0.99663700 0.80201300
vt 0.99663700 0.80201300
vt 0.99663700 0.81543600
vt 0.99364700 0.80369100
vt 0.99364700 0.80369100
vt 0.99364700 0.80369100
vt 0.99364700 0.80369100
vt 0.99364700 0.80369100
vt 0.99663700 0.81543600
vt 0.99663700 0.81543600
vt 0.99364700 0.80369100
vt 0.99663700 0.81543600
vt 0.99364700 0.80369100
vt 0.99364700 0.80369100
vt 0.99663700 0.81543600
vt 0.99364700 0.81711400
vt 0.99028400 0.83389300
vt 0.99364700 0.83389300
vt 0.99103100 0.83557000
vt 0.99028400 0.83389300
vt 0.99028400 0.82214800
vt 0.99364700 0.83389300
vt 0.99028400 0.82214800
vt 0.99364700 0.81711400
vt 0.99364700 0.83389300
vt 0.99663700 0.81543600
vt 0.99663700 0.83389300
vt 0.99364700 0.81711400
vt 0.99663700 0.83389300
vt 0.99364700 0.83389300
vt 0.99364700 0.81711400
vt 1.00000000 0.80033600
vt 0.99663700 0.81543600
vt 0.99663700 0.80201300
vt 1.00000000 0.81543600
vt 0.99663700 0.81543600
vt 1.00000000 0.80033600
vt 0.99663700 0.81543600
vt 1.00000000 0.81543600
vt 1.00000000 0.81711400
vt 0.99663700 0.81543600
vt 0.99663700 0.81543600
vt 1.00000000 0.81711400
vt 1.00000000 0.81711400
vt 1.00000000 0.83557000
vt 0.99663700 0.81543600
vt 1.00000000 0.83557000
vt 0.99663700 0.83389300
vt 0.99663700 0.81543600
vt 1.00000000 0.83557000
vt 0.99663700 0.83892600
vt 0.99663700 0.83389300
vt 1.00000000 0.83724800
vt 0.99663700 0.83892600
vt 1.00000000 0.83557000
vt 0.32473800 0.92617500
vt 0.32137500 0.92785200
vt 0.32137500 0.91610700
vt 0.32473800 0.91778500
vt 0.32473800 0.92617500
vt 0.32137500 0.91610700
vt 0.99028400 0.83389300
vt 0.99103100 0.83557000
vt 0.99028400 0.83724800
vt 0.32473800 0.94463100
vt 0.32137500 0.94463100
vt 0.32137500 0.93959700
vt 0.32473800 0.93959700
vt 0.32473800 0.94463100
vt 0.32137500 0.93959700
vt 0.32137500 0.93959700
vt 0.32473800 0.92617500
vt 0.32473800 0.93959700
vt 0.32137500 0.93959700
vt 0.32137500 0.92785200
vt 0.32473800 0.92617500
vt 0.73804200 0.93791900
vt 0.73953700 0.93959700
vt 0.73804200 0.93959700
vt 0.74140500 0.94463100
vt 0.73804200 0.93959700
vt 0.73953700 0.93959700
vt 0.74140500 0.94463100
vt 0.74140500 0.94966400
vt 0.73804200 0.93959700
vt 0.74140500 0.94966400
vt 0.73804200 0.95134200
vt 0.73804200 0.93959700
vt 0.99663700 0.83892600
vt 1.00000000 0.83724800
vt 1.00000000 0.85234900
vt 0.99663700 0.85234900
vt 0.99663700 0.83892600
vt 1.00000000 0.85234900
vt 0.99290000 0.84396000
vt 0.99065800 0.84396000
vt 0.99290000 0.83892600
vt 0.73804200 0.93791900
vt 0.73804200 0.93959700
vt 0.73505200 0.92281900
vt 0.73804200 0.93959700
vt 0.73505200 0.93456400
vt 0.73505200 0.92281900
vt 0.73804200 0.93959700
vt 0.73804200 0.95134200
vt 0.73505200 0.93456400
vt 0.73505200 0.93456400
vt 0.73804200 0.95134200
vt 0.73505200 0.94630900
vt 0.73206300 0.92785200
vt 0.73355800 0.91946300
vt 0.73505200 0.92281900
vt 0.73206300 0.92785200
vt 0.73505200 0.92281900
vt 0.73206300 0.93288600
vt 0.73206300 0.93288600
vt 0.73505200 0.92281900
vt 0.73505200 0.93456400
vt 0.73206300 0.94295300
vt 0.73206300 0.94295300
vt 0.73206300 0.93288600
vt 0.73206300 0.94295300
vt 0.73206300 0.93288600
vt 0.73505200 0.94630900
vt 0.73505200 0.94630900
vt 0.73206300 0.93288600
vt 0.73505200 0.93456400
vt 0.73206300 0.94295300
vt 0.73206300 0.94295300
vt 0.73505200 0.94630900
vt 0.73206300 0.94295300
vt 0.73505200 0.94630900
vt 0.73168900 0.95805400
vt 0.73168900 0.95805400
vt 0.73505200 0.94630900
vt 0.73505200 0.95637600
vt 0.72870000 0.92114100
vt 0.73206300 0.92785200
vt 0.73206300 0.93288600
vt 0.72870000 0.93288600
vt 0.72870000 0.92114100
vt 0.73206300 0.93288600
vt 0.73206300 0.94295300
vt 0.73168900 0.94295300
vt 0.72870000 0.94463100
vt 0.73206300 0.94295300
vt 0.72870000 0.94463100
vt 0.73206300 0.93288600
vt 0.73206300 0.93288600
vt 0.72870000 0.94463100
vt 0.72870000 0.93288600
vt 0.72571000 0.92953000
vt 0.72870000 0.92114100
vt 0.72870000 0.93288600
vt 0.72571000 0.93120800
vt 0.72571000 0.92953000
vt 0.72870000 0.93288600
vt 0.72870000 0.93288600
vt 0.72870000 0.94463100
vt 0.72571000 0.93120800
vt 0.72571000 0.93120800
vt 0.72870000 0.94463100
vt 0.72533600 0.94630900
vt 0.73168900 0.94295300
vt 0.73206300 0.94295300
vt 0.73168900 0.95805400
vt 0.73168900 0.94295300
vt 0.73168900 0.95805400
vt 0.72870000 0.94463100
vt 0.72870000 0.94463100
vt 0.73168900 0.95805400
vt 0.72870000 0.95805400
vt 0.72571000 0.92953000
vt 0.72571000 0.93120800
vt 0.72533600 0.93120800
vt 0.72571000 0.93120800
vt 0.72533600 0.94630900
vt 0.72421500 0.94295300
vt 0.98916300 0.88087200
vt 0.98953700 0.87919500
vt 0.98916300 0.89429500
f 1/1 2/2 3/3
f 4/4 5/5 6/6
f 7/7 8/8 9/9
f 10/10 11/11 12/12
f 13/13 14/14 15/15
f 16/16 17/17 18/18
f 19/19 20/20 21/21
f 22/22 23/23 24/24
f 25/25 26/26 27/27
f 28/28 29/29 30/30
f 31/31 32/32 33/33
f 34/34 35/35 36/36
f 37/37 38/38 39/39
f 40/40 41/41 42/42
f 43/43 44/44 45/45
f 46/46 47/47 48/48
f 49/49 50/50 51/51
f 52/52 53/53 54/54
f 55/55 56/56 57/57
f 58/58 59/59 60/60
f 61/61 62/62 63/63
f 64/64 65/65 66/66
f 67/67 68/68 69/69
f 70/70 71/71 72/72
f 73/73 74/74 75/75
f 76/76 77/77 78/78
f 79/79 80/80 81/81
f 82/82 83/83 84/84
f 85/85 86/86 87/87
f 88/88 89/89 90/90
f 91/91 92/92 93/93
f 94/94 95/95 96/96
f 97/97 98/98 99/99
f 100/100 101/101 102/102
f 103/103 104/104 105/105
f 106/106 107/107 108/108
f 109/109 110/110 111/111
f 112/112 113/113 114/114
f 115/115 116/116 117/117
f 118/118 119/119 120/120
f 121/121 122/122 123/123
f 124/124 125/125 126/126
f 127/127 128/128 129/129
f 130/130 131/131 132/132
f 133/133 134/134 135/135
f 136/136 137/137 138/138
f 139/139 140/140 141/141
f 142/142 143/143 144/144
f 145/145 146/146 147/147
f 148/148 149/149 150/150
f 151/151 152/152 153/153
f 154/154 155/155 156/156
f 157/157 158/158 159/159
f 160/160 161/161 162/162
f 163/163 164/164 165/165
f 166/166 167/167 168/168
f 169/169 170/170 171/171
f 172/172 173/173 174/174
f 175/175 176/176 177/177
f 178/178 179/179 180/180
f 181/181 182/182 183/183
f 184/184 185/185 186/186
f 187/187 188/188 189/189
f 190/190 191/191 192/192
f 193/193 194/194 195/195
f 196/196 197/197 198/198
f 199/199 200/200 201/201
f 202/202 203/203 204/204
f 205/205 206/206 207/207
f 208/208 209/209 210/210
f 211/211 212/212 213/213
f 214/214 215/215 216/216
f 217/217 218/218 219/219
f 220/220 221/221 222/222
f 223/223 224/224 225/225
f 226/226 227/227 228/228
f 229/229 230/230 231/231
f 232/232 233/233 234/234
f 235/235 236/236 237/237
f 238/238 239/239 240/240
f 241/241 242/242 243/243
f 244/244 245/245 246/246
f 247/247 248/248 249/249
f 250/250 251/251 252/252
f 253/253 254/254 255/255
f 256/256 257/257 258/258
f 259/259 260/260 261/261
f 262/262 263/263 264/264
f 265/265 266/266 267/267
f 268/268 269/269 270/270
f 271/271 272/272 273/273
f 274/274 275/275 276/276
f 277/277 278/278 279/279
f 280/280 281/281 282/282
f 283/283 284/284 285/285
f 286/286 287/287 288/288
f 289/289 290/290 291/291
f 292/292 293/293 294/294
f 295/295 296/296 297/297
f 298/298 299/299 300/300
f 301/301 302/302 303/303
f 304/304 305/305 306/306
f 307/307 308/308 309/309
f 310/310 311/311 312/312
f 313/313 314/314 315/315
f 316/316 317/317 318/318
f 319/319 320/320 321/321
f 322/322 323/323 324/324
f 325/325 326/326 327/327
f 328/328 329/329 330/330
f 331/331 332/332 333/333
f 334/334 335/335 336/336
f 337/337 338/338 339/339
f 340/340 341/341 342/342
f 343/343 344/344 345/345
f 346/346 347/347 348/348
f 349/349 350/350 351/351
f 352/352 353/353 354/354
f 355/355 356/356 357/357
f 358/358 359/359 360/360
f 361/361 362/362 363/363
f 364/364 365/365 366/366
f 367/367 368/368 369/369
f 370/370 371/371 372/372
f 373/373 374/374 375/375
f 376/376 377/377 378/378
f 379/379 380/380 381/381
f 382/382 383/383 384/384
f 385/385 386/386 387/387
f 388/388 389/389 390/390
f 391/391 392/392 393/393
f 394/394 395/395 396/396
f 397/397 398/398 399/399
f 400/400 401/401 402/402
f 403/403 404/404 405/405
f 406/406 407/407 408/408
f 409/409 410/410 411/411
f 412/412 413/413 414/414
f 415/415 416/416 417/417
f 418/418 419/419 420/420
f 421/421 422/422 423/423
f 424/424 425/425 426/426
f 427/427 428/428 429/429
f 430/430 431/431 432/432
f 433/433 434/434 435/435
f 436/436 437/437 438/438
f 439/439 440/440 441/441
f 442/442 443/443 444/444
f 445/445 446/446 447/447
f 448/448 449/449 450/450
f 451/451 452/452 453/453
f 454/454 455/455 456/456
f 457/457 458/458 459/459
f 460/460 461/461 462/462
f 463/463 464/464 465/465
f 466/466 467/467 468/468
f 469/469 470/470 471/471
f 472/472 473/473 474/474
f 475/475 476/476 477/477
f 478/478 479/479 480/480
f 481/481 482/482 483/483
f 484/484 485/485 486/486
f 487/487 488/488 489/489
f 490/490 491/491 492/492
f 493/493 494/494 495/495
f 496/496 497/497 498/498
f 499/499 500/500 501/501
f 502/502 503/503 504/504
f 505/505 506/506 507/507
f 508/508 509/509 510/510
f 511/511 512/512 513/513
f 514/514 515/515 516/516
f 517/517 518/518 519/519
f 520/520 521/521 522/522
f 523/523 524/524 525/525
f 526/526 527/527 528/528
f 529/529 530/530 531/531
f 532/532 533/533 534/534
f 535/535 536/536 537/537
f 538/538 539/539 540/540
f 541/541 542/542 543/543
f 544/544 545/545 546/546
f 547/547 548/548 549/549
f 550/550 551/551 552/552
f 553/553 554/554 555/555
f 556/556 557/557 558/558
f 559/559 560/560 561/561
f 562/562 563/563 564/564
f 565/565 566/566 567/567
f 568/568 569/569 570/570
f 571/571 572/572 573/573
f 574/574 575/575 576/576
f 577/577 578/578 579/579
f 580/580 581/581 582/582
f 583/583 584/584 585/585
f 586/586 587/587 588/588
f 589/589 590/590 591/591
f 592/592 593/593 594/594
f 595/595 596/596 597/597
f 598/598 599/599 600/600
f 601/601 602/602 603/603
f 604/604 605/605 606/606
f 607/607 608/608 609/609
f 610/610 611/611 612/612
f 613/613 614/614 615/615
f 616/616 617/617 618/618
f 619/619 620/620 621/621
f 622/622 623/623 624/624
f 625/625 626/626 627/627
f 628/628 629/629 630/630
f 631/631 632/632 633/633
f 634/634 635/635 636/636
f 637/637 638/638 639/639
f 640/640 641/641 642/642
f 643/643 644/644 645/645
f 646/646 647/647 648/648
f 649/649 650/650 651/651
f 652/652 653/653 654/654
f 655/655 656/656 657/657
f 658/658 659/659 660/660
f 661/661 662/662 663/663
f 664/664 665/665 666/666
f 667/667 668/668 669/669
f 670/670 671/671 672/672
f 673/673 674/674 675/675
f 676/676 677/677 678/678
f 679/679 680/680 681/681
f 682/682 683/683 684/684
f 685/685 686/686 687/687
f 688/688 689/689 690/690
f 691/691 692/692 693/693
f 694/694 695/695 696/696
f 697/697 698/698 699/699
f 700/700 701/701 702/702
f 703/703 704/704 705/705
f 706/706 707/707 708/708
f 709/709 710/710 711/711
f 712/712 713/713 714/714
f 715/715 716/716 717/717
f 718/718 719/719 720/720
f 721/721 722/722 723/723
f 724/724 725/725 726/726
f 727/727 728/728 729/729
f 730/730 731/731 732/732
f 733/733 734/734 735/735
f 736/736 737/737 738/738
f 739/739 740/740 741/741
f 742/742 743/743 744/744
f 745/745 746/746 747/747
f 748/748 749/749 750/750
f 751/751 752/752 753/753
f 754/754 755/755 756/756
f 757/757 758/758 759/759
f 760/760 761/761 762/762
f 763/763 764/764 765/765
f 766/766 767/767 768/768
f 769/769 770/770 771/771
f 772/772 773/773 774/774
f 775/775 776/776 777/777
f 778/778 779/779 780/780
f 781/781 782/782 783/783
f 784/784 785/785 786/786
f 787/787 788/788 789/789
f 790/790 791/791 792/792
f 793/793 794/794 795/795
f 796/796 797/797 798/798
f 799/799 800/800 801/801
f 802/802 803/803 804/804
f 805/805 806/806 807/807
f 808/808 809/809 810/810
f 811/811 812/812 813/813
f 814/814 815/815 816/816
f 817/817 818/818 819/819
f 820/820 821/821 822/822
f 823/823 824/824 825/825
f 826/826 827/827 828/828
f 829/829 830/830 831/831
f 832/832 833/833 834/834
f 835/835 836/836 837/837
f 838/838 839/839 840/840
f 841/841 842/842 843/843
f 844/844 845/845 846/846
f 847/847 848/848 849/849
f 850/850 851/851 852/852
f 853/853 854/854 855/855
f 856/856 857/857 858/858
f 859/859 860/860 861/861
f 862/862 863/863 864/864
f 865/865 866/866 867/867
f 868/868 869/869 870/870
f 871/871 872/872 873/873
f 874/874 875/875 876/876
f 877/877 878/878 879/879
f 880/880 881/881 882/882
f 883/883 884/884 885/885
f 886/886 887/887 888/888
f 889/889 890/890 891/891
f 892/892 893/893 894/894
f 895/895 896/896 897/897
f 898/898 899/899 900/900
f 901/901 902/902 903/903
f 904/904 905/905 906/906
f 907/907 908/908 909/909
f 910/910 911/911 912/912
f 913/913 914/914 915/915
f 916/916 917/917 918/918
f 919/919 920/920 921/921
f 922/922 923/923 924/924
f 925/925 926/926 927/927
f 928/928 929/929 930/930
f 931/931 932/932 933/933
f 934/934 935/935 936/936
f 937/937 938/938 939/939
f 940/940 941/941 942/942
f 943/943 944/944 945/945
f 946/946 947/947 948/948
f 949/949 950/950 951/951
f 952/952 953/953 954/954
f 955/955 956/956 957/957
f 958/958 959/959 960/960
f 961/961 962/962 963/963
f 964/964 965/965 966/966
f 967/967 968/968 969/969
f 970/970 971/971 972/972
f 973/973 974/974 975/975
f 976/976 977/977 978/978
f 979/979 980/980 981/981
f 982/982 983/983 984/984
f 985/985 986/986 987/987
f 988/988 989/989 990/990
f 991/991 992/992 993/993
f 994/994 995/995 996/996
f 997/997 998/998 999/999
f 1000/1000 1001/1001 1002/1002
f 1003/1003 1004/1004 1005/1005
f 1006/1006 1007/1007 1008/1008
f 1009/1009 1010/1010 1011/1011
f 1012/1012 1013/1013 1014/1014
f 1015/1015 1016/1016 1017/1017
f 1018/1018 1019/1019 1020/1020
f 1021/1021 1022/1022 1023/1023
f 1024/1024 1025/1025 1026/1026
f 1027/1027 1028/1028 1029/1029
f 1030/1030 1031/1031 1032/1032
f 1033/1033 1034/1034 1035/1035
f 1036/1036 1037/1037 1038/1038
f 1039/1039 1040/1040 1041/1041
f 1042/1042 1043/1043 1044/1044
f 1045/1045 1046/1046 1047/1047
f 1048/1048 1049/1049 1050/1050
f 1051/1051 1052/1052 1053/1053
f 1054/1054 1055/1055 1056/1056
f 1057/1057 1058/1058 1059/1059
f 1060/1060 1061/1061 1062/1062
f 1063/1063 1064/1064 1065/1065
f 1066/1066 1067/1067 1068/1068
f 1069/1069 1070/1070 1071/1071
f 1072/1072 1073/1073 1074/1074
f 1075/1075 1076/1076 1077/1077
f 1078/1078 1079/1079 1080/1080
f 1081/1081 1082/1082 1083/1083
f 1084/1084 1085/1085 1086/1086
f 1087/1087 1088/1088 1089/1089
f 1090/1090 1091/1091 1092/1092
f 1093/1093 1094/1094 1095/1095
f 1096/1096 1097/1097 1098/1098
f 1099/1099 1100/1100 1101/1101
f 1102/1102 1103/1103 1104/1104
f 1105/1105 1106/1106 1107/1107
f 1108/1108 1109/1109 1110/1110
f 1111/1111 1112/1112 1113/1113
f 1114/1114 1115/1115 1116/1116
f 1117/1117 1118/1118 1119/1119
f 1120/1120 1121/1121 1122/1122
f 1123/1123 1124/1124 1125/1125
f 1126/1126 1127/1127 1128/1128
f 1129/1129 1130/1130 1131/1131
f 1132/1132 1133/1133 1134/1134
f 1135/1135 1136/1136 1137/1137
f 1138/1138 1139/1139 1140/1140
f 1141/1141 1142/1142 1143/1143
f 1144/1144 1145/1145 1146/1146
f 1147/1147 1148/1148 1149/1149
f 1150/1150 1151/1151 1152/1152
f 1153/1153 1154/1154 1155/1155
f 1156/1156 1157/1157 1158/1158
f 1159/1159 1160/1160 1161/1161
f 1162/1162 1163/1163 1164/1164
f 1165/1165 1166/1166 1167/1167
f 1168/1168 1169/1169 1170/1170
f 1171/1171 1172/1172 1173/1173
f 1174/1174 1175/1175 1176/1176
f 1177/1177 1178/1178 1179/1179
f 1180/1180 1181/1181 1182/1182
f 1183/1183 1184/1184 1185/1185
f 1186/1186 1187/1187 1188/1188
f 1189/1189 1190/1190 1191/1191
f 1192/1192 1193/1193 1194/1194
f 1195/1195 1196/1196 1197/1197
f 1198/1198 1199/1199 1200/1200
f 1201/1201 1202/1202 1203/1203
f 1204/1204 1205/1205 1206/1206
f 1207/1207 1208/1208 1209/1209
f 1210/1210 1211/1211 1212/1212
f 1213/1213 1214/1214 1215/1215
f 1216/1216 1217/1217 1218/1218
f 1219/1219 1220/1220 1221/1221
f 1222/1222 1223/1223 1224/1224
f 1225/1225 1226/1226 1227/1227
f 1228/1228 1229/1229 1230/1230
f 1231/1231 1232/1232 1233/1233
f 1234/1234 1235/1235 1236/1236
f 1237/1237 1238/1238 1239/1239
f 1240/1240 1241/1241 1242/1242
f 1243/1243 1244/1244 1245/1245
f 1246/1246 1247/1247 1248/1248
f 1249/1249 1250/1250 1251/1251
f 1252/1252 1253/1253 1254/1254
f 1255/1255 1256/1256 1257/1257
f 1258/1258 1259/1259 1260/1260
f 1261/1261 1262/1262 1263/1263
f 1264/1264 1265/1265 1266/1266
f 1267/1267 1268/1268 1269/1269
f 1270/1270 1271/1271 1272/1272
f 1273/1273 1274/1274 1275/1275
f 1276/1276 1277/1277 1278/1278
f 1279/1279 1280/1280 1281/1281
f 1282/1282 1283/1283 1284/1284
f 1285/1285 1286/1286 1287/1287
f 1288/1288 1289/1289 1290/1290
f 1291/1291 1292/1292 1293/1293
f 1294/1294 1295/1295 1296/1296
f 1297/1297 1298/1298 1299/1299
f 1300/1300 1301/1301 1302/1302
f 1303/1303 1304/1304 1305/1305
f 1306/1306 1307/1307 1308/1308
f 1309/1309 1310/1310 1311/1311
f 1312/1312 1313/1313 1314/1314
f 1315/1315 1316/1316 1317/1317
f 1318/1318 1319/1319 1320/1320
f 1321/1321 1322/1322 1323/1323
f 1324/1324 1325/1325 1326/1326
f 1327/1327 1328/1328 1329/1329
f 1330/1330 1331/1331 1332/1332
f 1333/1333 1334/1334 1335/1335
f 1336/1336 1337/1337 1338/1338
f 1339/1339 1340/1340 1341/1341
f 1342/1342 1343/1343 1344/1344
f 1345/1345 1346/1346 1347/1347
f 1348/1348 1349/1349 1350/1350
f 1351/1351 1352/1352 1353/1353
f 1354/1354 1355/1355 1356/1356
f 1357/1357 1358/1358 1359/1359
f 1360/1360 1361/1361 1362/1362
f 1363/1363 1364/1364 1365/1365
f 1366/1366 1367/1367 1368/1368
f 1369/1369 1370/1370 1371/1371
f 1372/1372 1373/1373 1374/1374
f 1375/1375 1376/1376 1377/1377
f 1378/1378 1379/1379 1380/1380
f 1381/1381 1382/1382 1383/1383
f 1384/1384 1385/1385 1386/1386
f 1387/1387 1388/1388 1389/1389
f 1390/1390 1391/1391 1392/1392
f 1393/1393 1394/1394 1395/1395
f 1396/1396 1397/1397 1398/1398
f 1399/1399 1400/1400 1401/1401
f 1402/1402 1403/1403 1404/1404
f 1405/1405 1406/1406 1407/1407
f 1408/1408 1409/1409 1410/1410
f 1411/1411 1412/1412 1413/1413
f 1414/1414 1415/1415 1416/1416
f 1417/1417 1418/1418 1419/1419
f 1420/1420 1421/1421 1422/1422
f 1423/1423 1424/1424 1425/1425
f 1426/1426 1427/1427 1428/1428
f 1429/1429 1430/1430 1431/1431
f 1432/1432 1433/1433 1434/1434
f 1435/1435 1436/1436 1437/1437
f 1438/1438 1439/1439 1440/1440
f 1441/1441 1442/1442 1443/1443
f 1444/1444 1445/1445 1446/1446
f 1447/1447 1448/1448 1449/1449
f 1450/1450 1451/1451 1452/1452
f 1453/1453 1454/1454 1455/1455
f 1456/1456 1457/1457 1458/1458
f 1459/1459 1460/1460 1461/1461
f 1462/1462 1463/1463 1464/1464
f 1465/1465 1466/1466 1467/1467
f 1468/1468 1469/1469 1470/1470
f 1471/1471 1472/1472 1473/1473
f 1474/1474 1475/1475 1476/1476
f 1477/1477 1478/1478 1479/1479
f 1480/1480 1481/1481 1482/1482
f 1483/1483 1484/1484 1485/1485
f 1486/1486 1487/1487 1488/1488
f 1489/1489 1490/1490 1491/1491
f 1492/1492 1493/1493 1494/1494
f 1495/1495 1496/1496 1497/1497
f 1498/1498 1499/1499 1500/1500
f 1501/1501 1502/1502 1503/1503
f 1504/1504 1505/1505 1506/1506
f 1507/1507 1508/1508 1509/1509
f 1510/1510 1511/1511 1512/1512
f 1513/1513 1514/1514 1515/1515
f 1516/1516 1517/1517 1518/1518
f 1519/1519 1520/1520 1521/1521
f 1522/1522 1523/1523 1524/1524
f 1525/1525 1526/1526 1527/1527
f 1528/1528 1529/1529 1530/1530
f 1531/1531 1532/1532 1533/1533
f 1534/1534 1535/1535 1536/1536
f 1537/1537 1538/1538 1539/1539
f 1540/1540 1541/1541 1542/1542
f 1543/1543 1544/1544 1545/1545
f 1546/1546 1547/1547 1548/1548
f 1549/1549 1550/1550 1551/1551
f 1552/1552 1553/1553 1554/1554
f 1555/1555 1556/1556 1557/1557
f 1558/1558 1559/1559 1560/1560
f 1561/1561 1562/1562 1563/1563
f 1564/1564 1565/1565 1566/1566
f 1567/1567 1568/1568 1569/1569
f 1570/1570 1571/1571 1572/1572
f 1573/1573 1574/1574 1575/1575
f 1576/1576 1577/1577 1578/1578
f 1579/1579 1580/1580 1581/1581
f 1582/1582 1583/1583 1584/1584
f 1585/1585 1586/1586 1587/1587
f 1588/1588 1589/1589 1590/1590
f 1591/1591 1592/1592 1593/1593
f 1594/1594 1595/1595 1596/1596
f 1597/1597 1598/1598 1599/1599
f 1600/1600 1601/1601 1602/1602
f 1603/1603 1604/1604 1605/1605
f 1606/1606 1607/1607 1608/1608
f 1609/1609 1610/1610 1611/1611
f 1612/1612 1613/1613 1614/1614
f 1615/1615 1616/1616 1617/1617
f 1618/1618 1619/1619 1620/1620
f 1621/1621 1622/1622 1623/1623
f 1624/1624 1625/1625 1626/1626
f 1627/1627 1628/1628 1629/1629
f 1630/1630 1631/1631 1632/1632
f 1633/1633 1634/1634 1635/1635

